dataset,outer_fold,method,k,mask,features,inner_equal_system_mse,inner_utterance_mse,outer_utterance_mse,n_outer_systems,n_outer_items,weights_json
brspeech,0,gate,1,512,egemaps,1.2464749055749451,1.5293188722962534,1.0431087515035795,1,628,"{""egemaps"": 1.0}"
brspeech,0,gate,2,516,wavlm+egemaps,0.9318468823902402,1.0837002182278577,1.1337438001850224,1,628,"{""wavlm"": 0.42456799794308864, ""egemaps"": 0.5754320020569114}"
brspeech,0,gate,3,772,wavlm+ced+egemaps,0.9253320501192828,1.0925192122901837,1.126471735399343,1,628,"{""wavlm"": 0.42892482090180256, ""ced"": 0.07270664612098778, ""egemaps"": 0.4983685329772097}"
brspeech,0,gate,4,774,contentvec12+wavlm+ced+egemaps,0.922075366508738,1.0894061266903825,1.0989735335173163,1,628,"{""contentvec12"": 0.04755394057714982, ""wavlm"": 0.39927017466280196, ""ced"": 0.06575407476472779, ""egemaps"": 0.4874218099953205}"
brspeech,0,gate,5,782,contentvec12+wavlm+beats+ced+egemaps,0.9220753665122764,1.0894058648995752,1.098973972029357,1,628,"{""contentvec12"": 0.04755428805272707, ""wavlm"": 0.3992713925497995, ""beats"": 0.0, ""ced"": 0.06575375338613922, ""egemaps"": 0.48742056601133427}"
brspeech,0,gate,6,783,whisper+contentvec12+wavlm+beats+ced+egemaps,0.9220753665175376,1.0894057466551406,1.098973763924138,1,628,"{""whisper"": 5.690480730153679e-18, ""contentvec12"": 0.047555091243836944, ""wavlm"": 0.3992713429464707, ""beats"": 4.37950597469302e-18, ""ced"": 0.06575333419602951, ""egemaps"": 0.4874202316136628}"
brspeech,0,gate,7,815,whisper+contentvec12+wavlm+beats+speaker+ced+egemaps,0.9220753665100736,1.0894059105755824,1.0989741591187263,1,628,"{""whisper"": 3.680425564153756e-18, ""contentvec12"": 0.04755348766085867, ""wavlm"": 0.3992712793708077, ""beats"": 1.4216935511047196e-17, ""speaker"": 0.0, ""ced"": 0.06575372596598049, ""egemaps"": 0.4874215070023532}"
brspeech,0,gate,8,879,whisper+contentvec12+wavlm+beats+speaker+rmvpe_cont+ced+egemaps,0.9220753665211044,1.089405529102855,1.0989735051778329,1,628,"{""whisper"": 8.18395361154751e-18, ""contentvec12"": 0.047554674775760156, ""wavlm"": 0.39926989971713694, ""beats"": 1.2273339523652705e-17, ""speaker"": 0.0, ""rmvpe_cont"": 0.0, ""ced"": 0.06575126268357791, ""egemaps"": 0.4874241628235249}"
brspeech,0,gate,9,895,whisper+contentvec12+wavlm+beats+auditory_erb+speaker+rmvpe_cont+ced+egemaps,0.9220753665465616,1.0894064649938977,1.0989709256586488,1,628,"{""whisper"": 0.0, ""contentvec12"": 0.04755606720547433, ""wavlm"": 0.3992649789476028, ""beats"": 0.0, ""auditory_erb"": 1.657136003064578e-17, ""speaker"": 0.0, ""rmvpe_cont"": 0.0, ""ced"": 0.06575256455967436, ""egemaps"": 0.4874263892872486}"
brspeech,0,gate,10,1023,whisper+contentvec12+wavlm+beats+auditory_erb+speaker+rmvpe_cont+rmvpe_quant+ced+egemaps,0.9220753665527852,1.089406417117119,1.0989707771812365,1,628,"{""whisper"": 1.1245638454034745e-17, ""contentvec12"": 0.04755622345031328, ""wavlm"": 0.39926461869994806, ""beats"": 1.78953375647903e-17, ""auditory_erb"": 0.0, ""speaker"": 8.603680703950086e-18, ""rmvpe_cont"": 2.1054935298615782e-18, ""rmvpe_quant"": 0.0, ""ced"": 0.06575213030673047, ""egemaps"": 0.48742702754300826}"
brspeech,0,shapley,1,512,egemaps,1.2464749055749451,1.5293188722962534,1.0431087515035795,1,628,"{""egemaps"": 1.0}"
brspeech,0,shapley,2,516,wavlm+egemaps,0.9318468823902402,1.0837002182278577,1.1337438001850224,1,628,"{""wavlm"": 0.42456799794308864, ""egemaps"": 0.5754320020569114}"
brspeech,0,shapley,3,548,wavlm+speaker+egemaps,0.9318468823902402,1.0837002182278577,1.1337438001850224,1,628,"{""wavlm"": 0.42456799794308897, ""speaker"": 1.3552527156068805e-19, ""egemaps"": 0.575432002056911}"
brspeech,0,shapley,4,550,contentvec12+wavlm+speaker+egemaps,0.9273081558091032,1.0824109500326424,1.1014328348141853,1,628,"{""contentvec12"": 0.055631926724373885, ""wavlm"": 0.3903633702720644, ""speaker"": 1.6635727084074459e-18, ""egemaps"": 0.5540047030035617}"
brspeech,0,shapley,5,806,contentvec12+wavlm+speaker+ced+egemaps,0.9220753665085072,1.089406169394151,1.098973675623319,1,628,"{""contentvec12"": 0.04755375754810949, ""wavlm"": 0.39927048465990295, ""speaker"": 1.0923760404265084e-17, ""ced"": 0.06575444551490647, ""egemaps"": 0.487421312277081}"
brspeech,0,shapley,6,870,contentvec12+wavlm+speaker+rmvpe_cont+ced+egemaps,0.9220753665140882,1.0894057530501444,1.0989734784961858,1,628,"{""contentvec12"": 0.0475546124139574, ""wavlm"": 0.39927008651653884, ""speaker"": 3.0357660829594116e-18, ""rmvpe_cont"": 0.0, ""ced"": 0.06575241652809677, ""egemaps"": 0.48742288454140686}"
brspeech,0,shapley,7,878,contentvec12+wavlm+beats+speaker+rmvpe_cont+ced+egemaps,0.9220753665114574,1.0894061831504398,1.0989729315539003,1,628,"{""contentvec12"": 0.04755450763900365, ""wavlm"": 0.399269013299967, ""beats"": 0.0, ""speaker"": 9.053088140253962e-18, ""rmvpe_cont"": 6.613633252161577e-18, ""ced"": 0.06575366692800595, ""egemaps"": 0.4874228121330234}"
brspeech,0,shapley,8,879,whisper+contentvec12+wavlm+beats+speaker+rmvpe_cont+ced+egemaps,0.9220753665211044,1.089405529102855,1.0989735051778329,1,628,"{""whisper"": 8.18395361154751e-18, ""contentvec12"": 0.047554674775760156, ""wavlm"": 0.39926989971713694, ""beats"": 1.2273339523652705e-17, ""speaker"": 0.0, ""rmvpe_cont"": 0.0, ""ced"": 0.06575126268357791, ""egemaps"": 0.4874241628235249}"
brspeech,0,shapley,9,1007,whisper+contentvec12+wavlm+beats+speaker+rmvpe_cont+rmvpe_quant+ced+egemaps,0.922075366511719,1.0894057979597709,1.098973825479992,1,628,"{""whisper"": 2.664200963430525e-18, ""contentvec12"": 0.04755406162924658, ""wavlm"": 0.3992706643658162, ""beats"": 7.982192482345834e-18, ""speaker"": 3.1537713620616805e-18, ""rmvpe_cont"": 0.0, ""rmvpe_quant"": 0.0, ""ced"": 0.06575290380845124, ""egemaps"": 0.48742237019648593}"
brspeech,0,shapley,10,1023,whisper+contentvec12+wavlm+beats+auditory_erb+speaker+rmvpe_cont+rmvpe_quant+ced+egemaps,0.9220753665527852,1.089406417117119,1.0989707771812365,1,628,"{""whisper"": 1.1245638454034745e-17, ""contentvec12"": 0.04755622345031328, ""wavlm"": 0.39926461869994806, ""beats"": 1.78953375647903e-17, ""auditory_erb"": 0.0, ""speaker"": 8.603680703950086e-18, ""rmvpe_cont"": 2.1054935298615782e-18, ""rmvpe_quant"": 0.0, ""ced"": 0.06575213030673047, ""egemaps"": 0.48742702754300826}"
brspeech,0,singleton,1,512,egemaps,1.2464749055749451,1.5293188722962534,1.0431087515035795,1,628,"{""egemaps"": 1.0}"
brspeech,0,singleton,2,516,wavlm+egemaps,0.9318468823902402,1.0837002182278577,1.1337438001850224,1,628,"{""wavlm"": 0.42456799794308864, ""egemaps"": 0.5754320020569114}"
brspeech,0,singleton,3,548,wavlm+speaker+egemaps,0.9318468823902402,1.0837002182278577,1.1337438001850224,1,628,"{""wavlm"": 0.42456799794308897, ""speaker"": 1.3552527156068805e-19, ""egemaps"": 0.575432002056911}"
brspeech,0,singleton,4,612,wavlm+speaker+rmvpe_cont+egemaps,0.9318468823902402,1.0837002182278577,1.1337438001850224,1,628,"{""wavlm"": 0.42456799794308886, ""speaker"": 0.0, ""rmvpe_cont"": 0.0, ""egemaps"": 0.5754320020569111}"
brspeech,0,singleton,5,614,contentvec12+wavlm+speaker+rmvpe_cont+egemaps,0.9273081559148968,1.0824118024858338,1.1014287175400117,1,628,"{""contentvec12"": 0.05563415904827887, ""wavlm"": 0.39035449179071635, ""speaker"": 0.0, ""rmvpe_cont"": 9.351243737687476e-19, ""egemaps"": 0.5540113491610049}"
brspeech,0,singleton,6,870,contentvec12+wavlm+speaker+rmvpe_cont+ced+egemaps,0.9220753665140882,1.0894057530501444,1.0989734784961858,1,628,"{""contentvec12"": 0.0475546124139574, ""wavlm"": 0.39927008651653884, ""speaker"": 3.0357660829594116e-18, ""rmvpe_cont"": 0.0, ""ced"": 0.06575241652809677, ""egemaps"": 0.48742288454140686}"
brspeech,0,singleton,7,878,contentvec12+wavlm+beats+speaker+rmvpe_cont+ced+egemaps,0.9220753665114574,1.0894061831504398,1.0989729315539003,1,628,"{""contentvec12"": 0.04755450763900365, ""wavlm"": 0.399269013299967, ""beats"": 0.0, ""speaker"": 9.053088140253962e-18, ""rmvpe_cont"": 6.613633252161577e-18, ""ced"": 0.06575366692800595, ""egemaps"": 0.4874228121330234}"
brspeech,0,singleton,8,879,whisper+contentvec12+wavlm+beats+speaker+rmvpe_cont+ced+egemaps,0.9220753665211044,1.089405529102855,1.0989735051778329,1,628,"{""whisper"": 8.18395361154751e-18, ""contentvec12"": 0.047554674775760156, ""wavlm"": 0.39926989971713694, ""beats"": 1.2273339523652705e-17, ""speaker"": 0.0, ""rmvpe_cont"": 0.0, ""ced"": 0.06575126268357791, ""egemaps"": 0.4874241628235249}"
brspeech,0,singleton,9,1007,whisper+contentvec12+wavlm+beats+speaker+rmvpe_cont+rmvpe_quant+ced+egemaps,0.922075366511719,1.0894057979597709,1.098973825479992,1,628,"{""whisper"": 2.664200963430525e-18, ""contentvec12"": 0.04755406162924658, ""wavlm"": 0.3992706643658162, ""beats"": 7.982192482345834e-18, ""speaker"": 3.1537713620616805e-18, ""rmvpe_cont"": 0.0, ""rmvpe_quant"": 0.0, ""ced"": 0.06575290380845124, ""egemaps"": 0.48742237019648593}"
brspeech,0,singleton,10,1023,whisper+contentvec12+wavlm+beats+auditory_erb+speaker+rmvpe_cont+rmvpe_quant+ced+egemaps,0.9220753665527852,1.089406417117119,1.0989707771812365,1,628,"{""whisper"": 1.1245638454034745e-17, ""contentvec12"": 0.04755622345031328, ""wavlm"": 0.39926461869994806, ""beats"": 1.78953375647903e-17, ""auditory_erb"": 0.0, ""speaker"": 8.603680703950086e-18, ""rmvpe_cont"": 2.1054935298615782e-18, ""rmvpe_quant"": 0.0, ""ced"": 0.06575213030673047, ""egemaps"": 0.48742702754300826}"
brspeech,0,inner_search,1,512,egemaps,1.2464749055749451,1.5293188722962534,1.0431087515035795,1,628,"{""egemaps"": 1.0}"
brspeech,0,inner_search,2,516,wavlm+egemaps,0.9318468823902402,1.0837002182278577,1.1337438001850224,1,628,"{""wavlm"": 0.42456799794308864, ""egemaps"": 0.5754320020569114}"
brspeech,0,inner_search,3,772,wavlm+ced+egemaps,0.9253320501192828,1.0925192122901837,1.126471735399343,1,628,"{""wavlm"": 0.42892482090180256, ""ced"": 0.07270664612098778, ""egemaps"": 0.4983685329772097}"
brspeech,0,inner_search,4,774,contentvec12+wavlm+ced+egemaps,0.922075366508738,1.0894061266903825,1.0989735335173163,1,628,"{""contentvec12"": 0.04755394057714982, ""wavlm"": 0.39927017466280196, ""ced"": 0.06575407476472779, ""egemaps"": 0.4874218099953205}"
brspeech,0,inner_search,5,790,contentvec12+wavlm+auditory_erb+ced+egemaps,0.9220753665085056,1.0894061658898568,1.0989736844242834,1,628,"{""contentvec12"": 0.04755373419400179, ""wavlm"": 0.39927048416941735, ""auditory_erb"": 7.37257477290143e-18, ""ced"": 0.06575442415011297, ""egemaps"": 0.4874213574864679}"
brspeech,0,inner_search,6,791,whisper+contentvec12+wavlm+auditory_erb+ced+egemaps,0.9220753665085054,1.0894061655792295,1.0989736854773098,1,628,"{""whisper"": 0.0, ""contentvec12"": 0.04755373240588677, ""wavlm"": 0.3992704851769221, ""auditory_erb"": 4.561397083005954e-18, ""ced"": 0.06575442302464082, ""egemaps"": 0.4874213593925502}"
brspeech,0,inner_search,7,871,whisper+contentvec12+wavlm+speaker+rmvpe_cont+ced+egemaps,0.9220753665085047,1.089406165520937,1.0989736856869694,1,628,"{""whisper"": 2.9056665292501296e-18, ""contentvec12"": 0.047553732323834474, ""wavlm"": 0.39927048563050754, ""speaker"": 0.0, ""rmvpe_cont"": 0.0, ""ced"": 0.06575442304399115, ""egemaps"": 0.48742135900166683}"
brspeech,0,inner_search,8,927,whisper+contentvec12+wavlm+beats+auditory_erb+rmvpe_quant+ced+egemaps,0.9220753665085054,1.0894061637593453,1.09897368109911,1,628,"{""whisper"": 0.0, ""contentvec12"": 0.047553738841397845, ""wavlm"": 0.3992704756240758, ""beats"": 0.0, ""auditory_erb"": 0.0, ""rmvpe_quant"": 0.0, ""ced"": 0.06575440942109596, ""egemaps"": 0.48742137611343045}"
brspeech,0,inner_search,9,991,whisper+contentvec12+wavlm+beats+auditory_erb+rmvpe_cont+rmvpe_quant+ced+egemaps,0.9220753665085056,1.0894061655903855,1.0989736856493666,1,628,"{""whisper"": 9.418865201309952e-18, ""contentvec12"": 0.04755373228691854, ""wavlm"": 0.3992704855870008, ""beats"": 0.0, ""auditory_erb"": 2.233224902496275e-18, ""rmvpe_cont"": 0.0, ""rmvpe_quant"": 0.0, ""ced"": 0.06575442332960625, ""egemaps"": 0.48742135879647447}"
brspeech,0,inner_search,10,1023,whisper+contentvec12+wavlm+beats+auditory_erb+speaker+rmvpe_cont+rmvpe_quant+ced+egemaps,0.9220753665527852,1.089406417117119,1.0989707771812365,1,628,"{""whisper"": 1.1245638454034745e-17, ""contentvec12"": 0.04755622345031328, ""wavlm"": 0.39926461869994806, ""beats"": 1.78953375647903e-17, ""auditory_erb"": 0.0, ""speaker"": 8.603680703950086e-18, ""rmvpe_cont"": 2.1054935298615782e-18, ""rmvpe_quant"": 0.0, ""ced"": 0.06575213030673047, ""egemaps"": 0.48742702754300826}"
brspeech,1,gate,1,512,egemaps,1.1659106760159736,1.322554123822799,1.6555964896020954,1,484,"{""egemaps"": 1.0}"
brspeech,1,gate,2,544,speaker+egemaps,1.0251870180841427,1.1833260186856338,2.1537704995720266,1,484,"{""speaker"": 0.5211500928679443, ""egemaps"": 0.47884990713205566}"
brspeech,1,gate,3,545,whisper+speaker+egemaps,1.0091690681376808,1.1678402004990749,2.0154222118144998,1,484,"{""whisper"": 0.08657243062520836, ""speaker"": 0.4407721940642018, ""egemaps"": 0.4726553753105897}"
brspeech,1,gate,4,553,whisper+beats+speaker+egemaps,1.005169395857017,1.1632320029835133,2.1715018873024463,1,484,"{""whisper"": 0.07417816985710449, ""beats"": 0.03929237070430797, ""speaker"": 0.40763599920860855, ""egemaps"": 0.47889346022997886}"
brspeech,1,gate,5,555,whisper+contentvec12+beats+speaker+egemaps,1.0042394565275186,1.1605798651191563,2.0798351466702307,1,484,"{""whisper"": 0.07013761476148155, ""contentvec12"": 0.026758381208963174, ""beats"": 0.03600710987755758, ""speaker"": 0.3971868446276642, ""egemaps"": 0.4699100495243336}"
brspeech,1,gate,6,683,whisper+contentvec12+beats+speaker+rmvpe_quant+egemaps,1.0042394566042174,1.1605793384865375,2.0798449769823293,1,484,"{""whisper"": 0.07013589573381937, ""contentvec12"": 0.026759217002262557, ""beats"": 0.03600680069539424, ""speaker"": 0.3971969090403942, ""rmvpe_quant"": 7.374777058564291e-17, ""egemaps"": 0.46990117752812965}"
brspeech,1,gate,7,699,whisper+contentvec12+beats+auditory_erb+speaker+rmvpe_quant+egemaps,1.0042394566036683,1.1605794413816353,2.079853499865442,1,484,"{""whisper"": 0.07013513815359088, ""contentvec12"": 0.026757782276804476, ""beats"": 0.036007820054999605, ""auditory_erb"": 0.0, ""speaker"": 0.3971968964109942, ""rmvpe_quant"": 0.0, ""egemaps"": 0.4699023631036109}"
brspeech,1,gate,8,703,whisper+contentvec12+wavlm+beats+auditory_erb+speaker+rmvpe_quant+egemaps,1.004239456595822,1.1605794107463647,2.0798104620268387,1,484,"{""whisper"": 0.07013526227818265, ""contentvec12"": 0.02676667365662936, ""wavlm"": 0.0, ""beats"": 0.03600730626748207, ""auditory_erb"": 0.0, ""speaker"": 0.3971808535901279, ""rmvpe_quant"": 1.138454632757142e-17, ""egemaps"": 0.4699099042075779}"
brspeech,1,gate,9,959,whisper+contentvec12+wavlm+beats+auditory_erb+speaker+rmvpe_quant+ced+egemaps,1.004239456521553,1.160579895500691,2.0798306083549,1,484,"{""whisper"": 0.07013679110810146, ""contentvec12"": 0.02675965942506592, ""wavlm"": 7.557651471876495e-19, ""beats"": 0.03600733483051786, ""auditory_erb"": 0.0, ""speaker"": 0.3971844804617806, ""rmvpe_quant"": 0.0, ""ced"": 2.2015445090323334e-18, ""egemaps"": 0.4699117341745342}"
brspeech,1,gate,10,1023,whisper+contentvec12+wavlm+beats+auditory_erb+speaker+rmvpe_cont+rmvpe_quant+ced+egemaps,1.004239456521009,1.160579857286192,2.0798337743177204,1,484,"{""whisper"": 0.07013674583202832, ""contentvec12"": 0.02675948963091302, ""wavlm"": 9.686748194138984e-18, ""beats"": 0.036007973320872265, ""auditory_erb"": 1.5865588846563088e-17, ""speaker"": 0.3971841464720975, ""rmvpe_cont"": 2.567039225772564e-19, ""rmvpe_quant"": 6.234734239031047e-17, ""ced"": 6.1880521357254945e-18, ""egemaps"": 0.469911644744089}"
brspeech,1,shapley,1,512,egemaps,1.1659106760159736,1.322554123822799,1.6555964896020954,1,484,"{""egemaps"": 1.0}"
brspeech,1,shapley,2,544,speaker+egemaps,1.0251870180841427,1.1833260186856338,2.1537704995720266,1,484,"{""speaker"": 0.5211500928679443, ""egemaps"": 0.47884990713205566}"
brspeech,1,shapley,3,560,auditory_erb+speaker+egemaps,1.0251870180841431,1.183326018685634,2.1537704995720315,1,484,"{""auditory_erb"": 0.0, ""speaker"": 0.5211500928679478, ""egemaps"": 0.4788499071320523}"
brspeech,1,shapley,4,564,wavlm+auditory_erb+speaker+egemaps,1.0233642933866238,1.185749924936994,1.9852203463610052,1,484,"{""wavlm"": 0.043832968914915754, ""auditory_erb"": 2.6709489925769853e-17, ""speaker"": 0.4881636017801755, ""egemaps"": 0.46800342930490874}"
brspeech,1,shapley,5,820,wavlm+auditory_erb+speaker+ced+egemaps,1.0233642933974831,1.1857495658673256,1.9852339870797135,1,484,"{""wavlm"": 0.04382969950515304, ""auditory_erb"": 6.61617435100334e-18, ""speaker"": 0.48816723940486073, ""ced"": 2.580909390283853e-18, ""egemaps"": 0.46800306108998624}"
brspeech,1,shapley,6,822,contentvec12+wavlm+auditory_erb+speaker+ced+egemaps,1.019629496044888,1.1770955144269872,1.8841023470113691,1,484,"{""contentvec12"": 0.05280751675368736, ""wavlm"": 0.028891061583828714, ""auditory_erb"": 3.581255300991182e-18, ""speaker"": 0.4642437678723205, ""ced"": 0.0, ""egemaps"": 0.4540576537901634}"
brspeech,1,shapley,7,886,contentvec12+wavlm+auditory_erb+speaker+rmvpe_cont+ced+egemaps,1.019629495939098,1.17709607248675,1.8840960328223877,1,484,"{""contentvec12"": 0.05280504461609735, ""wavlm"": 0.028890012547514658, ""auditory_erb"": 1.929879867024198e-17, ""speaker"": 0.4642326887039242, ""rmvpe_cont"": 1.1980434005964824e-17, ""ced"": 3.06287113727155e-18, ""egemaps"": 0.45407225413246377}"
brspeech,1,shapley,8,887,whisper+contentvec12+wavlm+auditory_erb+speaker+rmvpe_cont+ced+egemaps,1.0074973345111915,1.163811799138567,1.9187566356182943,1,484,"{""whisper"": 0.0798477958185323, ""contentvec12"": 0.035346788259059764, ""wavlm"": 6.501189628413569e-18, ""auditory_erb"": 1.817944463044542e-18, ""speaker"": 0.4234693013137262, ""rmvpe_cont"": 0.0, ""ced"": 3.1763735522036263e-21, ""egemaps"": 0.46133611460868185}"
brspeech,1,shapley,9,895,whisper+contentvec12+wavlm+beats+auditory_erb+speaker+rmvpe_cont+ced+egemaps,1.004239456615308,1.1605792676697255,2.079849665618714,1,484,"{""whisper"": 0.07013525311953081, ""contentvec12"": 0.02675916995275616, ""wavlm"": 0.0, ""beats"": 0.03600753494255718, ""auditory_erb"": 1.1204128309806258e-17, ""speaker"": 0.39719748649672504, ""rmvpe_cont"": 4.0428882572447755e-18, ""ced"": 9.64347010449021e-19, ""egemaps"": 0.4699005554884308}"
brspeech,1,shapley,10,1023,whisper+contentvec12+wavlm+beats+auditory_erb+speaker+rmvpe_cont+rmvpe_quant+ced+egemaps,1.004239456521009,1.160579857286192,2.0798337743177204,1,484,"{""whisper"": 0.07013674583202832, ""contentvec12"": 0.02675948963091302, ""wavlm"": 9.686748194138984e-18, ""beats"": 0.036007973320872265, ""auditory_erb"": 1.5865588846563088e-17, ""speaker"": 0.3971841464720975, ""rmvpe_cont"": 2.567039225772564e-19, ""rmvpe_quant"": 6.234734239031047e-17, ""ced"": 6.1880521357254945e-18, ""egemaps"": 0.469911644744089}"
brspeech,1,singleton,1,32,speaker,1.1439935426228234,1.2852060146994817,3.0101872591829744,1,484,"{""speaker"": 1.0}"
brspeech,1,singleton,2,544,speaker+egemaps,1.0251870180841427,1.1833260186856338,2.1537704995720266,1,484,"{""speaker"": 0.5211500928679443, ""egemaps"": 0.47884990713205566}"
brspeech,1,singleton,3,560,auditory_erb+speaker+egemaps,1.0251870180841431,1.183326018685634,2.1537704995720315,1,484,"{""auditory_erb"": 0.0, ""speaker"": 0.5211500928679478, ""egemaps"": 0.4788499071320523}"
brspeech,1,singleton,4,816,auditory_erb+speaker+ced+egemaps,1.0251870180841431,1.1833260186856338,2.1537704995720426,1,484,"{""auditory_erb"": 0.0, ""speaker"": 0.5211500928679559, ""ced"": 0.0, ""egemaps"": 0.47884990713204406}"
brspeech,1,singleton,5,820,wavlm+auditory_erb+speaker+ced+egemaps,1.0233642933974831,1.1857495658673256,1.9852339870797135,1,484,"{""wavlm"": 0.04382969950515304, ""auditory_erb"": 6.61617435100334e-18, ""speaker"": 0.48816723940486073, ""ced"": 2.580909390283853e-18, ""egemaps"": 0.46800306108998624}"
brspeech,1,singleton,6,884,wavlm+auditory_erb+speaker+rmvpe_cont+ced+egemaps,1.0233642933876212,1.1857500068183495,1.9852172913711243,1,484,"{""wavlm"": 0.043833945173528725, ""auditory_erb"": 0.0, ""speaker"": 0.4881632925318163, ""rmvpe_cont"": 2.5847210385464978e-17, ""ced"": 0.0, ""egemaps"": 0.46800276229465504}"
brspeech,1,singleton,7,886,contentvec12+wavlm+auditory_erb+speaker+rmvpe_cont+ced+egemaps,1.019629495939098,1.17709607248675,1.8840960328223877,1,484,"{""contentvec12"": 0.05280504461609735, ""wavlm"": 0.028890012547514658, ""auditory_erb"": 1.929879867024198e-17, ""speaker"": 0.4642326887039242, ""rmvpe_cont"": 1.1980434005964824e-17, ""ced"": 3.06287113727155e-18, ""egemaps"": 0.45407225413246377}"
brspeech,1,singleton,8,887,whisper+contentvec12+wavlm+auditory_erb+speaker+rmvpe_cont+ced+egemaps,1.0074973345111915,1.163811799138567,1.9187566356182943,1,484,"{""whisper"": 0.0798477958185323, ""contentvec12"": 0.035346788259059764, ""wavlm"": 6.501189628413569e-18, ""auditory_erb"": 1.817944463044542e-18, ""speaker"": 0.4234693013137262, ""rmvpe_cont"": 0.0, ""ced"": 3.1763735522036263e-21, ""egemaps"": 0.46133611460868185}"
brspeech,1,singleton,9,895,whisper+contentvec12+wavlm+beats+auditory_erb+speaker+rmvpe_cont+ced+egemaps,1.004239456615308,1.1605792676697255,2.079849665618714,1,484,"{""whisper"": 0.07013525311953081, ""contentvec12"": 0.02675916995275616, ""wavlm"": 0.0, ""beats"": 0.03600753494255718, ""auditory_erb"": 1.1204128309806258e-17, ""speaker"": 0.39719748649672504, ""rmvpe_cont"": 4.0428882572447755e-18, ""ced"": 9.64347010449021e-19, ""egemaps"": 0.4699005554884308}"
brspeech,1,singleton,10,1023,whisper+contentvec12+wavlm+beats+auditory_erb+speaker+rmvpe_cont+rmvpe_quant+ced+egemaps,1.004239456521009,1.160579857286192,2.0798337743177204,1,484,"{""whisper"": 0.07013674583202832, ""contentvec12"": 0.02675948963091302, ""wavlm"": 9.686748194138984e-18, ""beats"": 0.036007973320872265, ""auditory_erb"": 1.5865588846563088e-17, ""speaker"": 0.3971841464720975, ""rmvpe_cont"": 2.567039225772564e-19, ""rmvpe_quant"": 6.234734239031047e-17, ""ced"": 6.1880521357254945e-18, ""egemaps"": 0.469911644744089}"
brspeech,1,inner_search,1,32,speaker,1.1439935426228234,1.2852060146994817,3.0101872591829744,1,484,"{""speaker"": 1.0}"
brspeech,1,inner_search,2,544,speaker+egemaps,1.0251870180841427,1.1833260186856338,2.1537704995720266,1,484,"{""speaker"": 0.5211500928679443, ""egemaps"": 0.47884990713205566}"
brspeech,1,inner_search,3,545,whisper+speaker+egemaps,1.0091690681376808,1.1678402004990749,2.0154222118144998,1,484,"{""whisper"": 0.08657243062520836, ""speaker"": 0.4407721940642018, ""egemaps"": 0.4726553753105897}"
brspeech,1,inner_search,4,553,whisper+beats+speaker+egemaps,1.005169395857017,1.1632320029835133,2.1715018873024463,1,484,"{""whisper"": 0.07417816985710449, ""beats"": 0.03929237070430797, ""speaker"": 0.40763599920860855, ""egemaps"": 0.47889346022997886}"
brspeech,1,inner_search,5,555,whisper+contentvec12+beats+speaker+egemaps,1.0042394565275186,1.1605798651191563,2.0798351466702307,1,484,"{""whisper"": 0.07013761476148155, ""contentvec12"": 0.026758381208963174, ""beats"": 0.03600710987755758, ""speaker"": 0.3971868446276642, ""egemaps"": 0.4699100495243336}"
brspeech,1,inner_search,6,619,whisper+contentvec12+beats+speaker+rmvpe_cont+egemaps,1.004239456521253,1.1605799214170185,2.0798342786587365,1,484,"{""whisper"": 0.07013767724248478, ""contentvec12"": 0.026758535764317953, ""beats"": 0.036007621051441806, ""speaker"": 0.39718443694465666, ""rmvpe_cont"": 0.0, ""egemaps"": 0.46991172899709877}"
brspeech,1,inner_search,7,815,whisper+contentvec12+wavlm+beats+speaker+ced+egemaps,1.0042394565188564,1.160579982797039,2.0798316593883053,1,484,"{""whisper"": 0.07013729256902973, ""contentvec12"": 0.02675909156721807, ""wavlm"": 2.55465136891897e-18, ""beats"": 0.036007854589827464, ""speaker"": 0.3971823611350439, ""ced"": 0.0, ""egemaps"": 0.46991340013888083}"
brspeech,1,inner_search,8,639,whisper+contentvec12+wavlm+beats+auditory_erb+speaker+rmvpe_cont+egemaps,1.004239456520725,1.160579964357602,2.079836509222996,1,484,"{""whisper"": 0.07013702503162762, ""contentvec12"": 0.02675833317722453, ""wavlm"": 7.194909612214839e-18, ""beats"": 0.0360079943208222, ""auditory_erb"": 3.2532417921669533e-18, ""speaker"": 0.3971842246734634, ""rmvpe_cont"": 0.0, ""egemaps"": 0.46991242279686213}"
brspeech,1,inner_search,9,1007,whisper+contentvec12+wavlm+beats+speaker+rmvpe_cont+rmvpe_quant+ced+egemaps,1.0042394565202697,1.160579894014947,2.079829907176631,1,484,"{""whisper"": 0.07013739267972799, ""contentvec12"": 0.02675960558648748, ""wavlm"": 2.8424308127486184e-18, ""beats"": 0.03600743149116954, ""speaker"": 0.39718358059010483, ""rmvpe_cont"": 0.0, ""rmvpe_quant"": 0.0, ""ced"": 0.0, ""egemaps"": 0.46991198965251024}"
brspeech,1,inner_search,10,1023,whisper+contentvec12+wavlm+beats+auditory_erb+speaker+rmvpe_cont+rmvpe_quant+ced+egemaps,1.004239456521009,1.160579857286192,2.0798337743177204,1,484,"{""whisper"": 0.07013674583202832, ""contentvec12"": 0.02675948963091302, ""wavlm"": 9.686748194138984e-18, ""beats"": 0.036007973320872265, ""auditory_erb"": 1.5865588846563088e-17, ""speaker"": 0.3971841464720975, ""rmvpe_cont"": 2.567039225772564e-19, ""rmvpe_quant"": 6.234734239031047e-17, ""ced"": 6.1880521357254945e-18, ""egemaps"": 0.469911644744089}"
brspeech,2,gate,1,512,egemaps,0.7952527584843828,0.9935752419187852,1.32352143926453,1,384,"{""egemaps"": 1.0}"
brspeech,2,gate,2,516,wavlm+egemaps,0.7805049385390127,0.9664628355326818,1.1639316536264894,1,384,"{""wavlm"": 0.13192275282172175, ""egemaps"": 0.8680772471782783}"
brspeech,2,gate,3,517,whisper+wavlm+egemaps,0.7784894887756071,0.9619523462395232,1.1637195233471285,1,384,"{""whisper"": 0.031241076748012825, ""wavlm"": 0.11601150756465094, ""egemaps"": 0.8527474156873363}"
brspeech,2,gate,4,519,whisper+contentvec12+wavlm+egemaps,0.7782087858263477,0.9608287729071584,1.159316328560572,1,384,"{""whisper"": 0.02915874048411282, ""contentvec12"": 0.014362694638488991, ""wavlm"": 0.11063517246578437, ""egemaps"": 0.8458433924116139}"
brspeech,2,gate,5,527,whisper+contentvec12+wavlm+beats+egemaps,0.7782087858364639,0.9608287925355592,1.159315819028721,1,384,"{""whisper"": 0.029157346348297652, ""contentvec12"": 0.014363802887379234, ""wavlm"": 0.11063552007806264, ""beats"": 2.6200423124470018e-17, ""egemaps"": 0.8458433306862605}"
brspeech,2,gate,6,783,whisper+contentvec12+wavlm+beats+ced+egemaps,0.7782087858291808,0.9608287301054768,1.1593171644724585,1,384,"{""whisper"": 0.0291609090944989, ""contentvec12"": 0.014361394405220796, ""wavlm"": 0.11063428384536712, ""beats"": 0.0, ""ced"": 0.0, ""egemaps"": 0.8458434126549133}"
brspeech,2,gate,7,799,whisper+contentvec12+wavlm+beats+auditory_erb+ced+egemaps,0.7782087858265518,0.9608287558887796,1.1593170955408378,1,384,"{""whisper"": 0.02916037564497698, ""contentvec12"": 0.014361657005344353, ""wavlm"": 0.11063441551885625, ""beats"": 1.569657930380625e-17, ""auditory_erb"": 1.655547071232211e-17, ""ced"": 7.25483719323308e-19, ""egemaps"": 0.8458435518308223}"
brspeech,2,gate,8,863,whisper+contentvec12+wavlm+beats+auditory_erb+rmvpe_cont+ced+egemaps,0.7782087858599238,0.960829085659791,1.1593174468635257,1,384,"{""whisper"": 0.029158810412910328, ""contentvec12"": 0.014357234503946128, ""wavlm"": 0.11063804734031712, ""beats"": 0.0, ""auditory_erb"": 1.6395169727054237e-17, ""rmvpe_cont"": 0.0, ""ced"": 0.0, ""egemaps"": 0.8458459077428264}"
brspeech,2,gate,9,895,whisper+contentvec12+wavlm+beats+auditory_erb+speaker+rmvpe_cont+ced+egemaps,0.7782087858301047,0.96082900239429,1.159318418017544,1,384,"{""whisper"": 0.02915959118125914, ""contentvec12"": 0.014360165584209213, ""wavlm"": 0.11063463294164948, ""beats"": 0.0, ""auditory_erb"": 1.577937677440036e-17, ""speaker"": 0.0, ""rmvpe_cont"": 0.0, ""ced"": 4.216953527905534e-17, ""egemaps"": 0.8458456102928821}"
brspeech,2,gate,10,1023,whisper+contentvec12+wavlm+beats+auditory_erb+speaker+rmvpe_cont+rmvpe_quant+ced+egemaps,0.7782087858498757,0.9608283822716416,1.159312532911078,1,384,"{""whisper"": 0.02915788446455243, ""contentvec12"": 0.01436519421148545, ""wavlm"": 0.11063733890060945, ""beats"": 1.0777647220863714e-17, ""auditory_erb"": 6.578057868376895e-18, ""speaker"": 0.0, ""rmvpe_cont"": 2.398797306624178e-18, ""rmvpe_quant"": 0.0, ""ced"": 1.0638733817514009e-17, ""egemaps"": 0.8458395824233526}"
brspeech,2,shapley,1,512,egemaps,0.7952527584843828,0.9935752419187852,1.32352143926453,1,384,"{""egemaps"": 1.0}"
brspeech,2,shapley,2,516,wavlm+egemaps,0.7805049385390127,0.9664628355326818,1.1639316536264894,1,384,"{""wavlm"": 0.13192275282172175, ""egemaps"": 0.8680772471782783}"
brspeech,2,shapley,3,548,wavlm+speaker+egemaps,0.7805049385390127,0.9664628355326818,1.16393165362649,1,384,"{""wavlm"": 0.1319227528217217, ""speaker"": 2.6020852139652106e-17, ""egemaps"": 0.8680772471782783}"
brspeech,2,shapley,4,612,wavlm+speaker+rmvpe_cont+egemaps,0.7805049385390129,0.9664628355326816,1.16393165362649,1,384,"{""wavlm"": 0.13192275282172206, ""speaker"": 1.2143064331837647e-17, ""rmvpe_cont"": 6.938893903907227e-18, ""egemaps"": 0.8680772471782778}"
brspeech,2,shapley,5,868,wavlm+speaker+rmvpe_cont+ced+egemaps,0.7805049385390129,0.9664628355326818,1.1639316536264894,1,384,"{""wavlm"": 0.13192275282172194, ""speaker"": 7.806255641895632e-18, ""rmvpe_cont"": 0.0, ""ced"": 0.0, ""egemaps"": 0.868077247178278}"
brspeech,2,shapley,6,870,contentvec12+wavlm+speaker+rmvpe_cont+ced+egemaps,0.7799096994610177,0.9644572059841178,1.157780931819608,1,384,"{""contentvec12"": 0.020577738433629762, ""wavlm"": 0.12269617409836503, ""speaker"": 0.0, ""rmvpe_cont"": 0.0, ""ced"": 0.0, ""egemaps"": 0.8567260874680052}"
brspeech,2,shapley,7,871,whisper+contentvec12+wavlm+speaker+rmvpe_cont+ced+egemaps,0.7782087858310981,0.9608288477444684,1.1593183892310892,1,384,"{""whisper"": 0.02915991759101471, ""contentvec12"": 0.014363413355635415, ""wavlm"": 0.11063214752445909, ""speaker"": 8.407225517972558e-18, ""rmvpe_cont"": 4.444381874243314e-18, ""ced"": 9.458605163751958e-18, ""egemaps"": 0.8458445215288908}"
brspeech,2,shapley,8,999,whisper+contentvec12+wavlm+speaker+rmvpe_cont+rmvpe_quant+ced+egemaps,0.7782087858293851,0.960828988413206,1.159317848477542,1,384,"{""whisper"": 0.02915895116125672, ""contentvec12"": 0.014360441468898666, ""wavlm"": 0.1106352767054645, ""speaker"": 0.0, ""rmvpe_cont"": 1.052014920489841e-18, ""rmvpe_quant"": 0.0, ""ced"": 2.1023357750851734e-18, ""egemaps"": 0.8458453306643802}"
brspeech,2,shapley,9,1007,whisper+contentvec12+wavlm+beats+speaker+rmvpe_cont+rmvpe_quant+ced+egemaps,0.7782087858263586,0.9608286660161018,1.159316058086527,1,384,"{""whisper"": 0.029159677832561605, ""contentvec12"": 0.01436285836100344, ""wavlm"": 0.11063485568748134, ""beats"": 9.382160440262258e-18, ""speaker"": 2.2234614865425384e-20, ""rmvpe_cont"": 2.860642021114586e-18, ""rmvpe_quant"": 1.2127817738787072e-17, ""ced"": 2.6255903782515175e-18, ""egemaps"": 0.8458426081189536}"
brspeech,2,shapley,10,1023,whisper+contentvec12+wavlm+beats+auditory_erb+speaker+rmvpe_cont+rmvpe_quant+ced+egemaps,0.7782087858498757,0.9608283822716416,1.159312532911078,1,384,"{""whisper"": 0.02915788446455243, ""contentvec12"": 0.01436519421148545, ""wavlm"": 0.11063733890060945, ""beats"": 1.0777647220863714e-17, ""auditory_erb"": 6.578057868376895e-18, ""speaker"": 0.0, ""rmvpe_cont"": 2.398797306624178e-18, ""rmvpe_quant"": 0.0, ""ced"": 1.0638733817514009e-17, ""egemaps"": 0.8458395824233526}"
brspeech,2,singleton,1,512,egemaps,0.7952527584843828,0.9935752419187852,1.32352143926453,1,384,"{""egemaps"": 1.0}"
brspeech,2,singleton,2,516,wavlm+egemaps,0.7805049385390127,0.9664628355326818,1.1639316536264894,1,384,"{""wavlm"": 0.13192275282172175, ""egemaps"": 0.8680772471782783}"
brspeech,2,singleton,3,548,wavlm+speaker+egemaps,0.7805049385390127,0.9664628355326818,1.16393165362649,1,384,"{""wavlm"": 0.1319227528217217, ""speaker"": 2.6020852139652106e-17, ""egemaps"": 0.8680772471782783}"
brspeech,2,singleton,4,612,wavlm+speaker+rmvpe_cont+egemaps,0.7805049385390129,0.9664628355326816,1.16393165362649,1,384,"{""wavlm"": 0.13192275282172206, ""speaker"": 1.2143064331837647e-17, ""rmvpe_cont"": 6.938893903907227e-18, ""egemaps"": 0.8680772471782778}"
brspeech,2,singleton,5,868,wavlm+speaker+rmvpe_cont+ced+egemaps,0.7805049385390129,0.9664628355326818,1.1639316536264894,1,384,"{""wavlm"": 0.13192275282172194, ""speaker"": 7.806255641895632e-18, ""rmvpe_cont"": 0.0, ""ced"": 0.0, ""egemaps"": 0.868077247178278}"
brspeech,2,singleton,6,870,contentvec12+wavlm+speaker+rmvpe_cont+ced+egemaps,0.7799096994610177,0.9644572059841178,1.157780931819608,1,384,"{""contentvec12"": 0.020577738433629762, ""wavlm"": 0.12269617409836503, ""speaker"": 0.0, ""rmvpe_cont"": 0.0, ""ced"": 0.0, ""egemaps"": 0.8567260874680052}"
brspeech,2,singleton,7,871,whisper+contentvec12+wavlm+speaker+rmvpe_cont+ced+egemaps,0.7782087858310981,0.9608288477444684,1.1593183892310892,1,384,"{""whisper"": 0.02915991759101471, ""contentvec12"": 0.014363413355635415, ""wavlm"": 0.11063214752445909, ""speaker"": 8.407225517972558e-18, ""rmvpe_cont"": 4.444381874243314e-18, ""ced"": 9.458605163751958e-18, ""egemaps"": 0.8458445215288908}"
brspeech,2,singleton,8,999,whisper+contentvec12+wavlm+speaker+rmvpe_cont+rmvpe_quant+ced+egemaps,0.7782087858293851,0.960828988413206,1.159317848477542,1,384,"{""whisper"": 0.02915895116125672, ""contentvec12"": 0.014360441468898666, ""wavlm"": 0.1106352767054645, ""speaker"": 0.0, ""rmvpe_cont"": 1.052014920489841e-18, ""rmvpe_quant"": 0.0, ""ced"": 2.1023357750851734e-18, ""egemaps"": 0.8458453306643802}"
brspeech,2,singleton,9,1007,whisper+contentvec12+wavlm+beats+speaker+rmvpe_cont+rmvpe_quant+ced+egemaps,0.7782087858263586,0.9608286660161018,1.159316058086527,1,384,"{""whisper"": 0.029159677832561605, ""contentvec12"": 0.01436285836100344, ""wavlm"": 0.11063485568748134, ""beats"": 9.382160440262258e-18, ""speaker"": 2.2234614865425384e-20, ""rmvpe_cont"": 2.860642021114586e-18, ""rmvpe_quant"": 1.2127817738787072e-17, ""ced"": 2.6255903782515175e-18, ""egemaps"": 0.8458426081189536}"
brspeech,2,singleton,10,1023,whisper+contentvec12+wavlm+beats+auditory_erb+speaker+rmvpe_cont+rmvpe_quant+ced+egemaps,0.7782087858498757,0.9608283822716416,1.159312532911078,1,384,"{""whisper"": 0.02915788446455243, ""contentvec12"": 0.01436519421148545, ""wavlm"": 0.11063733890060945, ""beats"": 1.0777647220863714e-17, ""auditory_erb"": 6.578057868376895e-18, ""speaker"": 0.0, ""rmvpe_cont"": 2.398797306624178e-18, ""rmvpe_quant"": 0.0, ""ced"": 1.0638733817514009e-17, ""egemaps"": 0.8458395824233526}"
brspeech,2,inner_search,1,512,egemaps,0.7952527584843828,0.9935752419187852,1.32352143926453,1,384,"{""egemaps"": 1.0}"
brspeech,2,inner_search,2,516,wavlm+egemaps,0.7805049385390127,0.9664628355326818,1.1639316536264894,1,384,"{""wavlm"": 0.13192275282172175, ""egemaps"": 0.8680772471782783}"
brspeech,2,inner_search,3,517,whisper+wavlm+egemaps,0.7784894887756071,0.9619523462395232,1.1637195233471285,1,384,"{""whisper"": 0.031241076748012825, ""wavlm"": 0.11601150756465094, ""egemaps"": 0.8527474156873363}"
brspeech,2,inner_search,4,519,whisper+contentvec12+wavlm+egemaps,0.7782087858263477,0.9608287729071584,1.159316328560572,1,384,"{""whisper"": 0.02915874048411282, ""contentvec12"": 0.014362694638488991, ""wavlm"": 0.11063517246578437, ""egemaps"": 0.8458433924116139}"
brspeech,2,inner_search,5,583,whisper+contentvec12+wavlm+rmvpe_cont+egemaps,0.7782087858294929,0.960828948600714,1.159317976323568,1,384,"{""whisper"": 0.029159728244051903, ""contentvec12"": 0.014360184501447186, ""wavlm"": 0.11063496807118357, ""rmvpe_cont"": 4.497744949920335e-19, ""egemaps"": 0.8458451191833174}"
brspeech,2,inner_search,6,591,whisper+contentvec12+wavlm+beats+rmvpe_cont+egemaps,0.7782087858273458,0.9608287620001766,1.1593166625059734,1,384,"{""whisper"": 0.029160151823388967, ""contentvec12"": 0.01436089415358269, ""wavlm"": 0.11063548347317552, ""beats"": 1.7266131355068472e-17, ""rmvpe_cont"": 3.7299095832343115e-18, ""egemaps"": 0.8458434705498529}"
brspeech,2,inner_search,7,935,whisper+contentvec12+wavlm+speaker+rmvpe_quant+ced+egemaps,0.7782087858248172,0.9608287999769616,1.1593169245881791,1,384,"{""whisper"": 0.02915945236546636, ""contentvec12"": 0.01436199832526966, ""wavlm"": 0.11063477400893804, ""speaker"": 1.0869126779167182e-17, ""rmvpe_quant"": 4.065758146820642e-18, ""ced"": 0.0, ""egemaps"": 0.8458437753003261}"
brspeech,2,inner_search,8,831,whisper+contentvec12+wavlm+beats+auditory_erb+speaker+ced+egemaps,0.7782087858248483,0.9608288190679668,1.1593171042947945,1,384,"{""whisper"": 0.02915941644600391, ""contentvec12"": 0.014362021916453013, ""wavlm"": 0.11063460539810861, ""beats"": 0.0, ""auditory_erb"": 1.2953516043682405e-17, ""speaker"": 3.3457801416544863e-18, ""ced"": 1.4615024109280918e-18, ""egemaps"": 0.8458439562394345}"
brspeech,2,inner_search,9,767,whisper+contentvec12+wavlm+beats+auditory_erb+speaker+rmvpe_cont+rmvpe_quant+egemaps,0.7782087858252392,0.9608287481388776,1.1593164704611263,1,384,"{""whisper"": 0.02915931346721263, ""contentvec12"": 0.014362503989613204, ""wavlm"": 0.11063490099303462, ""beats"": 4.5044153343799624e-18, ""auditory_erb"": 0.0, ""speaker"": 0.0, ""rmvpe_cont"": 0.0, ""rmvpe_quant"": 0.0, ""egemaps"": 0.8458432815501397}"
brspeech,2,inner_search,10,1023,whisper+contentvec12+wavlm+beats+auditory_erb+speaker+rmvpe_cont+rmvpe_quant+ced+egemaps,0.7782087858498757,0.9608283822716416,1.159312532911078,1,384,"{""whisper"": 0.02915788446455243, ""contentvec12"": 0.01436519421148545, ""wavlm"": 0.11063733890060945, ""beats"": 1.0777647220863714e-17, ""auditory_erb"": 6.578057868376895e-18, ""speaker"": 0.0, ""rmvpe_cont"": 2.398797306624178e-18, ""rmvpe_quant"": 0.0, ""ced"": 1.0638733817514009e-17, ""egemaps"": 0.8458395824233526}"
brspeech,3,gate,1,4,wavlm,1.1322182626682682,1.33288469800621,2.34966293566195,1,256,"{""wavlm"": 1.0}"
brspeech,3,gate,2,516,wavlm+egemaps,0.8928593849884221,1.044753877880676,1.481638257439752,1,256,"{""wavlm"": 0.5300655077457441, ""egemaps"": 0.46993449225425593}"
brspeech,3,gate,3,518,contentvec12+wavlm+egemaps,0.8602747686862061,1.0146960067455613,1.6120476503446215,1,256,"{""contentvec12"": 0.17769318937587383, ""wavlm"": 0.44703149488250243, ""egemaps"": 0.3752753157416237}"
brspeech,3,gate,4,646,contentvec12+wavlm+rmvpe_quant+egemaps,0.8287100125683253,1.0175230972051552,2.79220925115043,1,256,"{""contentvec12"": 0.1509284035702428, ""wavlm"": 0.4278235415048328, ""rmvpe_quant"": 0.16671258674846476, ""egemaps"": 0.2545354681764596}"
brspeech,3,gate,5,902,contentvec12+wavlm+rmvpe_quant+ced+egemaps,0.825001579703747,1.0190588400422929,2.52509298472206,1,256,"{""contentvec12"": 0.14793331300597568, ""wavlm"": 0.4180221521630094, ""rmvpe_quant"": 0.13243261049054267, ""ced"": 0.06328594251725744, ""egemaps"": 0.2383259818232149}"
brspeech,3,gate,6,903,whisper+contentvec12+wavlm+rmvpe_quant+ced+egemaps,0.8233071518122212,1.0198469458693955,2.5043539010121987,1,256,"{""whisper"": 0.029739215572684413, ""contentvec12"": 0.14149067829697823, ""wavlm"": 0.41000091620482965, ""rmvpe_quant"": 0.12897987303720793, ""ced"": 0.056340851633315515, ""egemaps"": 0.23344846525498428}"
brspeech,3,gate,7,919,whisper+contentvec12+wavlm+auditory_erb+rmvpe_quant+ced+egemaps,0.8233071737178769,1.0198498988089673,2.5054374894369174,1,256,"{""whisper"": 0.02974030187930969, ""contentvec12"": 0.14151525782593402, ""wavlm"": 0.4100752686396663, ""auditory_erb"": 0.0, ""rmvpe_quant"": 0.12908300794476674, ""ced"": 0.05631377996716465, ""egemaps"": 0.23327238374315856}"
brspeech,3,gate,8,927,whisper+contentvec12+wavlm+beats+auditory_erb+rmvpe_quant+ced+egemaps,0.8233071725600147,1.0198442295990278,2.503540642164696,1,256,"{""whisper"": 0.029740627425404932, ""contentvec12"": 0.14146389244994703, ""wavlm"": 0.40991870912598516, ""beats"": 3.2392657485372585e-18, ""auditory_erb"": 0.0, ""rmvpe_quant"": 0.12891473647865065, ""ced"": 0.05632560932174068, ""egemaps"": 0.23363642519827157}"
brspeech,3,gate,9,959,whisper+contentvec12+wavlm+beats+auditory_erb+speaker+rmvpe_quant+ced+egemaps,0.8233071518104158,1.0198469408048725,2.504349198612172,1,256,"{""whisper"": 0.029739229757502542, ""contentvec12"": 0.1414903059529697, ""wavlm"": 0.41000016282381957, ""beats"": 1.1274008527954738e-18, ""auditory_erb"": 0.0, ""speaker"": 5.336307567702092e-20, ""rmvpe_quant"": 0.12897964782957616, ""ced"": 0.0563404656678702, ""egemaps"": 0.2334501879682619}"
brspeech,3,gate,10,1023,whisper+contentvec12+wavlm+beats+auditory_erb+speaker+rmvpe_cont+rmvpe_quant+ced+egemaps,0.8233071624551865,1.0198454938465151,2.50353008132968,1,256,"{""whisper"": 0.029736017974285982, ""contentvec12"": 0.14147525451255613, ""wavlm"": 0.4099507850111242, ""beats"": 0.0, ""auditory_erb"": 1.1071408834883346e-17, ""speaker"": 0.0, ""rmvpe_cont"": 0.0, ""rmvpe_quant"": 0.12889731919556208, ""ced"": 0.05637816279960969, ""egemaps"": 0.2335624605068618}"
brspeech,3,shapley,1,4,wavlm,1.1322182626682682,1.33288469800621,2.34966293566195,1,256,"{""wavlm"": 1.0}"
brspeech,3,shapley,2,516,wavlm+egemaps,0.8928593849884221,1.044753877880676,1.481638257439752,1,256,"{""wavlm"": 0.5300655077457441, ""egemaps"": 0.46993449225425593}"
brspeech,3,shapley,3,518,contentvec12+wavlm+egemaps,0.8602747686862061,1.0146960067455613,1.6120476503446215,1,256,"{""contentvec12"": 0.17769318937587383, ""wavlm"": 0.44703149488250243, ""egemaps"": 0.3752753157416237}"
brspeech,3,shapley,4,582,contentvec12+wavlm+rmvpe_cont+egemaps,0.8382035329588671,1.0287404355770515,1.768433548216594,1,256,"{""contentvec12"": 0.1439237195143013, ""wavlm"": 0.43234528198397976, ""rmvpe_cont"": 0.16567055649126655, ""egemaps"": 0.2580604420104524}"
brspeech,3,shapley,5,614,contentvec12+wavlm+speaker+rmvpe_cont+egemaps,0.838203532984665,1.0287408575055546,1.7684441976226648,1,256,"{""contentvec12"": 0.14392413901412934, ""wavlm"": 0.4323478645412694, ""speaker"": 2.732528287842373e-18, ""rmvpe_cont"": 0.16567430722613719, ""egemaps"": 0.2580536892184641}"
brspeech,3,shapley,6,742,contentvec12+wavlm+speaker+rmvpe_cont+rmvpe_quant+egemaps,0.8281540780946782,1.0192808065951502,2.6263285273980945,1,256,"{""contentvec12"": 0.1468581247662932, ""wavlm"": 0.4271878206689442, ""speaker"": 0.0, ""rmvpe_cont"": 0.03961688118059267, ""rmvpe_quant"": 0.1417755563733802, ""egemaps"": 0.24456161701078974}"
brspeech,3,shapley,7,758,contentvec12+wavlm+auditory_erb+speaker+rmvpe_cont+rmvpe_quant+egemaps,0.828154078042906,1.0192809194117562,2.626277501428998,1,256,"{""contentvec12"": 0.14685580224851277, ""wavlm"": 0.42718576191500474, ""auditory_erb"": 0.0, ""speaker"": 0.0, ""rmvpe_cont"": 0.03962203910315094, ""rmvpe_quant"": 0.14176991386173046, ""egemaps"": 0.24456648287160088}"
brspeech,3,shapley,8,1014,contentvec12+wavlm+auditory_erb+speaker+rmvpe_cont+rmvpe_quant+ced+egemaps,0.8250015797298291,1.0190589324878294,2.5251361261440985,1,256,"{""contentvec12"": 0.14793421473536267, ""wavlm"": 0.41802416914413215, ""auditory_erb"": 1.0664144805931641e-18, ""speaker"": 8.665147050411492e-19, ""rmvpe_cont"": 0.0, ""rmvpe_quant"": 0.13243708159691966, ""ced"": 0.06328365105592251, ""egemaps"": 0.23832088346766303}"
brspeech,3,shapley,9,1015,whisper+contentvec12+wavlm+auditory_erb+speaker+rmvpe_cont+rmvpe_quant+ced+egemaps,0.8233071849313415,1.0198439668734518,2.5028865078804703,1,256,"{""whisper"": 0.029732895499372445, ""contentvec12"": 0.1414645807295657, ""wavlm"": 0.40991609334596574, ""auditory_erb"": 4.573423704162812e-19, ""speaker"": 2.0110994078818e-19, ""rmvpe_cont"": 0.0, ""rmvpe_quant"": 0.12883143716805726, ""ced"": 0.05640886242345767, ""egemaps"": 0.23364613083358132}"
brspeech,3,shapley,10,1023,whisper+contentvec12+wavlm+beats+auditory_erb+speaker+rmvpe_cont+rmvpe_quant+ced+egemaps,0.8233071624551865,1.0198454938465151,2.50353008132968,1,256,"{""whisper"": 0.029736017974285982, ""contentvec12"": 0.14147525451255613, ""wavlm"": 0.4099507850111242, ""beats"": 0.0, ""auditory_erb"": 1.1071408834883346e-17, ""speaker"": 0.0, ""rmvpe_cont"": 0.0, ""rmvpe_quant"": 0.12889731919556208, ""ced"": 0.05637816279960969, ""egemaps"": 0.2335624605068618}"
brspeech,3,singleton,1,4,wavlm,1.1322182626682682,1.33288469800621,2.34966293566195,1,256,"{""wavlm"": 1.0}"
brspeech,3,singleton,2,516,wavlm+egemaps,0.8928593849884221,1.044753877880676,1.481638257439752,1,256,"{""wavlm"": 0.5300655077457441, ""egemaps"": 0.46993449225425593}"
brspeech,3,singleton,3,580,wavlm+rmvpe_cont+egemaps,0.8584978913498098,1.0559407040761142,1.7003189455615608,1,256,"{""wavlm"": 0.49302625476534334, ""rmvpe_cont"": 0.2014131346915976, ""egemaps"": 0.305560610543059}"
brspeech,3,singleton,4,582,contentvec12+wavlm+rmvpe_cont+egemaps,0.8382035329588671,1.0287404355770515,1.768433548216594,1,256,"{""contentvec12"": 0.1439237195143013, ""wavlm"": 0.43234528198397976, ""rmvpe_cont"": 0.16567055649126655, ""egemaps"": 0.2580604420104524}"
brspeech,3,singleton,5,614,contentvec12+wavlm+speaker+rmvpe_cont+egemaps,0.838203532984665,1.0287408575055546,1.7684441976226648,1,256,"{""contentvec12"": 0.14392413901412934, ""wavlm"": 0.4323478645412694, ""speaker"": 2.732528287842373e-18, ""rmvpe_cont"": 0.16567430722613719, ""egemaps"": 0.2580536892184641}"
brspeech,3,singleton,6,630,contentvec12+wavlm+auditory_erb+speaker+rmvpe_cont+egemaps,0.8382035331136978,1.0287383928266158,1.7684137955183994,1,256,"{""contentvec12"": 0.143923218969406, ""wavlm"": 0.4323465612007976, ""auditory_erb"": 3.207396133896815e-18, ""speaker"": 0.0, ""rmvpe_cont"": 0.16565726445039905, ""egemaps"": 0.2580729553793974}"
brspeech,3,singleton,7,758,contentvec12+wavlm+auditory_erb+speaker+rmvpe_cont+rmvpe_quant+egemaps,0.828154078042906,1.0192809194117562,2.626277501428998,1,256,"{""contentvec12"": 0.14685580224851277, ""wavlm"": 0.42718576191500474, ""auditory_erb"": 0.0, ""speaker"": 0.0, ""rmvpe_cont"": 0.03962203910315094, ""rmvpe_quant"": 0.14176991386173046, ""egemaps"": 0.24456648287160088}"
brspeech,3,singleton,8,1014,contentvec12+wavlm+auditory_erb+speaker+rmvpe_cont+rmvpe_quant+ced+egemaps,0.8250015797298291,1.0190589324878294,2.5251361261440985,1,256,"{""contentvec12"": 0.14793421473536267, ""wavlm"": 0.41802416914413215, ""auditory_erb"": 1.0664144805931641e-18, ""speaker"": 8.665147050411492e-19, ""rmvpe_cont"": 0.0, ""rmvpe_quant"": 0.13243708159691966, ""ced"": 0.06328365105592251, ""egemaps"": 0.23832088346766303}"
brspeech,3,singleton,9,1015,whisper+contentvec12+wavlm+auditory_erb+speaker+rmvpe_cont+rmvpe_quant+ced+egemaps,0.8233071849313415,1.0198439668734518,2.5028865078804703,1,256,"{""whisper"": 0.029732895499372445, ""contentvec12"": 0.1414645807295657, ""wavlm"": 0.40991609334596574, ""auditory_erb"": 4.573423704162812e-19, ""speaker"": 2.0110994078818e-19, ""rmvpe_cont"": 0.0, ""rmvpe_quant"": 0.12883143716805726, ""ced"": 0.05640886242345767, ""egemaps"": 0.23364613083358132}"
brspeech,3,singleton,10,1023,whisper+contentvec12+wavlm+beats+auditory_erb+speaker+rmvpe_cont+rmvpe_quant+ced+egemaps,0.8233071624551865,1.0198454938465151,2.50353008132968,1,256,"{""whisper"": 0.029736017974285982, ""contentvec12"": 0.14147525451255613, ""wavlm"": 0.4099507850111242, ""beats"": 0.0, ""auditory_erb"": 1.1071408834883346e-17, ""speaker"": 0.0, ""rmvpe_cont"": 0.0, ""rmvpe_quant"": 0.12889731919556208, ""ced"": 0.05637816279960969, ""egemaps"": 0.2335624605068618}"
brspeech,3,inner_search,1,4,wavlm,1.1322182626682682,1.33288469800621,2.34966293566195,1,256,"{""wavlm"": 1.0}"
brspeech,3,inner_search,2,516,wavlm+egemaps,0.8928593849884221,1.044753877880676,1.481638257439752,1,256,"{""wavlm"": 0.5300655077457441, ""egemaps"": 0.46993449225425593}"
brspeech,3,inner_search,3,644,wavlm+rmvpe_quant+egemaps,0.8516799012940701,1.0438714040715895,2.8319214460098143,1,256,"{""wavlm"": 0.4942579565961162, ""rmvpe_quant"": 0.1882264120212285, ""egemaps"": 0.3175156313826553}"
brspeech,3,inner_search,4,646,contentvec12+wavlm+rmvpe_quant+egemaps,0.8287100125683253,1.0175230972051552,2.79220925115043,1,256,"{""contentvec12"": 0.1509284035702428, ""wavlm"": 0.4278235415048328, ""rmvpe_quant"": 0.16671258674846476, ""egemaps"": 0.2545354681764596}"
brspeech,3,inner_search,5,902,contentvec12+wavlm+rmvpe_quant+ced+egemaps,0.825001579703747,1.0190588400422929,2.52509298472206,1,256,"{""contentvec12"": 0.14793331300597568, ""wavlm"": 0.4180221521630094, ""rmvpe_quant"": 0.13243261049054267, ""ced"": 0.06328594251725744, ""egemaps"": 0.2383259818232149}"
brspeech,3,inner_search,6,903,whisper+contentvec12+wavlm+rmvpe_quant+ced+egemaps,0.8233071518122212,1.0198469458693955,2.5043539010121987,1,256,"{""whisper"": 0.029739215572684413, ""contentvec12"": 0.14149067829697823, ""wavlm"": 0.41000091620482965, ""rmvpe_quant"": 0.12897987303720793, ""ced"": 0.056340851633315515, ""egemaps"": 0.23344846525498428}"
brspeech,3,inner_search,7,911,whisper+contentvec12+wavlm+beats+rmvpe_quant+ced+egemaps,0.8233071518104154,1.0198469410617013,2.504349198570123,1,256,"{""whisper"": 0.029739230669053422, ""contentvec12"": 0.14149030790257006, ""wavlm"": 0.41000016026032354, ""beats"": 0.0, ""rmvpe_quant"": 0.12897964762648753, ""ced"": 0.056340466493681046, ""egemaps"": 0.23345018704788445}"
brspeech,3,inner_search,8,951,whisper+contentvec12+wavlm+auditory_erb+speaker+rmvpe_quant+ced+egemaps,0.8233071518456029,1.01984684516932,2.5042977092487337,1,256,"{""whisper"": 0.029739216759622572, ""contentvec12"": 0.14148941680696223, ""wavlm"": 0.4099992528529103, ""auditory_erb"": 6.524694792699876e-18, ""speaker"": 6.665514020180904e-18, ""rmvpe_quant"": 0.1289736944487006, ""ced"": 0.05634465889923607, ""egemaps"": 0.23345376023256836}"
brspeech,3,inner_search,9,959,whisper+contentvec12+wavlm+beats+auditory_erb+speaker+rmvpe_quant+ced+egemaps,0.8233071518104158,1.0198469408048725,2.504349198612172,1,256,"{""whisper"": 0.029739229757502542, ""contentvec12"": 0.1414903059529697, ""wavlm"": 0.41000016282381957, ""beats"": 1.1274008527954738e-18, ""auditory_erb"": 0.0, ""speaker"": 5.336307567702092e-20, ""rmvpe_quant"": 0.12897964782957616, ""ced"": 0.0563404656678702, ""egemaps"": 0.2334501879682619}"
brspeech,3,inner_search,10,1023,whisper+contentvec12+wavlm+beats+auditory_erb+speaker+rmvpe_cont+rmvpe_quant+ced+egemaps,0.8233071624551865,1.0198454938465151,2.50353008132968,1,256,"{""whisper"": 0.029736017974285982, ""contentvec12"": 0.14147525451255613, ""wavlm"": 0.4099507850111242, ""beats"": 0.0, ""auditory_erb"": 1.1071408834883346e-17, ""speaker"": 0.0, ""rmvpe_cont"": 0.0, ""rmvpe_quant"": 0.12889731919556208, ""ced"": 0.05637816279960969, ""egemaps"": 0.2335624605068618}"
brspeech,4,gate,1,512,egemaps,1.3092063572923758,1.3126249556808771,0.8044928422642149,2,190,"{""egemaps"": 1.0}"
brspeech,4,gate,2,516,wavlm+egemaps,1.1953211105096704,1.1739242996767414,0.6652342447245203,2,190,"{""wavlm"": 0.3100913460723679, ""egemaps"": 0.6899086539276321}"
brspeech,4,gate,3,518,contentvec12+wavlm+egemaps,1.1563934036779953,1.1162423348714658,0.626601045802438,2,190,"{""contentvec12"": 0.16466081847405356, ""wavlm"": 0.21990795663126406, ""egemaps"": 0.6154312248946825}"
brspeech,4,gate,4,774,contentvec12+wavlm+ced+egemaps,1.1551414729596037,1.1119638446261475,0.6191984718066036,2,190,"{""contentvec12"": 0.1629681089940255, ""wavlm"": 0.21408969337525824, ""ced"": 0.04739164607199414, ""egemaps"": 0.5755505515587221}"
brspeech,4,gate,5,775,whisper+contentvec12+wavlm+ced+egemaps,1.1524118359964095,1.1080308796296323,0.6040499533551685,2,190,"{""whisper"": 0.03720275032811479, ""contentvec12"": 0.15150372073049345, ""wavlm"": 0.20417307387133238, ""ced"": 0.04079386044996062, ""egemaps"": 0.5663265946200987}"
brspeech,4,gate,6,903,whisper+contentvec12+wavlm+rmvpe_quant+ced+egemaps,1.15241184195928,1.1080298718583153,0.6040516014978558,2,190,"{""whisper"": 0.03720207160270221, ""contentvec12"": 0.15147242844289024, ""wavlm"": 0.20425260191766936, ""rmvpe_quant"": 6.570265165262157e-17, ""ced"": 0.040764333001134995, ""egemaps"": 0.5663085650356032}"
brspeech,4,gate,7,919,whisper+contentvec12+wavlm+auditory_erb+rmvpe_quant+ced+egemaps,1.1524118360056108,1.1080308595867563,0.604050057450201,2,190,"{""whisper"": 0.037202689536947275, ""contentvec12"": 0.15150251170252818, ""wavlm"": 0.20417617765790838, ""auditory_erb"": 2.507153996401685e-17, ""rmvpe_quant"": 1.0842021724855044e-18, ""ced"": 0.04079250498219047, ""egemaps"": 0.5663261161204258}"
brspeech,4,gate,8,927,whisper+contentvec12+wavlm+beats+auditory_erb+rmvpe_quant+ced+egemaps,1.152411835996409,1.1080308775765206,0.6040499463209854,2,190,"{""whisper"": 0.037202768205619054, ""contentvec12"": 0.15150372330778442, ""wavlm"": 0.20417307055680228, ""beats"": 1.697549317504184e-17, ""auditory_erb"": 8.538910189949162e-18, ""rmvpe_quant"": 4.566036981292713e-19, ""ced"": 0.040793856313553374, ""egemaps"": 0.5663265816162408}"
brspeech,4,gate,9,959,whisper+contentvec12+wavlm+beats+auditory_erb+speaker+rmvpe_quant+ced+egemaps,1.1524118361154028,1.1080308639883931,0.6040502058654639,2,190,"{""whisper"": 0.03720218524654419, ""contentvec12"": 0.15149774216749887, ""wavlm"": 0.20418403098947666, ""beats"": 3.9611495778347355e-17, ""auditory_erb"": 1.7768210134553458e-17, ""speaker"": 7.660142458494265e-18, ""rmvpe_quant"": 1.6119036986249335e-18, ""ced"": 0.040792403225946065, ""egemaps"": 0.5663236383705342}"
brspeech,4,gate,10,1023,whisper+contentvec12+wavlm+beats+auditory_erb+speaker+rmvpe_cont+rmvpe_quant+ced+egemaps,1.152411836000068,1.1080308759171602,0.6040496583684009,2,190,"{""whisper"": 0.03720381305917217, ""contentvec12"": 0.15150280994841042, ""wavlm"": 0.20417396455916964, ""beats"": 7.751357319001713e-18, ""auditory_erb"": 1.473890267781686e-17, ""speaker"": 4.5185501966872686e-18, ""rmvpe_cont"": 0.0, ""rmvpe_quant"": 2.4755543735131792e-17, ""ced"": 0.040792904187011536, ""egemaps"": 0.5663265082462361}"
brspeech,4,shapley,1,512,egemaps,1.3092063572923758,1.3126249556808771,0.8044928422642149,2,190,"{""egemaps"": 1.0}"
brspeech,4,shapley,2,516,wavlm+egemaps,1.1953211105096704,1.1739242996767414,0.6652342447245203,2,190,"{""wavlm"": 0.3100913460723679, ""egemaps"": 0.6899086539276321}"
brspeech,4,shapley,3,772,wavlm+ced+egemaps,1.193193764834907,1.1678221893765617,0.6512018600881981,2,190,"{""wavlm"": 0.30112108366875784, ""ced"": 0.06177471966277769, ""egemaps"": 0.6371041966684644}"
brspeech,4,shapley,4,774,contentvec12+wavlm+ced+egemaps,1.1551414729596037,1.1119638446261475,0.6191984718066036,2,190,"{""contentvec12"": 0.1629681089940255, ""wavlm"": 0.21408969337525824, ""ced"": 0.04739164607199414, ""egemaps"": 0.5755505515587221}"
brspeech,4,shapley,5,806,contentvec12+wavlm+speaker+ced+egemaps,1.1551414396736972,1.1119660082366156,0.6191971038456724,2,190,"{""contentvec12"": 0.16304302997630263, ""wavlm"": 0.21390220385716127, ""speaker"": 0.0, ""ced"": 0.04746117142943721, ""egemaps"": 0.5755935947370988}"
brspeech,4,shapley,6,870,contentvec12+wavlm+speaker+rmvpe_cont+ced+egemaps,1.1551414396845716,1.1119662990762098,0.6191976423720723,2,190,"{""contentvec12"": 0.16304246218697546, ""wavlm"": 0.21390363132982132, ""speaker"": 0.0, ""rmvpe_cont"": 0.0, ""ced"": 0.04745696271930351, ""egemaps"": 0.5755969437638998}"
brspeech,4,shapley,7,871,whisper+contentvec12+wavlm+speaker+rmvpe_cont+ced+egemaps,1.152411835997471,1.1080309403470805,0.604050063315226,2,190,"{""whisper"": 0.037202854305988374, ""contentvec12"": 0.15150377574355323, ""wavlm"": 0.20417335931537284, ""speaker"": 0.0, ""rmvpe_cont"": 1.512218508644943e-17, ""ced"": 0.04079248851800043, ""egemaps"": 0.5663275221170851}"
brspeech,4,shapley,8,879,whisper+contentvec12+wavlm+beats+speaker+rmvpe_cont+ced+egemaps,1.1524118360006457,1.108030912195085,0.6040497167316429,2,190,"{""whisper"": 0.037203723779919096, ""contentvec12"": 0.15150252361229827, ""wavlm"": 0.20417424521846045, ""beats"": 5.562163609131531e-17, ""speaker"": 1.3332404468901094e-17, ""rmvpe_cont"": 2.975176757451128e-17, ""ced"": 0.04079281491531651, ""egemaps"": 0.5663266924740056}"
brspeech,4,shapley,9,1007,whisper+contentvec12+wavlm+beats+speaker+rmvpe_cont+rmvpe_quant+ced+egemaps,1.152411836006736,1.1080310306549068,0.604050307578689,2,190,"{""whisper"": 0.03720286692776111, ""contentvec12"": 0.1515033974250345, ""wavlm"": 0.20417499618739943, ""beats"": 0.0, ""speaker"": 0.0, ""rmvpe_cont"": 1.556814793317882e-17, ""rmvpe_quant"": 1.2554192948611206e-17, ""ced"": 0.04078998484594818, ""egemaps"": 0.5663287546138568}"
brspeech,4,shapley,10,1023,whisper+contentvec12+wavlm+beats+auditory_erb+speaker+rmvpe_cont+rmvpe_quant+ced+egemaps,1.152411836000068,1.1080308759171602,0.6040496583684009,2,190,"{""whisper"": 0.03720381305917217, ""contentvec12"": 0.15150280994841042, ""wavlm"": 0.20417396455916964, ""beats"": 7.751357319001713e-18, ""auditory_erb"": 1.473890267781686e-17, ""speaker"": 4.5185501966872686e-18, ""rmvpe_cont"": 0.0, ""rmvpe_quant"": 2.4755543735131792e-17, ""ced"": 0.040792904187011536, ""egemaps"": 0.5663265082462361}"
brspeech,4,singleton,1,512,egemaps,1.3092063572923758,1.3126249556808771,0.8044928422642149,2,190,"{""egemaps"": 1.0}"
brspeech,4,singleton,2,768,ced+egemaps,1.2959807422483545,1.2901583745809249,0.7361989938467061,2,190,"{""ced"": 0.15068967203975214, ""egemaps"": 0.8493103279602479}"
brspeech,4,singleton,3,772,wavlm+ced+egemaps,1.193193764834907,1.1678221893765617,0.6512018600881981,2,190,"{""wavlm"": 0.30112108366875784, ""ced"": 0.06177471966277769, ""egemaps"": 0.6371041966684644}"
brspeech,4,singleton,4,804,wavlm+speaker+ced+egemaps,1.193193764834907,1.1678221893482783,0.6512018600143497,2,190,"{""wavlm"": 0.3011210836776959, ""speaker"": 3.122502256758253e-17, ""ced"": 0.0617747200028726, ""egemaps"": 0.6371041963194315}"
brspeech,4,singleton,5,868,wavlm+speaker+rmvpe_cont+ced+egemaps,1.193193764843552,1.1678219474657865,0.6512015691422424,2,190,"{""wavlm"": 0.3011238431453409, ""speaker"": 4.811147140404427e-19, ""rmvpe_cont"": 2.296983946364212e-17, ""ced"": 0.06177405521512786, ""egemaps"": 0.6371021016395313}"
brspeech,4,singleton,6,870,contentvec12+wavlm+speaker+rmvpe_cont+ced+egemaps,1.1551414396845716,1.1119662990762098,0.6191976423720723,2,190,"{""contentvec12"": 0.16304246218697546, ""wavlm"": 0.21390363132982132, ""speaker"": 0.0, ""rmvpe_cont"": 0.0, ""ced"": 0.04745696271930351, ""egemaps"": 0.5755969437638998}"
brspeech,4,singleton,7,871,whisper+contentvec12+wavlm+speaker+rmvpe_cont+ced+egemaps,1.152411835997471,1.1080309403470805,0.604050063315226,2,190,"{""whisper"": 0.037202854305988374, ""contentvec12"": 0.15150377574355323, ""wavlm"": 0.20417335931537284, ""speaker"": 0.0, ""rmvpe_cont"": 1.512218508644943e-17, ""ced"": 0.04079248851800043, ""egemaps"": 0.5663275221170851}"
brspeech,4,singleton,8,879,whisper+contentvec12+wavlm+beats+speaker+rmvpe_cont+ced+egemaps,1.1524118360006457,1.108030912195085,0.6040497167316429,2,190,"{""whisper"": 0.037203723779919096, ""contentvec12"": 0.15150252361229827, ""wavlm"": 0.20417424521846045, ""beats"": 5.562163609131531e-17, ""speaker"": 1.3332404468901094e-17, ""rmvpe_cont"": 2.975176757451128e-17, ""ced"": 0.04079281491531651, ""egemaps"": 0.5663266924740056}"
brspeech,4,singleton,9,1007,whisper+contentvec12+wavlm+beats+speaker+rmvpe_cont+rmvpe_quant+ced+egemaps,1.152411836006736,1.1080310306549068,0.604050307578689,2,190,"{""whisper"": 0.03720286692776111, ""contentvec12"": 0.1515033974250345, ""wavlm"": 0.20417499618739943, ""beats"": 0.0, ""speaker"": 0.0, ""rmvpe_cont"": 1.556814793317882e-17, ""rmvpe_quant"": 1.2554192948611206e-17, ""ced"": 0.04078998484594818, ""egemaps"": 0.5663287546138568}"
brspeech,4,singleton,10,1023,whisper+contentvec12+wavlm+beats+auditory_erb+speaker+rmvpe_cont+rmvpe_quant+ced+egemaps,1.152411836000068,1.1080308759171602,0.6040496583684009,2,190,"{""whisper"": 0.03720381305917217, ""contentvec12"": 0.15150280994841042, ""wavlm"": 0.20417396455916964, ""beats"": 7.751357319001713e-18, ""auditory_erb"": 1.473890267781686e-17, ""speaker"": 4.5185501966872686e-18, ""rmvpe_cont"": 0.0, ""rmvpe_quant"": 2.4755543735131792e-17, ""ced"": 0.040792904187011536, ""egemaps"": 0.5663265082462361}"
brspeech,4,inner_search,1,512,egemaps,1.3092063572923758,1.3126249556808771,0.8044928422642149,2,190,"{""egemaps"": 1.0}"
brspeech,4,inner_search,2,516,wavlm+egemaps,1.1953211105096704,1.1739242996767414,0.6652342447245203,2,190,"{""wavlm"": 0.3100913460723679, ""egemaps"": 0.6899086539276321}"
brspeech,4,inner_search,3,518,contentvec12+wavlm+egemaps,1.1563934036779953,1.1162423348714658,0.626601045802438,2,190,"{""contentvec12"": 0.16466081847405356, ""wavlm"": 0.21990795663126406, ""egemaps"": 0.6154312248946825}"
brspeech,4,inner_search,4,519,whisper+contentvec12+wavlm+egemaps,1.1533284598537836,1.1114661067151896,0.6090686402628017,2,190,"{""whisper"": 0.039244614479661606, ""contentvec12"": 0.152248446313102, ""wavlm"": 0.2087548577605892, ""egemaps"": 0.5997520814466473}"
brspeech,4,inner_search,5,775,whisper+contentvec12+wavlm+ced+egemaps,1.1524118359964095,1.1080308796296323,0.6040499533551685,2,190,"{""whisper"": 0.03720275032811479, ""contentvec12"": 0.15150372073049345, ""wavlm"": 0.20417307387133238, ""ced"": 0.04079386044996062, ""egemaps"": 0.5663265946200987}"
brspeech,4,inner_search,6,791,whisper+contentvec12+wavlm+auditory_erb+ced+egemaps,1.1524118359964088,1.1080308785398572,0.6040499492881493,2,190,"{""whisper"": 0.037202760785846535, ""contentvec12"": 0.15150372153948818, ""wavlm"": 0.20417307181407052, ""auditory_erb"": 3.1270815286293463e-17, ""ced"": 0.04079385827023928, ""egemaps"": 0.5663265875903555}"
brspeech,4,inner_search,7,799,whisper+contentvec12+wavlm+beats+auditory_erb+ced+egemaps,1.152411835996409,1.1080308775765206,0.6040499463209854,2,190,"{""whisper"": 0.0372027682056205, ""contentvec12"": 0.15150372330778383, ""wavlm"": 0.20417307055680192, ""beats"": 0.0, ""auditory_erb"": 0.0, ""ced"": 0.04079385631355018, ""egemaps"": 0.5663265816162435}"
brspeech,4,inner_search,8,927,whisper+contentvec12+wavlm+beats+auditory_erb+rmvpe_quant+ced+egemaps,1.152411835996409,1.1080308775765206,0.6040499463209854,2,190,"{""whisper"": 0.037202768205619054, ""contentvec12"": 0.15150372330778442, ""wavlm"": 0.20417307055680228, ""beats"": 1.697549317504184e-17, ""auditory_erb"": 8.538910189949162e-18, ""rmvpe_quant"": 4.566036981292713e-19, ""ced"": 0.040793856313553374, ""egemaps"": 0.5663265816162408}"
brspeech,4,inner_search,9,1007,whisper+contentvec12+wavlm+beats+speaker+rmvpe_cont+rmvpe_quant+ced+egemaps,1.152411836006736,1.1080310306549068,0.604050307578689,2,190,"{""whisper"": 0.03720286692776111, ""contentvec12"": 0.1515033974250345, ""wavlm"": 0.20417499618739943, ""beats"": 0.0, ""speaker"": 0.0, ""rmvpe_cont"": 1.556814793317882e-17, ""rmvpe_quant"": 1.2554192948611206e-17, ""ced"": 0.04078998484594818, ""egemaps"": 0.5663287546138568}"
brspeech,4,inner_search,10,1023,whisper+contentvec12+wavlm+beats+auditory_erb+speaker+rmvpe_cont+rmvpe_quant+ced+egemaps,1.152411836000068,1.1080308759171602,0.6040496583684009,2,190,"{""whisper"": 0.03720381305917217, ""contentvec12"": 0.15150280994841042, ""wavlm"": 0.20417396455916964, ""beats"": 7.751357319001713e-18, ""auditory_erb"": 1.473890267781686e-17, ""speaker"": 4.5185501966872686e-18, ""rmvpe_cont"": 0.0, ""rmvpe_quant"": 2.4755543735131792e-17, ""ced"": 0.040792904187011536, ""egemaps"": 0.5663265082462361}"
bvcc,0,gate,1,256,ced,0.3574034162406678,0.3627881532565072,0.3234436446049504,35,995,"{""ced"": 1.0}"
bvcc,0,gate,2,260,wavlm+ced,0.2984882410417261,0.3029333006018951,0.2631037085415258,35,995,"{""wavlm"": 0.44238392946151056, ""ced"": 0.5576160705384894}"
bvcc,0,gate,3,268,wavlm+beats+ced,0.2849514902366393,0.2890254501053694,0.2507653127148951,35,995,"{""wavlm"": 0.35819921569491353, ""beats"": 0.27694305221754745, ""ced"": 0.3648577320875391}"
bvcc,0,gate,4,269,whisper+wavlm+beats+ced,0.275700092037562,0.2789770680520489,0.236827432553154,35,995,"{""whisper"": 0.19619254477731315, ""wavlm"": 0.2623766478845527, ""beats"": 0.23275428412737673, ""ced"": 0.3086765232107574}"
bvcc,0,gate,5,301,whisper+wavlm+beats+speaker+ced,0.2725249328580337,0.2759032341677264,0.2348702619003941,35,995,"{""whisper"": 0.1752337039222123, ""wavlm"": 0.2267845012499369, ""beats"": 0.20696699180749656, ""speaker"": 0.13497906904567805, ""ced"": 0.25603573397467616}"
bvcc,0,gate,6,303,whisper+contentvec12+wavlm+beats+speaker+ced,0.2722438166877234,0.2756235384075474,0.2351256144031068,35,995,"{""whisper"": 0.16644040264521573, ""contentvec12"": 0.0378467816809268, ""wavlm"": 0.21100985069196224, ""beats"": 0.20504934597223448, ""speaker"": 0.1277707320712732, ""ced"": 0.2518828869383876}"
bvcc,0,gate,7,815,whisper+contentvec12+wavlm+beats+speaker+ced+egemaps,0.2722438173511243,0.2756234815055428,0.2351248779812246,35,995,"{""whisper"": 0.16645821231859523, ""contentvec12"": 0.03781679899142345, ""wavlm"": 0.21101208015819298, ""beats"": 0.20502207630321626, ""speaker"": 0.1278216019944486, ""ced"": 0.25186923023412344, ""egemaps"": 0.0}"
bvcc,0,gate,8,879,whisper+contentvec12+wavlm+beats+speaker+rmvpe_cont+ced+egemaps,0.2722438172486869,0.2756234853789698,0.2351249769279052,35,995,"{""whisper"": 0.16645764905370558, ""contentvec12"": 0.03782090414758683, ""wavlm"": 0.2110077904911202, ""beats"": 0.20502421860985073, ""speaker"": 0.12781815975911168, ""rmvpe_cont"": 7.657177843178875e-18, ""ced"": 0.25187127793862496, ""egemaps"": 1.41420620873578e-17}"
bvcc,0,gate,9,895,whisper+contentvec12+wavlm+beats+auditory_erb+speaker+rmvpe_cont+ced+egemaps,0.2722438172249062,0.2756234881568735,0.235125029785484,35,995,"{""whisper"": 0.16645712150524059, ""contentvec12"": 0.03782262613780265, ""wavlm"": 0.2110059062836009, ""beats"": 0.20502471036929998, ""auditory_erb"": 1.1533200609814553e-17, ""speaker"": 0.12781772429486235, ""rmvpe_cont"": 2.0565959959334412e-18, ""ced"": 0.25187191140919357, ""egemaps"": 1.1641620827063104e-17}"
bvcc,0,gate,10,1023,whisper+contentvec12+wavlm+beats+auditory_erb+speaker+rmvpe_cont+rmvpe_quant+ced+egemaps,0.2722438171996129,0.2756234932924005,0.2351250683505208,35,995,"{""whisper"": 0.16645568885402415, ""contentvec12"": 0.037823254916538165, ""wavlm"": 0.21100700005497774, ""beats"": 0.2050248464992517, ""auditory_erb"": 0.0, ""speaker"": 0.12781693265504035, ""rmvpe_cont"": 1.2400562347802957e-18, ""rmvpe_quant"": 0.0, ""ced"": 0.2518722770201679, ""egemaps"": 1.3525422101756668e-17}"
bvcc,0,shapley,1,256,ced,0.3574034162406678,0.3627881532565072,0.3234436446049504,35,995,"{""ced"": 1.0}"
bvcc,0,shapley,2,264,beats+ced,0.3183183948520647,0.3229795185846321,0.2860096955829762,35,995,"{""beats"": 0.43737858999074136, ""ced"": 0.5626214100092587}"
bvcc,0,shapley,3,268,wavlm+beats+ced,0.2849514902366393,0.2890254501053694,0.2507653127148951,35,995,"{""wavlm"": 0.35819921569491353, ""beats"": 0.27694305221754745, ""ced"": 0.3648577320875391}"
bvcc,0,shapley,4,300,wavlm+beats+speaker+ced,0.2796677841043427,0.2839220849662339,0.2457572472040281,35,995,"{""wavlm"": 0.30003969396036806, ""beats"": 0.2382265900225959, ""speaker"": 0.17129708799057736, ""ced"": 0.29043662802645875}"
bvcc,0,shapley,5,301,whisper+wavlm+beats+speaker+ced,0.2725249328580337,0.2759032341677264,0.2348702619003941,35,995,"{""whisper"": 0.1752337039222123, ""wavlm"": 0.2267845012499369, ""beats"": 0.20696699180749656, ""speaker"": 0.13497906904567805, ""ced"": 0.25603573397467616}"
bvcc,0,shapley,6,303,whisper+contentvec12+wavlm+beats+speaker+ced,0.2722438166877234,0.2756235384075474,0.2351256144031068,35,995,"{""whisper"": 0.16644040264521573, ""contentvec12"": 0.0378467816809268, ""wavlm"": 0.21100985069196224, ""beats"": 0.20504934597223448, ""speaker"": 0.1277707320712732, ""ced"": 0.2518828869383876}"
bvcc,0,shapley,7,815,whisper+contentvec12+wavlm+beats+speaker+ced+egemaps,0.2722438173511243,0.2756234815055428,0.2351248779812246,35,995,"{""whisper"": 0.16645821231859523, ""contentvec12"": 0.03781679899142345, ""wavlm"": 0.21101208015819298, ""beats"": 0.20502207630321626, ""speaker"": 0.1278216019944486, ""ced"": 0.25186923023412344, ""egemaps"": 0.0}"
bvcc,0,shapley,8,831,whisper+contentvec12+wavlm+beats+auditory_erb+speaker+ced+egemaps,0.2722438172504379,0.2756234870044912,0.2351250076211238,35,995,"{""whisper"": 0.16645727939942068, ""contentvec12"": 0.037821603297101394, ""wavlm"": 0.2110066988812568, ""beats"": 0.20502436282186545, ""auditory_erb"": 0.0, ""speaker"": 0.1278188178412884, ""ced"": 0.2518712377590674, ""egemaps"": 0.0}"
bvcc,0,shapley,9,895,whisper+contentvec12+wavlm+beats+auditory_erb+speaker+rmvpe_cont+ced+egemaps,0.2722438172249062,0.2756234881568735,0.235125029785484,35,995,"{""whisper"": 0.16645712150524059, ""contentvec12"": 0.03782262613780265, ""wavlm"": 0.2110059062836009, ""beats"": 0.20502471036929998, ""auditory_erb"": 1.1533200609814553e-17, ""speaker"": 0.12781772429486235, ""rmvpe_cont"": 2.0565959959334412e-18, ""ced"": 0.25187191140919357, ""egemaps"": 1.1641620827063104e-17}"
bvcc,0,shapley,10,1023,whisper+contentvec12+wavlm+beats+auditory_erb+speaker+rmvpe_cont+rmvpe_quant+ced+egemaps,0.2722438171996129,0.2756234932924005,0.2351250683505208,35,995,"{""whisper"": 0.16645568885402415, ""contentvec12"": 0.037823254916538165, ""wavlm"": 0.21100700005497774, ""beats"": 0.2050248464992517, ""auditory_erb"": 0.0, ""speaker"": 0.12781693265504035, ""rmvpe_cont"": 1.2400562347802957e-18, ""rmvpe_quant"": 0.0, ""ced"": 0.2518722770201679, ""egemaps"": 1.3525422101756668e-17}"
bvcc,0,singleton,1,256,ced,0.3574034162406678,0.3627881532565072,0.3234436446049504,35,995,"{""ced"": 1.0}"
bvcc,0,singleton,2,264,beats+ced,0.3183183948520647,0.3229795185846321,0.2860096955829762,35,995,"{""beats"": 0.43737858999074136, ""ced"": 0.5626214100092587}"
bvcc,0,singleton,3,268,wavlm+beats+ced,0.2849514902366393,0.2890254501053694,0.2507653127148951,35,995,"{""wavlm"": 0.35819921569491353, ""beats"": 0.27694305221754745, ""ced"": 0.3648577320875391}"
bvcc,0,singleton,4,300,wavlm+beats+speaker+ced,0.2796677841043427,0.2839220849662339,0.2457572472040281,35,995,"{""wavlm"": 0.30003969396036806, ""beats"": 0.2382265900225959, ""speaker"": 0.17129708799057736, ""ced"": 0.29043662802645875}"
bvcc,0,singleton,5,301,whisper+wavlm+beats+speaker+ced,0.2725249328580337,0.2759032341677264,0.2348702619003941,35,995,"{""whisper"": 0.1752337039222123, ""wavlm"": 0.2267845012499369, ""beats"": 0.20696699180749656, ""speaker"": 0.13497906904567805, ""ced"": 0.25603573397467616}"
bvcc,0,singleton,6,303,whisper+contentvec12+wavlm+beats+speaker+ced,0.2722438166877234,0.2756235384075474,0.2351256144031068,35,995,"{""whisper"": 0.16644040264521573, ""contentvec12"": 0.0378467816809268, ""wavlm"": 0.21100985069196224, ""beats"": 0.20504934597223448, ""speaker"": 0.1277707320712732, ""ced"": 0.2518828869383876}"
bvcc,0,singleton,7,815,whisper+contentvec12+wavlm+beats+speaker+ced+egemaps,0.2722438173511243,0.2756234815055428,0.2351248779812246,35,995,"{""whisper"": 0.16645821231859523, ""contentvec12"": 0.03781679899142345, ""wavlm"": 0.21101208015819298, ""beats"": 0.20502207630321626, ""speaker"": 0.1278216019944486, ""ced"": 0.25186923023412344, ""egemaps"": 0.0}"
bvcc,0,singleton,8,831,whisper+contentvec12+wavlm+beats+auditory_erb+speaker+ced+egemaps,0.2722438172504379,0.2756234870044912,0.2351250076211238,35,995,"{""whisper"": 0.16645727939942068, ""contentvec12"": 0.037821603297101394, ""wavlm"": 0.2110066988812568, ""beats"": 0.20502436282186545, ""auditory_erb"": 0.0, ""speaker"": 0.1278188178412884, ""ced"": 0.2518712377590674, ""egemaps"": 0.0}"
bvcc,0,singleton,9,895,whisper+contentvec12+wavlm+beats+auditory_erb+speaker+rmvpe_cont+ced+egemaps,0.2722438172249062,0.2756234881568735,0.235125029785484,35,995,"{""whisper"": 0.16645712150524059, ""contentvec12"": 0.03782262613780265, ""wavlm"": 0.2110059062836009, ""beats"": 0.20502471036929998, ""auditory_erb"": 1.1533200609814553e-17, ""speaker"": 0.12781772429486235, ""rmvpe_cont"": 2.0565959959334412e-18, ""ced"": 0.25187191140919357, ""egemaps"": 1.1641620827063104e-17}"
bvcc,0,singleton,10,1023,whisper+contentvec12+wavlm+beats+auditory_erb+speaker+rmvpe_cont+rmvpe_quant+ced+egemaps,0.2722438171996129,0.2756234932924005,0.2351250683505208,35,995,"{""whisper"": 0.16645568885402415, ""contentvec12"": 0.037823254916538165, ""wavlm"": 0.21100700005497774, ""beats"": 0.2050248464992517, ""auditory_erb"": 0.0, ""speaker"": 0.12781693265504035, ""rmvpe_cont"": 1.2400562347802957e-18, ""rmvpe_quant"": 0.0, ""ced"": 0.2518722770201679, ""egemaps"": 1.3525422101756668e-17}"
bvcc,0,inner_search,1,256,ced,0.3574034162406678,0.3627881532565072,0.3234436446049504,35,995,"{""ced"": 1.0}"
bvcc,0,inner_search,2,260,wavlm+ced,0.2984882410417261,0.3029333006018951,0.2631037085415258,35,995,"{""wavlm"": 0.44238392946151056, ""ced"": 0.5576160705384894}"
bvcc,0,inner_search,3,261,whisper+wavlm+ced,0.2849182587523637,0.2883296767124174,0.2446367947547775,35,995,"{""whisper"": 0.2333062147321459, ""wavlm"": 0.3124612022954502, ""ced"": 0.4542325829724038}"
bvcc,0,inner_search,4,269,whisper+wavlm+beats+ced,0.275700092037562,0.2789770680520489,0.236827432553154,35,995,"{""whisper"": 0.19619254477731315, ""wavlm"": 0.2623766478845527, ""beats"": 0.23275428412737673, ""ced"": 0.3086765232107574}"
bvcc,0,inner_search,5,301,whisper+wavlm+beats+speaker+ced,0.2725249328580337,0.2759032341677264,0.2348702619003941,35,995,"{""whisper"": 0.1752337039222123, ""wavlm"": 0.2267845012499369, ""beats"": 0.20696699180749656, ""speaker"": 0.13497906904567805, ""ced"": 0.25603573397467616}"
bvcc,0,inner_search,6,303,whisper+contentvec12+wavlm+beats+speaker+ced,0.2722438166877234,0.2756235384075474,0.2351256144031068,35,995,"{""whisper"": 0.16644040264521573, ""contentvec12"": 0.0378467816809268, ""wavlm"": 0.21100985069196224, ""beats"": 0.20504934597223448, ""speaker"": 0.1277707320712732, ""ced"": 0.2518828869383876}"
bvcc,0,inner_search,7,815,whisper+contentvec12+wavlm+beats+speaker+ced+egemaps,0.2722438173511243,0.2756234815055428,0.2351248779812246,35,995,"{""whisper"": 0.16645821231859523, ""contentvec12"": 0.03781679899142345, ""wavlm"": 0.21101208015819298, ""beats"": 0.20502207630321626, ""speaker"": 0.1278216019944486, ""ced"": 0.25186923023412344, ""egemaps"": 0.0}"
bvcc,0,inner_search,8,879,whisper+contentvec12+wavlm+beats+speaker+rmvpe_cont+ced+egemaps,0.2722438172486869,0.2756234853789698,0.2351249769279052,35,995,"{""whisper"": 0.16645764905370558, ""contentvec12"": 0.03782090414758683, ""wavlm"": 0.2110077904911202, ""beats"": 0.20502421860985073, ""speaker"": 0.12781815975911168, ""rmvpe_cont"": 7.657177843178875e-18, ""ced"": 0.25187127793862496, ""egemaps"": 1.41420620873578e-17}"
bvcc,0,inner_search,9,511,whisper+contentvec12+wavlm+beats+auditory_erb+speaker+rmvpe_cont+rmvpe_quant+ced,0.2722438166904952,0.2756235333674561,0.2351255975015909,35,995,"{""whisper"": 0.16644039838401156, ""contentvec12"": 0.037849987345410584, ""wavlm"": 0.2110096382909738, ""beats"": 0.2050494813624819, ""auditory_erb"": 5.734942448503647e-19, ""speaker"": 0.12776867602209346, ""rmvpe_cont"": 0.0, ""rmvpe_quant"": 1.2026809059826997e-18, ""ced"": 0.25188181859502873}"
bvcc,0,inner_search,10,1023,whisper+contentvec12+wavlm+beats+auditory_erb+speaker+rmvpe_cont+rmvpe_quant+ced+egemaps,0.2722438171996129,0.2756234932924005,0.2351250683505208,35,995,"{""whisper"": 0.16645568885402415, ""contentvec12"": 0.037823254916538165, ""wavlm"": 0.21100700005497774, ""beats"": 0.2050248464992517, ""auditory_erb"": 0.0, ""speaker"": 0.12781693265504035, ""rmvpe_cont"": 1.2400562347802957e-18, ""rmvpe_quant"": 0.0, ""ced"": 0.2518722770201679, ""egemaps"": 1.3525422101756668e-17}"
bvcc,1,gate,1,256,ced,0.3359844457219853,0.3408087751249867,0.3785863489174095,35,994,"{""ced"": 1.0}"
bvcc,1,gate,2,257,whisper+ced,0.2793603160993301,0.28101070531001,0.3230036881415253,35,994,"{""whisper"": 0.41719095129310285, ""ced"": 0.5828090487068972}"
bvcc,1,gate,3,265,whisper+beats+ced,0.2618949382327558,0.2635606286419049,0.3137972936208078,35,994,"{""whisper"": 0.33869520958789545, ""beats"": 0.30526278201808765, ""ced"": 0.356042008394017}"
bvcc,1,gate,4,269,whisper+wavlm+beats+ced,0.2526728484283146,0.2540273717267608,0.3051440880539468,35,994,"{""whisper"": 0.24956652255771355, ""wavlm"": 0.21628783965243933, ""beats"": 0.2462004963618323, ""ced"": 0.2879451414280148}"
bvcc,1,gate,5,301,whisper+wavlm+beats+speaker+ced,0.2493573182718808,0.2510076632142825,0.306422544046433,35,994,"{""whisper"": 0.2295593238535132, ""wavlm"": 0.18066272809112227, ""beats"": 0.2165472503188307, ""speaker"": 0.14443276479133302, ""ced"": 0.22879793294520082}"
bvcc,1,gate,6,303,whisper+contentvec12+wavlm+beats+speaker+ced,0.2492845791200194,0.2509696027996589,0.3061051613766549,35,994,"{""whisper"": 0.22558011059117108, ""contentvec12"": 0.019855471024790003, ""wavlm"": 0.1705968230472125, ""beats"": 0.2155360163998773, ""speaker"": 0.1410529741978391, ""ced"": 0.22737860473911006}"
bvcc,1,gate,7,431,whisper+contentvec12+wavlm+beats+speaker+rmvpe_quant+ced,0.2492845803431046,0.250969584805172,0.3061077836310085,35,994,"{""whisper"": 0.2255863869849485, ""contentvec12"": 0.019824334322996396, ""wavlm"": 0.17060982717132356, ""beats"": 0.21550559903227834, ""speaker"": 0.1411331240195206, ""rmvpe_quant"": 0.0, ""ced"": 0.22734072846893255}"
bvcc,1,gate,8,447,whisper+contentvec12+wavlm+beats+auditory_erb+speaker+rmvpe_quant+ced,0.2492845799274134,0.2509696120638617,0.3061072210331532,35,994,"{""whisper"": 0.22558502357240753, ""contentvec12"": 0.019833382178513947, ""wavlm"": 0.1706026016908181, ""beats"": 0.2155058667752238, ""auditory_erb"": 4.267351988267165e-18, ""speaker"": 0.14111879325576437, ""rmvpe_quant"": 8.034001625588632e-18, ""ced"": 0.22735433252727244}"
bvcc,1,gate,9,511,whisper+contentvec12+wavlm+beats+auditory_erb+speaker+rmvpe_cont+rmvpe_quant+ced,0.2492845800096224,0.250969609394027,0.3061073323024711,35,994,"{""whisper"": 0.22558479749795085, ""contentvec12"": 0.01983197798976185, ""wavlm"": 0.17060415803193593, ""beats"": 0.21550503094505793, ""auditory_erb"": 0.0, ""speaker"": 0.14112201310509917, ""rmvpe_cont"": 1.0413423053544368e-17, ""rmvpe_quant"": 8.027013603773784e-18, ""ced"": 0.22735202243019428}"
bvcc,1,gate,10,1023,whisper+contentvec12+wavlm+beats+auditory_erb+speaker+rmvpe_cont+rmvpe_quant+ced+egemaps,0.2492845791979706,0.2509696258081932,0.3061056922007398,35,994,"{""whisper"": 0.22558209416555167, ""contentvec12"": 0.01985162519369905, ""wavlm"": 0.17059339743095372, ""beats"": 0.2155231463261661, ""auditory_erb"": 0.0, ""speaker"": 0.14107225432744358, ""rmvpe_cont"": 0.0, ""rmvpe_quant"": 4.335220503165916e-19, ""ced"": 0.22737748255618595, ""egemaps"": 0.0}"
bvcc,1,shapley,1,256,ced,0.3359844457219853,0.3408087751249867,0.3785863489174095,35,994,"{""ced"": 1.0}"
bvcc,1,shapley,2,264,beats+ced,0.2953731922751184,0.2988992746390987,0.35298884900658,35,994,"{""beats"": 0.44087403311186446, ""ced"": 0.5591259668881355}"
bvcc,1,shapley,3,265,whisper+beats+ced,0.2618949382327558,0.2635606286419049,0.3137972936208078,35,994,"{""whisper"": 0.33869520958789545, ""beats"": 0.30526278201808765, ""ced"": 0.356042008394017}"
bvcc,1,shapley,4,269,whisper+wavlm+beats+ced,0.2526728484283146,0.2540273717267608,0.3051440880539468,35,994,"{""whisper"": 0.24956652255771355, ""wavlm"": 0.21628783965243933, ""beats"": 0.2462004963618323, ""ced"": 0.2879451414280148}"
bvcc,1,shapley,5,301,whisper+wavlm+beats+speaker+ced,0.2493573182718808,0.2510076632142825,0.306422544046433,35,994,"{""whisper"": 0.2295593238535132, ""wavlm"": 0.18066272809112227, ""beats"": 0.2165472503188307, ""speaker"": 0.14443276479133302, ""ced"": 0.22879793294520082}"
bvcc,1,shapley,6,303,whisper+contentvec12+wavlm+beats+speaker+ced,0.2492845791200194,0.2509696027996589,0.3061051613766549,35,994,"{""whisper"": 0.22558011059117108, ""contentvec12"": 0.019855471024790003, ""wavlm"": 0.1705968230472125, ""beats"": 0.2155360163998773, ""speaker"": 0.1410529741978391, ""ced"": 0.22737860473911006}"
bvcc,1,shapley,7,815,whisper+contentvec12+wavlm+beats+speaker+ced+egemaps,0.2492845795017106,0.2509696231425369,0.3061064995352038,35,994,"{""whisper"": 0.22558539621778528, ""contentvec12"": 0.01984198935563521, ""wavlm"": 0.17059544602555768, ""beats"": 0.21551183137084726, ""speaker"": 0.14109759642628655, ""ced"": 0.22736774060388815, ""egemaps"": 0.0}"
bvcc,1,shapley,8,831,whisper+contentvec12+wavlm+beats+auditory_erb+speaker+ced+egemaps,0.2492845791788326,0.2509696231409078,0.3061056142319398,35,994,"{""whisper"": 0.22558202094963703, ""contentvec12"": 0.01985226090658726, ""wavlm"": 0.17059349400409152, ""beats"": 0.21552475404429933, ""auditory_erb"": 3.691369584134241e-18, ""speaker"": 0.14106953507038933, ""ced"": 0.22737793502499554, ""egemaps"": 0.0}"
bvcc,1,shapley,9,895,whisper+contentvec12+wavlm+beats+auditory_erb+speaker+rmvpe_cont+ced+egemaps,0.2492845791941773,0.2509696250278664,0.3061056772879727,35,994,"{""whisper"": 0.22558206557032184, ""contentvec12"": 0.019851736278096714, ""wavlm"": 0.17059350914659263, ""beats"": 0.21552341829216382, ""auditory_erb"": 5.303590920114395e-18, ""speaker"": 0.1410717421385023, ""rmvpe_cont"": 4.420506133042583e-18, ""ced"": 0.22737752857432278, ""egemaps"": 0.0}"
bvcc,1,shapley,10,1023,whisper+contentvec12+wavlm+beats+auditory_erb+speaker+rmvpe_cont+rmvpe_quant+ced+egemaps,0.2492845791979706,0.2509696258081932,0.3061056922007398,35,994,"{""whisper"": 0.22558209416555167, ""contentvec12"": 0.01985162519369905, ""wavlm"": 0.17059339743095372, ""beats"": 0.2155231463261661, ""auditory_erb"": 0.0, ""speaker"": 0.14107225432744358, ""rmvpe_cont"": 0.0, ""rmvpe_quant"": 4.335220503165916e-19, ""ced"": 0.22737748255618595, ""egemaps"": 0.0}"
bvcc,1,singleton,1,256,ced,0.3359844457219853,0.3408087751249867,0.3785863489174095,35,994,"{""ced"": 1.0}"
bvcc,1,singleton,2,264,beats+ced,0.2953731922751184,0.2988992746390987,0.35298884900658,35,994,"{""beats"": 0.44087403311186446, ""ced"": 0.5591259668881355}"
bvcc,1,singleton,3,296,beats+speaker+ced,0.2779407516820389,0.2817679709939615,0.3404125026776326,35,994,"{""beats"": 0.32848470327156737, ""speaker"": 0.3047045398609811, ""ced"": 0.36681075686745157}"
bvcc,1,singleton,4,300,wavlm+beats+speaker+ced,0.2613104689296785,0.2639542396791355,0.318081428829809,35,994,"{""wavlm"": 0.27831375072760867, ""beats"": 0.24894537417846396, ""speaker"": 0.1898150628619414, ""ced"": 0.28292581223198604}"
bvcc,1,singleton,5,301,whisper+wavlm+beats+speaker+ced,0.2493573182718808,0.2510076632142825,0.306422544046433,35,994,"{""whisper"": 0.2295593238535132, ""wavlm"": 0.18066272809112227, ""beats"": 0.2165472503188307, ""speaker"": 0.14443276479133302, ""ced"": 0.22879793294520082}"
bvcc,1,singleton,6,303,whisper+contentvec12+wavlm+beats+speaker+ced,0.2492845791200194,0.2509696027996589,0.3061051613766549,35,994,"{""whisper"": 0.22558011059117108, ""contentvec12"": 0.019855471024790003, ""wavlm"": 0.1705968230472125, ""beats"": 0.2155360163998773, ""speaker"": 0.1410529741978391, ""ced"": 0.22737860473911006}"
bvcc,1,singleton,7,815,whisper+contentvec12+wavlm+beats+speaker+ced+egemaps,0.2492845795017106,0.2509696231425369,0.3061064995352038,35,994,"{""whisper"": 0.22558539621778528, ""contentvec12"": 0.01984198935563521, ""wavlm"": 0.17059544602555768, ""beats"": 0.21551183137084726, ""speaker"": 0.14109759642628655, ""ced"": 0.22736774060388815, ""egemaps"": 0.0}"
bvcc,1,singleton,8,831,whisper+contentvec12+wavlm+beats+auditory_erb+speaker+ced+egemaps,0.2492845791788326,0.2509696231409078,0.3061056142319398,35,994,"{""whisper"": 0.22558202094963703, ""contentvec12"": 0.01985226090658726, ""wavlm"": 0.17059349400409152, ""beats"": 0.21552475404429933, ""auditory_erb"": 3.691369584134241e-18, ""speaker"": 0.14106953507038933, ""ced"": 0.22737793502499554, ""egemaps"": 0.0}"
bvcc,1,singleton,9,895,whisper+contentvec12+wavlm+beats+auditory_erb+speaker+rmvpe_cont+ced+egemaps,0.2492845791941773,0.2509696250278664,0.3061056772879727,35,994,"{""whisper"": 0.22558206557032184, ""contentvec12"": 0.019851736278096714, ""wavlm"": 0.17059350914659263, ""beats"": 0.21552341829216382, ""auditory_erb"": 5.303590920114395e-18, ""speaker"": 0.1410717421385023, ""rmvpe_cont"": 4.420506133042583e-18, ""ced"": 0.22737752857432278, ""egemaps"": 0.0}"
bvcc,1,singleton,10,1023,whisper+contentvec12+wavlm+beats+auditory_erb+speaker+rmvpe_cont+rmvpe_quant+ced+egemaps,0.2492845791979706,0.2509696258081932,0.3061056922007398,35,994,"{""whisper"": 0.22558209416555167, ""contentvec12"": 0.01985162519369905, ""wavlm"": 0.17059339743095372, ""beats"": 0.2155231463261661, ""auditory_erb"": 0.0, ""speaker"": 0.14107225432744358, ""rmvpe_cont"": 0.0, ""rmvpe_quant"": 4.335220503165916e-19, ""ced"": 0.22737748255618595, ""egemaps"": 0.0}"
bvcc,1,inner_search,1,256,ced,0.3359844457219853,0.3408087751249867,0.3785863489174095,35,994,"{""ced"": 1.0}"
bvcc,1,inner_search,2,257,whisper+ced,0.2793603160993301,0.28101070531001,0.3230036881415253,35,994,"{""whisper"": 0.41719095129310285, ""ced"": 0.5828090487068972}"
bvcc,1,inner_search,3,265,whisper+beats+ced,0.2618949382327558,0.2635606286419049,0.3137972936208078,35,994,"{""whisper"": 0.33869520958789545, ""beats"": 0.30526278201808765, ""ced"": 0.356042008394017}"
bvcc,1,inner_search,4,269,whisper+wavlm+beats+ced,0.2526728484283146,0.2540273717267608,0.3051440880539468,35,994,"{""whisper"": 0.24956652255771355, ""wavlm"": 0.21628783965243933, ""beats"": 0.2462004963618323, ""ced"": 0.2879451414280148}"
bvcc,1,inner_search,5,301,whisper+wavlm+beats+speaker+ced,0.2493573182718808,0.2510076632142825,0.306422544046433,35,994,"{""whisper"": 0.2295593238535132, ""wavlm"": 0.18066272809112227, ""beats"": 0.2165472503188307, ""speaker"": 0.14443276479133302, ""ced"": 0.22879793294520082}"
bvcc,1,inner_search,6,303,whisper+contentvec12+wavlm+beats+speaker+ced,0.2492845791200194,0.2509696027996589,0.3061051613766549,35,994,"{""whisper"": 0.22558011059117108, ""contentvec12"": 0.019855471024790003, ""wavlm"": 0.1705968230472125, ""beats"": 0.2155360163998773, ""speaker"": 0.1410529741978391, ""ced"": 0.22737860473911006}"
bvcc,1,inner_search,7,815,whisper+contentvec12+wavlm+beats+speaker+ced+egemaps,0.2492845795017106,0.2509696231425369,0.3061064995352038,35,994,"{""whisper"": 0.22558539621778528, ""contentvec12"": 0.01984198935563521, ""wavlm"": 0.17059544602555768, ""beats"": 0.21551183137084726, ""speaker"": 0.14109759642628655, ""ced"": 0.22736774060388815, ""egemaps"": 0.0}"
bvcc,1,inner_search,8,831,whisper+contentvec12+wavlm+beats+auditory_erb+speaker+ced+egemaps,0.2492845791788326,0.2509696231409078,0.3061056142319398,35,994,"{""whisper"": 0.22558202094963703, ""contentvec12"": 0.01985226090658726, ""wavlm"": 0.17059349400409152, ""beats"": 0.21552475404429933, ""auditory_erb"": 3.691369584134241e-18, ""speaker"": 0.14106953507038933, ""ced"": 0.22737793502499554, ""egemaps"": 0.0}"
bvcc,1,inner_search,9,959,whisper+contentvec12+wavlm+beats+auditory_erb+speaker+rmvpe_quant+ced+egemaps,0.2492845791935334,0.2509696249577972,0.3061056747807522,35,994,"{""whisper"": 0.22558206736111971, ""contentvec12"": 0.019851745905012024, ""wavlm"": 0.17059350704862844, ""beats"": 0.2155234721512406, ""auditory_erb"": 0.0, ""speaker"": 0.14107165213817485, ""rmvpe_quant"": 0.0, ""ced"": 0.2273775553958245, ""egemaps"": 9.669152408148756e-18}"
bvcc,1,inner_search,10,1023,whisper+contentvec12+wavlm+beats+auditory_erb+speaker+rmvpe_cont+rmvpe_quant+ced+egemaps,0.2492845791979706,0.2509696258081932,0.3061056922007398,35,994,"{""whisper"": 0.22558209416555167, ""contentvec12"": 0.01985162519369905, ""wavlm"": 0.17059339743095372, ""beats"": 0.2155231463261661, ""auditory_erb"": 0.0, ""speaker"": 0.14107225432744358, ""rmvpe_cont"": 0.0, ""rmvpe_quant"": 4.335220503165916e-19, ""ced"": 0.22737748255618595, ""egemaps"": 0.0}"
bvcc,2,gate,1,256,ced,0.3560266109219296,0.3618437648562879,0.3253231473672867,35,995,"{""ced"": 1.0}"
bvcc,2,gate,2,264,beats+ced,0.3105312258394081,0.3161425220182317,0.2883635924169584,35,995,"{""beats"": 0.45063178649225616, ""ced"": 0.5493682135077438}"
bvcc,2,gate,3,265,whisper+beats+ced,0.2742249361546724,0.2768323755675952,0.2423805602876545,35,995,"{""whisper"": 0.33990694564841256, ""beats"": 0.3139148739205343, ""ced"": 0.3461781804310532}"
bvcc,2,gate,4,269,whisper+wavlm+beats+ced,0.262545224731568,0.2639915000904584,0.2356888554316476,35,995,"{""whisper"": 0.23118962642624968, ""wavlm"": 0.24429310336193372, ""beats"": 0.24174469301996096, ""ced"": 0.2827725771918557}"
bvcc,2,gate,5,271,whisper+contentvec12+wavlm+beats+ced,0.2594277255656392,0.2607697135601993,0.2359097853440952,35,995,"{""whisper"": 0.20180379386245606, ""contentvec12"": 0.1251690735787159, ""wavlm"": 0.177970123800554, ""beats"": 0.22706176276955084, ""ced"": 0.2679952459887233}"
bvcc,2,gate,6,303,whisper+contentvec12+wavlm+beats+speaker+ced,0.257892074289909,0.2596009645444556,0.2346246261498887,35,995,"{""whisper"": 0.19342509394007953, ""contentvec12"": 0.10758652731848588, ""wavlm"": 0.16461784145612005, ""beats"": 0.20848122229993774, ""speaker"": 0.09027130800680863, ""ced"": 0.23561800697856822}"
bvcc,2,gate,7,815,whisper+contentvec12+wavlm+beats+speaker+ced+egemaps,0.2578920742875545,0.2596009662792033,0.2346246180958459,35,995,"{""whisper"": 0.19342540569829494, ""contentvec12"": 0.10758685330021646, ""wavlm"": 0.16461710064026594, ""beats"": 0.20848120661824215, ""speaker"": 0.09027132621509264, ""ced"": 0.23561810752788773, ""egemaps"": 1.3010426069826051e-18}"
bvcc,2,gate,8,831,whisper+contentvec12+wavlm+beats+auditory_erb+speaker+ced+egemaps,0.2578920743027753,0.2596009570755317,0.2346245888962591,35,995,"{""whisper"": 0.19342530420250012, ""contentvec12"": 0.1075841979485275, ""wavlm"": 0.16462033541401008, ""beats"": 0.20848124553857258, ""auditory_erb"": 1.871604000253102e-17, ""speaker"": 0.09027235825115905, ""ced"": 0.2356165586452307, ""egemaps"": 0.0}"
bvcc,2,gate,9,959,whisper+contentvec12+wavlm+beats+auditory_erb+speaker+rmvpe_quant+ced+egemaps,0.2578920742993948,0.2596009587963363,0.2346245959114985,35,995,"{""whisper"": 0.193425299796748, ""contentvec12"": 0.10758473785812173, ""wavlm"": 0.16461971512890228, ""beats"": 0.20848124508025315, ""auditory_erb"": 4.187730891225261e-18, ""speaker"": 0.09027213457219442, ""rmvpe_quant"": 5.427893005123963e-18, ""ced"": 0.23561686756378045, ""egemaps"": 8.151845084375386e-18}"
bvcc,2,gate,10,1023,whisper+contentvec12+wavlm+beats+auditory_erb+speaker+rmvpe_cont+rmvpe_quant+ced+egemaps,0.2578920742992175,0.2596009589608435,0.2346245972165347,35,995,"{""whisper"": 0.19342527626806, ""contentvec12"": 0.10758477464320314, ""wavlm"": 0.16461969513027264, ""beats"": 0.20848122925867024, ""auditory_erb"": 7.386127300057499e-19, ""speaker"": 0.09027211398085387, ""rmvpe_cont"": 0.0, ""rmvpe_quant"": 1.1519648082658485e-19, ""ced"": 0.23561691071894006, ""egemaps"": 1.1911824337237226e-17}"
bvcc,2,shapley,1,256,ced,0.3560266109219296,0.3618437648562879,0.3253231473672867,35,995,"{""ced"": 1.0}"
bvcc,2,shapley,2,264,beats+ced,0.3105312258394081,0.3161425220182317,0.2883635924169584,35,995,"{""beats"": 0.45063178649225616, ""ced"": 0.5493682135077438}"
bvcc,2,shapley,3,268,wavlm+beats+ced,0.2752885587076378,0.2776792258619034,0.2578409521979172,35,995,"{""wavlm"": 0.3696339274461957, ""beats"": 0.27526887641947156, ""ced"": 0.35509719613433277}"
bvcc,2,shapley,4,269,whisper+wavlm+beats+ced,0.262545224731568,0.2639915000904584,0.2356888554316476,35,995,"{""whisper"": 0.23118962642624968, ""wavlm"": 0.24429310336193372, ""beats"": 0.24174469301996096, ""ced"": 0.2827725771918557}"
bvcc,2,shapley,5,301,whisper+wavlm+beats+speaker+ced,0.2601063658240568,0.2619746479668424,0.2343769503665352,35,995,"{""whisper"": 0.21573387654422804, ""wavlm"": 0.2162865317568754, ""beats"": 0.2162417208036241, ""speaker"": 0.11154638076369701, ""ced"": 0.24019149013157542}"
bvcc,2,shapley,6,303,whisper+contentvec12+wavlm+beats+speaker+ced,0.257892074289909,0.2596009645444556,0.2346246261498887,35,995,"{""whisper"": 0.19342509394007953, ""contentvec12"": 0.10758652731848588, ""wavlm"": 0.16461784145612005, ""beats"": 0.20848122229993774, ""speaker"": 0.09027130800680863, ""ced"": 0.23561800697856822}"
bvcc,2,shapley,7,815,whisper+contentvec12+wavlm+beats+speaker+ced+egemaps,0.2578920742875545,0.2596009662792033,0.2346246180958459,35,995,"{""whisper"": 0.19342540569829494, ""contentvec12"": 0.10758685330021646, ""wavlm"": 0.16461710064026594, ""beats"": 0.20848120661824215, ""speaker"": 0.09027132621509264, ""ced"": 0.23561810752788773, ""egemaps"": 1.3010426069826051e-18}"
bvcc,2,shapley,8,831,whisper+contentvec12+wavlm+beats+auditory_erb+speaker+ced+egemaps,0.2578920743027753,0.2596009570755317,0.2346245888962591,35,995,"{""whisper"": 0.19342530420250012, ""contentvec12"": 0.1075841979485275, ""wavlm"": 0.16462033541401008, ""beats"": 0.20848124553857258, ""auditory_erb"": 1.871604000253102e-17, ""speaker"": 0.09027235825115905, ""ced"": 0.2356165586452307, ""egemaps"": 0.0}"
bvcc,2,shapley,9,895,whisper+contentvec12+wavlm+beats+auditory_erb+speaker+rmvpe_cont+ced+egemaps,0.257892074303817,0.2596009577004856,0.2346243940463135,35,995,"{""whisper"": 0.1934295712532187, ""contentvec12"": 0.10758271000245438, ""wavlm"": 0.1646182794713112, ""beats"": 0.2084793193800223, ""auditory_erb"": 5.571782727038788e-18, ""speaker"": 0.09027261204843835, ""rmvpe_cont"": 1.8346733637528145e-18, ""ced"": 0.23561750784455518, ""egemaps"": 0.0}"
bvcc,2,shapley,10,1023,whisper+contentvec12+wavlm+beats+auditory_erb+speaker+rmvpe_cont+rmvpe_quant+ced+egemaps,0.2578920742992175,0.2596009589608435,0.2346245972165347,35,995,"{""whisper"": 0.19342527626806, ""contentvec12"": 0.10758477464320314, ""wavlm"": 0.16461969513027264, ""beats"": 0.20848122925867024, ""auditory_erb"": 7.386127300057499e-19, ""speaker"": 0.09027211398085387, ""rmvpe_cont"": 0.0, ""rmvpe_quant"": 1.1519648082658485e-19, ""ced"": 0.23561691071894006, ""egemaps"": 1.1911824337237226e-17}"
bvcc,2,singleton,1,256,ced,0.3560266109219296,0.3618437648562879,0.3253231473672867,35,995,"{""ced"": 1.0}"
bvcc,2,singleton,2,260,wavlm+ced,0.2894886459579793,0.2918857476103747,0.2674024192510305,35,995,"{""wavlm"": 0.4645139336564236, ""ced"": 0.5354860663435763}"
bvcc,2,singleton,3,268,wavlm+beats+ced,0.2752885587076378,0.2776792258619034,0.2578409521979172,35,995,"{""wavlm"": 0.3696339274461957, ""beats"": 0.27526887641947156, ""ced"": 0.35509719613433277}"
bvcc,2,singleton,4,269,whisper+wavlm+beats+ced,0.262545224731568,0.2639915000904584,0.2356888554316476,35,995,"{""whisper"": 0.23118962642624968, ""wavlm"": 0.24429310336193372, ""beats"": 0.24174469301996096, ""ced"": 0.2827725771918557}"
bvcc,2,singleton,5,301,whisper+wavlm+beats+speaker+ced,0.2601063658240568,0.2619746479668424,0.2343769503665352,35,995,"{""whisper"": 0.21573387654422804, ""wavlm"": 0.2162865317568754, ""beats"": 0.2162417208036241, ""speaker"": 0.11154638076369701, ""ced"": 0.24019149013157542}"
bvcc,2,singleton,6,303,whisper+contentvec12+wavlm+beats+speaker+ced,0.257892074289909,0.2596009645444556,0.2346246261498887,35,995,"{""whisper"": 0.19342509394007953, ""contentvec12"": 0.10758652731848588, ""wavlm"": 0.16461784145612005, ""beats"": 0.20848122229993774, ""speaker"": 0.09027130800680863, ""ced"": 0.23561800697856822}"
bvcc,2,singleton,7,815,whisper+contentvec12+wavlm+beats+speaker+ced+egemaps,0.2578920742875545,0.2596009662792033,0.2346246180958459,35,995,"{""whisper"": 0.19342540569829494, ""contentvec12"": 0.10758685330021646, ""wavlm"": 0.16461710064026594, ""beats"": 0.20848120661824215, ""speaker"": 0.09027132621509264, ""ced"": 0.23561810752788773, ""egemaps"": 1.3010426069826051e-18}"
bvcc,2,singleton,8,831,whisper+contentvec12+wavlm+beats+auditory_erb+speaker+ced+egemaps,0.2578920743027753,0.2596009570755317,0.2346245888962591,35,995,"{""whisper"": 0.19342530420250012, ""contentvec12"": 0.1075841979485275, ""wavlm"": 0.16462033541401008, ""beats"": 0.20848124553857258, ""auditory_erb"": 1.871604000253102e-17, ""speaker"": 0.09027235825115905, ""ced"": 0.2356165586452307, ""egemaps"": 0.0}"
bvcc,2,singleton,9,895,whisper+contentvec12+wavlm+beats+auditory_erb+speaker+rmvpe_cont+ced+egemaps,0.257892074303817,0.2596009577004856,0.2346243940463135,35,995,"{""whisper"": 0.1934295712532187, ""contentvec12"": 0.10758271000245438, ""wavlm"": 0.1646182794713112, ""beats"": 0.2084793193800223, ""auditory_erb"": 5.571782727038788e-18, ""speaker"": 0.09027261204843835, ""rmvpe_cont"": 1.8346733637528145e-18, ""ced"": 0.23561750784455518, ""egemaps"": 0.0}"
bvcc,2,singleton,10,1023,whisper+contentvec12+wavlm+beats+auditory_erb+speaker+rmvpe_cont+rmvpe_quant+ced+egemaps,0.2578920742992175,0.2596009589608435,0.2346245972165347,35,995,"{""whisper"": 0.19342527626806, ""contentvec12"": 0.10758477464320314, ""wavlm"": 0.16461969513027264, ""beats"": 0.20848122925867024, ""auditory_erb"": 7.386127300057499e-19, ""speaker"": 0.09027211398085387, ""rmvpe_cont"": 0.0, ""rmvpe_quant"": 1.1519648082658485e-19, ""ced"": 0.23561691071894006, ""egemaps"": 1.1911824337237226e-17}"
bvcc,2,inner_search,1,256,ced,0.3560266109219296,0.3618437648562879,0.3253231473672867,35,995,"{""ced"": 1.0}"
bvcc,2,inner_search,2,260,wavlm+ced,0.2894886459579793,0.2918857476103747,0.2674024192510305,35,995,"{""wavlm"": 0.4645139336564236, ""ced"": 0.5354860663435763}"
bvcc,2,inner_search,3,261,whisper+wavlm+ced,0.2733190892362115,0.2745117236022769,0.2430899221553884,35,995,"{""whisper"": 0.25829516542104036, ""wavlm"": 0.31156775573787654, ""ced"": 0.43013707884108304}"
bvcc,2,inner_search,4,269,whisper+wavlm+beats+ced,0.262545224731568,0.2639915000904584,0.2356888554316476,35,995,"{""whisper"": 0.23118962642624968, ""wavlm"": 0.24429310336193372, ""beats"": 0.24174469301996096, ""ced"": 0.2827725771918557}"
bvcc,2,inner_search,5,271,whisper+contentvec12+wavlm+beats+ced,0.2594277255656392,0.2607697135601993,0.2359097853440952,35,995,"{""whisper"": 0.20180379386245606, ""contentvec12"": 0.1251690735787159, ""wavlm"": 0.177970123800554, ""beats"": 0.22706176276955084, ""ced"": 0.2679952459887233}"
bvcc,2,inner_search,6,303,whisper+contentvec12+wavlm+beats+speaker+ced,0.257892074289909,0.2596009645444556,0.2346246261498887,35,995,"{""whisper"": 0.19342509394007953, ""contentvec12"": 0.10758652731848588, ""wavlm"": 0.16461784145612005, ""beats"": 0.20848122229993774, ""speaker"": 0.09027130800680863, ""ced"": 0.23561800697856822}"
bvcc,2,inner_search,7,815,whisper+contentvec12+wavlm+beats+speaker+ced+egemaps,0.2578920742875545,0.2596009662792033,0.2346246180958459,35,995,"{""whisper"": 0.19342540569829494, ""contentvec12"": 0.10758685330021646, ""wavlm"": 0.16461710064026594, ""beats"": 0.20848120661824215, ""speaker"": 0.09027132621509264, ""ced"": 0.23561810752788773, ""egemaps"": 1.3010426069826051e-18}"
bvcc,2,inner_search,8,943,whisper+contentvec12+wavlm+beats+speaker+rmvpe_quant+ced+egemaps,0.2578920742926997,0.2596009760605993,0.2346245660193527,35,995,"{""whisper"": 0.193425255449584, ""contentvec12"": 0.1075845642912995, ""wavlm"": 0.1646175204154653, ""beats"": 0.20848260327567214, ""speaker"": 0.0902705470682466, ""rmvpe_quant"": 0.0, ""ced"": 0.23561950949973257, ""egemaps"": 8.209443324788679e-18}"
bvcc,2,inner_search,9,1007,whisper+contentvec12+wavlm+beats+speaker+rmvpe_cont+rmvpe_quant+ced+egemaps,0.2578920742927023,0.2596009627584377,0.2346246088898053,35,995,"{""whisper"": 0.1934253320951593, ""contentvec12"": 0.10758587691801037, ""wavlm"": 0.16461832972469895, ""beats"": 0.20848124521743158, ""speaker"": 0.09027169643657963, ""rmvpe_cont"": 4.507909345287386e-18, ""rmvpe_quant"": 4.0657581468206407e-19, ""ced"": 0.23561751960812002, ""egemaps"": 0.0}"
bvcc,2,inner_search,10,1023,whisper+contentvec12+wavlm+beats+auditory_erb+speaker+rmvpe_cont+rmvpe_quant+ced+egemaps,0.2578920742992175,0.2596009589608435,0.2346245972165347,35,995,"{""whisper"": 0.19342527626806, ""contentvec12"": 0.10758477464320314, ""wavlm"": 0.16461969513027264, ""beats"": 0.20848122925867024, ""auditory_erb"": 7.386127300057499e-19, ""speaker"": 0.09027211398085387, ""rmvpe_cont"": 0.0, ""rmvpe_quant"": 1.1519648082658485e-19, ""ced"": 0.23561691071894006, ""egemaps"": 1.1911824337237226e-17}"
bvcc,3,gate,1,256,ced,0.3475849810047783,0.3525140653572322,0.3165679134608283,35,995,"{""ced"": 1.0}"
bvcc,3,gate,2,257,whisper+ced,0.2839271944734464,0.2853870462784366,0.2528118367224783,35,995,"{""whisper"": 0.4191126561330131, ""ced"": 0.580887343866987}"
bvcc,3,gate,3,261,whisper+wavlm+ced,0.2663345889428123,0.2672013104661968,0.230039606624773,35,995,"{""whisper"": 0.28232079151302336, ""wavlm"": 0.2822420276766614, ""ced"": 0.4354371808103152}"
bvcc,3,gate,4,269,whisper+wavlm+beats+ced,0.2590043669470081,0.2605663705369859,0.2201286063854542,35,995,"{""whisper"": 0.25241431173084844, ""wavlm"": 0.242640902578382, ""beats"": 0.19789026340122937, ""ced"": 0.3070545222895402}"
bvcc,3,gate,5,301,whisper+wavlm+beats+speaker+ced,0.2552340848129577,0.2574217276599191,0.2152987448614155,35,995,"{""whisper"": 0.23219235393337756, ""wavlm"": 0.20327238053537386, ""beats"": 0.1708741308793139, ""speaker"": 0.14378672065105835, ""ced"": 0.24987441400087637}"
bvcc,3,gate,6,303,whisper+contentvec12+wavlm+beats+speaker+ced,0.2545390652150277,0.256730872263735,0.2137319339697985,35,995,"{""whisper"": 0.21871945400310935, ""contentvec12"": 0.06050251764049041, ""wavlm"": 0.17387188577003262, ""beats"": 0.16837944675688013, ""speaker"": 0.1327873792433285, ""ced"": 0.24573931658615908}"
bvcc,3,gate,7,815,whisper+contentvec12+wavlm+beats+speaker+ced+egemaps,0.2545390651989004,0.2567308915892941,0.2137319974954956,35,995,"{""whisper"": 0.21872110197248174, ""contentvec12"": 0.060500400197840865, ""wavlm"": 0.17386961571853168, ""beats"": 0.16837403645456583, ""speaker"": 0.13279560329027715, ""ced"": 0.24573924236630285, ""egemaps"": 3.550762114890027e-18}"
bvcc,3,gate,8,831,whisper+contentvec12+wavlm+beats+auditory_erb+speaker+ced+egemaps,0.2545390651989003,0.2567308915892941,0.2137319974954952,35,995,"{""whisper"": 0.2187211019724711, ""contentvec12"": 0.060500400197854874, ""wavlm"": 0.17386961571853415, ""beats"": 0.16837403645456567, ""auditory_erb"": 0.0, ""speaker"": 0.13279560329028003, ""ced"": 0.24573924236629419, ""egemaps"": 0.0}"
bvcc,3,gate,9,895,whisper+contentvec12+wavlm+beats+auditory_erb+speaker+rmvpe_cont+ced+egemaps,0.2545390652092276,0.2567309225372848,0.2137319348911896,35,995,"{""whisper"": 0.21871932213343678, ""contentvec12"": 0.060499396885016606, ""wavlm"": 0.17386934657701728, ""beats"": 0.16837189105114087, ""auditory_erb"": 0.0, ""speaker"": 0.1328030535499918, ""rmvpe_cont"": 3.671887826347392e-19, ""ced"": 0.24573698980339667, ""egemaps"": 1.331112276610133e-18}"
bvcc,3,gate,10,1023,whisper+contentvec12+wavlm+beats+auditory_erb+speaker+rmvpe_cont+rmvpe_quant+ced+egemaps,0.254539065198965,0.2567308906156842,0.2137319836048532,35,995,"{""whisper"": 0.21872097687187278, ""contentvec12"": 0.06050085713472698, ""wavlm"": 0.17386964970286137, ""beats"": 0.16837398249612515, ""auditory_erb"": 0.0, ""speaker"": 0.13279562194453454, ""rmvpe_cont"": 0.0, ""rmvpe_quant"": 0.0, ""ced"": 0.24573891184987912, ""egemaps"": 2.4177496688189935e-18}"
bvcc,3,shapley,1,256,ced,0.3475849810047783,0.3525140653572322,0.3165679134608283,35,995,"{""ced"": 1.0}"
bvcc,3,shapley,2,257,whisper+ced,0.2839271944734464,0.2853870462784366,0.2528118367224783,35,995,"{""whisper"": 0.4191126561330131, ""ced"": 0.580887343866987}"
bvcc,3,shapley,3,265,whisper+beats+ced,0.2714177092996497,0.2735829568764212,0.235603645163648,35,995,"{""whisper"": 0.3564409754350116, ""beats"": 0.25261535720991535, ""ced"": 0.390943667355073}"
bvcc,3,shapley,4,269,whisper+wavlm+beats+ced,0.2590043669470081,0.2605663705369859,0.2201286063854542,35,995,"{""whisper"": 0.25241431173084844, ""wavlm"": 0.242640902578382, ""beats"": 0.19789026340122937, ""ced"": 0.3070545222895402}"
bvcc,3,shapley,5,301,whisper+wavlm+beats+speaker+ced,0.2552340848129577,0.2574217276599191,0.2152987448614155,35,995,"{""whisper"": 0.23219235393337756, ""wavlm"": 0.20327238053537386, ""beats"": 0.1708741308793139, ""speaker"": 0.14378672065105835, ""ced"": 0.24987441400087637}"
bvcc,3,shapley,6,303,whisper+contentvec12+wavlm+beats+speaker+ced,0.2545390652150277,0.256730872263735,0.2137319339697985,35,995,"{""whisper"": 0.21871945400310935, ""contentvec12"": 0.06050251764049041, ""wavlm"": 0.17387188577003262, ""beats"": 0.16837944675688013, ""speaker"": 0.1327873792433285, ""ced"": 0.24573931658615908}"
bvcc,3,shapley,7,815,whisper+contentvec12+wavlm+beats+speaker+ced+egemaps,0.2545390651989004,0.2567308915892941,0.2137319974954956,35,995,"{""whisper"": 0.21872110197248174, ""contentvec12"": 0.060500400197840865, ""wavlm"": 0.17386961571853168, ""beats"": 0.16837403645456583, ""speaker"": 0.13279560329027715, ""ced"": 0.24573924236630285, ""egemaps"": 3.550762114890027e-18}"
bvcc,3,shapley,8,831,whisper+contentvec12+wavlm+beats+auditory_erb+speaker+ced+egemaps,0.2545390651989003,0.2567308915892941,0.2137319974954952,35,995,"{""whisper"": 0.2187211019724711, ""contentvec12"": 0.060500400197854874, ""wavlm"": 0.17386961571853415, ""beats"": 0.16837403645456567, ""auditory_erb"": 0.0, ""speaker"": 0.13279560329028003, ""ced"": 0.24573924236629419, ""egemaps"": 0.0}"
bvcc,3,shapley,9,895,whisper+contentvec12+wavlm+beats+auditory_erb+speaker+rmvpe_cont+ced+egemaps,0.2545390652092276,0.2567309225372848,0.2137319348911896,35,995,"{""whisper"": 0.21871932213343678, ""contentvec12"": 0.060499396885016606, ""wavlm"": 0.17386934657701728, ""beats"": 0.16837189105114087, ""auditory_erb"": 0.0, ""speaker"": 0.1328030535499918, ""rmvpe_cont"": 3.671887826347392e-19, ""ced"": 0.24573698980339667, ""egemaps"": 1.331112276610133e-18}"
bvcc,3,shapley,10,1023,whisper+contentvec12+wavlm+beats+auditory_erb+speaker+rmvpe_cont+rmvpe_quant+ced+egemaps,0.254539065198965,0.2567308906156842,0.2137319836048532,35,995,"{""whisper"": 0.21872097687187278, ""contentvec12"": 0.06050085713472698, ""wavlm"": 0.17386964970286137, ""beats"": 0.16837398249612515, ""auditory_erb"": 0.0, ""speaker"": 0.13279562194453454, ""rmvpe_cont"": 0.0, ""rmvpe_quant"": 0.0, ""ced"": 0.24573891184987912, ""egemaps"": 2.4177496688189935e-18}"
bvcc,3,singleton,1,256,ced,0.3475849810047783,0.3525140653572322,0.3165679134608283,35,995,"{""ced"": 1.0}"
bvcc,3,singleton,2,260,wavlm+ced,0.2871834064229404,0.2896586546672065,0.2458049428895459,35,995,"{""wavlm"": 0.4443074452529693, ""ced"": 0.5556925547470307}"
bvcc,3,singleton,3,268,wavlm+beats+ced,0.2751565627519424,0.2782526618669592,0.2305372565068591,35,995,"{""wavlm"": 0.3727119447939064, ""beats"": 0.24953541932172593, ""ced"": 0.3777526358843677}"
bvcc,3,singleton,4,300,wavlm+beats+speaker+ced,0.268534491554841,0.2724453880088073,0.2236389084331135,35,995,"{""wavlm"": 0.3076296511976861, ""beats"": 0.20879772891637055, ""speaker"": 0.1879889185129419, ""ced"": 0.2955837013730015}"
bvcc,3,singleton,5,301,whisper+wavlm+beats+speaker+ced,0.2552340848129577,0.2574217276599191,0.2152987448614155,35,995,"{""whisper"": 0.23219235393337756, ""wavlm"": 0.20327238053537386, ""beats"": 0.1708741308793139, ""speaker"": 0.14378672065105835, ""ced"": 0.24987441400087637}"
bvcc,3,singleton,6,303,whisper+contentvec12+wavlm+beats+speaker+ced,0.2545390652150277,0.256730872263735,0.2137319339697985,35,995,"{""whisper"": 0.21871945400310935, ""contentvec12"": 0.06050251764049041, ""wavlm"": 0.17387188577003262, ""beats"": 0.16837944675688013, ""speaker"": 0.1327873792433285, ""ced"": 0.24573931658615908}"
bvcc,3,singleton,7,815,whisper+contentvec12+wavlm+beats+speaker+ced+egemaps,0.2545390651989004,0.2567308915892941,0.2137319974954956,35,995,"{""whisper"": 0.21872110197248174, ""contentvec12"": 0.060500400197840865, ""wavlm"": 0.17386961571853168, ""beats"": 0.16837403645456583, ""speaker"": 0.13279560329027715, ""ced"": 0.24573924236630285, ""egemaps"": 3.550762114890027e-18}"
bvcc,3,singleton,8,831,whisper+contentvec12+wavlm+beats+auditory_erb+speaker+ced+egemaps,0.2545390651989003,0.2567308915892941,0.2137319974954952,35,995,"{""whisper"": 0.2187211019724711, ""contentvec12"": 0.060500400197854874, ""wavlm"": 0.17386961571853415, ""beats"": 0.16837403645456567, ""auditory_erb"": 0.0, ""speaker"": 0.13279560329028003, ""ced"": 0.24573924236629419, ""egemaps"": 0.0}"
bvcc,3,singleton,9,895,whisper+contentvec12+wavlm+beats+auditory_erb+speaker+rmvpe_cont+ced+egemaps,0.2545390652092276,0.2567309225372848,0.2137319348911896,35,995,"{""whisper"": 0.21871932213343678, ""contentvec12"": 0.060499396885016606, ""wavlm"": 0.17386934657701728, ""beats"": 0.16837189105114087, ""auditory_erb"": 0.0, ""speaker"": 0.1328030535499918, ""rmvpe_cont"": 3.671887826347392e-19, ""ced"": 0.24573698980339667, ""egemaps"": 1.331112276610133e-18}"
bvcc,3,singleton,10,1023,whisper+contentvec12+wavlm+beats+auditory_erb+speaker+rmvpe_cont+rmvpe_quant+ced+egemaps,0.254539065198965,0.2567308906156842,0.2137319836048532,35,995,"{""whisper"": 0.21872097687187278, ""contentvec12"": 0.06050085713472698, ""wavlm"": 0.17386964970286137, ""beats"": 0.16837398249612515, ""auditory_erb"": 0.0, ""speaker"": 0.13279562194453454, ""rmvpe_cont"": 0.0, ""rmvpe_quant"": 0.0, ""ced"": 0.24573891184987912, ""egemaps"": 2.4177496688189935e-18}"
bvcc,3,inner_search,1,256,ced,0.3475849810047783,0.3525140653572322,0.3165679134608283,35,995,"{""ced"": 1.0}"
bvcc,3,inner_search,2,257,whisper+ced,0.2839271944734464,0.2853870462784366,0.2528118367224783,35,995,"{""whisper"": 0.4191126561330131, ""ced"": 0.580887343866987}"
bvcc,3,inner_search,3,261,whisper+wavlm+ced,0.2663345889428123,0.2672013104661968,0.230039606624773,35,995,"{""whisper"": 0.28232079151302336, ""wavlm"": 0.2822420276766614, ""ced"": 0.4354371808103152}"
bvcc,3,inner_search,4,269,whisper+wavlm+beats+ced,0.2590043669470081,0.2605663705369859,0.2201286063854542,35,995,"{""whisper"": 0.25241431173084844, ""wavlm"": 0.242640902578382, ""beats"": 0.19789026340122937, ""ced"": 0.3070545222895402}"
bvcc,3,inner_search,5,301,whisper+wavlm+beats+speaker+ced,0.2552340848129577,0.2574217276599191,0.2152987448614155,35,995,"{""whisper"": 0.23219235393337756, ""wavlm"": 0.20327238053537386, ""beats"": 0.1708741308793139, ""speaker"": 0.14378672065105835, ""ced"": 0.24987441400087637}"
bvcc,3,inner_search,6,303,whisper+contentvec12+wavlm+beats+speaker+ced,0.2545390652150277,0.256730872263735,0.2137319339697985,35,995,"{""whisper"": 0.21871945400310935, ""contentvec12"": 0.06050251764049041, ""wavlm"": 0.17387188577003262, ""beats"": 0.16837944675688013, ""speaker"": 0.1327873792433285, ""ced"": 0.24573931658615908}"
bvcc,3,inner_search,7,319,whisper+contentvec12+wavlm+beats+auditory_erb+speaker+ced,0.2545390651989004,0.2567308915892942,0.2137319974954955,35,995,"{""whisper"": 0.21872110197247074, ""contentvec12"": 0.06050040019782782, ""wavlm"": 0.17386961571854298, ""beats"": 0.16837403645456675, ""auditory_erb"": 1.0728340638910657e-17, ""speaker"": 0.13279560329029624, ""ced"": 0.2457392423662955}"
bvcc,3,inner_search,8,831,whisper+contentvec12+wavlm+beats+auditory_erb+speaker+ced+egemaps,0.2545390651989003,0.2567308915892941,0.2137319974954952,35,995,"{""whisper"": 0.2187211019724711, ""contentvec12"": 0.060500400197854874, ""wavlm"": 0.17386961571853415, ""beats"": 0.16837403645456567, ""auditory_erb"": 0.0, ""speaker"": 0.13279560329028003, ""ced"": 0.24573924236629419, ""egemaps"": 0.0}"
bvcc,3,inner_search,9,1007,whisper+contentvec12+wavlm+beats+speaker+rmvpe_cont+rmvpe_quant+ced+egemaps,0.2545390651989004,0.2567308915892941,0.2137319974954927,35,995,"{""whisper"": 0.21872110197244526, ""contentvec12"": 0.06050040019792168, ""wavlm"": 0.17386961571854, ""beats"": 0.16837403645456095, ""speaker"": 0.13279560329029746, ""rmvpe_cont"": 0.0, ""rmvpe_quant"": 0.0, ""ced"": 0.24573924236623468, ""egemaps"": 7.178604227980196e-19}"
bvcc,3,inner_search,10,1023,whisper+contentvec12+wavlm+beats+auditory_erb+speaker+rmvpe_cont+rmvpe_quant+ced+egemaps,0.254539065198965,0.2567308906156842,0.2137319836048532,35,995,"{""whisper"": 0.21872097687187278, ""contentvec12"": 0.06050085713472698, ""wavlm"": 0.17386964970286137, ""beats"": 0.16837398249612515, ""auditory_erb"": 0.0, ""speaker"": 0.13279562194453454, ""rmvpe_cont"": 0.0, ""rmvpe_quant"": 0.0, ""ced"": 0.24573891184987912, ""egemaps"": 2.4177496688189935e-18}"
bvcc,4,gate,1,256,ced,0.3499919720763981,0.355782962304597,0.3538509225578727,35,995,"{""ced"": 1.0}"
bvcc,4,gate,2,260,wavlm+ced,0.2866523090923079,0.292246713493852,0.2984596566263268,35,995,"{""wavlm"": 0.46875548225409963, ""ced"": 0.5312445177459003}"
bvcc,4,gate,3,261,whisper+wavlm+ced,0.2703882496412597,0.2746742306532619,0.2714787779653779,35,995,"{""whisper"": 0.25997317279366766, ""wavlm"": 0.3196681601486104, ""ced"": 0.420358667057722}"
bvcc,4,gate,4,269,whisper+wavlm+beats+ced,0.2645241503836957,0.2684415365366456,0.263796257192927,35,995,"{""whisper"": 0.23603145828340802, ""wavlm"": 0.2801706296569392, ""beats"": 0.17319520624617366, ""ced"": 0.31060270581347915}"
bvcc,4,gate,5,301,whisper+wavlm+beats+speaker+ced,0.2620760658161074,0.2660413894975793,0.2608658084564014,35,995,"{""whisper"": 0.21351652561101173, ""wavlm"": 0.2496965624107742, ""beats"": 0.15436275678686653, ""speaker"": 0.11985435757730564, ""ced"": 0.262569797614042}"
bvcc,4,gate,6,303,whisper+contentvec12+wavlm+beats+speaker+ced,0.2611995671216249,0.2652028002438912,0.2595480381689115,35,995,"{""whisper"": 0.1994728340784828, ""contentvec12"": 0.06938010738590893, ""wavlm"": 0.21507635414670068, ""beats"": 0.14871598959018661, ""speaker"": 0.108468160384328, ""ced"": 0.25888655441439307}"
bvcc,4,gate,7,431,whisper+contentvec12+wavlm+beats+speaker+rmvpe_quant+ced,0.2611995671236054,0.2652027992046462,0.2595479736856877,35,995,"{""whisper"": 0.1994735058161646, ""contentvec12"": 0.06938204586970159, ""wavlm"": 0.21507391743681767, ""beats"": 0.1487157736435556, ""speaker"": 0.1084661978665909, ""rmvpe_quant"": 0.0, ""ced"": 0.2588885593671698}"
bvcc,4,gate,8,447,whisper+contentvec12+wavlm+beats+auditory_erb+speaker+rmvpe_quant+ced,0.2611995677270527,0.2652028789196446,0.259548382816946,35,995,"{""whisper"": 0.19946796021679516, ""contentvec12"": 0.06936098277579278, ""wavlm"": 0.215080793974911, ""beats"": 0.14868577713171466, ""auditory_erb"": 2.9474628982081516e-18, ""speaker"": 0.10852124591924185, ""rmvpe_quant"": 0.0, ""ced"": 0.25888323998154456}"
bvcc,4,gate,9,511,whisper+contentvec12+wavlm+beats+auditory_erb+speaker+rmvpe_cont+rmvpe_quant+ced,0.2611995676616514,0.2652028816296846,0.2595484139490806,35,995,"{""whisper"": 0.19946699473000498, ""contentvec12"": 0.06936305195000336, ""wavlm"": 0.21508074906044436, ""beats"": 0.1486867072401629, ""auditory_erb"": 1.2428514435062349e-17, ""speaker"": 0.10851804966707265, ""rmvpe_cont"": 1.425408219463218e-17, ""rmvpe_quant"": 2.1226645658192766e-18, ""ced"": 0.25888444735231175}"
bvcc,4,gate,10,1023,whisper+contentvec12+wavlm+beats+auditory_erb+speaker+rmvpe_cont+rmvpe_quant+ced+egemaps,0.2611995672413285,0.2652028345152322,0.2595480884091731,35,995,"{""whisper"": 0.19947137301178852, ""contentvec12"": 0.06937367906086192, ""wavlm"": 0.21507445846923373, ""beats"": 0.14870178278538276, ""auditory_erb"": 0.0, ""speaker"": 0.10849175680570078, ""rmvpe_cont"": 0.0, ""rmvpe_quant"": 1.1007193149569631e-18, ""ced"": 0.2588869498670322, ""egemaps"": 0.0}"
bvcc,4,shapley,1,256,ced,0.3499919720763981,0.355782962304597,0.3538509225578727,35,995,"{""ced"": 1.0}"
bvcc,4,shapley,2,260,wavlm+ced,0.2866523090923079,0.292246713493852,0.2984596566263268,35,995,"{""wavlm"": 0.46875548225409963, ""ced"": 0.5312445177459003}"
bvcc,4,shapley,3,261,whisper+wavlm+ced,0.2703882496412597,0.2746742306532619,0.2714787779653779,35,995,"{""whisper"": 0.25997317279366766, ""wavlm"": 0.3196681601486104, ""ced"": 0.420358667057722}"
bvcc,4,shapley,4,269,whisper+wavlm+beats+ced,0.2645241503836957,0.2684415365366456,0.263796257192927,35,995,"{""whisper"": 0.23603145828340802, ""wavlm"": 0.2801706296569392, ""beats"": 0.17319520624617366, ""ced"": 0.31060270581347915}"
bvcc,4,shapley,5,301,whisper+wavlm+beats+speaker+ced,0.2620760658161074,0.2660413894975793,0.2608658084564014,35,995,"{""whisper"": 0.21351652561101173, ""wavlm"": 0.2496965624107742, ""beats"": 0.15436275678686653, ""speaker"": 0.11985435757730564, ""ced"": 0.262569797614042}"
bvcc,4,shapley,6,303,whisper+contentvec12+wavlm+beats+speaker+ced,0.2611995671216249,0.2652028002438912,0.2595480381689115,35,995,"{""whisper"": 0.1994728340784828, ""contentvec12"": 0.06938010738590893, ""wavlm"": 0.21507635414670068, ""beats"": 0.14871598959018661, ""speaker"": 0.108468160384328, ""ced"": 0.25888655441439307}"
bvcc,4,shapley,7,815,whisper+contentvec12+wavlm+beats+speaker+ced+egemaps,0.2611995676322166,0.2652028553778753,0.2595482893551319,35,995,"{""whisper"": 0.1994710012944782, ""contentvec12"": 0.06935907744082104, ""wavlm"": 0.21508204142959086, ""beats"": 0.14869060188870775, ""speaker"": 0.10851699083445324, ""ced"": 0.258880287111949, ""egemaps"": 5.305814381600937e-18}"
bvcc,4,shapley,8,831,whisper+contentvec12+wavlm+beats+auditory_erb+speaker+ced+egemaps,0.2611995672682751,0.2652028352233207,0.2595480763112017,35,995,"{""whisper"": 0.1994718279996992, ""contentvec12"": 0.06937247567454366, ""wavlm"": 0.21507435642304787, ""beats"": 0.14870044647409056, ""auditory_erb"": 2.0026969072194862e-17, ""speaker"": 0.10849428771855998, ""ced"": 0.25888660571005884, ""egemaps"": 0.0}"
bvcc,4,shapley,9,895,whisper+contentvec12+wavlm+beats+auditory_erb+speaker+rmvpe_cont+ced+egemaps,0.2611995672412354,0.2652028341005677,0.2595480847941535,35,995,"{""whisper"": 0.19947148401557432, ""contentvec12"": 0.06937363705032548, ""wavlm"": 0.21507443263684378, ""beats"": 0.14870177534470233, ""auditory_erb"": 0.0, ""speaker"": 0.10849172871889809, ""rmvpe_cont"": 0.0, ""ced"": 0.25888694223365594, ""egemaps"": 0.0}"
bvcc,4,shapley,10,1023,whisper+contentvec12+wavlm+beats+auditory_erb+speaker+rmvpe_cont+rmvpe_quant+ced+egemaps,0.2611995672413285,0.2652028345152322,0.2595480884091731,35,995,"{""whisper"": 0.19947137301178852, ""contentvec12"": 0.06937367906086192, ""wavlm"": 0.21507445846923373, ""beats"": 0.14870178278538276, ""auditory_erb"": 0.0, ""speaker"": 0.10849175680570078, ""rmvpe_cont"": 0.0, ""rmvpe_quant"": 1.1007193149569631e-18, ""ced"": 0.2588869498670322, ""egemaps"": 0.0}"
bvcc,4,singleton,1,256,ced,0.3499919720763981,0.355782962304597,0.3538509225578727,35,995,"{""ced"": 1.0}"
bvcc,4,singleton,2,260,wavlm+ced,0.2866523090923079,0.292246713493852,0.2984596566263268,35,995,"{""wavlm"": 0.46875548225409963, ""ced"": 0.5312445177459003}"
bvcc,4,singleton,3,292,wavlm+speaker+ced,0.2785268432974611,0.2840811143025453,0.2890606964323945,35,995,"{""wavlm"": 0.38296075557454884, ""speaker"": 0.20911428207395635, ""ced"": 0.40792496235149484}"
bvcc,4,singleton,4,293,whisper+wavlm+speaker+ced,0.266605935408664,0.2709038618277165,0.2665099207237634,35,995,"{""whisper"": 0.2291845393177221, ""wavlm"": 0.2770503218115078, ""speaker"": 0.14691121769029852, ""ced"": 0.3468539211804716}"
bvcc,4,singleton,5,301,whisper+wavlm+beats+speaker+ced,0.2620760658161074,0.2660413894975793,0.2608658084564014,35,995,"{""whisper"": 0.21351652561101173, ""wavlm"": 0.2496965624107742, ""beats"": 0.15436275678686653, ""speaker"": 0.11985435757730564, ""ced"": 0.262569797614042}"
bvcc,4,singleton,6,303,whisper+contentvec12+wavlm+beats+speaker+ced,0.2611995671216249,0.2652028002438912,0.2595480381689115,35,995,"{""whisper"": 0.1994728340784828, ""contentvec12"": 0.06938010738590893, ""wavlm"": 0.21507635414670068, ""beats"": 0.14871598959018661, ""speaker"": 0.108468160384328, ""ced"": 0.25888655441439307}"
bvcc,4,singleton,7,815,whisper+contentvec12+wavlm+beats+speaker+ced+egemaps,0.2611995676322166,0.2652028553778753,0.2595482893551319,35,995,"{""whisper"": 0.1994710012944782, ""contentvec12"": 0.06935907744082104, ""wavlm"": 0.21508204142959086, ""beats"": 0.14869060188870775, ""speaker"": 0.10851699083445324, ""ced"": 0.258880287111949, ""egemaps"": 5.305814381600937e-18}"
bvcc,4,singleton,8,831,whisper+contentvec12+wavlm+beats+auditory_erb+speaker+ced+egemaps,0.2611995672682751,0.2652028352233207,0.2595480763112017,35,995,"{""whisper"": 0.1994718279996992, ""contentvec12"": 0.06937247567454366, ""wavlm"": 0.21507435642304787, ""beats"": 0.14870044647409056, ""auditory_erb"": 2.0026969072194862e-17, ""speaker"": 0.10849428771855998, ""ced"": 0.25888660571005884, ""egemaps"": 0.0}"
bvcc,4,singleton,9,895,whisper+contentvec12+wavlm+beats+auditory_erb+speaker+rmvpe_cont+ced+egemaps,0.2611995672412354,0.2652028341005677,0.2595480847941535,35,995,"{""whisper"": 0.19947148401557432, ""contentvec12"": 0.06937363705032548, ""wavlm"": 0.21507443263684378, ""beats"": 0.14870177534470233, ""auditory_erb"": 0.0, ""speaker"": 0.10849172871889809, ""rmvpe_cont"": 0.0, ""ced"": 0.25888694223365594, ""egemaps"": 0.0}"
bvcc,4,singleton,10,1023,whisper+contentvec12+wavlm+beats+auditory_erb+speaker+rmvpe_cont+rmvpe_quant+ced+egemaps,0.2611995672413285,0.2652028345152322,0.2595480884091731,35,995,"{""whisper"": 0.19947137301178852, ""contentvec12"": 0.06937367906086192, ""wavlm"": 0.21507445846923373, ""beats"": 0.14870178278538276, ""auditory_erb"": 0.0, ""speaker"": 0.10849175680570078, ""rmvpe_cont"": 0.0, ""rmvpe_quant"": 1.1007193149569631e-18, ""ced"": 0.2588869498670322, ""egemaps"": 0.0}"
bvcc,4,inner_search,1,256,ced,0.3499919720763981,0.355782962304597,0.3538509225578727,35,995,"{""ced"": 1.0}"
bvcc,4,inner_search,2,260,wavlm+ced,0.2866523090923079,0.292246713493852,0.2984596566263268,35,995,"{""wavlm"": 0.46875548225409963, ""ced"": 0.5312445177459003}"
bvcc,4,inner_search,3,261,whisper+wavlm+ced,0.2703882496412597,0.2746742306532619,0.2714787779653779,35,995,"{""whisper"": 0.25997317279366766, ""wavlm"": 0.3196681601486104, ""ced"": 0.420358667057722}"
bvcc,4,inner_search,4,269,whisper+wavlm+beats+ced,0.2645241503836957,0.2684415365366456,0.263796257192927,35,995,"{""whisper"": 0.23603145828340802, ""wavlm"": 0.2801706296569392, ""beats"": 0.17319520624617366, ""ced"": 0.31060270581347915}"
bvcc,4,inner_search,5,301,whisper+wavlm+beats+speaker+ced,0.2620760658161074,0.2660413894975793,0.2608658084564014,35,995,"{""whisper"": 0.21351652561101173, ""wavlm"": 0.2496965624107742, ""beats"": 0.15436275678686653, ""speaker"": 0.11985435757730564, ""ced"": 0.262569797614042}"
bvcc,4,inner_search,6,303,whisper+contentvec12+wavlm+beats+speaker+ced,0.2611995671216249,0.2652028002438912,0.2595480381689115,35,995,"{""whisper"": 0.1994728340784828, ""contentvec12"": 0.06938010738590893, ""wavlm"": 0.21507635414670068, ""beats"": 0.14871598959018661, ""speaker"": 0.108468160384328, ""ced"": 0.25888655441439307}"
bvcc,4,inner_search,7,431,whisper+contentvec12+wavlm+beats+speaker+rmvpe_quant+ced,0.2611995671236054,0.2652027992046462,0.2595479736856877,35,995,"{""whisper"": 0.1994735058161646, ""contentvec12"": 0.06938204586970159, ""wavlm"": 0.21507391743681767, ""beats"": 0.1487157736435556, ""speaker"": 0.1084661978665909, ""rmvpe_quant"": 0.0, ""ced"": 0.2588885593671698}"
bvcc,4,inner_search,8,831,whisper+contentvec12+wavlm+beats+auditory_erb+speaker+ced+egemaps,0.2611995672682751,0.2652028352233207,0.2595480763112017,35,995,"{""whisper"": 0.1994718279996992, ""contentvec12"": 0.06937247567454366, ""wavlm"": 0.21507435642304787, ""beats"": 0.14870044647409056, ""auditory_erb"": 2.0026969072194862e-17, ""speaker"": 0.10849428771855998, ""ced"": 0.25888660571005884, ""egemaps"": 0.0}"
bvcc,4,inner_search,9,895,whisper+contentvec12+wavlm+beats+auditory_erb+speaker+rmvpe_cont+ced+egemaps,0.2611995672412354,0.2652028341005677,0.2595480847941535,35,995,"{""whisper"": 0.19947148401557432, ""contentvec12"": 0.06937363705032548, ""wavlm"": 0.21507443263684378, ""beats"": 0.14870177534470233, ""auditory_erb"": 0.0, ""speaker"": 0.10849172871889809, ""rmvpe_cont"": 0.0, ""ced"": 0.25888694223365594, ""egemaps"": 0.0}"
bvcc,4,inner_search,10,1023,whisper+contentvec12+wavlm+beats+auditory_erb+speaker+rmvpe_cont+rmvpe_quant+ced+egemaps,0.2611995672413285,0.2652028345152322,0.2595480884091731,35,995,"{""whisper"": 0.19947137301178852, ""contentvec12"": 0.06937367906086192, ""wavlm"": 0.21507445846923373, ""beats"": 0.14870178278538276, ""auditory_erb"": 0.0, ""speaker"": 0.10849175680570078, ""rmvpe_cont"": 0.0, ""rmvpe_quant"": 1.1007193149569631e-18, ""ced"": 0.2588869498670322, ""egemaps"": 0.0}"
singmos,0,gate,1,512,egemaps,0.4999488238816341,0.5006491744831706,0.4393723222741539,7,442,"{""egemaps"": 1.0}"
singmos,0,gate,2,516,wavlm+egemaps,0.4502322268442167,0.4499408677387816,0.3919542741744307,7,442,"{""wavlm"": 0.390355646956539, ""egemaps"": 0.609644353043461}"
singmos,0,gate,3,772,wavlm+ced+egemaps,0.4365829282372244,0.4363128530906405,0.357207169471921,7,442,"{""wavlm"": 0.3069411242381024, ""ced"": 0.25508087159835313, ""egemaps"": 0.43797800416354454}"
singmos,0,gate,4,804,wavlm+speaker+ced+egemaps,0.4340163055695766,0.43380860927658,0.358308529140487,7,442,"{""wavlm"": 0.28836342539970516, ""speaker"": 0.11150705991977877, ""ced"": 0.21847999635198795, ""egemaps"": 0.38164951832852817}"
singmos,0,gate,5,805,whisper+wavlm+speaker+ced+egemaps,0.4310605574198431,0.4308177779726859,0.3472684647206579,7,442,"{""whisper"": 0.07282311267110009, ""wavlm"": 0.26269824629604654, ""speaker"": 0.10611456260566954, ""ced"": 0.19915853624127366, ""egemaps"": 0.3592055421859103}"
singmos,0,gate,6,807,whisper+contentvec12+wavlm+speaker+ced+egemaps,0.4289367058277141,0.4287255682806179,0.3463082725020842,7,442,"{""whisper"": 0.06449130297814491, ""contentvec12"": 0.0664636658714065, ""wavlm"": 0.24313720613592865, ""speaker"": 0.09680049559436901, ""ced"": 0.19124277124658778, ""egemaps"": 0.33786455817356315}"
singmos,0,gate,7,815,whisper+contentvec12+wavlm+beats+speaker+ced+egemaps,0.4282727873419816,0.428096122278386,0.3408994328309875,7,442,"{""whisper"": 0.06203948309327624, ""contentvec12"": 0.06367883809082044, ""wavlm"": 0.2373556658054234, ""beats"": 0.04941025315806052, ""speaker"": 0.08902486702090381, ""ced"": 0.17175846243204806, ""egemaps"": 0.32673243039946753}"
singmos,0,gate,8,943,whisper+contentvec12+wavlm+beats+speaker+rmvpe_quant+ced+egemaps,0.4281660620327845,0.4279953956411052,0.3414953641663943,7,442,"{""whisper"": 0.0633176534564194, ""contentvec12"": 0.06191515272917079, ""wavlm"": 0.23588714893867746, ""beats"": 0.04851631689258339, ""speaker"": 0.0840475050659226, ""rmvpe_quant"": 0.018341068963853215, ""ced"": 0.1679388681191032, ""egemaps"": 0.32003628583427}"
singmos,0,gate,9,1007,whisper+contentvec12+wavlm+beats+speaker+rmvpe_cont+rmvpe_quant+ced+egemaps,0.4281660596770368,0.4279955047151265,0.3414984621981214,7,442,"{""whisper"": 0.06331621299640525, ""contentvec12"": 0.06192390652013154, ""wavlm"": 0.23583224100732347, ""beats"": 0.0485011310368462, ""speaker"": 0.0841367217271765, ""rmvpe_cont"": 2.0947124785598847e-18, ""rmvpe_quant"": 0.018298540157647696, ""ced"": 0.16793024425213376, ""egemaps"": 0.3200610023023357}"
singmos,0,gate,10,1023,whisper+contentvec12+wavlm+beats+auditory_erb+speaker+rmvpe_cont+rmvpe_quant+ced+egemaps,0.4281660596760977,0.4279955056151902,0.3414983818542378,7,442,"{""whisper"": 0.06331644135236096, ""contentvec12"": 0.061923504969720815, ""wavlm"": 0.23583184244656194, ""beats"": 0.048501633964968885, ""auditory_erb"": 0.0, ""speaker"": 0.08413633540471342, ""rmvpe_cont"": 1.1911400820763599e-19, ""rmvpe_quant"": 0.018298707575725433, ""ced"": 0.167930151563461, ""egemaps"": 0.3200613827224876}"
singmos,0,shapley,1,512,egemaps,0.4999488238816341,0.5006491744831706,0.4393723222741539,7,442,"{""egemaps"": 1.0}"
singmos,0,shapley,2,516,wavlm+egemaps,0.4502322268442167,0.4499408677387816,0.3919542741744307,7,442,"{""wavlm"": 0.390355646956539, ""egemaps"": 0.609644353043461}"
singmos,0,shapley,3,772,wavlm+ced+egemaps,0.4365829282372244,0.4363128530906405,0.357207169471921,7,442,"{""wavlm"": 0.3069411242381024, ""ced"": 0.25508087159835313, ""egemaps"": 0.43797800416354454}"
singmos,0,shapley,4,804,wavlm+speaker+ced+egemaps,0.4340163055695766,0.43380860927658,0.358308529140487,7,442,"{""wavlm"": 0.28836342539970516, ""speaker"": 0.11150705991977877, ""ced"": 0.21847999635198795, ""egemaps"": 0.38164951832852817}"
singmos,0,shapley,5,868,wavlm+speaker+rmvpe_cont+ced+egemaps,0.4340163055698505,0.4338086100023938,0.3583086336080461,7,442,"{""wavlm"": 0.2883635326824205, ""speaker"": 0.1115076583117594, ""rmvpe_cont"": 5.807469644612297e-19, ""ced"": 0.2184788328699648, ""egemaps"": 0.38164997613585533}"
singmos,0,shapley,6,876,wavlm+beats+speaker+rmvpe_cont+ced+egemaps,0.4328988783097133,0.4327472156025073,0.3504017579065038,7,442,"{""wavlm"": 0.2785704305461835, ""beats"": 0.06370967019228926, ""speaker"": 0.10071521071893524, ""rmvpe_cont"": 0.0, ""ced"": 0.19197266804918253, ""egemaps"": 0.36503202049340955}"
singmos,0,shapley,7,892,wavlm+beats+auditory_erb+speaker+rmvpe_cont+ced+egemaps,0.4328988783086478,0.4327472108223,0.3504018306895792,7,442,"{""wavlm"": 0.2785735203781174, ""beats"": 0.06371013667096616, ""auditory_erb"": 6.70400107972177e-19, ""speaker"": 0.10071543973675849, ""rmvpe_cont"": 9.479092773163672e-19, ""ced"": 0.1919706585429317, ""egemaps"": 0.3650302446712263}"
singmos,0,shapley,8,1020,wavlm+beats+auditory_erb+speaker+rmvpe_cont+rmvpe_quant+ced+egemaps,0.4327686284875012,0.4326246941795403,0.3511514343667634,7,442,"{""wavlm"": 0.27676147567935566, ""beats"": 0.06266084903297192, ""auditory_erb"": 4.980130213381659e-18, ""speaker"": 0.09519619073506701, ""rmvpe_cont"": 1.178646346104359e-18, ""rmvpe_quant"": 0.02001644276454712, ""ced"": 0.1878809395823426, ""egemaps"": 0.3574841022057157}"
singmos,0,shapley,9,1022,contentvec12+wavlm+beats+auditory_erb+speaker+rmvpe_cont+rmvpe_quant+ced+egemaps,0.430331676259454,0.430190889612619,0.3491693096745101,7,442,"{""contentvec12"": 0.07120756875347303, ""wavlm"": 0.25472653887075436, ""beats"": 0.05511135063220982, ""auditory_erb"": 2.0858186326137146e-19, ""speaker"": 0.08845034401711618, ""rmvpe_cont"": 4.958319114989861e-19, ""rmvpe_quant"": 0.01081249132426989, ""ced"": 0.18225649678304548, ""egemaps"": 0.33743520961913126}"
singmos,0,shapley,10,1023,whisper+contentvec12+wavlm+beats+auditory_erb+speaker+rmvpe_cont+rmvpe_quant+ced+egemaps,0.4281660596760977,0.4279955056151902,0.3414983818542378,7,442,"{""whisper"": 0.06331644135236096, ""contentvec12"": 0.061923504969720815, ""wavlm"": 0.23583184244656194, ""beats"": 0.048501633964968885, ""auditory_erb"": 0.0, ""speaker"": 0.08413633540471342, ""rmvpe_cont"": 1.1911400820763599e-19, ""rmvpe_quant"": 0.018298707575725433, ""ced"": 0.167930151563461, ""egemaps"": 0.3200613827224876}"
singmos,0,singleton,1,512,egemaps,0.4999488238816341,0.5006491744831706,0.4393723222741539,7,442,"{""egemaps"": 1.0}"
singmos,0,singleton,2,768,ced+egemaps,0.4629384498663886,0.4631796134727637,0.3701861590029121,7,442,"{""ced"": 0.38893314851428235, ""egemaps"": 0.6110668514857176}"
singmos,0,singleton,3,772,wavlm+ced+egemaps,0.4365829282372244,0.4363128530906405,0.357207169471921,7,442,"{""wavlm"": 0.3069411242381024, ""ced"": 0.25508087159835313, ""egemaps"": 0.43797800416354454}"
singmos,0,singleton,4,804,wavlm+speaker+ced+egemaps,0.4340163055695766,0.43380860927658,0.358308529140487,7,442,"{""wavlm"": 0.28836342539970516, ""speaker"": 0.11150705991977877, ""ced"": 0.21847999635198795, ""egemaps"": 0.38164951832852817}"
singmos,0,singleton,5,868,wavlm+speaker+rmvpe_cont+ced+egemaps,0.4340163055698505,0.4338086100023938,0.3583086336080461,7,442,"{""wavlm"": 0.2883635326824205, ""speaker"": 0.1115076583117594, ""rmvpe_cont"": 5.807469644612297e-19, ""ced"": 0.2184788328699648, ""egemaps"": 0.38164997613585533}"
singmos,0,singleton,6,884,wavlm+auditory_erb+speaker+rmvpe_cont+ced+egemaps,0.4340163055709737,0.4338086118881548,0.3583086834282457,7,442,"{""wavlm"": 0.2883628978621001, ""auditory_erb"": 6.083390627180385e-18, ""speaker"": 0.11150634911044296, ""rmvpe_cont"": 0.0, ""ced"": 0.2184783188887469, ""egemaps"": 0.38165243413871003}"
singmos,0,singleton,7,892,wavlm+beats+auditory_erb+speaker+rmvpe_cont+ced+egemaps,0.4328988783086478,0.4327472108223,0.3504018306895792,7,442,"{""wavlm"": 0.2785735203781174, ""beats"": 0.06371013667096616, ""auditory_erb"": 6.70400107972177e-19, ""speaker"": 0.10071543973675849, ""rmvpe_cont"": 9.479092773163672e-19, ""ced"": 0.1919706585429317, ""egemaps"": 0.3650302446712263}"
singmos,0,singleton,8,1020,wavlm+beats+auditory_erb+speaker+rmvpe_cont+rmvpe_quant+ced+egemaps,0.4327686284875012,0.4326246941795403,0.3511514343667634,7,442,"{""wavlm"": 0.27676147567935566, ""beats"": 0.06266084903297192, ""auditory_erb"": 4.980130213381659e-18, ""speaker"": 0.09519619073506701, ""rmvpe_cont"": 1.178646346104359e-18, ""rmvpe_quant"": 0.02001644276454712, ""ced"": 0.1878809395823426, ""egemaps"": 0.3574841022057157}"
singmos,0,singleton,9,1022,contentvec12+wavlm+beats+auditory_erb+speaker+rmvpe_cont+rmvpe_quant+ced+egemaps,0.430331676259454,0.430190889612619,0.3491693096745101,7,442,"{""contentvec12"": 0.07120756875347303, ""wavlm"": 0.25472653887075436, ""beats"": 0.05511135063220982, ""auditory_erb"": 2.0858186326137146e-19, ""speaker"": 0.08845034401711618, ""rmvpe_cont"": 4.958319114989861e-19, ""rmvpe_quant"": 0.01081249132426989, ""ced"": 0.18225649678304548, ""egemaps"": 0.33743520961913126}"
singmos,0,singleton,10,1023,whisper+contentvec12+wavlm+beats+auditory_erb+speaker+rmvpe_cont+rmvpe_quant+ced+egemaps,0.4281660596760977,0.4279955056151902,0.3414983818542378,7,442,"{""whisper"": 0.06331644135236096, ""contentvec12"": 0.061923504969720815, ""wavlm"": 0.23583184244656194, ""beats"": 0.048501633964968885, ""auditory_erb"": 0.0, ""speaker"": 0.08413633540471342, ""rmvpe_cont"": 1.1911400820763599e-19, ""rmvpe_quant"": 0.018298707575725433, ""ced"": 0.167930151563461, ""egemaps"": 0.3200613827224876}"
singmos,0,inner_search,1,512,egemaps,0.4999488238816341,0.5006491744831706,0.4393723222741539,7,442,"{""egemaps"": 1.0}"
singmos,0,inner_search,2,516,wavlm+egemaps,0.4502322268442167,0.4499408677387816,0.3919542741744307,7,442,"{""wavlm"": 0.390355646956539, ""egemaps"": 0.609644353043461}"
singmos,0,inner_search,3,772,wavlm+ced+egemaps,0.4365829282372244,0.4363128530906405,0.357207169471921,7,442,"{""wavlm"": 0.3069411242381024, ""ced"": 0.25508087159835313, ""egemaps"": 0.43797800416354454}"
singmos,0,inner_search,4,774,contentvec12+wavlm+ced+egemaps,0.4332665194490186,0.4330308613604249,0.3540517285805484,7,442,"{""contentvec12"": 0.08192214563512608, ""wavlm"": 0.27717172020672015, ""ced"": 0.23858135186881085, ""egemaps"": 0.402324782289343}"
singmos,0,inner_search,5,775,whisper+contentvec12+wavlm+ced+egemaps,0.4308509278975907,0.4305973907009325,0.3441946984651032,7,442,"{""whisper"": 0.06639663266053179, ""contentvec12"": 0.07222556941076237, ""wavlm"": 0.2564862317828423, ""ced"": 0.22129914556142685, ""egemaps"": 0.38359242058443666}"
singmos,0,inner_search,6,807,whisper+contentvec12+wavlm+speaker+ced+egemaps,0.4289367058277141,0.4287255682806179,0.3463082725020842,7,442,"{""whisper"": 0.06449130297814491, ""contentvec12"": 0.0664636658714065, ""wavlm"": 0.24313720613592865, ""speaker"": 0.09680049559436901, ""ced"": 0.19124277124658778, ""egemaps"": 0.33786455817356315}"
singmos,0,inner_search,7,815,whisper+contentvec12+wavlm+beats+speaker+ced+egemaps,0.4282727873419816,0.428096122278386,0.3408994328309875,7,442,"{""whisper"": 0.06203948309327624, ""contentvec12"": 0.06367883809082044, ""wavlm"": 0.2373556658054234, ""beats"": 0.04941025315806052, ""speaker"": 0.08902486702090381, ""ced"": 0.17175846243204806, ""egemaps"": 0.32673243039946753}"
singmos,0,inner_search,8,943,whisper+contentvec12+wavlm+beats+speaker+rmvpe_quant+ced+egemaps,0.4281660620327845,0.4279953956411052,0.3414953641663943,7,442,"{""whisper"": 0.0633176534564194, ""contentvec12"": 0.06191515272917079, ""wavlm"": 0.23588714893867746, ""beats"": 0.04851631689258339, ""speaker"": 0.0840475050659226, ""rmvpe_quant"": 0.018341068963853215, ""ced"": 0.1679388681191032, ""egemaps"": 0.32003628583427}"
singmos,0,inner_search,9,959,whisper+contentvec12+wavlm+beats+auditory_erb+speaker+rmvpe_quant+ced+egemaps,0.4281660596746651,0.4279955054922696,0.3414983225084734,7,442,"{""whisper"": 0.06331654204175394, ""contentvec12"": 0.06192327610824975, ""wavlm"": 0.2358320333019143, ""beats"": 0.04850207855883338, ""auditory_erb"": 0.0, ""speaker"": 0.0841353141906464, ""rmvpe_quant"": 0.018299056579454093, ""ced"": 0.1679299858022856, ""egemaps"": 0.3200617134168625}"
singmos,0,inner_search,10,1023,whisper+contentvec12+wavlm+beats+auditory_erb+speaker+rmvpe_cont+rmvpe_quant+ced+egemaps,0.4281660596760977,0.4279955056151902,0.3414983818542378,7,442,"{""whisper"": 0.06331644135236096, ""contentvec12"": 0.061923504969720815, ""wavlm"": 0.23583184244656194, ""beats"": 0.048501633964968885, ""auditory_erb"": 0.0, ""speaker"": 0.08413633540471342, ""rmvpe_cont"": 1.1911400820763599e-19, ""rmvpe_quant"": 0.018298707575725433, ""ced"": 0.167930151563461, ""egemaps"": 0.3200613827224876}"
singmos,1,gate,1,256,ced,0.4523990592870101,0.4532044549221176,0.5433520077224209,6,390,"{""ced"": 1.0}"
singmos,1,gate,2,264,beats+ced,0.412293318545457,0.4123623910199983,0.4729800992678492,6,390,"{""beats"": 0.32721502246332207, ""ced"": 0.6727849775366779}"
singmos,1,gate,3,776,beats+ced+egemaps,0.3908303025682491,0.391168707665056,0.4179080497835222,6,390,"{""beats"": 0.2303139613026869, ""ced"": 0.4661673526442487, ""egemaps"": 0.3035186860530645}"
singmos,1,gate,4,780,wavlm+beats+ced+egemaps,0.3800488479198833,0.3811128141512028,0.391144606222902,6,390,"{""wavlm"": 0.19414516155559436, ""beats"": 0.18999816393923805, ""ced"": 0.3934282857073747, ""egemaps"": 0.22242838879779303}"
singmos,1,gate,5,781,whisper+wavlm+beats+ced+egemaps,0.3780343410500951,0.379155317933117,0.3838552180072058,6,390,"{""whisper"": 0.06652119203167327, ""wavlm"": 0.17318559854834178, ""beats"": 0.1767965895080105, ""ced"": 0.37769466552090825, ""egemaps"": 0.20580195439106622}"
singmos,1,gate,6,909,whisper+wavlm+beats+rmvpe_quant+ced+egemaps,0.376747919723749,0.3780885118482573,0.3910210812585388,6,390,"{""whisper"": 0.0628019651693375, ""wavlm"": 0.16569886938165784, ""beats"": 0.1695263099356629, ""rmvpe_quant"": 0.0629757845935009, ""ced"": 0.36493489127880135, ""egemaps"": 0.17406217964103954}"
singmos,1,gate,7,911,whisper+contentvec12+wavlm+beats+rmvpe_quant+ced+egemaps,0.3763804272774542,0.3776913393639666,0.387932928600291,6,390,"{""whisper"": 0.06048577220041901, ""contentvec12"": 0.027445706525490554, ""wavlm"": 0.15637502307316553, ""beats"": 0.16774619041520333, ""rmvpe_quant"": 0.059841795406337786, ""ced"": 0.36162442016673013, ""egemaps"": 0.16648109221265367}"
singmos,1,gate,8,927,whisper+contentvec12+wavlm+beats+auditory_erb+rmvpe_quant+ced+egemaps,0.3763804272809651,0.3776913461311167,0.3879324296395502,6,390,"{""whisper"": 0.060486023962445186, ""contentvec12"": 0.027444988351703888, ""wavlm"": 0.1563778774588185, ""beats"": 0.16774468899399275, ""auditory_erb"": 2.0557489629861865e-18, ""rmvpe_quant"": 0.059840601664150006, ""ced"": 0.36162306907634184, ""egemaps"": 0.1664827504925477}"
singmos,1,gate,9,959,whisper+contentvec12+wavlm+beats+auditory_erb+speaker+rmvpe_quant+ced+egemaps,0.3763804272944944,0.3776913507304147,0.3879327909294516,6,390,"{""whisper"": 0.06048497094862821, ""contentvec12"": 0.027444330281656323, ""wavlm"": 0.15638062953242018, ""beats"": 0.167741794080819, ""auditory_erb"": 1.3897560733176924e-18, ""speaker"": 6.809350802536524e-19, ""rmvpe_quant"": 0.059838945337405046, ""ced"": 0.36162846861753095, ""egemaps"": 0.1664808612015402}"
singmos,1,gate,10,1023,whisper+contentvec12+wavlm+beats+auditory_erb+speaker+rmvpe_cont+rmvpe_quant+ced+egemaps,0.3763804272828238,0.3776913387243287,0.3879323271082788,6,390,"{""whisper"": 0.06048608478060511, ""contentvec12"": 0.02744689947296102, ""wavlm"": 0.15637719513612164, ""beats"": 0.16774460082340625, ""auditory_erb"": 2.8425896314262285e-19, ""speaker"": 0.0, ""rmvpe_cont"": 0.0, ""rmvpe_quant"": 0.059838969019957534, ""ced"": 0.36162546931895617, ""egemaps"": 0.16648078144799225}"
singmos,1,shapley,1,256,ced,0.4523990592870101,0.4532044549221176,0.5433520077224209,6,390,"{""ced"": 1.0}"
singmos,1,shapley,2,768,ced+egemaps,0.4079019396551085,0.4085018024838637,0.4408759777576559,6,390,"{""ced"": 0.5949083555965063, ""egemaps"": 0.4050916444034937}"
singmos,1,shapley,3,776,beats+ced+egemaps,0.3908303025682491,0.391168707665056,0.4179080497835222,6,390,"{""beats"": 0.2303139613026869, ""ced"": 0.4661673526442487, ""egemaps"": 0.3035186860530645}"
singmos,1,shapley,4,780,wavlm+beats+ced+egemaps,0.3800488479198833,0.3811128141512028,0.391144606222902,6,390,"{""wavlm"": 0.19414516155559436, ""beats"": 0.18999816393923805, ""ced"": 0.3934282857073747, ""egemaps"": 0.22242838879779303}"
singmos,1,shapley,5,796,wavlm+beats+auditory_erb+ced+egemaps,0.3800488479198832,0.3811128141481301,0.3911446058297114,6,390,"{""wavlm"": 0.1941451622393868, ""beats"": 0.1899981677749886, ""auditory_erb"": 2.0261028098322864e-18, ""ced"": 0.3934282819909465, ""egemaps"": 0.22242838799467815}"
singmos,1,shapley,6,828,wavlm+beats+auditory_erb+speaker+ced+egemaps,0.3799963928295388,0.3810666903897802,0.3910051883042116,6,390,"{""wavlm"": 0.19169011225551136, ""beats"": 0.18808592026686421, ""auditory_erb"": 0.0, ""speaker"": 0.01627134983761305, ""ced"": 0.3898462911131355, ""egemaps"": 0.21410632652687597}"
singmos,1,shapley,7,956,wavlm+beats+auditory_erb+speaker+rmvpe_quant+ced+egemaps,0.378534735451036,0.3798268705489127,0.3989082439168404,6,390,"{""wavlm"": 0.18477167166582198, ""beats"": 0.181332507755451, ""auditory_erb"": 1.0947900843261832e-18, ""speaker"": 6.776263578034403e-19, ""rmvpe_quant"": 0.06815517368047022, ""ced"": 0.3786670429466449, ""egemaps"": 0.18707360395161196}"
singmos,1,shapley,8,1020,wavlm+beats+auditory_erb+speaker+rmvpe_cont+rmvpe_quant+ced+egemaps,0.3785347354697583,0.3798268950318505,0.3989072662388126,6,390,"{""wavlm"": 0.18477757135799477, ""beats"": 0.18133336042661083, ""auditory_erb"": 2.7081760906088118e-18, ""speaker"": 3.037460148853921e-18, ""rmvpe_cont"": 0.0, ""rmvpe_quant"": 0.06815719584332651, ""ced"": 0.37865882202739937, ""egemaps"": 0.18707305034466867}"
singmos,1,shapley,9,1021,whisper+wavlm+beats+auditory_erb+speaker+rmvpe_cont+rmvpe_quant+ced+egemaps,0.3767479197362969,0.3780885078060578,0.3910206764717243,6,390,"{""whisper"": 0.06280272038129778, ""wavlm"": 0.16569992877004514, ""beats"": 0.16952243445581444, ""auditory_erb"": 0.0, ""speaker"": 2.8358663074073975e-18, ""rmvpe_cont"": 0.0, ""rmvpe_quant"": 0.06297207536851035, ""ced"": 0.36493817884038515, ""egemaps"": 0.17406466218394714}"
singmos,1,shapley,10,1023,whisper+contentvec12+wavlm+beats+auditory_erb+speaker+rmvpe_cont+rmvpe_quant+ced+egemaps,0.3763804272828238,0.3776913387243287,0.3879323271082788,6,390,"{""whisper"": 0.06048608478060511, ""contentvec12"": 0.02744689947296102, ""wavlm"": 0.15637719513612164, ""beats"": 0.16774460082340625, ""auditory_erb"": 2.8425896314262285e-19, ""speaker"": 0.0, ""rmvpe_cont"": 0.0, ""rmvpe_quant"": 0.059838969019957534, ""ced"": 0.36162546931895617, ""egemaps"": 0.16648078144799225}"
singmos,1,singleton,1,256,ced,0.4523990592870101,0.4532044549221176,0.5433520077224209,6,390,"{""ced"": 1.0}"
singmos,1,singleton,2,768,ced+egemaps,0.4079019396551085,0.4085018024838637,0.4408759777576559,6,390,"{""ced"": 0.5949083555965063, ""egemaps"": 0.4050916444034937}"
singmos,1,singleton,3,772,wavlm+ced+egemaps,0.3911292958215608,0.392628590401394,0.4038455815011138,6,390,"{""wavlm"": 0.23648336354768262, ""ced"": 0.4788564952630596, ""egemaps"": 0.2846601411892578}"
singmos,1,singleton,4,788,wavlm+auditory_erb+ced+egemaps,0.3910729047967395,0.3925993633145682,0.4053822114546966,6,390,"{""wavlm"": 0.23428662461431968, ""auditory_erb"": 0.020209859242297488, ""ced"": 0.4758936661509375, ""egemaps"": 0.26960984999244536}"
singmos,1,singleton,5,796,wavlm+beats+auditory_erb+ced+egemaps,0.3800488479198832,0.3811128141481301,0.3911446058297114,6,390,"{""wavlm"": 0.1941451622393868, ""beats"": 0.1899981677749886, ""auditory_erb"": 2.0261028098322864e-18, ""ced"": 0.3934282819909465, ""egemaps"": 0.22242838799467815}"
singmos,1,singleton,6,828,wavlm+beats+auditory_erb+speaker+ced+egemaps,0.3799963928295388,0.3810666903897802,0.3910051883042116,6,390,"{""wavlm"": 0.19169011225551136, ""beats"": 0.18808592026686421, ""auditory_erb"": 0.0, ""speaker"": 0.01627134983761305, ""ced"": 0.3898462911131355, ""egemaps"": 0.21410632652687597}"
singmos,1,singleton,7,892,wavlm+beats+auditory_erb+speaker+rmvpe_cont+ced+egemaps,0.379996392838944,0.3810667120597047,0.3910047746506511,6,390,"{""wavlm"": 0.19169492275994576, ""beats"": 0.18808242733570052, ""auditory_erb"": 1.780039738654912e-18, ""speaker"": 0.01627562139402286, ""rmvpe_cont"": 6.009698760769261e-19, ""ced"": 0.3898446757679151, ""egemaps"": 0.21410235274241582}"
singmos,1,singleton,8,1020,wavlm+beats+auditory_erb+speaker+rmvpe_cont+rmvpe_quant+ced+egemaps,0.3785347354697583,0.3798268950318505,0.3989072662388126,6,390,"{""wavlm"": 0.18477757135799477, ""beats"": 0.18133336042661083, ""auditory_erb"": 2.7081760906088118e-18, ""speaker"": 3.037460148853921e-18, ""rmvpe_cont"": 0.0, ""rmvpe_quant"": 0.06815719584332651, ""ced"": 0.37865882202739937, ""egemaps"": 0.18707305034466867}"
singmos,1,singleton,9,1021,whisper+wavlm+beats+auditory_erb+speaker+rmvpe_cont+rmvpe_quant+ced+egemaps,0.3767479197362969,0.3780885078060578,0.3910206764717243,6,390,"{""whisper"": 0.06280272038129778, ""wavlm"": 0.16569992877004514, ""beats"": 0.16952243445581444, ""auditory_erb"": 0.0, ""speaker"": 2.8358663074073975e-18, ""rmvpe_cont"": 0.0, ""rmvpe_quant"": 0.06297207536851035, ""ced"": 0.36493817884038515, ""egemaps"": 0.17406466218394714}"
singmos,1,singleton,10,1023,whisper+contentvec12+wavlm+beats+auditory_erb+speaker+rmvpe_cont+rmvpe_quant+ced+egemaps,0.3763804272828238,0.3776913387243287,0.3879323271082788,6,390,"{""whisper"": 0.06048608478060511, ""contentvec12"": 0.02744689947296102, ""wavlm"": 0.15637719513612164, ""beats"": 0.16774460082340625, ""auditory_erb"": 2.8425896314262285e-19, ""speaker"": 0.0, ""rmvpe_cont"": 0.0, ""rmvpe_quant"": 0.059838969019957534, ""ced"": 0.36162546931895617, ""egemaps"": 0.16648078144799225}"
singmos,1,inner_search,1,256,ced,0.4523990592870101,0.4532044549221176,0.5433520077224209,6,390,"{""ced"": 1.0}"
singmos,1,inner_search,2,768,ced+egemaps,0.4079019396551085,0.4085018024838637,0.4408759777576559,6,390,"{""ced"": 0.5949083555965063, ""egemaps"": 0.4050916444034937}"
singmos,1,inner_search,3,268,wavlm+beats+ced,0.3901413278832492,0.3911828042462914,0.413927312554608,6,390,"{""wavlm"": 0.2604012485503843, ""beats"": 0.23841671607976536, ""ced"": 0.5011820353698504}"
singmos,1,inner_search,4,780,wavlm+beats+ced+egemaps,0.3800488479198833,0.3811128141512028,0.391144606222902,6,390,"{""wavlm"": 0.19414516155559436, ""beats"": 0.18999816393923805, ""ced"": 0.3934282857073747, ""egemaps"": 0.22242838879779303}"
singmos,1,inner_search,5,781,whisper+wavlm+beats+ced+egemaps,0.3780343410500951,0.379155317933117,0.3838552180072058,6,390,"{""whisper"": 0.06652119203167327, ""wavlm"": 0.17318559854834178, ""beats"": 0.1767965895080105, ""ced"": 0.37769466552090825, ""egemaps"": 0.20580195439106622}"
singmos,1,inner_search,6,909,whisper+wavlm+beats+rmvpe_quant+ced+egemaps,0.376747919723749,0.3780885118482573,0.3910210812585388,6,390,"{""whisper"": 0.0628019651693375, ""wavlm"": 0.16569886938165784, ""beats"": 0.1695263099356629, ""rmvpe_quant"": 0.0629757845935009, ""ced"": 0.36493489127880135, ""egemaps"": 0.17406217964103954}"
singmos,1,inner_search,7,911,whisper+contentvec12+wavlm+beats+rmvpe_quant+ced+egemaps,0.3763804272774542,0.3776913393639666,0.387932928600291,6,390,"{""whisper"": 0.06048577220041901, ""contentvec12"": 0.027445706525490554, ""wavlm"": 0.15637502307316553, ""beats"": 0.16774619041520333, ""rmvpe_quant"": 0.059841795406337786, ""ced"": 0.36162442016673013, ""egemaps"": 0.16648109221265367}"
singmos,1,inner_search,8,927,whisper+contentvec12+wavlm+beats+auditory_erb+rmvpe_quant+ced+egemaps,0.3763804272809651,0.3776913461311167,0.3879324296395502,6,390,"{""whisper"": 0.060486023962445186, ""contentvec12"": 0.027444988351703888, ""wavlm"": 0.1563778774588185, ""beats"": 0.16774468899399275, ""auditory_erb"": 2.0557489629861865e-18, ""rmvpe_quant"": 0.059840601664150006, ""ced"": 0.36162306907634184, ""egemaps"": 0.1664827504925477}"
singmos,1,inner_search,9,1007,whisper+contentvec12+wavlm+beats+speaker+rmvpe_cont+rmvpe_quant+ced+egemaps,0.3763804272805165,0.3776913366741317,0.3879324717633762,6,390,"{""whisper"": 0.06048656249179583, ""contentvec12"": 0.027446078360237616, ""wavlm"": 0.15637615252134512, ""beats"": 0.16774497342994438, ""speaker"": 1.9391760536203138e-19, ""rmvpe_cont"": 1.1623197860460323e-17, ""rmvpe_quant"": 0.05983931944709479, ""ced"": 0.36162542478332893, ""egemaps"": 0.16648148896625337}"
singmos,1,inner_search,10,1023,whisper+contentvec12+wavlm+beats+auditory_erb+speaker+rmvpe_cont+rmvpe_quant+ced+egemaps,0.3763804272828238,0.3776913387243287,0.3879323271082788,6,390,"{""whisper"": 0.06048608478060511, ""contentvec12"": 0.02744689947296102, ""wavlm"": 0.15637719513612164, ""beats"": 0.16774460082340625, ""auditory_erb"": 2.8425896314262285e-19, ""speaker"": 0.0, ""rmvpe_cont"": 0.0, ""rmvpe_quant"": 0.059838969019957534, ""ced"": 0.36162546931895617, ""egemaps"": 0.16648078144799225}"
singmos,2,gate,1,256,ced,0.4860884719409176,0.4839125208482381,0.4708348351789165,6,390,"{""ced"": 1.0}"
singmos,2,gate,2,768,ced+egemaps,0.4096570084633615,0.4077715498358428,0.4131082527819374,6,390,"{""ced"": 0.4991936507698405, ""egemaps"": 0.5008063492301595}"
singmos,2,gate,3,772,wavlm+ced+egemaps,0.3854599388030025,0.3836044784295917,0.3893159770054158,6,390,"{""wavlm"": 0.2873871038746251, ""ced"": 0.38089344193539676, ""egemaps"": 0.3317194541899781}"
singmos,2,gate,4,780,wavlm+beats+ced+egemaps,0.370998512815348,0.3689585853444839,0.3779042193477003,6,390,"{""wavlm"": 0.23658130007307707, ""beats"": 0.2121228867624521, ""ced"": 0.2688192545497524, ""egemaps"": 0.2824765586147185}"
singmos,2,gate,5,782,contentvec12+wavlm+beats+ced+egemaps,0.3659838309608837,0.3641275599241182,0.3733542171817802,6,390,"{""contentvec12"": 0.09644558299211414, ""wavlm"": 0.20328698506383305, ""beats"": 0.19920334032466505, ""ced"": 0.24889274233263944, ""egemaps"": 0.25217134928674834}"
singmos,2,gate,6,783,whisper+contentvec12+wavlm+beats+ced+egemaps,0.3635179503246692,0.3615223290019483,0.3739415131944544,6,390,"{""whisper"": 0.06896808115309906, ""contentvec12"": 0.08915821092112561, ""wavlm"": 0.1857409991407312, ""beats"": 0.1848861235549096, ""ced"": 0.23327698471275882, ""egemaps"": 0.2379696005173756}"
singmos,2,gate,7,815,whisper+contentvec12+wavlm+beats+speaker+ced+egemaps,0.3634695744795377,0.3615071221760733,0.3733649863516273,6,390,"{""whisper"": 0.06831286245665634, ""contentvec12"": 0.08824007779321486, ""wavlm"": 0.18392894909376797, ""beats"": 0.18353438019506033, ""speaker"": 0.015172618335023343, ""ced"": 0.23049306741044748, ""egemaps"": 0.2303180447158296}"
singmos,2,gate,8,831,whisper+contentvec12+wavlm+beats+auditory_erb+speaker+ced+egemaps,0.3634695744772795,0.3615071211360559,0.3733650620973581,6,390,"{""whisper"": 0.06831315100432467, ""contentvec12"": 0.08824020148819928, ""wavlm"": 0.18392673068957147, ""beats"": 0.18353427480461587, ""auditory_erb"": 0.0, ""speaker"": 0.015172858619515932, ""ced"": 0.23049553020893698, ""egemaps"": 0.2303172531848357}"
singmos,2,gate,9,895,whisper+contentvec12+wavlm+beats+auditory_erb+speaker+rmvpe_cont+ced+egemaps,0.3634695744792058,0.3615071208253017,0.3733650667427946,6,390,"{""whisper"": 0.06831284702578072, ""contentvec12"": 0.08824057473663553, ""wavlm"": 0.183929119233146, ""beats"": 0.1835342198485891, ""auditory_erb"": 0.0, ""speaker"": 0.015171561309489037, ""rmvpe_cont"": 3.8160951856174366e-18, ""ced"": 0.23049455068220295, ""egemaps"": 0.23031712716415675}"
singmos,2,gate,10,1023,whisper+contentvec12+wavlm+beats+auditory_erb+speaker+rmvpe_cont+rmvpe_quant+ced+egemaps,0.3634695745068665,0.361507123812668,0.3733651968686587,6,390,"{""whisper"": 0.06831007678600251, ""contentvec12"": 0.08824397552611303, ""wavlm"": 0.18393300667181267, ""beats"": 0.1835345288248454, ""auditory_erb"": 5.64123942871364e-19, ""speaker"": 0.015166555208619453, ""rmvpe_cont"": 0.0, ""rmvpe_quant"": 0.0, ""ced"": 0.2304967684447568, ""egemaps"": 0.2303150885378503}"
singmos,2,shapley,1,256,ced,0.4860884719409176,0.4839125208482381,0.4708348351789165,6,390,"{""ced"": 1.0}"
singmos,2,shapley,2,768,ced+egemaps,0.4096570084633615,0.4077715498358428,0.4131082527819374,6,390,"{""ced"": 0.4991936507698405, ""egemaps"": 0.5008063492301595}"
singmos,2,shapley,3,772,wavlm+ced+egemaps,0.3854599388030025,0.3836044784295917,0.3893159770054158,6,390,"{""wavlm"": 0.2873871038746251, ""ced"": 0.38089344193539676, ""egemaps"": 0.3317194541899781}"
singmos,2,shapley,4,780,wavlm+beats+ced+egemaps,0.370998512815348,0.3689585853444839,0.3779042193477003,6,390,"{""wavlm"": 0.23658130007307707, ""beats"": 0.2121228867624521, ""ced"": 0.2688192545497524, ""egemaps"": 0.2824765586147185}"
singmos,2,shapley,5,812,wavlm+beats+speaker+ced+egemaps,0.3706909960173742,0.368731089824899,0.3766095167281177,6,390,"{""wavlm"": 0.23082089449308965, ""beats"": 0.20797813734121162, ""speaker"": 0.03796656230174585, ""ced"": 0.2613297903148072, ""egemaps"": 0.26190461554914574}"
singmos,2,shapley,6,828,wavlm+beats+auditory_erb+speaker+ced+egemaps,0.3706909960338567,0.3687310854879784,0.3766093465410237,6,390,"{""wavlm"": 0.23082665544835965, ""beats"": 0.20797898159747805, ""auditory_erb"": 8.624489468943286e-18, ""speaker"": 0.03796460538618691, ""ced"": 0.26132298400530596, ""egemaps"": 0.26190677356266956}"
singmos,2,shapley,7,892,wavlm+beats+auditory_erb+speaker+rmvpe_cont+ced+egemaps,0.3706909960177974,0.3687310894112167,0.376609482288775,6,390,"{""wavlm"": 0.23082172630176573, ""beats"": 0.20797837697439212, ""auditory_erb"": 0.0, ""speaker"": 0.03796643258551127, ""rmvpe_cont"": 0.0, ""ced"": 0.26132856377414926, ""egemaps"": 0.2619049003641817}"
singmos,2,shapley,8,894,contentvec12+wavlm+beats+auditory_erb+speaker+rmvpe_cont+ced+egemaps,0.3658774509688374,0.3640662447402904,0.3725911229915911,6,390,"{""contentvec12"": 0.09499433859797556, ""wavlm"": 0.20038469915157664, ""beats"": 0.19694710636024923, ""auditory_erb"": 1.5602492472212022e-17, ""speaker"": 0.022447846634823968, ""rmvpe_cont"": 0.0, ""ced"": 0.24476229384073184, ""egemaps"": 0.2404637154146428}"
singmos,2,shapley,9,895,whisper+contentvec12+wavlm+beats+auditory_erb+speaker+rmvpe_cont+ced+egemaps,0.3634695744792058,0.3615071208253017,0.3733650667427946,6,390,"{""whisper"": 0.06831284702578072, ""contentvec12"": 0.08824057473663553, ""wavlm"": 0.183929119233146, ""beats"": 0.1835342198485891, ""auditory_erb"": 0.0, ""speaker"": 0.015171561309489037, ""rmvpe_cont"": 3.8160951856174366e-18, ""ced"": 0.23049455068220295, ""egemaps"": 0.23031712716415675}"
singmos,2,shapley,10,1023,whisper+contentvec12+wavlm+beats+auditory_erb+speaker+rmvpe_cont+rmvpe_quant+ced+egemaps,0.3634695745068665,0.361507123812668,0.3733651968686587,6,390,"{""whisper"": 0.06831007678600251, ""contentvec12"": 0.08824397552611303, ""wavlm"": 0.18393300667181267, ""beats"": 0.1835345288248454, ""auditory_erb"": 5.64123942871364e-19, ""speaker"": 0.015166555208619453, ""rmvpe_cont"": 0.0, ""rmvpe_quant"": 0.0, ""ced"": 0.2304967684447568, ""egemaps"": 0.2303150885378503}"
singmos,2,singleton,1,512,egemaps,0.485597014749729,0.4826461739797312,0.4687458030213053,6,390,"{""egemaps"": 1.0}"
singmos,2,singleton,2,768,ced+egemaps,0.4096570084633615,0.4077715498358428,0.4131082527819374,6,390,"{""ced"": 0.4991936507698405, ""egemaps"": 0.5008063492301595}"
singmos,2,singleton,3,772,wavlm+ced+egemaps,0.3854599388030025,0.3836044784295917,0.3893159770054158,6,390,"{""wavlm"": 0.2873871038746251, ""ced"": 0.38089344193539676, ""egemaps"": 0.3317194541899781}"
singmos,2,singleton,4,780,wavlm+beats+ced+egemaps,0.370998512815348,0.3689585853444839,0.3779042193477003,6,390,"{""wavlm"": 0.23658130007307707, ""beats"": 0.2121228867624521, ""ced"": 0.2688192545497524, ""egemaps"": 0.2824765586147185}"
singmos,2,singleton,5,812,wavlm+beats+speaker+ced+egemaps,0.3706909960173742,0.368731089824899,0.3766095167281177,6,390,"{""wavlm"": 0.23082089449308965, ""beats"": 0.20797813734121162, ""speaker"": 0.03796656230174585, ""ced"": 0.2613297903148072, ""egemaps"": 0.26190461554914574}"
singmos,2,singleton,6,828,wavlm+beats+auditory_erb+speaker+ced+egemaps,0.3706909960338567,0.3687310854879784,0.3766093465410237,6,390,"{""wavlm"": 0.23082665544835965, ""beats"": 0.20797898159747805, ""auditory_erb"": 8.624489468943286e-18, ""speaker"": 0.03796460538618691, ""ced"": 0.26132298400530596, ""egemaps"": 0.26190677356266956}"
singmos,2,singleton,7,892,wavlm+beats+auditory_erb+speaker+rmvpe_cont+ced+egemaps,0.3706909960177974,0.3687310894112167,0.376609482288775,6,390,"{""wavlm"": 0.23082172630176573, ""beats"": 0.20797837697439212, ""auditory_erb"": 0.0, ""speaker"": 0.03796643258551127, ""rmvpe_cont"": 0.0, ""ced"": 0.26132856377414926, ""egemaps"": 0.2619049003641817}"
singmos,2,singleton,8,894,contentvec12+wavlm+beats+auditory_erb+speaker+rmvpe_cont+ced+egemaps,0.3658774509688374,0.3640662447402904,0.3725911229915911,6,390,"{""contentvec12"": 0.09499433859797556, ""wavlm"": 0.20038469915157664, ""beats"": 0.19694710636024923, ""auditory_erb"": 1.5602492472212022e-17, ""speaker"": 0.022447846634823968, ""rmvpe_cont"": 0.0, ""ced"": 0.24476229384073184, ""egemaps"": 0.2404637154146428}"
singmos,2,singleton,9,895,whisper+contentvec12+wavlm+beats+auditory_erb+speaker+rmvpe_cont+ced+egemaps,0.3634695744792058,0.3615071208253017,0.3733650667427946,6,390,"{""whisper"": 0.06831284702578072, ""contentvec12"": 0.08824057473663553, ""wavlm"": 0.183929119233146, ""beats"": 0.1835342198485891, ""auditory_erb"": 0.0, ""speaker"": 0.015171561309489037, ""rmvpe_cont"": 3.8160951856174366e-18, ""ced"": 0.23049455068220295, ""egemaps"": 0.23031712716415675}"
singmos,2,singleton,10,1023,whisper+contentvec12+wavlm+beats+auditory_erb+speaker+rmvpe_cont+rmvpe_quant+ced+egemaps,0.3634695745068665,0.361507123812668,0.3733651968686587,6,390,"{""whisper"": 0.06831007678600251, ""contentvec12"": 0.08824397552611303, ""wavlm"": 0.18393300667181267, ""beats"": 0.1835345288248454, ""auditory_erb"": 5.64123942871364e-19, ""speaker"": 0.015166555208619453, ""rmvpe_cont"": 0.0, ""rmvpe_quant"": 0.0, ""ced"": 0.2304967684447568, ""egemaps"": 0.2303150885378503}"
singmos,2,inner_search,1,512,egemaps,0.485597014749729,0.4826461739797312,0.4687458030213053,6,390,"{""egemaps"": 1.0}"
singmos,2,inner_search,2,768,ced+egemaps,0.4096570084633615,0.4077715498358428,0.4131082527819374,6,390,"{""ced"": 0.4991936507698405, ""egemaps"": 0.5008063492301595}"
singmos,2,inner_search,3,772,wavlm+ced+egemaps,0.3854599388030025,0.3836044784295917,0.3893159770054158,6,390,"{""wavlm"": 0.2873871038746251, ""ced"": 0.38089344193539676, ""egemaps"": 0.3317194541899781}"
singmos,2,inner_search,4,780,wavlm+beats+ced+egemaps,0.370998512815348,0.3689585853444839,0.3779042193477003,6,390,"{""wavlm"": 0.23658130007307707, ""beats"": 0.2121228867624521, ""ced"": 0.2688192545497524, ""egemaps"": 0.2824765586147185}"
singmos,2,inner_search,5,782,contentvec12+wavlm+beats+ced+egemaps,0.3659838309608837,0.3641275599241182,0.3733542171817802,6,390,"{""contentvec12"": 0.09644558299211414, ""wavlm"": 0.20328698506383305, ""beats"": 0.19920334032466505, ""ced"": 0.24889274233263944, ""egemaps"": 0.25217134928674834}"
singmos,2,inner_search,6,783,whisper+contentvec12+wavlm+beats+ced+egemaps,0.3635179503246692,0.3615223290019483,0.3739415131944544,6,390,"{""whisper"": 0.06896808115309906, ""contentvec12"": 0.08915821092112561, ""wavlm"": 0.1857409991407312, ""beats"": 0.1848861235549096, ""ced"": 0.23327698471275882, ""egemaps"": 0.2379696005173756}"
singmos,2,inner_search,7,815,whisper+contentvec12+wavlm+beats+speaker+ced+egemaps,0.3634695744795377,0.3615071221760733,0.3733649863516273,6,390,"{""whisper"": 0.06831286245665634, ""contentvec12"": 0.08824007779321486, ""wavlm"": 0.18392894909376797, ""beats"": 0.18353438019506033, ""speaker"": 0.015172618335023343, ""ced"": 0.23049306741044748, ""egemaps"": 0.2303180447158296}"
singmos,2,inner_search,8,831,whisper+contentvec12+wavlm+beats+auditory_erb+speaker+ced+egemaps,0.3634695744772795,0.3615071211360559,0.3733650620973581,6,390,"{""whisper"": 0.06831315100432467, ""contentvec12"": 0.08824020148819928, ""wavlm"": 0.18392673068957147, ""beats"": 0.18353427480461587, ""auditory_erb"": 0.0, ""speaker"": 0.015172858619515932, ""ced"": 0.23049553020893698, ""egemaps"": 0.2303172531848357}"
singmos,2,inner_search,9,895,whisper+contentvec12+wavlm+beats+auditory_erb+speaker+rmvpe_cont+ced+egemaps,0.3634695744792058,0.3615071208253017,0.3733650667427946,6,390,"{""whisper"": 0.06831284702578072, ""contentvec12"": 0.08824057473663553, ""wavlm"": 0.183929119233146, ""beats"": 0.1835342198485891, ""auditory_erb"": 0.0, ""speaker"": 0.015171561309489037, ""rmvpe_cont"": 3.8160951856174366e-18, ""ced"": 0.23049455068220295, ""egemaps"": 0.23031712716415675}"
singmos,2,inner_search,10,1023,whisper+contentvec12+wavlm+beats+auditory_erb+speaker+rmvpe_cont+rmvpe_quant+ced+egemaps,0.3634695745068665,0.361507123812668,0.3733651968686587,6,390,"{""whisper"": 0.06831007678600251, ""contentvec12"": 0.08824397552611303, ""wavlm"": 0.18393300667181267, ""beats"": 0.1835345288248454, ""auditory_erb"": 5.64123942871364e-19, ""speaker"": 0.015166555208619453, ""rmvpe_cont"": 0.0, ""rmvpe_quant"": 0.0, ""ced"": 0.2304967684447568, ""egemaps"": 0.2303150885378503}"
singmos,3,gate,1,512,egemaps,0.4720592959336522,0.471703486569809,0.5101120977131373,6,388,"{""egemaps"": 1.0}"
singmos,3,gate,2,516,wavlm+egemaps,0.4066412090135044,0.4079469898453519,0.4288237343333387,6,388,"{""wavlm"": 0.4641482479443119, ""egemaps"": 0.5358517520556881}"
singmos,3,gate,3,772,wavlm+ced+egemaps,0.3805571542297054,0.3819930494921179,0.3882161436471774,6,388,"{""wavlm"": 0.3208495761078302, ""ced"": 0.35091148674668493, ""egemaps"": 0.3282389371454849}"
singmos,3,gate,4,780,wavlm+beats+ced+egemaps,0.3658249105452157,0.3672535983260331,0.3909763376440574,6,388,"{""wavlm"": 0.27652702608670204, ""beats"": 0.22547145325813342, ""ced"": 0.23434088090749713, ""egemaps"": 0.26366063974766735}"
singmos,3,gate,5,782,contentvec12+wavlm+beats+ced+egemaps,0.3613002325267395,0.3628563979108918,0.3894882673327883,6,388,"{""contentvec12"": 0.09811638581009074, ""wavlm"": 0.24028248774411703, ""beats"": 0.20858950103892684, ""ced"": 0.21910103638908485, ""egemaps"": 0.23391058901778047}"
singmos,3,gate,6,783,whisper+contentvec12+wavlm+beats+ced+egemaps,0.3590254104446957,0.3605452889564919,0.3860651974538515,6,388,"{""whisper"": 0.0715598539543261, ""contentvec12"": 0.08933613785911176, ""wavlm"": 0.21903765391294447, ""beats"": 0.19524382726596928, ""ced"": 0.2023559615478179, ""egemaps"": 0.22246656545983032}"
singmos,3,gate,7,815,whisper+contentvec12+wavlm+beats+speaker+ced+egemaps,0.3590204663395432,0.3605454150373401,0.3858963861690103,6,388,"{""whisper"": 0.07130669529213585, ""contentvec12"": 0.08907969571468416, ""wavlm"": 0.21835248644930377, ""beats"": 0.1947767110822548, ""speaker"": 0.004654423571758006, ""ced"": 0.201609290840124, ""egemaps"": 0.22022069704973946}"
singmos,3,gate,8,943,whisper+contentvec12+wavlm+beats+speaker+rmvpe_quant+ced+egemaps,0.3590202726190151,0.3605465363048974,0.385890968433228,6,388,"{""whisper"": 0.07131083392049593, ""contentvec12"": 0.08903676813028047, ""wavlm"": 0.218316256148937, ""beats"": 0.19474869701816896, ""speaker"": 0.004451520203169989, ""rmvpe_quant"": 0.0007208289559240901, ""ced"": 0.20142217605415833, ""egemaps"": 0.2199929195688653}"
singmos,3,gate,9,1007,whisper+contentvec12+wavlm+beats+speaker+rmvpe_cont+rmvpe_quant+ced+egemaps,0.3590202726330928,0.3605465368102371,0.3858907555285993,6,388,"{""whisper"": 0.07130821314594468, ""contentvec12"": 0.08903799817884155, ""wavlm"": 0.2183149883735641, ""beats"": 0.19474592713366423, ""speaker"": 0.004456530716785118, ""rmvpe_cont"": 2.459783678826488e-18, ""rmvpe_quant"": 0.0007185763551361139, ""ced"": 0.20142395107823963, ""egemaps"": 0.21999381501782458}"
singmos,3,gate,10,1023,whisper+contentvec12+wavlm+beats+auditory_erb+speaker+rmvpe_cont+rmvpe_quant+ced+egemaps,0.3590202726392749,0.3605465371866626,0.3858912961662362,6,388,"{""whisper"": 0.0713136134118694, ""contentvec12"": 0.08903635854212517, ""wavlm"": 0.21831874411417412, ""beats"": 0.19475136141370172, ""auditory_erb"": 0.0, ""speaker"": 0.004443476200089958, ""rmvpe_cont"": 2.1137707198731065e-17, ""rmvpe_quant"": 0.0007244002287489125, ""ced"": 0.2014196134109514, ""egemaps"": 0.21999243267833932}"
singmos,3,shapley,1,256,ced,0.4707479917852446,0.4730274055344556,0.4601091807972188,6,388,"{""ced"": 1.0}"
singmos,3,shapley,2,260,wavlm+ced,0.4023421189284885,0.4042350628374654,0.3921276172144342,6,388,"{""wavlm"": 0.46371682695612537, ""ced"": 0.5362831730438746}"
singmos,3,shapley,3,772,wavlm+ced+egemaps,0.3805571542297054,0.3819930494921179,0.3882161436471774,6,388,"{""wavlm"": 0.3208495761078302, ""ced"": 0.35091148674668493, ""egemaps"": 0.3282389371454849}"
singmos,3,shapley,4,780,wavlm+beats+ced+egemaps,0.3658249105452157,0.3672535983260331,0.3909763376440574,6,388,"{""wavlm"": 0.27652702608670204, ""beats"": 0.22547145325813342, ""ced"": 0.23434088090749713, ""egemaps"": 0.26366063974766735}"
singmos,3,shapley,5,812,wavlm+beats+speaker+ced+egemaps,0.3656878339720557,0.3671504602862723,0.389949386571556,6,388,"{""wavlm"": 0.27196045527151747, ""beats"": 0.222517307514478, ""speaker"": 0.024334547191442506, ""ced"": 0.22992641197075883, ""egemaps"": 0.2512612780518032}"
singmos,3,shapley,6,828,wavlm+beats+auditory_erb+speaker+ced+egemaps,0.3656878339798436,0.3671504594103824,0.389949677640879,6,388,"{""wavlm"": 0.27196369748311716, ""beats"": 0.22251923257643627, ""auditory_erb"": 4.30970363562988e-18, ""speaker"": 0.024335002935570234, ""ced"": 0.2299200481699218, ""egemaps"": 0.2512620188349546}"
singmos,3,shapley,7,830,contentvec12+wavlm+beats+auditory_erb+speaker+ced+egemaps,0.3612667248078717,0.3628377618478287,0.3890236524952962,6,388,"{""contentvec12"": 0.09736775610239562, ""wavlm"": 0.23829640335685473, ""beats"": 0.20725332688047202, ""auditory_erb"": 0.0, ""speaker"": 0.012078166571270886, ""ced"": 0.21702097839602885, ""egemaps"": 0.2279833686929778}"
singmos,3,shapley,8,831,whisper+contentvec12+wavlm+beats+auditory_erb+speaker+ced+egemaps,0.3590204663313512,0.3605454101235704,0.385896435146475,6,388,"{""whisper"": 0.07130888828818374, ""contentvec12"": 0.08907941953247353, ""wavlm"": 0.2183505197027493, ""beats"": 0.19477771810186642, ""auditory_erb"": 0.0, ""speaker"": 0.004650866758418358, ""ced"": 0.20161143378197272, ""egemaps"": 0.22022115383433588}"
singmos,3,shapley,9,895,whisper+contentvec12+wavlm+beats+auditory_erb+speaker+rmvpe_cont+ced+egemaps,0.3590204663278357,0.3605454098003022,0.3858963020013181,6,388,"{""whisper"": 0.0713090119225477, ""contentvec12"": 0.08907878947336625, ""wavlm"": 0.2183492841296781, ""beats"": 0.19477697602215469, ""auditory_erb"": 2.198262256361723e-18, ""speaker"": 0.004652217832663559, ""rmvpe_cont"": 1.1768252252677622e-17, ""ced"": 0.20161257972781024, ""egemaps"": 0.22022114089177944}"
singmos,3,shapley,10,1023,whisper+contentvec12+wavlm+beats+auditory_erb+speaker+rmvpe_cont+rmvpe_quant+ced+egemaps,0.3590202726392749,0.3605465371866626,0.3858912961662362,6,388,"{""whisper"": 0.0713136134118694, ""contentvec12"": 0.08903635854212517, ""wavlm"": 0.21831874411417412, ""beats"": 0.19475136141370172, ""auditory_erb"": 0.0, ""speaker"": 0.004443476200089958, ""rmvpe_cont"": 2.1137707198731065e-17, ""rmvpe_quant"": 0.0007244002287489125, ""ced"": 0.2014196134109514, ""egemaps"": 0.21999243267833932}"
singmos,3,singleton,1,256,ced,0.4707479917852446,0.4730274055344556,0.4601091807972188,6,388,"{""ced"": 1.0}"
singmos,3,singleton,2,768,ced+egemaps,0.4057860111307579,0.4068750704152354,0.4227183897605928,6,388,"{""ced"": 0.5024980649745947, ""egemaps"": 0.49750193502540535}"
singmos,3,singleton,3,772,wavlm+ced+egemaps,0.3805571542297054,0.3819930494921179,0.3882161436471774,6,388,"{""wavlm"": 0.3208495761078302, ""ced"": 0.35091148674668493, ""egemaps"": 0.3282389371454849}"
singmos,3,singleton,4,780,wavlm+beats+ced+egemaps,0.3658249105452157,0.3672535983260331,0.3909763376440574,6,388,"{""wavlm"": 0.27652702608670204, ""beats"": 0.22547145325813342, ""ced"": 0.23434088090749713, ""egemaps"": 0.26366063974766735}"
singmos,3,singleton,5,796,wavlm+beats+auditory_erb+ced+egemaps,0.3658249105618683,0.3672536031872402,0.3909765688044426,6,388,"{""wavlm"": 0.27652727510011793, ""beats"": 0.22547830090528634, ""auditory_erb"": 1.4345244115580424e-17, ""ced"": 0.2343396363932657, ""egemaps"": 0.26365478760133004}"
singmos,3,singleton,6,828,wavlm+beats+auditory_erb+speaker+ced+egemaps,0.3656878339798436,0.3671504594103824,0.389949677640879,6,388,"{""wavlm"": 0.27196369748311716, ""beats"": 0.22251923257643627, ""auditory_erb"": 4.30970363562988e-18, ""speaker"": 0.024335002935570234, ""ced"": 0.2299200481699218, ""egemaps"": 0.2512620188349546}"
singmos,3,singleton,7,892,wavlm+beats+auditory_erb+speaker+rmvpe_cont+ced+egemaps,0.3656878339780879,0.3671504585446745,0.3899496536581809,6,388,"{""wavlm"": 0.27196422191175385, ""beats"": 0.2225191777006926, ""auditory_erb"": 0.0, ""speaker"": 0.024332981870993836, ""rmvpe_cont"": 0.0, ""ced"": 0.22992198117147944, ""egemaps"": 0.2512616373450801}"
singmos,3,singleton,8,893,whisper+wavlm+beats+auditory_erb+speaker+rmvpe_cont+ced+egemaps,0.362668822336948,0.3641056620477599,0.386069483540305,6,388,"{""whisper"": 0.08208680010517104, ""wavlm"": 0.24570534576109362, ""beats"": 0.20666114005343322, ""auditory_erb"": 8.635500897257592e-19, ""speaker"": 0.014584826721364762, ""rmvpe_cont"": 0.0, ""ced"": 0.21091676452021174, ""egemaps"": 0.24004512283872562}"
singmos,3,singleton,9,895,whisper+contentvec12+wavlm+beats+auditory_erb+speaker+rmvpe_cont+ced+egemaps,0.3590204663278357,0.3605454098003022,0.3858963020013181,6,388,"{""whisper"": 0.0713090119225477, ""contentvec12"": 0.08907878947336625, ""wavlm"": 0.2183492841296781, ""beats"": 0.19477697602215469, ""auditory_erb"": 2.198262256361723e-18, ""speaker"": 0.004652217832663559, ""rmvpe_cont"": 1.1768252252677622e-17, ""ced"": 0.20161257972781024, ""egemaps"": 0.22022114089177944}"
singmos,3,singleton,10,1023,whisper+contentvec12+wavlm+beats+auditory_erb+speaker+rmvpe_cont+rmvpe_quant+ced+egemaps,0.3590202726392749,0.3605465371866626,0.3858912961662362,6,388,"{""whisper"": 0.0713136134118694, ""contentvec12"": 0.08903635854212517, ""wavlm"": 0.21831874411417412, ""beats"": 0.19475136141370172, ""auditory_erb"": 0.0, ""speaker"": 0.004443476200089958, ""rmvpe_cont"": 2.1137707198731065e-17, ""rmvpe_quant"": 0.0007244002287489125, ""ced"": 0.2014196134109514, ""egemaps"": 0.21999243267833932}"
singmos,3,inner_search,1,256,ced,0.4707479917852446,0.4730274055344556,0.4601091807972188,6,388,"{""ced"": 1.0}"
singmos,3,inner_search,2,260,wavlm+ced,0.4023421189284885,0.4042350628374654,0.3921276172144342,6,388,"{""wavlm"": 0.46371682695612537, ""ced"": 0.5362831730438746}"
singmos,3,inner_search,3,524,wavlm+beats+egemaps,0.3755561595909556,0.3768836006272322,0.4144335428240512,6,388,"{""wavlm"": 0.3420179359209683, ""beats"": 0.2995567773670897, ""egemaps"": 0.3584252867119421}"
singmos,3,inner_search,4,780,wavlm+beats+ced+egemaps,0.3658249105452157,0.3672535983260331,0.3909763376440574,6,388,"{""wavlm"": 0.27652702608670204, ""beats"": 0.22547145325813342, ""ced"": 0.23434088090749713, ""egemaps"": 0.26366063974766735}"
singmos,3,inner_search,5,782,contentvec12+wavlm+beats+ced+egemaps,0.3613002325267395,0.3628563979108918,0.3894882673327883,6,388,"{""contentvec12"": 0.09811638581009074, ""wavlm"": 0.24028248774411703, ""beats"": 0.20858950103892684, ""ced"": 0.21910103638908485, ""egemaps"": 0.23391058901778047}"
singmos,3,inner_search,6,783,whisper+contentvec12+wavlm+beats+ced+egemaps,0.3590254104446957,0.3605452889564919,0.3860651974538515,6,388,"{""whisper"": 0.0715598539543261, ""contentvec12"": 0.08933613785911176, ""wavlm"": 0.21903765391294447, ""beats"": 0.19524382726596928, ""ced"": 0.2023559615478179, ""egemaps"": 0.22246656545983032}"
singmos,3,inner_search,7,815,whisper+contentvec12+wavlm+beats+speaker+ced+egemaps,0.3590204663395432,0.3605454150373401,0.3858963861690103,6,388,"{""whisper"": 0.07130669529213585, ""contentvec12"": 0.08907969571468416, ""wavlm"": 0.21835248644930377, ""beats"": 0.1947767110822548, ""speaker"": 0.004654423571758006, ""ced"": 0.201609290840124, ""egemaps"": 0.22022069704973946}"
singmos,3,inner_search,8,943,whisper+contentvec12+wavlm+beats+speaker+rmvpe_quant+ced+egemaps,0.3590202726190151,0.3605465363048974,0.385890968433228,6,388,"{""whisper"": 0.07131083392049593, ""contentvec12"": 0.08903676813028047, ""wavlm"": 0.218316256148937, ""beats"": 0.19474869701816896, ""speaker"": 0.004451520203169989, ""rmvpe_quant"": 0.0007208289559240901, ""ced"": 0.20142217605415833, ""egemaps"": 0.2199929195688653}"
singmos,3,inner_search,9,1007,whisper+contentvec12+wavlm+beats+speaker+rmvpe_cont+rmvpe_quant+ced+egemaps,0.3590202726330928,0.3605465368102371,0.3858907555285993,6,388,"{""whisper"": 0.07130821314594468, ""contentvec12"": 0.08903799817884155, ""wavlm"": 0.2183149883735641, ""beats"": 0.19474592713366423, ""speaker"": 0.004456530716785118, ""rmvpe_cont"": 2.459783678826488e-18, ""rmvpe_quant"": 0.0007185763551361139, ""ced"": 0.20142395107823963, ""egemaps"": 0.21999381501782458}"
singmos,3,inner_search,10,1023,whisper+contentvec12+wavlm+beats+auditory_erb+speaker+rmvpe_cont+rmvpe_quant+ced+egemaps,0.3590202726392749,0.3605465371866626,0.3858912961662362,6,388,"{""whisper"": 0.0713136134118694, ""contentvec12"": 0.08903635854212517, ""wavlm"": 0.21831874411417412, ""beats"": 0.19475136141370172, ""auditory_erb"": 0.0, ""speaker"": 0.004443476200089958, ""rmvpe_cont"": 2.1137707198731065e-17, ""rmvpe_quant"": 0.0007244002287489125, ""ced"": 0.2014196134109514, ""egemaps"": 0.21999243267833932}"
singmos,4,gate,1,256,ced,0.4895542828460048,0.4872128227646901,0.4209020410533494,6,390,"{""ced"": 1.0}"
singmos,4,gate,2,260,wavlm+ced,0.4197255994282836,0.4179396381225204,0.3796750297231894,6,390,"{""wavlm"": 0.4395978570591264, ""ced"": 0.5604021429408735}"
singmos,4,gate,3,772,wavlm+ced+egemaps,0.4026505958863777,0.4005886546426533,0.3812582210528398,6,390,"{""wavlm"": 0.32485042284457843, ""ced"": 0.37652006131989146, ""egemaps"": 0.29862951583553016}"
singmos,4,gate,4,780,wavlm+beats+ced+egemaps,0.3926606008223494,0.3902367129516951,0.3790001667600462,6,390,"{""wavlm"": 0.2763077781837251, ""beats"": 0.17730210572288896, ""ced"": 0.3005493392441161, ""egemaps"": 0.24584077684926992}"
singmos,4,gate,5,781,whisper+wavlm+beats+ced+egemaps,0.3854368608274983,0.3828716965498137,0.3766831670239061,6,390,"{""whisper"": 0.1248229241684551, ""wavlm"": 0.22508493758034834, ""beats"": 0.1583371026268251, ""ced"": 0.2719536792480944, ""egemaps"": 0.21980135637627715}"
singmos,4,gate,6,813,whisper+wavlm+beats+speaker+ced+egemaps,0.3828961602109763,0.3804933023330855,0.3834785942626525,6,390,"{""whisper"": 0.1157295158764237, ""wavlm"": 0.2110925767134073, ""beats"": 0.15151179839979104, ""speaker"": 0.11252797438148321, ""ced"": 0.24653033276354042, ""egemaps"": 0.16260780186535437}"
singmos,4,gate,7,815,whisper+contentvec12+wavlm+beats+speaker+ced+egemaps,0.3795888978026108,0.3773579496494871,0.3830759688133529,6,390,"{""whisper"": 0.1067243762776273, ""contentvec12"": 0.08261674337493617, ""wavlm"": 0.19073867702197578, ""beats"": 0.1377177208180924, ""speaker"": 0.10427159179016755, ""ced"": 0.23478170412606444, ""egemaps"": 0.14314918659113635}"
singmos,4,gate,8,831,whisper+contentvec12+wavlm+beats+auditory_erb+speaker+ced+egemaps,0.3795756220652989,0.3773460681538638,0.3835832358245393,6,390,"{""whisper"": 0.10665428029830701, ""contentvec12"": 0.08245809930509936, ""wavlm"": 0.19024592530116535, ""beats"": 0.13713350867765317, ""auditory_erb"": 0.008900077974661044, ""speaker"": 0.1026856116510887, ""ced"": 0.23431190046246697, ""egemaps"": 0.1376105963295584}"
singmos,4,gate,9,895,whisper+contentvec12+wavlm+beats+auditory_erb+speaker+rmvpe_cont+ced+egemaps,0.3795756251849226,0.3773460025656773,0.3835769284793454,6,390,"{""whisper"": 0.10665891933642246, ""contentvec12"": 0.08245531525001652, ""wavlm"": 0.19026741142188686, ""beats"": 0.1371094961534571, ""auditory_erb"": 0.008969655290823912, ""speaker"": 0.1025681194782066, ""rmvpe_cont"": 0.0, ""ced"": 0.2343487451369769, ""egemaps"": 0.13762233793220968}"
singmos,4,gate,10,1023,whisper+contentvec12+wavlm+beats+auditory_erb+speaker+rmvpe_cont+rmvpe_quant+ced+egemaps,0.3795756260603978,0.3773460184828306,0.3835774072628559,6,390,"{""whisper"": 0.10665905498416701, ""contentvec12"": 0.08245083786744356, ""wavlm"": 0.19027988655258604, ""beats"": 0.13710472318335096, ""auditory_erb"": 0.008987666737826491, ""speaker"": 0.10255917591688658, ""rmvpe_cont"": 0.0, ""rmvpe_quant"": 0.0, ""ced"": 0.23434129502757248, ""egemaps"": 0.13761735973016698}"
singmos,4,shapley,1,256,ced,0.4895542828460048,0.4872128227646901,0.4209020410533494,6,390,"{""ced"": 1.0}"
singmos,4,shapley,2,260,wavlm+ced,0.4197255994282836,0.4179396381225204,0.3796750297231894,6,390,"{""wavlm"": 0.4395978570591264, ""ced"": 0.5604021429408735}"
singmos,4,shapley,3,772,wavlm+ced+egemaps,0.4026505958863777,0.4005886546426533,0.3812582210528398,6,390,"{""wavlm"": 0.32485042284457843, ""ced"": 0.37652006131989146, ""egemaps"": 0.29862951583553016}"
singmos,4,shapley,4,804,wavlm+speaker+ced+egemaps,0.3978720348213169,0.3960001878403431,0.388987650760848,6,390,"{""wavlm"": 0.2978075903439581, ""speaker"": 0.15251240403236835, ""ced"": 0.33450257330719063, ""egemaps"": 0.215177432316483}"
singmos,4,shapley,5,812,wavlm+beats+speaker+ced+egemaps,0.3890139897294332,0.3867883655004148,0.3876071494677788,6,390,"{""wavlm"": 0.25523504641829875, ""beats"": 0.16763389210549098, ""speaker"": 0.13377132234778008, ""ced"": 0.26783771382586596, ""egemaps"": 0.17552202530256422}"
singmos,4,shapley,6,828,wavlm+beats+auditory_erb+speaker+ced+egemaps,0.3889700049210285,0.3867501174907667,0.3884841824408624,6,390,"{""wavlm"": 0.2542090972060443, ""beats"": 0.16644916281757907, ""auditory_erb"": 0.016189618109146885, ""speaker"": 0.1308532853207587, ""ced"": 0.2669193090092936, ""egemaps"": 0.1653795275371774}"
singmos,4,shapley,7,829,whisper+wavlm+beats+auditory_erb+speaker+ced+egemaps,0.3828672591439972,0.3804669184171294,0.3842094395502797,6,390,"{""whisper"": 0.11560627486142343, ""wavlm"": 0.2103091602108157, ""beats"": 0.15064470827656373, ""auditory_erb"": 0.013125821282062012, ""speaker"": 0.11015306447392574, ""ced"": 0.24580557384580615, ""egemaps"": 0.15435539704940332}"
singmos,4,shapley,8,893,whisper+wavlm+beats+auditory_erb+speaker+rmvpe_cont+ced+egemaps,0.3828672591650417,0.3804669139956201,0.3842096635778974,6,390,"{""whisper"": 0.11560706048410052, ""wavlm"": 0.2103044915796048, ""beats"": 0.15064686307283304, ""auditory_erb"": 0.013124259719855109, ""speaker"": 0.11015788520624076, ""rmvpe_cont"": 1.3400061225563033e-18, ""ced"": 0.2458095218902538, ""egemaps"": 0.1543499180471121}"
singmos,4,shapley,9,895,whisper+contentvec12+wavlm+beats+auditory_erb+speaker+rmvpe_cont+ced+egemaps,0.3795756251849226,0.3773460025656773,0.3835769284793454,6,390,"{""whisper"": 0.10665891933642246, ""contentvec12"": 0.08245531525001652, ""wavlm"": 0.19026741142188686, ""beats"": 0.1371094961534571, ""auditory_erb"": 0.008969655290823912, ""speaker"": 0.1025681194782066, ""rmvpe_cont"": 0.0, ""ced"": 0.2343487451369769, ""egemaps"": 0.13762233793220968}"
singmos,4,shapley,10,1023,whisper+contentvec12+wavlm+beats+auditory_erb+speaker+rmvpe_cont+rmvpe_quant+ced+egemaps,0.3795756260603978,0.3773460184828306,0.3835774072628559,6,390,"{""whisper"": 0.10665905498416701, ""contentvec12"": 0.08245083786744356, ""wavlm"": 0.19027988655258604, ""beats"": 0.13710472318335096, ""auditory_erb"": 0.008987666737826491, ""speaker"": 0.10255917591688658, ""rmvpe_cont"": 0.0, ""rmvpe_quant"": 0.0, ""ced"": 0.23434129502757248, ""egemaps"": 0.13761735973016698}"
singmos,4,singleton,1,256,ced,0.4895542828460048,0.4872128227646901,0.4209020410533494,6,390,"{""ced"": 1.0}"
singmos,4,singleton,2,768,ced+egemaps,0.4324728415098146,0.4298510143377603,0.403197954345276,6,390,"{""ced"": 0.5171356204099765, ""egemaps"": 0.48286437959002343}"
singmos,4,singleton,3,772,wavlm+ced+egemaps,0.4026505958863777,0.4005886546426533,0.3812582210528398,6,390,"{""wavlm"": 0.32485042284457843, ""ced"": 0.37652006131989146, ""egemaps"": 0.29862951583553016}"
singmos,4,singleton,4,804,wavlm+speaker+ced+egemaps,0.3978720348213169,0.3960001878403431,0.388987650760848,6,390,"{""wavlm"": 0.2978075903439581, ""speaker"": 0.15251240403236835, ""ced"": 0.33450257330719063, ""egemaps"": 0.215177432316483}"
singmos,4,singleton,5,820,wavlm+auditory_erb+speaker+ced+egemaps,0.3976162152231023,0.3957573559845278,0.3907428035557618,6,390,"{""wavlm"": 0.2946259536609534, ""auditory_erb"": 0.03885616962337976, ""speaker"": 0.14517805647506216, ""ced"": 0.3311706901602048, ""egemaps"": 0.1901691300803998}"
singmos,4,singleton,6,828,wavlm+beats+auditory_erb+speaker+ced+egemaps,0.3889700049210285,0.3867501174907667,0.3884841824408624,6,390,"{""wavlm"": 0.2542090972060443, ""beats"": 0.16644916281757907, ""auditory_erb"": 0.016189618109146885, ""speaker"": 0.1308532853207587, ""ced"": 0.2669193090092936, ""egemaps"": 0.1653795275371774}"
singmos,4,singleton,7,892,wavlm+beats+auditory_erb+speaker+rmvpe_cont+ced+egemaps,0.3889700049227437,0.3867501171395866,0.3884842511737633,6,390,"{""wavlm"": 0.25420862519519083, ""beats"": 0.1664498910702301, ""auditory_erb"": 0.016190369074799173, ""speaker"": 0.13085376083647116, ""rmvpe_cont"": 1.1440450502090209e-17, ""ced"": 0.2669200765383788, ""egemaps"": 0.16537727728493018}"
singmos,4,singleton,8,1020,wavlm+beats+auditory_erb+speaker+rmvpe_cont+rmvpe_quant+ced+egemaps,0.3889613669457798,0.3867451936468626,0.3886704123186515,6,390,"{""wavlm"": 0.25372790184490596, ""beats"": 0.16639997382959099, ""auditory_erb"": 0.013963061156390717, ""speaker"": 0.12967717130580084, ""rmvpe_cont"": 0.0, ""rmvpe_quant"": 0.005296679684686424, ""ced"": 0.2660489201854153, ""egemaps"": 0.16488629199320978}"
singmos,4,singleton,9,1021,whisper+wavlm+beats+auditory_erb+speaker+rmvpe_cont+rmvpe_quant+ced+egemaps,0.3828629966963411,0.380464983974801,0.3843151458795818,6,390,"{""whisper"": 0.1155655715832616, ""wavlm"": 0.20999900253962187, ""beats"": 0.15058658793964838, ""auditory_erb"": 0.011641629311367288, ""speaker"": 0.10928587869079588, ""rmvpe_cont"": 4.9287259013951635e-18, ""rmvpe_quant"": 0.0036851192035447923, ""ced"": 0.24519740685663421, ""egemaps"": 0.15403880387512595}"
singmos,4,singleton,10,1023,whisper+contentvec12+wavlm+beats+auditory_erb+speaker+rmvpe_cont+rmvpe_quant+ced+egemaps,0.3795756260603978,0.3773460184828306,0.3835774072628559,6,390,"{""whisper"": 0.10665905498416701, ""contentvec12"": 0.08245083786744356, ""wavlm"": 0.19027988655258604, ""beats"": 0.13710472318335096, ""auditory_erb"": 0.008987666737826491, ""speaker"": 0.10255917591688658, ""rmvpe_cont"": 0.0, ""rmvpe_quant"": 0.0, ""ced"": 0.23434129502757248, ""egemaps"": 0.13761735973016698}"
singmos,4,inner_search,1,256,ced,0.4895542828460048,0.4872128227646901,0.4209020410533494,6,390,"{""ced"": 1.0}"
singmos,4,inner_search,2,260,wavlm+ced,0.4197255994282836,0.4179396381225204,0.3796750297231894,6,390,"{""wavlm"": 0.4395978570591264, ""ced"": 0.5604021429408735}"
singmos,4,inner_search,3,772,wavlm+ced+egemaps,0.4026505958863777,0.4005886546426533,0.3812582210528398,6,390,"{""wavlm"": 0.32485042284457843, ""ced"": 0.37652006131989146, ""egemaps"": 0.29862951583553016}"
singmos,4,inner_search,4,780,wavlm+beats+ced+egemaps,0.3926606008223494,0.3902367129516951,0.3790001667600462,6,390,"{""wavlm"": 0.2763077781837251, ""beats"": 0.17730210572288896, ""ced"": 0.3005493392441161, ""egemaps"": 0.24584077684926992}"
singmos,4,inner_search,5,781,whisper+wavlm+beats+ced+egemaps,0.3854368608274983,0.3828716965498137,0.3766831670239061,6,390,"{""whisper"": 0.1248229241684551, ""wavlm"": 0.22508493758034834, ""beats"": 0.1583371026268251, ""ced"": 0.2719536792480944, ""egemaps"": 0.21980135637627715}"
singmos,4,inner_search,6,783,whisper+contentvec12+wavlm+beats+ced+egemaps,0.3817620843423938,0.3794121948064686,0.3764767665081192,6,390,"{""whisper"": 0.11464681609324419, ""contentvec12"": 0.08690708048564841, ""wavlm"": 0.20259586629385212, ""beats"": 0.14325694343186277, ""ced"": 0.257636688709291, ""egemaps"": 0.19495660498610157}"
singmos,4,inner_search,7,815,whisper+contentvec12+wavlm+beats+speaker+ced+egemaps,0.3795888978026108,0.3773579496494871,0.3830759688133529,6,390,"{""whisper"": 0.1067243762776273, ""contentvec12"": 0.08261674337493617, ""wavlm"": 0.19073867702197578, ""beats"": 0.1377177208180924, ""speaker"": 0.10427159179016755, ""ced"": 0.23478170412606444, ""egemaps"": 0.14314918659113635}"
singmos,4,inner_search,8,831,whisper+contentvec12+wavlm+beats+auditory_erb+speaker+ced+egemaps,0.3795756220652989,0.3773460681538638,0.3835832358245393,6,390,"{""whisper"": 0.10665428029830701, ""contentvec12"": 0.08245809930509936, ""wavlm"": 0.19024592530116535, ""beats"": 0.13713350867765317, ""auditory_erb"": 0.008900077974661044, ""speaker"": 0.1026856116510887, ""ced"": 0.23431190046246697, ""egemaps"": 0.1376105963295584}"
singmos,4,inner_search,9,959,whisper+contentvec12+wavlm+beats+auditory_erb+speaker+rmvpe_quant+ced+egemaps,0.3795756220645282,0.3773460618392,0.3835831000428518,6,390,"{""whisper"": 0.10665689505928683, ""contentvec12"": 0.08245946527125898, ""wavlm"": 0.19024336022463423, ""beats"": 0.13713456111882252, ""auditory_erb"": 0.00889882835596917, ""speaker"": 0.10268516253403176, ""rmvpe_quant"": 1.843620149258188e-20, ""ced"": 0.23431432959040124, ""egemaps"": 0.13760739784559525}"
singmos,4,inner_search,10,1023,whisper+contentvec12+wavlm+beats+auditory_erb+speaker+rmvpe_cont+rmvpe_quant+ced+egemaps,0.3795756260603978,0.3773460184828306,0.3835774072628559,6,390,"{""whisper"": 0.10665905498416701, ""contentvec12"": 0.08245083786744356, ""wavlm"": 0.19027988655258604, ""beats"": 0.13710472318335096, ""auditory_erb"": 0.008987666737826491, ""speaker"": 0.10255917591688658, ""rmvpe_cont"": 0.0, ""rmvpe_quant"": 0.0, ""ced"": 0.23434129502757248, ""egemaps"": 0.13761735973016698}"
tmhintqi,0,gate,1,4,wavlm,0.9967345761787012,1.0031361427403471,1.0061286411649737,16,2317,"{""wavlm"": 1.0}"
tmhintqi,0,gate,2,36,wavlm+speaker,0.9418627921717913,0.94642298876522,1.0688241087266408,16,2317,"{""wavlm"": 0.521907239366028, ""speaker"": 0.478092760633972}"
tmhintqi,0,gate,3,37,whisper+wavlm+speaker,0.9253874339466616,0.930303037602532,1.0230350678311844,16,2317,"{""whisper"": 0.25036742301200926, ""wavlm"": 0.3838317259923653, ""speaker"": 0.36580085099562537}"
tmhintqi,0,gate,4,45,whisper+wavlm+beats+speaker,0.9138263770461104,0.9196545789855296,0.9486667478548608,16,2317,"{""whisper"": 0.20387271183025313, ""wavlm"": 0.2785010867041326, ""beats"": 0.24195734043177466, ""speaker"": 0.27566886103383964}"
tmhintqi,0,gate,5,301,whisper+wavlm+beats+speaker+ced,0.9101840373321372,0.916288849204925,0.8936675622832856,16,2317,"{""whisper"": 0.1827829948054715, ""wavlm"": 0.24101356007375857, ""beats"": 0.18830951991800743, ""speaker"": 0.21682416268406193, ""ced"": 0.17106976251870043}"
tmhintqi,0,gate,6,303,whisper+contentvec12+wavlm+beats+speaker+ced,0.9068861870887028,0.9130182240748076,0.8980316863523756,16,2317,"{""whisper"": 0.17190387348456593, ""contentvec12"": 0.1275035104070872, ""wavlm"": 0.1955907285768654, ""beats"": 0.1703531559492883, ""speaker"": 0.1862304441180872, ""ced"": 0.14841828746410593}"
tmhintqi,0,gate,7,815,whisper+contentvec12+wavlm+beats+speaker+ced+egemaps,0.9068445521376822,0.912924480356028,0.8996136456946335,16,2317,"{""whisper"": 0.17156071590425243, ""contentvec12"": 0.12509253627721884, ""wavlm"": 0.1930614902101914, ""beats"": 0.16892544565551332, ""speaker"": 0.18025675480711717, ""ced"": 0.1442289119983221, ""egemaps"": 0.01687414514738487}"
tmhintqi,0,gate,8,831,whisper+contentvec12+wavlm+beats+auditory_erb+speaker+ced+egemaps,0.9068445522336822,0.9129244657476908,0.8996142930481478,16,2317,"{""whisper"": 0.1715615710100701, ""contentvec12"": 0.1250963692369539, ""wavlm"": 0.19304960902468898, ""beats"": 0.16892807121549294, ""auditory_erb"": 0.0, ""speaker"": 0.180263356900781, ""ced"": 0.14423109677013207, ""egemaps"": 0.0168699258418809}"
tmhintqi,0,gate,9,895,whisper+contentvec12+wavlm+beats+auditory_erb+speaker+rmvpe_cont+ced+egemaps,0.9068445522873604,0.9129244418046872,0.8996142449170266,16,2317,"{""whisper"": 0.17156257450935247, ""contentvec12"": 0.12508863242327514, ""wavlm"": 0.1930445406281944, ""beats"": 0.16893029611100008, ""auditory_erb"": 1.1733100385366565e-17, ""speaker"": 0.18026727819605362, ""rmvpe_cont"": 0.0, ""ced"": 0.14423422061934832, ""egemaps"": 0.016872457512775826}"
tmhintqi,0,gate,10,1023,whisper+contentvec12+wavlm+beats+auditory_erb+speaker+rmvpe_cont+rmvpe_quant+ced+egemaps,0.9068445523340996,0.912924416481076,0.8996142964119852,16,2317,"{""whisper"": 0.17156305626957363, ""contentvec12"": 0.12507925363832215, ""wavlm"": 0.1930442171477812, ""beats"": 0.1689299497769428, ""auditory_erb"": 1.0211617453861031e-17, ""speaker"": 0.18026949668274272, ""rmvpe_cont"": 0.0, ""rmvpe_quant"": 0.0, ""ced"": 0.14423691387423937, ""egemaps"": 0.016877112610398256}"
tmhintqi,0,shapley,1,4,wavlm,0.9967345761787012,1.0031361427403471,1.0061286411649737,16,2317,"{""wavlm"": 1.0}"
tmhintqi,0,shapley,2,260,wavlm+ced,0.9420090356713212,0.9489131301135486,0.8489298424327443,16,2317,"{""wavlm"": 0.5050239636264329, ""ced"": 0.4949760363735672}"
tmhintqi,0,shapley,3,292,wavlm+speaker+ced,0.9265498949284754,0.9322784299183162,0.915149006909598,16,2317,"{""wavlm"": 0.376879474441573, ""speaker"": 0.3066868557464805, ""ced"": 0.3164336698119465}"
tmhintqi,0,shapley,4,300,wavlm+beats+speaker+ced,0.9183086446939084,0.9242881126815164,0.892920790240985,16,2317,"{""wavlm"": 0.3055736420813629, ""beats"": 0.21767659980817555, ""speaker"": 0.2618239016277523, ""ced"": 0.2149258564827091}"
tmhintqi,0,shapley,5,301,whisper+wavlm+beats+speaker+ced,0.9101840373321372,0.916288849204925,0.8936675622832856,16,2317,"{""whisper"": 0.1827829948054715, ""wavlm"": 0.24101356007375857, ""beats"": 0.18830951991800743, ""speaker"": 0.21682416268406193, ""ced"": 0.17106976251870043}"
tmhintqi,0,shapley,6,303,whisper+contentvec12+wavlm+beats+speaker+ced,0.9068861870887028,0.9130182240748076,0.8980316863523756,16,2317,"{""whisper"": 0.17190387348456593, ""contentvec12"": 0.1275035104070872, ""wavlm"": 0.1955907285768654, ""beats"": 0.1703531559492883, ""speaker"": 0.1862304441180872, ""ced"": 0.14841828746410593}"
tmhintqi,0,shapley,7,815,whisper+contentvec12+wavlm+beats+speaker+ced+egemaps,0.9068445521376822,0.912924480356028,0.8996136456946335,16,2317,"{""whisper"": 0.17156071590425243, ""contentvec12"": 0.12509253627721884, ""wavlm"": 0.1930614902101914, ""beats"": 0.16892544565551332, ""speaker"": 0.18025675480711717, ""ced"": 0.1442289119983221, ""egemaps"": 0.01687414514738487}"
tmhintqi,0,shapley,8,831,whisper+contentvec12+wavlm+beats+auditory_erb+speaker+ced+egemaps,0.9068445522336822,0.9129244657476908,0.8996142930481478,16,2317,"{""whisper"": 0.1715615710100701, ""contentvec12"": 0.1250963692369539, ""wavlm"": 0.19304960902468898, ""beats"": 0.16892807121549294, ""auditory_erb"": 0.0, ""speaker"": 0.180263356900781, ""ced"": 0.14423109677013207, ""egemaps"": 0.0168699258418809}"
tmhintqi,0,shapley,9,895,whisper+contentvec12+wavlm+beats+auditory_erb+speaker+rmvpe_cont+ced+egemaps,0.9068445522873604,0.9129244418046872,0.8996142449170266,16,2317,"{""whisper"": 0.17156257450935247, ""contentvec12"": 0.12508863242327514, ""wavlm"": 0.1930445406281944, ""beats"": 0.16893029611100008, ""auditory_erb"": 1.1733100385366565e-17, ""speaker"": 0.18026727819605362, ""rmvpe_cont"": 0.0, ""ced"": 0.14423422061934832, ""egemaps"": 0.016872457512775826}"
tmhintqi,0,shapley,10,1023,whisper+contentvec12+wavlm+beats+auditory_erb+speaker+rmvpe_cont+rmvpe_quant+ced+egemaps,0.9068445523340996,0.912924416481076,0.8996142964119852,16,2317,"{""whisper"": 0.17156305626957363, ""contentvec12"": 0.12507925363832215, ""wavlm"": 0.1930442171477812, ""beats"": 0.1689299497769428, ""auditory_erb"": 1.0211617453861031e-17, ""speaker"": 0.18026949668274272, ""rmvpe_cont"": 0.0, ""rmvpe_quant"": 0.0, ""ced"": 0.14423691387423937, ""egemaps"": 0.016877112610398256}"
tmhintqi,0,singleton,1,4,wavlm,0.9967345761787012,1.0031361427403471,1.0061286411649737,16,2317,"{""wavlm"": 1.0}"
tmhintqi,0,singleton,2,260,wavlm+ced,0.9420090356713212,0.9489131301135486,0.8489298424327443,16,2317,"{""wavlm"": 0.5050239636264329, ""ced"": 0.4949760363735672}"
tmhintqi,0,singleton,3,292,wavlm+speaker+ced,0.9265498949284754,0.9322784299183162,0.915149006909598,16,2317,"{""wavlm"": 0.376879474441573, ""speaker"": 0.3066868557464805, ""ced"": 0.3164336698119465}"
tmhintqi,0,singleton,4,300,wavlm+beats+speaker+ced,0.9183086446939084,0.9242881126815164,0.892920790240985,16,2317,"{""wavlm"": 0.3055736420813629, ""beats"": 0.21767659980817555, ""speaker"": 0.2618239016277523, ""ced"": 0.2149258564827091}"
tmhintqi,0,singleton,5,812,wavlm+beats+speaker+ced+egemaps,0.9179216172451884,0.9237702278171944,0.8984938362879263,16,2317,"{""wavlm"": 0.2949546276941159, ""beats"": 0.21216343590554562, ""speaker"": 0.2414986598542647, ""ced"": 0.20069106480379695, ""egemaps"": 0.050692211742276685}"
tmhintqi,0,singleton,6,814,contentvec12+wavlm+beats+speaker+ced+egemaps,0.9139327383702692,0.919910853112877,0.8989452148974159,16,2317,"{""contentvec12"": 0.1416820619688836, ""wavlm"": 0.24622070168317622, ""beats"": 0.19336766787825724, ""speaker"": 0.21550742923091934, ""ced"": 0.18054266566470692, ""egemaps"": 0.022679473574056697}"
tmhintqi,0,singleton,7,815,whisper+contentvec12+wavlm+beats+speaker+ced+egemaps,0.9068445521376822,0.912924480356028,0.8996136456946335,16,2317,"{""whisper"": 0.17156071590425243, ""contentvec12"": 0.12509253627721884, ""wavlm"": 0.1930614902101914, ""beats"": 0.16892544565551332, ""speaker"": 0.18025675480711717, ""ced"": 0.1442289119983221, ""egemaps"": 0.01687414514738487}"
tmhintqi,0,singleton,8,831,whisper+contentvec12+wavlm+beats+auditory_erb+speaker+ced+egemaps,0.9068445522336822,0.9129244657476908,0.8996142930481478,16,2317,"{""whisper"": 0.1715615710100701, ""contentvec12"": 0.1250963692369539, ""wavlm"": 0.19304960902468898, ""beats"": 0.16892807121549294, ""auditory_erb"": 0.0, ""speaker"": 0.180263356900781, ""ced"": 0.14423109677013207, ""egemaps"": 0.0168699258418809}"
tmhintqi,0,singleton,9,895,whisper+contentvec12+wavlm+beats+auditory_erb+speaker+rmvpe_cont+ced+egemaps,0.9068445522873604,0.9129244418046872,0.8996142449170266,16,2317,"{""whisper"": 0.17156257450935247, ""contentvec12"": 0.12508863242327514, ""wavlm"": 0.1930445406281944, ""beats"": 0.16893029611100008, ""auditory_erb"": 1.1733100385366565e-17, ""speaker"": 0.18026727819605362, ""rmvpe_cont"": 0.0, ""ced"": 0.14423422061934832, ""egemaps"": 0.016872457512775826}"
tmhintqi,0,singleton,10,1023,whisper+contentvec12+wavlm+beats+auditory_erb+speaker+rmvpe_cont+rmvpe_quant+ced+egemaps,0.9068445523340996,0.912924416481076,0.8996142964119852,16,2317,"{""whisper"": 0.17156305626957363, ""contentvec12"": 0.12507925363832215, ""wavlm"": 0.1930442171477812, ""beats"": 0.1689299497769428, ""auditory_erb"": 1.0211617453861031e-17, ""speaker"": 0.18026949668274272, ""rmvpe_cont"": 0.0, ""rmvpe_quant"": 0.0, ""ced"": 0.14423691387423937, ""egemaps"": 0.016877112610398256}"
tmhintqi,0,inner_search,1,4,wavlm,0.9967345761787012,1.0031361427403471,1.0061286411649737,16,2317,"{""wavlm"": 1.0}"
tmhintqi,0,inner_search,2,36,wavlm+speaker,0.9418627921717913,0.94642298876522,1.0688241087266408,16,2317,"{""wavlm"": 0.521907239366028, ""speaker"": 0.478092760633972}"
tmhintqi,0,inner_search,3,44,wavlm+beats+speaker,0.9242390318011796,0.929883258831919,0.9654540466922747,16,2317,"{""wavlm"": 0.36403300348072243, ""beats"": 0.29165628741366456, ""speaker"": 0.344310709105613}"
tmhintqi,0,inner_search,4,45,whisper+wavlm+beats+speaker,0.9138263770461104,0.9196545789855296,0.9486667478548608,16,2317,"{""whisper"": 0.20387271183025313, ""wavlm"": 0.2785010867041326, ""beats"": 0.24195734043177466, ""speaker"": 0.27566886103383964}"
tmhintqi,0,inner_search,5,47,whisper+contentvec12+wavlm+beats+speaker,0.9095784671347176,0.9154705505907572,0.94482351635692,16,2317,"{""whisper"": 0.18854276068586967, ""contentvec12"": 0.14335857542926836, ""wavlm"": 0.2218032522738648, ""beats"": 0.2137639838062719, ""speaker"": 0.23253142780472527}"
tmhintqi,0,inner_search,6,303,whisper+contentvec12+wavlm+beats+speaker+ced,0.9068861870887028,0.9130182240748076,0.8980316863523756,16,2317,"{""whisper"": 0.17190387348456593, ""contentvec12"": 0.1275035104070872, ""wavlm"": 0.1955907285768654, ""beats"": 0.1703531559492883, ""speaker"": 0.1862304441180872, ""ced"": 0.14841828746410593}"
tmhintqi,0,inner_search,7,815,whisper+contentvec12+wavlm+beats+speaker+ced+egemaps,0.9068445521376822,0.912924480356028,0.8996136456946335,16,2317,"{""whisper"": 0.17156071590425243, ""contentvec12"": 0.12509253627721884, ""wavlm"": 0.1930614902101914, ""beats"": 0.16892544565551332, ""speaker"": 0.18025675480711717, ""ced"": 0.1442289119983221, ""egemaps"": 0.01687414514738487}"
tmhintqi,0,inner_search,8,831,whisper+contentvec12+wavlm+beats+auditory_erb+speaker+ced+egemaps,0.9068445522336822,0.9129244657476908,0.8996142930481478,16,2317,"{""whisper"": 0.1715615710100701, ""contentvec12"": 0.1250963692369539, ""wavlm"": 0.19304960902468898, ""beats"": 0.16892807121549294, ""auditory_erb"": 0.0, ""speaker"": 0.180263356900781, ""ced"": 0.14423109677013207, ""egemaps"": 0.0168699258418809}"
tmhintqi,0,inner_search,9,895,whisper+contentvec12+wavlm+beats+auditory_erb+speaker+rmvpe_cont+ced+egemaps,0.9068445522873604,0.9129244418046872,0.8996142449170266,16,2317,"{""whisper"": 0.17156257450935247, ""contentvec12"": 0.12508863242327514, ""wavlm"": 0.1930445406281944, ""beats"": 0.16893029611100008, ""auditory_erb"": 1.1733100385366565e-17, ""speaker"": 0.18026727819605362, ""rmvpe_cont"": 0.0, ""ced"": 0.14423422061934832, ""egemaps"": 0.016872457512775826}"
tmhintqi,0,inner_search,10,1023,whisper+contentvec12+wavlm+beats+auditory_erb+speaker+rmvpe_cont+rmvpe_quant+ced+egemaps,0.9068445523340996,0.912924416481076,0.8996142964119852,16,2317,"{""whisper"": 0.17156305626957363, ""contentvec12"": 0.12507925363832215, ""wavlm"": 0.1930442171477812, ""beats"": 0.1689299497769428, ""auditory_erb"": 1.0211617453861031e-17, ""speaker"": 0.18026949668274272, ""rmvpe_cont"": 0.0, ""rmvpe_quant"": 0.0, ""ced"": 0.14423691387423937, ""egemaps"": 0.016877112610398256}"
tmhintqi,1,gate,1,1,whisper,1.0594412730734897,1.0579885766389163,1.0005198363883363,20,2301,"{""whisper"": 1.0}"
tmhintqi,1,gate,2,9,whisper+beats,0.9490073061851556,0.9510351295930322,0.901158198860958,20,2301,"{""whisper"": 0.4426288606610963, ""beats"": 0.5573711393389037}"
tmhintqi,1,gate,3,13,whisper+wavlm+beats,0.927329133374094,0.9293288770051702,0.8848114879972047,20,2301,"{""whisper"": 0.291870282585155, ""wavlm"": 0.3508765063603018, ""beats"": 0.3572532110545432}"
tmhintqi,1,gate,4,269,whisper+wavlm+beats+ced,0.919021991307882,0.9158887545388582,0.8772718242232679,20,2301,"{""whisper"": 0.25047026345932216, ""wavlm"": 0.2523352782420656, ""beats"": 0.25263598173827034, ""ced"": 0.24455847656034188}"
tmhintqi,1,gate,5,271,whisper+contentvec12+wavlm+beats+ced,0.916837548197888,0.9159295959699628,0.8722323789215137,20,2301,"{""whisper"": 0.23719644138600876, ""contentvec12"": 0.10266733646439233, ""wavlm"": 0.2096028270945153, ""beats"": 0.23599761389158408, ""ced"": 0.21453578116349958}"
tmhintqi,1,gate,6,303,whisper+contentvec12+wavlm+beats+speaker+ced,0.9161290389340916,0.9176457399879396,0.8702008720945237,20,2301,"{""whisper"": 0.23005457245560176, ""contentvec12"": 0.0907762166378236, ""wavlm"": 0.19730541614025038, ""beats"": 0.22416814131720258, ""speaker"": 0.06279376136772219, ""ced"": 0.19490189208139952}"
tmhintqi,1,gate,7,367,whisper+contentvec12+wavlm+beats+speaker+rmvpe_cont+ced,0.9161290390325086,0.9176458629026484,0.8702009857789788,20,2301,"{""whisper"": 0.23005246070406105, ""contentvec12"": 0.0907712285114493, ""wavlm"": 0.19731700660008175, ""beats"": 0.22416462539231116, ""speaker"": 0.06279629959344561, ""rmvpe_cont"": 1.8516140226979005e-17, ""ced"": 0.1948983791986512}"
tmhintqi,1,gate,8,879,whisper+contentvec12+wavlm+beats+speaker+rmvpe_cont+ced+egemaps,0.9161290480042188,0.9176451762548647,0.8702017712877607,20,2301,"{""whisper"": 0.23001401249246745, ""contentvec12"": 0.09088067952596765, ""wavlm"": 0.19742079913718033, ""beats"": 0.22423132527602743, ""speaker"": 0.06265938727834497, ""rmvpe_cont"": 1.9651164376299768e-18, ""ced"": 0.19479379629001228, ""egemaps"": 2.3162115942668843e-18}"
tmhintqi,1,gate,9,895,whisper+contentvec12+wavlm+beats+auditory_erb+speaker+rmvpe_cont+ced+egemaps,0.9161290478116078,0.9176451340690132,0.870201727578511,20,2301,"{""whisper"": 0.2300142564636621, ""contentvec12"": 0.09088135152427115, ""wavlm"": 0.19741537721436725, ""beats"": 0.2242331010027477, ""auditory_erb"": 1.0001765041178778e-17, ""speaker"": 0.06265951376535658, ""rmvpe_cont"": 0.0, ""ced"": 0.1947964000295953, ""egemaps"": 9.524038458927353e-18}"
tmhintqi,1,gate,10,1023,whisper+contentvec12+wavlm+beats+auditory_erb+speaker+rmvpe_cont+rmvpe_quant+ced+egemaps,0.916129047949836,0.9176450572477792,0.8702017122242132,20,2301,"{""whisper"": 0.23001623836674123, ""contentvec12"": 0.09088403732199563, ""wavlm"": 0.197411959372403, ""beats"": 0.2242353962103936, ""auditory_erb"": 1.209563048679141e-18, ""speaker"": 0.06265674540335726, ""rmvpe_cont"": 1.152642434623652e-17, ""rmvpe_quant"": 0.0, ""ced"": 0.1947956233251093, ""egemaps"": 6.1839228501076306e-18}"
tmhintqi,1,shapley,1,4,wavlm,1.0015828899091035,1.018090397727104,0.9510036315219184,20,2301,"{""wavlm"": 1.0}"
tmhintqi,1,shapley,2,260,wavlm+ced,0.9508525268378754,0.9493523022176964,0.904898964318329,20,2301,"{""wavlm"": 0.5018426701515978, ""ced"": 0.4981573298484023}"
tmhintqi,1,shapley,3,268,wavlm+beats+ced,0.9344425789646263,0.9339779155264258,0.8905699778498031,20,2301,"{""wavlm"": 0.37240330811241984, ""beats"": 0.3079811602805139, ""ced"": 0.3196155316070663}"
tmhintqi,1,shapley,4,269,whisper+wavlm+beats+ced,0.919021991307882,0.9158887545388582,0.8772718242232679,20,2301,"{""whisper"": 0.25047026345932216, ""wavlm"": 0.2523352782420656, ""beats"": 0.25263598173827034, ""ced"": 0.24455847656034188}"
tmhintqi,1,shapley,5,271,whisper+contentvec12+wavlm+beats+ced,0.916837548197888,0.9159295959699628,0.8722323789215137,20,2301,"{""whisper"": 0.23719644138600876, ""contentvec12"": 0.10266733646439233, ""wavlm"": 0.2096028270945153, ""beats"": 0.23599761389158408, ""ced"": 0.21453578116349958}"
tmhintqi,1,shapley,6,303,whisper+contentvec12+wavlm+beats+speaker+ced,0.9161290389340916,0.9176457399879396,0.8702008720945237,20,2301,"{""whisper"": 0.23005457245560176, ""contentvec12"": 0.0907762166378236, ""wavlm"": 0.19730541614025038, ""beats"": 0.22416814131720258, ""speaker"": 0.06279376136772219, ""ced"": 0.19490189208139952}"
tmhintqi,1,shapley,7,815,whisper+contentvec12+wavlm+beats+speaker+ced+egemaps,0.9161290392100634,0.9176462020745414,0.8702010111399613,20,2301,"{""whisper"": 0.2300519575242089, ""contentvec12"": 0.09076525439344102, ""wavlm"": 0.19732670478790618, ""beats"": 0.22416512651178336, ""speaker"": 0.0628021878110025, ""ced"": 0.19488876897165794, ""egemaps"": 0.0}"
tmhintqi,1,shapley,8,879,whisper+contentvec12+wavlm+beats+speaker+rmvpe_cont+ced+egemaps,0.9161290480042188,0.9176451762548647,0.8702017712877607,20,2301,"{""whisper"": 0.23001401249246745, ""contentvec12"": 0.09088067952596765, ""wavlm"": 0.19742079913718033, ""beats"": 0.22423132527602743, ""speaker"": 0.06265938727834497, ""rmvpe_cont"": 1.9651164376299768e-18, ""ced"": 0.19479379629001228, ""egemaps"": 2.3162115942668843e-18}"
tmhintqi,1,shapley,9,895,whisper+contentvec12+wavlm+beats+auditory_erb+speaker+rmvpe_cont+ced+egemaps,0.9161290478116078,0.9176451340690132,0.870201727578511,20,2301,"{""whisper"": 0.2300142564636621, ""contentvec12"": 0.09088135152427115, ""wavlm"": 0.19741537721436725, ""beats"": 0.2242331010027477, ""auditory_erb"": 1.0001765041178778e-17, ""speaker"": 0.06265951376535658, ""rmvpe_cont"": 0.0, ""ced"": 0.1947964000295953, ""egemaps"": 9.524038458927353e-18}"
tmhintqi,1,shapley,10,1023,whisper+contentvec12+wavlm+beats+auditory_erb+speaker+rmvpe_cont+rmvpe_quant+ced+egemaps,0.916129047949836,0.9176450572477792,0.8702017122242132,20,2301,"{""whisper"": 0.23001623836674123, ""contentvec12"": 0.09088403732199563, ""wavlm"": 0.197411959372403, ""beats"": 0.2242353962103936, ""auditory_erb"": 1.209563048679141e-18, ""speaker"": 0.06265674540335726, ""rmvpe_cont"": 1.152642434623652e-17, ""rmvpe_quant"": 0.0, ""ced"": 0.1947956233251093, ""egemaps"": 6.1839228501076306e-18}"
tmhintqi,1,singleton,1,4,wavlm,1.0015828899091035,1.018090397727104,0.9510036315219184,20,2301,"{""wavlm"": 1.0}"
tmhintqi,1,singleton,2,260,wavlm+ced,0.9508525268378754,0.9493523022176964,0.904898964318329,20,2301,"{""wavlm"": 0.5018426701515978, ""ced"": 0.4981573298484023}"
tmhintqi,1,singleton,3,268,wavlm+beats+ced,0.9344425789646263,0.9339779155264258,0.8905699778498031,20,2301,"{""wavlm"": 0.37240330811241984, ""beats"": 0.3079811602805139, ""ced"": 0.3196155316070663}"
tmhintqi,1,singleton,4,269,whisper+wavlm+beats+ced,0.919021991307882,0.9158887545388582,0.8772718242232679,20,2301,"{""whisper"": 0.25047026345932216, ""wavlm"": 0.2523352782420656, ""beats"": 0.25263598173827034, ""ced"": 0.24455847656034188}"
tmhintqi,1,singleton,5,301,whisper+wavlm+beats+speaker+ced,0.9177685771012198,0.9180650565917796,0.8737372572941983,20,2301,"{""whisper"": 0.23913375519362642, ""wavlm"": 0.2299400817894295, ""beats"": 0.23458515359922147, ""speaker"": 0.08184743571850145, ""ced"": 0.21449357369922128}"
tmhintqi,1,singleton,6,303,whisper+contentvec12+wavlm+beats+speaker+ced,0.9161290389340916,0.9176457399879396,0.8702008720945237,20,2301,"{""whisper"": 0.23005457245560176, ""contentvec12"": 0.0907762166378236, ""wavlm"": 0.19730541614025038, ""beats"": 0.22416814131720258, ""speaker"": 0.06279376136772219, ""ced"": 0.19490189208139952}"
tmhintqi,1,singleton,7,815,whisper+contentvec12+wavlm+beats+speaker+ced+egemaps,0.9161290392100634,0.9176462020745414,0.8702010111399613,20,2301,"{""whisper"": 0.2300519575242089, ""contentvec12"": 0.09076525439344102, ""wavlm"": 0.19732670478790618, ""beats"": 0.22416512651178336, ""speaker"": 0.0628021878110025, ""ced"": 0.19488876897165794, ""egemaps"": 0.0}"
tmhintqi,1,singleton,8,879,whisper+contentvec12+wavlm+beats+speaker+rmvpe_cont+ced+egemaps,0.9161290480042188,0.9176451762548647,0.8702017712877607,20,2301,"{""whisper"": 0.23001401249246745, ""contentvec12"": 0.09088067952596765, ""wavlm"": 0.19742079913718033, ""beats"": 0.22423132527602743, ""speaker"": 0.06265938727834497, ""rmvpe_cont"": 1.9651164376299768e-18, ""ced"": 0.19479379629001228, ""egemaps"": 2.3162115942668843e-18}"
tmhintqi,1,singleton,9,895,whisper+contentvec12+wavlm+beats+auditory_erb+speaker+rmvpe_cont+ced+egemaps,0.9161290478116078,0.9176451340690132,0.870201727578511,20,2301,"{""whisper"": 0.2300142564636621, ""contentvec12"": 0.09088135152427115, ""wavlm"": 0.19741537721436725, ""beats"": 0.2242331010027477, ""auditory_erb"": 1.0001765041178778e-17, ""speaker"": 0.06265951376535658, ""rmvpe_cont"": 0.0, ""ced"": 0.1947964000295953, ""egemaps"": 9.524038458927353e-18}"
tmhintqi,1,singleton,10,1023,whisper+contentvec12+wavlm+beats+auditory_erb+speaker+rmvpe_cont+rmvpe_quant+ced+egemaps,0.916129047949836,0.9176450572477792,0.8702017122242132,20,2301,"{""whisper"": 0.23001623836674123, ""contentvec12"": 0.09088403732199563, ""wavlm"": 0.197411959372403, ""beats"": 0.2242353962103936, ""auditory_erb"": 1.209563048679141e-18, ""speaker"": 0.06265674540335726, ""rmvpe_cont"": 1.152642434623652e-17, ""rmvpe_quant"": 0.0, ""ced"": 0.1947956233251093, ""egemaps"": 6.1839228501076306e-18}"
tmhintqi,1,inner_search,1,4,wavlm,1.0015828899091035,1.018090397727104,0.9510036315219184,20,2301,"{""wavlm"": 1.0}"
tmhintqi,1,inner_search,2,257,whisper+ced,0.9480516790600356,0.9387835929826456,0.902068441498352,20,2301,"{""whisper"": 0.41110559709423256, ""ced"": 0.5888944029057674}"
tmhintqi,1,inner_search,3,13,whisper+wavlm+beats,0.927329133374094,0.9293288770051702,0.8848114879972047,20,2301,"{""whisper"": 0.291870282585155, ""wavlm"": 0.3508765063603018, ""beats"": 0.3572532110545432}"
tmhintqi,1,inner_search,4,269,whisper+wavlm+beats+ced,0.919021991307882,0.9158887545388582,0.8772718242232679,20,2301,"{""whisper"": 0.25047026345932216, ""wavlm"": 0.2523352782420656, ""beats"": 0.25263598173827034, ""ced"": 0.24455847656034188}"
tmhintqi,1,inner_search,5,271,whisper+contentvec12+wavlm+beats+ced,0.916837548197888,0.9159295959699628,0.8722323789215137,20,2301,"{""whisper"": 0.23719644138600876, ""contentvec12"": 0.10266733646439233, ""wavlm"": 0.2096028270945153, ""beats"": 0.23599761389158408, ""ced"": 0.21453578116349958}"
tmhintqi,1,inner_search,6,303,whisper+contentvec12+wavlm+beats+speaker+ced,0.9161290389340916,0.9176457399879396,0.8702008720945237,20,2301,"{""whisper"": 0.23005457245560176, ""contentvec12"": 0.0907762166378236, ""wavlm"": 0.19730541614025038, ""beats"": 0.22416814131720258, ""speaker"": 0.06279376136772219, ""ced"": 0.19490189208139952}"
tmhintqi,1,inner_search,7,431,whisper+contentvec12+wavlm+beats+speaker+rmvpe_quant+ced,0.9161290389505276,0.9176457645910746,0.8702008965993369,20,2301,"{""whisper"": 0.23005412888987534, ""contentvec12"": 0.0907750680326602, ""wavlm"": 0.19730784537954826, ""beats"": 0.22416724651572797, ""speaker"": 0.06279439471943526, ""rmvpe_quant"": 6.014780958452787e-18, ""ced"": 0.19490131646275294}"
tmhintqi,1,inner_search,8,447,whisper+contentvec12+wavlm+beats+auditory_erb+speaker+rmvpe_quant+ced,0.9161290389738318,0.917645792535034,0.8702009272765965,20,2301,"{""whisper"": 0.23005355737722155, ""contentvec12"": 0.09077382433351343, ""wavlm"": 0.19731093421073786, ""beats"": 0.2241661538931383, ""auditory_erb"": 0.0, ""speaker"": 0.0627949933300175, ""rmvpe_quant"": 7.032067528105201e-18, ""ced"": 0.19490053685537145}"
tmhintqi,1,inner_search,9,511,whisper+contentvec12+wavlm+beats+auditory_erb+speaker+rmvpe_cont+rmvpe_quant+ced,0.9161290390063932,0.9176458356485988,0.8702009570146374,20,2301,"{""whisper"": 0.23005288923553038, ""contentvec12"": 0.09077262168158484, ""wavlm"": 0.19731438909724203, ""beats"": 0.22416545186438075, ""auditory_erb"": 5.706460965652221e-18, ""speaker"": 0.06279556211591036, ""rmvpe_cont"": 6.331835978521912e-18, ""rmvpe_quant"": 0.0, ""ced"": 0.1948990860053517}"
tmhintqi,1,inner_search,10,1023,whisper+contentvec12+wavlm+beats+auditory_erb+speaker+rmvpe_cont+rmvpe_quant+ced+egemaps,0.916129047949836,0.9176450572477792,0.8702017122242132,20,2301,"{""whisper"": 0.23001623836674123, ""contentvec12"": 0.09088403732199563, ""wavlm"": 0.197411959372403, ""beats"": 0.2242353962103936, ""auditory_erb"": 1.209563048679141e-18, ""speaker"": 0.06265674540335726, ""rmvpe_cont"": 1.152642434623652e-17, ""rmvpe_quant"": 0.0, ""ced"": 0.1947956233251093, ""egemaps"": 6.1839228501076306e-18}"
tmhintqi,2,gate,1,256,ced,0.9917034798559174,0.973368242564414,0.984115472368108,21,2393,"{""ced"": 1.0}"
tmhintqi,2,gate,2,257,whisper+ced,0.9428424832572764,0.9250913645659318,0.9311348637457229,21,2393,"{""whisper"": 0.3914023293445479, ""ced"": 0.6085976706554521}"
tmhintqi,2,gate,3,265,whisper+beats+ced,0.9240790408709504,0.9080362548904096,0.9098072377388672,21,2393,"{""whisper"": 0.30101888699770507, ""beats"": 0.30982008279395173, ""ced"": 0.3891610302083433}"
tmhintqi,2,gate,4,269,whisper+wavlm+beats+ced,0.9163064330737783,0.9008191078675672,0.898676579079437,21,2393,"{""whisper"": 0.23857340032080954, ""wavlm"": 0.22524922426285648, ""beats"": 0.23897238399117768, ""ced"": 0.29720499142515633}"
tmhintqi,2,gate,5,301,whisper+wavlm+beats+speaker+ced,0.9134800697407084,0.9017351140474372,0.8994638409432195,21,2393,"{""whisper"": 0.2193061453592266, ""wavlm"": 0.19319823939582395, ""beats"": 0.21583572572196597, ""speaker"": 0.11982737779354605, ""ced"": 0.25183251172943744}"
tmhintqi,2,gate,6,303,whisper+contentvec12+wavlm+beats+speaker+ced,0.9119120324166498,0.9002905558567182,0.898071112799352,21,2393,"{""whisper"": 0.20972892582053787, ""contentvec12"": 0.0896079229091331, ""wavlm"": 0.16011489015040314, ""beats"": 0.20600443538520288, ""speaker"": 0.10358271839601699, ""ced"": 0.23096110733870612}"
tmhintqi,2,gate,7,319,whisper+contentvec12+wavlm+beats+auditory_erb+speaker+ced,0.9119120355114356,0.9002869350744408,0.8980674831013689,21,2393,"{""whisper"": 0.20970820067974238, ""contentvec12"": 0.08964435880633125, ""wavlm"": 0.16018886501103036, ""beats"": 0.20601795961306893, ""auditory_erb"": 0.0, ""speaker"": 0.10347866891769776, ""ced"": 0.23096194697212935}"
tmhintqi,2,gate,8,831,whisper+contentvec12+wavlm+beats+auditory_erb+speaker+ced+egemaps,0.9119120494627831,0.9003013600991226,0.8980740988931306,21,2393,"{""whisper"": 0.20979020016095248, ""contentvec12"": 0.08955384703714656, ""wavlm"": 0.1601036467694974, ""beats"": 0.2058879164092362, ""auditory_erb"": 0.0, ""speaker"": 0.10384351011181864, ""ced"": 0.2308208795113488, ""egemaps"": 9.18861341181465e-18}"
tmhintqi,2,gate,9,895,whisper+contentvec12+wavlm+beats+auditory_erb+speaker+rmvpe_cont+ced+egemaps,0.9119120323264944,0.9002900634208912,0.8980711187572638,21,2393,"{""whisper"": 0.20972846129709083, ""contentvec12"": 0.08961014833301627, ""wavlm"": 0.16009938819514646, ""beats"": 0.2060232035123669, ""auditory_erb"": 2.0271616010163543e-18, ""speaker"": 0.10357013203210601, ""rmvpe_cont"": 6.352005950578405e-18, ""ced"": 0.23096866663027354, ""egemaps"": 2.2658131339052534e-18}"
tmhintqi,2,gate,10,1023,whisper+contentvec12+wavlm+beats+auditory_erb+speaker+rmvpe_cont+rmvpe_quant+ced+egemaps,0.9119120496167996,0.9003013633114358,0.8980740166374772,21,2393,"{""whisper"": 0.20979863733475534, ""contentvec12"": 0.08955489294751089, ""wavlm"": 0.16009590647265567, ""beats"": 0.20588882593832084, ""auditory_erb"": 4.858580985450667e-18, ""speaker"": 0.10384280320822965, ""rmvpe_cont"": 1.4992483166401116e-18, ""rmvpe_quant"": 0.0, ""ced"": 0.23081893409852766, ""egemaps"": 3.513492665210838e-18}"
tmhintqi,2,shapley,1,256,ced,0.9917034798559174,0.973368242564414,0.984115472368108,21,2393,"{""ced"": 1.0}"
tmhintqi,2,shapley,2,264,beats+ced,0.9494555701300396,0.9338757187423358,0.9383405932603522,21,2393,"{""beats"": 0.43563275982081556, ""ced"": 0.5643672401791844}"
tmhintqi,2,shapley,3,268,wavlm+beats+ced,0.9302839256531568,0.9152408991045164,0.913167636575429,21,2393,"{""wavlm"": 0.33122444164173165, ""beats"": 0.29309572014343094, ""ced"": 0.3756798382148374}"
tmhintqi,2,shapley,4,269,whisper+wavlm+beats+ced,0.9163064330737783,0.9008191078675672,0.898676579079437,21,2393,"{""whisper"": 0.23857340032080954, ""wavlm"": 0.22524922426285648, ""beats"": 0.23897238399117768, ""ced"": 0.29720499142515633}"
tmhintqi,2,shapley,5,301,whisper+wavlm+beats+speaker+ced,0.9134800697407084,0.9017351140474372,0.8994638409432195,21,2393,"{""whisper"": 0.2193061453592266, ""wavlm"": 0.19319823939582395, ""beats"": 0.21583572572196597, ""speaker"": 0.11982737779354605, ""ced"": 0.25183251172943744}"
tmhintqi,2,shapley,6,303,whisper+contentvec12+wavlm+beats+speaker+ced,0.9119120324166498,0.9002905558567182,0.898071112799352,21,2393,"{""whisper"": 0.20972892582053787, ""contentvec12"": 0.0896079229091331, ""wavlm"": 0.16011489015040314, ""beats"": 0.20600443538520288, ""speaker"": 0.10358271839601699, ""ced"": 0.23096110733870612}"
tmhintqi,2,shapley,7,815,whisper+contentvec12+wavlm+beats+speaker+ced+egemaps,0.9119120439291803,0.9002921236564732,0.8980730894816313,21,2393,"{""whisper"": 0.20975478513280565, ""contentvec12"": 0.0893891312276274, ""wavlm"": 0.1601057501650009, ""beats"": 0.20608181663298922, ""speaker"": 0.10366571717646232, ""ced"": 0.23100279966511453, ""egemaps"": 0.0}"
tmhintqi,2,shapley,8,831,whisper+contentvec12+wavlm+beats+auditory_erb+speaker+ced+egemaps,0.9119120494627831,0.9003013600991226,0.8980740988931306,21,2393,"{""whisper"": 0.20979020016095248, ""contentvec12"": 0.08955384703714656, ""wavlm"": 0.1601036467694974, ""beats"": 0.2058879164092362, ""auditory_erb"": 0.0, ""speaker"": 0.10384351011181864, ""ced"": 0.2308208795113488, ""egemaps"": 9.18861341181465e-18}"
tmhintqi,2,shapley,9,895,whisper+contentvec12+wavlm+beats+auditory_erb+speaker+rmvpe_cont+ced+egemaps,0.9119120323264944,0.9002900634208912,0.8980711187572638,21,2393,"{""whisper"": 0.20972846129709083, ""contentvec12"": 0.08961014833301627, ""wavlm"": 0.16009938819514646, ""beats"": 0.2060232035123669, ""auditory_erb"": 2.0271616010163543e-18, ""speaker"": 0.10357013203210601, ""rmvpe_cont"": 6.352005950578405e-18, ""ced"": 0.23096866663027354, ""egemaps"": 2.2658131339052534e-18}"
tmhintqi,2,shapley,10,1023,whisper+contentvec12+wavlm+beats+auditory_erb+speaker+rmvpe_cont+rmvpe_quant+ced+egemaps,0.9119120496167996,0.9003013633114358,0.8980740166374772,21,2393,"{""whisper"": 0.20979863733475534, ""contentvec12"": 0.08955489294751089, ""wavlm"": 0.16009590647265567, ""beats"": 0.20588882593832084, ""auditory_erb"": 4.858580985450667e-18, ""speaker"": 0.10384280320822965, ""rmvpe_cont"": 1.4992483166401116e-18, ""rmvpe_quant"": 0.0, ""ced"": 0.23081893409852766, ""egemaps"": 3.513492665210838e-18}"
tmhintqi,2,singleton,1,256,ced,0.9917034798559174,0.973368242564414,0.984115472368108,21,2393,"{""ced"": 1.0}"
tmhintqi,2,singleton,2,260,wavlm+ced,0.9457576057729375,0.9294796665129346,0.9292431162821058,21,2393,"{""wavlm"": 0.46123388011827476, ""ced"": 0.5387661198817253}"
tmhintqi,2,singleton,3,268,wavlm+beats+ced,0.9302839256531568,0.9152408991045164,0.913167636575429,21,2393,"{""wavlm"": 0.33122444164173165, ""beats"": 0.29309572014343094, ""ced"": 0.3756798382148374}"
tmhintqi,2,singleton,4,269,whisper+wavlm+beats+ced,0.9163064330737783,0.9008191078675672,0.898676579079437,21,2393,"{""whisper"": 0.23857340032080954, ""wavlm"": 0.22524922426285648, ""beats"": 0.23897238399117768, ""ced"": 0.29720499142515633}"
tmhintqi,2,singleton,5,301,whisper+wavlm+beats+speaker+ced,0.9134800697407084,0.9017351140474372,0.8994638409432195,21,2393,"{""whisper"": 0.2193061453592266, ""wavlm"": 0.19319823939582395, ""beats"": 0.21583572572196597, ""speaker"": 0.11982737779354605, ""ced"": 0.25183251172943744}"
tmhintqi,2,singleton,6,303,whisper+contentvec12+wavlm+beats+speaker+ced,0.9119120324166498,0.9002905558567182,0.898071112799352,21,2393,"{""whisper"": 0.20972892582053787, ""contentvec12"": 0.0896079229091331, ""wavlm"": 0.16011489015040314, ""beats"": 0.20600443538520288, ""speaker"": 0.10358271839601699, ""ced"": 0.23096110733870612}"
tmhintqi,2,singleton,7,815,whisper+contentvec12+wavlm+beats+speaker+ced+egemaps,0.9119120439291803,0.9002921236564732,0.8980730894816313,21,2393,"{""whisper"": 0.20975478513280565, ""contentvec12"": 0.0893891312276274, ""wavlm"": 0.1601057501650009, ""beats"": 0.20608181663298922, ""speaker"": 0.10366571717646232, ""ced"": 0.23100279966511453, ""egemaps"": 0.0}"
tmhintqi,2,singleton,8,831,whisper+contentvec12+wavlm+beats+auditory_erb+speaker+ced+egemaps,0.9119120494627831,0.9003013600991226,0.8980740988931306,21,2393,"{""whisper"": 0.20979020016095248, ""contentvec12"": 0.08955384703714656, ""wavlm"": 0.1601036467694974, ""beats"": 0.2058879164092362, ""auditory_erb"": 0.0, ""speaker"": 0.10384351011181864, ""ced"": 0.2308208795113488, ""egemaps"": 9.18861341181465e-18}"
tmhintqi,2,singleton,9,895,whisper+contentvec12+wavlm+beats+auditory_erb+speaker+rmvpe_cont+ced+egemaps,0.9119120323264944,0.9002900634208912,0.8980711187572638,21,2393,"{""whisper"": 0.20972846129709083, ""contentvec12"": 0.08961014833301627, ""wavlm"": 0.16009938819514646, ""beats"": 0.2060232035123669, ""auditory_erb"": 2.0271616010163543e-18, ""speaker"": 0.10357013203210601, ""rmvpe_cont"": 6.352005950578405e-18, ""ced"": 0.23096866663027354, ""egemaps"": 2.2658131339052534e-18}"
tmhintqi,2,singleton,10,1023,whisper+contentvec12+wavlm+beats+auditory_erb+speaker+rmvpe_cont+rmvpe_quant+ced+egemaps,0.9119120496167996,0.9003013633114358,0.8980740166374772,21,2393,"{""whisper"": 0.20979863733475534, ""contentvec12"": 0.08955489294751089, ""wavlm"": 0.16009590647265567, ""beats"": 0.20588882593832084, ""auditory_erb"": 4.858580985450667e-18, ""speaker"": 0.10384280320822965, ""rmvpe_cont"": 1.4992483166401116e-18, ""rmvpe_quant"": 0.0, ""ced"": 0.23081893409852766, ""egemaps"": 3.513492665210838e-18}"
tmhintqi,2,inner_search,1,256,ced,0.9917034798559174,0.973368242564414,0.984115472368108,21,2393,"{""ced"": 1.0}"
tmhintqi,2,inner_search,2,257,whisper+ced,0.9428424832572764,0.9250913645659318,0.9311348637457229,21,2393,"{""whisper"": 0.3914023293445479, ""ced"": 0.6085976706554521}"
tmhintqi,2,inner_search,3,265,whisper+beats+ced,0.9240790408709504,0.9080362548904096,0.9098072377388672,21,2393,"{""whisper"": 0.30101888699770507, ""beats"": 0.30982008279395173, ""ced"": 0.3891610302083433}"
tmhintqi,2,inner_search,4,269,whisper+wavlm+beats+ced,0.9163064330737783,0.9008191078675672,0.898676579079437,21,2393,"{""whisper"": 0.23857340032080954, ""wavlm"": 0.22524922426285648, ""beats"": 0.23897238399117768, ""ced"": 0.29720499142515633}"
tmhintqi,2,inner_search,5,301,whisper+wavlm+beats+speaker+ced,0.9134800697407084,0.9017351140474372,0.8994638409432195,21,2393,"{""whisper"": 0.2193061453592266, ""wavlm"": 0.19319823939582395, ""beats"": 0.21583572572196597, ""speaker"": 0.11982737779354605, ""ced"": 0.25183251172943744}"
tmhintqi,2,inner_search,6,303,whisper+contentvec12+wavlm+beats+speaker+ced,0.9119120324166498,0.9002905558567182,0.898071112799352,21,2393,"{""whisper"": 0.20972892582053787, ""contentvec12"": 0.0896079229091331, ""wavlm"": 0.16011489015040314, ""beats"": 0.20600443538520288, ""speaker"": 0.10358271839601699, ""ced"": 0.23096110733870612}"
tmhintqi,2,inner_search,7,367,whisper+contentvec12+wavlm+beats+speaker+rmvpe_cont+ced,0.9119120347633266,0.9002876285025098,0.8980680669181667,21,2393,"{""whisper"": 0.20970926619600033, ""contentvec12"": 0.08962996166997497, ""wavlm"": 0.16018951089998726, ""beats"": 0.20600873368248962, ""speaker"": 0.10350037657436957, ""rmvpe_cont"": 2.3147716382565514e-17, ""ced"": 0.2309621509771781}"
tmhintqi,2,inner_search,8,447,whisper+contentvec12+wavlm+beats+auditory_erb+speaker+rmvpe_quant+ced,0.91191203620433,0.9002864246897265,0.898066868528102,21,2393,"{""whisper"": 0.20971066128949592, ""contentvec12"": 0.0896447042019459, ""wavlm"": 0.1601954515503733, ""beats"": 0.20602441132451446, ""auditory_erb"": 2.307317748320714e-17, ""speaker"": 0.10346397289353591, ""rmvpe_quant"": 0.0, ""ced"": 0.23096079874013448}"
tmhintqi,2,inner_search,9,895,whisper+contentvec12+wavlm+beats+auditory_erb+speaker+rmvpe_cont+ced+egemaps,0.9119120323264944,0.9002900634208912,0.8980711187572638,21,2393,"{""whisper"": 0.20972846129709083, ""contentvec12"": 0.08961014833301627, ""wavlm"": 0.16009938819514646, ""beats"": 0.2060232035123669, ""auditory_erb"": 2.0271616010163543e-18, ""speaker"": 0.10357013203210601, ""rmvpe_cont"": 6.352005950578405e-18, ""ced"": 0.23096866663027354, ""egemaps"": 2.2658131339052534e-18}"
tmhintqi,2,inner_search,10,1023,whisper+contentvec12+wavlm+beats+auditory_erb+speaker+rmvpe_cont+rmvpe_quant+ced+egemaps,0.9119120496167996,0.9003013633114358,0.8980740166374772,21,2393,"{""whisper"": 0.20979863733475534, ""contentvec12"": 0.08955489294751089, ""wavlm"": 0.16009590647265567, ""beats"": 0.20588882593832084, ""auditory_erb"": 4.858580985450667e-18, ""speaker"": 0.10384280320822965, ""rmvpe_cont"": 1.4992483166401116e-18, ""rmvpe_quant"": 0.0, ""ced"": 0.23081893409852766, ""egemaps"": 3.513492665210838e-18}"
tmhintqi,3,gate,1,4,wavlm,0.98970446771838,0.970257211489047,1.0038065065858877,20,2301,"{""wavlm"": 1.0}"
tmhintqi,3,gate,2,5,whisper+wavlm,0.9424289951325155,0.9281538972736088,0.9553844079619992,20,2301,"{""whisper"": 0.39351334563631946, ""wavlm"": 0.6064866543636805}"
tmhintqi,3,gate,3,13,whisper+wavlm+beats,0.9170232825848484,0.9078930746949492,0.9283249839259644,20,2301,"{""whisper"": 0.27502832231417673, ""wavlm"": 0.4058829966330192, ""beats"": 0.3190886810528041}"
tmhintqi,3,gate,4,269,whisper+wavlm+beats+ced,0.9092008920683232,0.8966964246336961,0.919907649734104,20,2301,"{""whisper"": 0.23177073435197862, ""wavlm"": 0.30725317370953903, ""beats"": 0.22577233346202397, ""ced"": 0.2352037584764583}"
tmhintqi,3,gate,5,271,whisper+contentvec12+wavlm+beats+ced,0.906074819086547,0.8947492744876863,0.918999546063448,20,2301,"{""whisper"": 0.21377896924103162, ""contentvec12"": 0.12293375247302095, ""wavlm"": 0.2552556841851595, ""beats"": 0.2121039152305522, ""ced"": 0.19592767887023574}"
tmhintqi,3,gate,6,303,whisper+contentvec12+wavlm+beats+speaker+ced,0.9051039977215536,0.8961952413913715,0.91588706970639,20,2301,"{""whisper"": 0.2046067452819957, ""contentvec12"": 0.10936811782493477, ""wavlm"": 0.2391069800635809, ""beats"": 0.19983438699560135, ""speaker"": 0.07418634819190825, ""ced"": 0.17289742164197905}"
tmhintqi,3,gate,7,815,whisper+contentvec12+wavlm+beats+speaker+ced+egemaps,0.9050754979270964,0.8962135280902646,0.916117415321386,20,2301,"{""whisper"": 0.204552919953342, ""contentvec12"": 0.10700618144272636, ""wavlm"": 0.23734813857014642, ""beats"": 0.19933987345789678, ""speaker"": 0.0696398355070053, ""ced"": 0.1681395521295302, ""egemaps"": 0.013973498939353061}"
tmhintqi,3,gate,8,831,whisper+contentvec12+wavlm+beats+auditory_erb+speaker+ced+egemaps,0.9050754930534656,0.896213893902007,0.9161171823249142,20,2301,"{""whisper"": 0.20459733507115993, ""contentvec12"": 0.1070288903684292, ""wavlm"": 0.2373231978867433, ""beats"": 0.1992764559462395, ""auditory_erb"": 3.624242223064337e-18, ""speaker"": 0.0696526244560115, ""ced"": 0.16816191344725434, ""egemaps"": 0.013959582824162028}"
tmhintqi,3,gate,9,895,whisper+contentvec12+wavlm+beats+auditory_erb+speaker+rmvpe_cont+ced+egemaps,0.9050754925512178,0.8962138049348127,0.9161170738088434,20,2301,"{""whisper"": 0.20458829898910108, ""contentvec12"": 0.10703185803391681, ""wavlm"": 0.23732099730273457, ""beats"": 0.1992795571831148, ""auditory_erb"": 2.7676801551534264e-18, ""speaker"": 0.06965505130378409, ""rmvpe_cont"": 1.8706722640111223e-18, ""ced"": 0.16816924744338557, ""egemaps"": 0.013954989743963012}"
tmhintqi,3,gate,10,1023,whisper+contentvec12+wavlm+beats+auditory_erb+speaker+rmvpe_cont+rmvpe_quant+ced+egemaps,0.9050754921268276,0.8962138984087953,0.9161169152196914,20,2301,"{""whisper"": 0.20458916484170026, ""contentvec12"": 0.107034318955123, ""wavlm"": 0.23731613376537794, ""beats"": 0.1992772982481182, ""auditory_erb"": 1.628648481200967e-17, ""speaker"": 0.06965772690568803, ""rmvpe_cont"": 0.0, ""rmvpe_quant"": 0.0, ""ced"": 0.1681736347734658, ""egemaps"": 0.013951722510526862}"
tmhintqi,3,shapley,1,4,wavlm,0.98970446771838,0.970257211489047,1.0038065065858877,20,2301,"{""wavlm"": 1.0}"
tmhintqi,3,shapley,2,260,wavlm+ced,0.9386095864337238,0.9181997222304862,0.9494350284678754,20,2301,"{""wavlm"": 0.5116886102221043, ""ced"": 0.48831138977789573}"
tmhintqi,3,shapley,3,268,wavlm+beats+ced,0.9224363263377356,0.905518037747886,0.9321121617936552,20,2301,"{""wavlm"": 0.4097824133648754, ""beats"": 0.28122890660572614, ""ced"": 0.3089886800293984}"
tmhintqi,3,shapley,4,269,whisper+wavlm+beats+ced,0.9092008920683232,0.8966964246336961,0.919907649734104,20,2301,"{""whisper"": 0.23177073435197862, ""wavlm"": 0.30725317370953903, ""beats"": 0.22577233346202397, ""ced"": 0.2352037584764583}"
tmhintqi,3,shapley,5,271,whisper+contentvec12+wavlm+beats+ced,0.906074819086547,0.8947492744876863,0.918999546063448,20,2301,"{""whisper"": 0.21377896924103162, ""contentvec12"": 0.12293375247302095, ""wavlm"": 0.2552556841851595, ""beats"": 0.2121039152305522, ""ced"": 0.19592767887023574}"
tmhintqi,3,shapley,6,303,whisper+contentvec12+wavlm+beats+speaker+ced,0.9051039977215536,0.8961952413913715,0.91588706970639,20,2301,"{""whisper"": 0.2046067452819957, ""contentvec12"": 0.10936811782493477, ""wavlm"": 0.2391069800635809, ""beats"": 0.19983438699560135, ""speaker"": 0.07418634819190825, ""ced"": 0.17289742164197905}"
tmhintqi,3,shapley,7,815,whisper+contentvec12+wavlm+beats+speaker+ced+egemaps,0.9050754979270964,0.8962135280902646,0.916117415321386,20,2301,"{""whisper"": 0.204552919953342, ""contentvec12"": 0.10700618144272636, ""wavlm"": 0.23734813857014642, ""beats"": 0.19933987345789678, ""speaker"": 0.0696398355070053, ""ced"": 0.1681395521295302, ""egemaps"": 0.013973498939353061}"
tmhintqi,3,shapley,8,831,whisper+contentvec12+wavlm+beats+auditory_erb+speaker+ced+egemaps,0.9050754930534656,0.896213893902007,0.9161171823249142,20,2301,"{""whisper"": 0.20459733507115993, ""contentvec12"": 0.1070288903684292, ""wavlm"": 0.2373231978867433, ""beats"": 0.1992764559462395, ""auditory_erb"": 3.624242223064337e-18, ""speaker"": 0.0696526244560115, ""ced"": 0.16816191344725434, ""egemaps"": 0.013959582824162028}"
tmhintqi,3,shapley,9,895,whisper+contentvec12+wavlm+beats+auditory_erb+speaker+rmvpe_cont+ced+egemaps,0.9050754925512178,0.8962138049348127,0.9161170738088434,20,2301,"{""whisper"": 0.20458829898910108, ""contentvec12"": 0.10703185803391681, ""wavlm"": 0.23732099730273457, ""beats"": 0.1992795571831148, ""auditory_erb"": 2.7676801551534264e-18, ""speaker"": 0.06965505130378409, ""rmvpe_cont"": 1.8706722640111223e-18, ""ced"": 0.16816924744338557, ""egemaps"": 0.013954989743963012}"
tmhintqi,3,shapley,10,1023,whisper+contentvec12+wavlm+beats+auditory_erb+speaker+rmvpe_cont+rmvpe_quant+ced+egemaps,0.9050754921268276,0.8962138984087953,0.9161169152196914,20,2301,"{""whisper"": 0.20458916484170026, ""contentvec12"": 0.107034318955123, ""wavlm"": 0.23731613376537794, ""beats"": 0.1992772982481182, ""auditory_erb"": 1.628648481200967e-17, ""speaker"": 0.06965772690568803, ""rmvpe_cont"": 0.0, ""rmvpe_quant"": 0.0, ""ced"": 0.1681736347734658, ""egemaps"": 0.013951722510526862}"
tmhintqi,3,singleton,1,4,wavlm,0.98970446771838,0.970257211489047,1.0038065065858877,20,2301,"{""wavlm"": 1.0}"
tmhintqi,3,singleton,2,260,wavlm+ced,0.9386095864337238,0.9181997222304862,0.9494350284678754,20,2301,"{""wavlm"": 0.5116886102221043, ""ced"": 0.48831138977789573}"
tmhintqi,3,singleton,3,268,wavlm+beats+ced,0.9224363263377356,0.905518037747886,0.9321121617936552,20,2301,"{""wavlm"": 0.4097824133648754, ""beats"": 0.28122890660572614, ""ced"": 0.3089886800293984}"
tmhintqi,3,singleton,4,269,whisper+wavlm+beats+ced,0.9092008920683232,0.8966964246336961,0.919907649734104,20,2301,"{""whisper"": 0.23177073435197862, ""wavlm"": 0.30725317370953903, ""beats"": 0.22577233346202397, ""ced"": 0.2352037584764583}"
tmhintqi,3,singleton,5,301,whisper+wavlm+beats+speaker+ced,0.9074888184696972,0.8981391071393897,0.9159329123073924,20,2301,"{""whisper"": 0.2174439317774126, ""wavlm"": 0.278808714734895, ""beats"": 0.20778588482514218, ""speaker"": 0.09664801236154658, ""ced"": 0.19931345630100375}"
tmhintqi,3,singleton,6,303,whisper+contentvec12+wavlm+beats+speaker+ced,0.9051039977215536,0.8961952413913715,0.91588706970639,20,2301,"{""whisper"": 0.2046067452819957, ""contentvec12"": 0.10936811782493477, ""wavlm"": 0.2391069800635809, ""beats"": 0.19983438699560135, ""speaker"": 0.07418634819190825, ""ced"": 0.17289742164197905}"
tmhintqi,3,singleton,7,815,whisper+contentvec12+wavlm+beats+speaker+ced+egemaps,0.9050754979270964,0.8962135280902646,0.916117415321386,20,2301,"{""whisper"": 0.204552919953342, ""contentvec12"": 0.10700618144272636, ""wavlm"": 0.23734813857014642, ""beats"": 0.19933987345789678, ""speaker"": 0.0696398355070053, ""ced"": 0.1681395521295302, ""egemaps"": 0.013973498939353061}"
tmhintqi,3,singleton,8,831,whisper+contentvec12+wavlm+beats+auditory_erb+speaker+ced+egemaps,0.9050754930534656,0.896213893902007,0.9161171823249142,20,2301,"{""whisper"": 0.20459733507115993, ""contentvec12"": 0.1070288903684292, ""wavlm"": 0.2373231978867433, ""beats"": 0.1992764559462395, ""auditory_erb"": 3.624242223064337e-18, ""speaker"": 0.0696526244560115, ""ced"": 0.16816191344725434, ""egemaps"": 0.013959582824162028}"
tmhintqi,3,singleton,9,895,whisper+contentvec12+wavlm+beats+auditory_erb+speaker+rmvpe_cont+ced+egemaps,0.9050754925512178,0.8962138049348127,0.9161170738088434,20,2301,"{""whisper"": 0.20458829898910108, ""contentvec12"": 0.10703185803391681, ""wavlm"": 0.23732099730273457, ""beats"": 0.1992795571831148, ""auditory_erb"": 2.7676801551534264e-18, ""speaker"": 0.06965505130378409, ""rmvpe_cont"": 1.8706722640111223e-18, ""ced"": 0.16816924744338557, ""egemaps"": 0.013954989743963012}"
tmhintqi,3,singleton,10,1023,whisper+contentvec12+wavlm+beats+auditory_erb+speaker+rmvpe_cont+rmvpe_quant+ced+egemaps,0.9050754921268276,0.8962138984087953,0.9161169152196914,20,2301,"{""whisper"": 0.20458916484170026, ""contentvec12"": 0.107034318955123, ""wavlm"": 0.23731613376537794, ""beats"": 0.1992772982481182, ""auditory_erb"": 1.628648481200967e-17, ""speaker"": 0.06965772690568803, ""rmvpe_cont"": 0.0, ""rmvpe_quant"": 0.0, ""ced"": 0.1681736347734658, ""egemaps"": 0.013951722510526862}"
tmhintqi,3,inner_search,1,4,wavlm,0.98970446771838,0.970257211489047,1.0038065065858877,20,2301,"{""wavlm"": 1.0}"
tmhintqi,3,inner_search,2,12,wavlm+beats,0.9367824717006636,0.9238100594276504,0.9481944482720192,20,2301,"{""wavlm"": 0.5739971719005904, ""beats"": 0.4260028280994097}"
tmhintqi,3,inner_search,3,13,whisper+wavlm+beats,0.9170232825848484,0.9078930746949492,0.9283249839259644,20,2301,"{""whisper"": 0.27502832231417673, ""wavlm"": 0.4058829966330192, ""beats"": 0.3190886810528041}"
tmhintqi,3,inner_search,4,269,whisper+wavlm+beats+ced,0.9092008920683232,0.8966964246336961,0.919907649734104,20,2301,"{""whisper"": 0.23177073435197862, ""wavlm"": 0.30725317370953903, ""beats"": 0.22577233346202397, ""ced"": 0.2352037584764583}"
tmhintqi,3,inner_search,5,271,whisper+contentvec12+wavlm+beats+ced,0.906074819086547,0.8947492744876863,0.918999546063448,20,2301,"{""whisper"": 0.21377896924103162, ""contentvec12"": 0.12293375247302095, ""wavlm"": 0.2552556841851595, ""beats"": 0.2121039152305522, ""ced"": 0.19592767887023574}"
tmhintqi,3,inner_search,6,303,whisper+contentvec12+wavlm+beats+speaker+ced,0.9051039977215536,0.8961952413913715,0.91588706970639,20,2301,"{""whisper"": 0.2046067452819957, ""contentvec12"": 0.10936811782493477, ""wavlm"": 0.2391069800635809, ""beats"": 0.19983438699560135, ""speaker"": 0.07418634819190825, ""ced"": 0.17289742164197905}"
tmhintqi,3,inner_search,7,815,whisper+contentvec12+wavlm+beats+speaker+ced+egemaps,0.9050754979270964,0.8962135280902646,0.916117415321386,20,2301,"{""whisper"": 0.204552919953342, ""contentvec12"": 0.10700618144272636, ""wavlm"": 0.23734813857014642, ""beats"": 0.19933987345789678, ""speaker"": 0.0696398355070053, ""ced"": 0.1681395521295302, ""egemaps"": 0.013973498939353061}"
tmhintqi,3,inner_search,8,831,whisper+contentvec12+wavlm+beats+auditory_erb+speaker+ced+egemaps,0.9050754930534656,0.896213893902007,0.9161171823249142,20,2301,"{""whisper"": 0.20459733507115993, ""contentvec12"": 0.1070288903684292, ""wavlm"": 0.2373231978867433, ""beats"": 0.1992764559462395, ""auditory_erb"": 3.624242223064337e-18, ""speaker"": 0.0696526244560115, ""ced"": 0.16816191344725434, ""egemaps"": 0.013959582824162028}"
tmhintqi,3,inner_search,9,959,whisper+contentvec12+wavlm+beats+auditory_erb+speaker+rmvpe_quant+ced+egemaps,0.9050754918720494,0.8962139050171817,0.9161169192370472,20,2301,"{""whisper"": 0.2045926694610941, ""contentvec12"": 0.10703610817928938, ""wavlm"": 0.23731430434287612, ""beats"": 0.19927452386411146, ""auditory_erb"": 0.0, ""speaker"": 0.06965700891445359, ""rmvpe_quant"": 1.6943305923046176e-18, ""ced"": 0.16817469508438032, ""egemaps"": 0.013950690153794982}"
tmhintqi,3,inner_search,10,1023,whisper+contentvec12+wavlm+beats+auditory_erb+speaker+rmvpe_cont+rmvpe_quant+ced+egemaps,0.9050754921268276,0.8962138984087953,0.9161169152196914,20,2301,"{""whisper"": 0.20458916484170026, ""contentvec12"": 0.107034318955123, ""wavlm"": 0.23731613376537794, ""beats"": 0.1992772982481182, ""auditory_erb"": 1.628648481200967e-17, ""speaker"": 0.06965772690568803, ""rmvpe_cont"": 0.0, ""rmvpe_quant"": 0.0, ""ced"": 0.1681736347734658, ""egemaps"": 0.013951722510526862}"
tmhintqi,4,gate,1,1,whisper,1.061824202621252,1.0693512936979663,1.0202385128415128,21,2332,"{""whisper"": 1.0}"
tmhintqi,4,gate,2,5,whisper+wavlm,0.9518594439397492,0.9508300142687056,0.9448427903323426,21,2332,"{""whisper"": 0.39889782869680807, ""wavlm"": 0.6011021713031919}"
tmhintqi,4,gate,3,13,whisper+wavlm+beats,0.9269110204378742,0.9281619570153652,0.928609937354619,21,2332,"{""whisper"": 0.29124894775005417, ""wavlm"": 0.3684778215343868, ""beats"": 0.340273230715559}"
tmhintqi,4,gate,4,15,whisper+contentvec12+wavlm+beats,0.9208221227988383,0.9231783445667034,0.9232745716074748,21,2332,"{""whisper"": 0.26527019287833864, ""contentvec12"": 0.16678999474558626, ""wavlm"": 0.28177394170144415, ""beats"": 0.286165870674631}"
tmhintqi,4,gate,5,47,whisper+contentvec12+wavlm+beats+speaker,0.9181217352240236,0.924697130802122,0.9180572253739604,21,2332,"{""whisper"": 0.2480216965918539, ""contentvec12"": 0.1362329705984726, ""wavlm"": 0.25026568130662474, ""beats"": 0.24451282840069938, ""speaker"": 0.12096682310234934}"
tmhintqi,4,gate,6,303,whisper+contentvec12+wavlm+beats+speaker+ced,0.9173230117592912,0.9208595422574218,0.9176702276590828,21,2332,"{""whisper"": 0.24095457842718257, ""contentvec12"": 0.12505485435945718, ""wavlm"": 0.2351729540970421, ""beats"": 0.2179090029377883, ""speaker"": 0.1007828056201953, ""ced"": 0.08012580455833442}"
tmhintqi,4,gate,7,367,whisper+contentvec12+wavlm+beats+speaker+rmvpe_cont+ced,0.9173230411394664,0.9208491481246924,0.9176714291424746,21,2332,"{""whisper"": 0.2408888270578402, ""contentvec12"": 0.1249684824440564, ""wavlm"": 0.23550938828399462, ""beats"": 0.217629145076097, ""speaker"": 0.10080288698393347, ""rmvpe_cont"": 2.553296116203363e-17, ""ced"": 0.08020127015407841}"
tmhintqi,4,gate,8,495,whisper+contentvec12+wavlm+beats+speaker+rmvpe_cont+rmvpe_quant+ced,0.9173230120182836,0.9208607064321858,0.9176691184019528,21,2332,"{""whisper"": 0.24094534245602, ""contentvec12"": 0.12494514514022038, ""wavlm"": 0.23516648295873432, ""beats"": 0.21794885525928287, ""speaker"": 0.10083066836167308, ""rmvpe_cont"": 0.0, ""rmvpe_quant"": 3.482999479109683e-18, ""ced"": 0.0801635058240693}"
tmhintqi,4,gate,9,511,whisper+contentvec12+wavlm+beats+auditory_erb+speaker+rmvpe_cont+rmvpe_quant+ced,0.9173230123773368,0.9208605137842067,0.9176690317336476,21,2332,"{""whisper"": 0.2409424642013599, ""contentvec12"": 0.12493895265393046, ""wavlm"": 0.23517906911446249, ""beats"": 0.21793721338140673, ""auditory_erb"": 0.0, ""speaker"": 0.10083669028385839, ""rmvpe_cont"": 0.0, ""rmvpe_quant"": 1.998468359928115e-18, ""ced"": 0.08016561036498192}"
tmhintqi,4,gate,10,1023,whisper+contentvec12+wavlm+beats+auditory_erb+speaker+rmvpe_cont+rmvpe_quant+ced+egemaps,0.917323037476934,0.9208453758851834,0.9176747225018228,21,2332,"{""whisper"": 0.24088344641753354, ""contentvec12"": 0.12508177785529298, ""wavlm"": 0.23546151156057618, ""beats"": 0.2176880748458938, ""auditory_erb"": 0.0, ""speaker"": 0.1006651108888424, ""rmvpe_cont"": 3.452506293008528e-18, ""rmvpe_quant"": 1.3942162311805784e-18, ""ced"": 0.0802200784318611, ""egemaps"": 0.0}"
tmhintqi,4,shapley,1,4,wavlm,1.000285631159767,1.0024155192290616,0.9914507077650536,21,2332,"{""wavlm"": 1.0}"
tmhintqi,4,shapley,2,5,whisper+wavlm,0.9518594439397492,0.9508300142687056,0.9448427903323426,21,2332,"{""whisper"": 0.39889782869680807, ""wavlm"": 0.6011021713031919}"
tmhintqi,4,shapley,3,13,whisper+wavlm+beats,0.9269110204378742,0.9281619570153652,0.928609937354619,21,2332,"{""whisper"": 0.29124894775005417, ""wavlm"": 0.3684778215343868, ""beats"": 0.340273230715559}"
tmhintqi,4,shapley,4,269,whisper+wavlm+beats+ced,0.9232692677652684,0.9203412096805208,0.9255326430681072,21,2332,"{""whisper"": 0.2666874077961232, ""wavlm"": 0.3113248090864742, ""beats"": 0.2635996872798282, ""ced"": 0.15838809583757443}"
tmhintqi,4,shapley,5,271,whisper+contentvec12+wavlm+beats+ced,0.9190271407452,0.9181834106624956,0.9217009896164516,21,2332,"{""whisper"": 0.25107351343894474, ""contentvec12"": 0.143679082591811, ""wavlm"": 0.25237695361458723, ""beats"": 0.2381083671672381, ""ced"": 0.11476208318741903}"
tmhintqi,4,shapley,6,303,whisper+contentvec12+wavlm+beats+speaker+ced,0.9173230117592912,0.9208595422574218,0.9176702276590828,21,2332,"{""whisper"": 0.24095457842718257, ""contentvec12"": 0.12505485435945718, ""wavlm"": 0.2351729540970421, ""beats"": 0.2179090029377883, ""speaker"": 0.1007828056201953, ""ced"": 0.08012580455833442}"
tmhintqi,4,shapley,7,815,whisper+contentvec12+wavlm+beats+speaker+ced+egemaps,0.9173230307819508,0.920847911626155,0.917671659998793,21,2332,"{""whisper"": 0.24089991848045472, ""contentvec12"": 0.12492510854883626, ""wavlm"": 0.2354189490512643, ""beats"": 0.2177005949658497, ""speaker"": 0.10076985403612727, ""ced"": 0.08028557491746777, ""egemaps"": 1.9894686348635384e-19}"
tmhintqi,4,shapley,8,879,whisper+contentvec12+wavlm+beats+speaker+rmvpe_cont+ced+egemaps,0.9173230317970318,0.920847565314682,0.9176730596748374,21,2332,"{""whisper"": 0.2408937240546643, ""contentvec12"": 0.12502399402878256, ""wavlm"": 0.23543439065273095, ""beats"": 0.21769521713529189, ""speaker"": 0.10072209518694963, ""rmvpe_cont"": 0.0, ""ced"": 0.08023057894158075, ""egemaps"": 2.9002408113987244e-18}"
tmhintqi,4,shapley,9,895,whisper+contentvec12+wavlm+beats+auditory_erb+speaker+rmvpe_cont+ced+egemaps,0.9173230368167836,0.9208457246251612,0.9176743536094664,21,2332,"{""whisper"": 0.2408847451821482, ""contentvec12"": 0.1250703729250216, ""wavlm"": 0.23545991590231086, ""beats"": 0.2176835010551261, ""auditory_erb"": 1.2027867851011062e-17, ""speaker"": 0.10067839476428632, ""rmvpe_cont"": 9.17506088465858e-18, ""ced"": 0.08022307017110682, ""egemaps"": 0.0}"
tmhintqi,4,shapley,10,1023,whisper+contentvec12+wavlm+beats+auditory_erb+speaker+rmvpe_cont+rmvpe_quant+ced+egemaps,0.917323037476934,0.9208453758851834,0.9176747225018228,21,2332,"{""whisper"": 0.24088344641753354, ""contentvec12"": 0.12508177785529298, ""wavlm"": 0.23546151156057618, ""beats"": 0.2176880748458938, ""auditory_erb"": 0.0, ""speaker"": 0.1006651108888424, ""rmvpe_cont"": 3.452506293008528e-18, ""rmvpe_quant"": 1.3942162311805784e-18, ""ced"": 0.0802200784318611, ""egemaps"": 0.0}"
tmhintqi,4,singleton,1,4,wavlm,1.000285631159767,1.0024155192290616,0.9914507077650536,21,2332,"{""wavlm"": 1.0}"
tmhintqi,4,singleton,2,12,wavlm+beats,0.9495294386648504,0.9524740223234034,0.9501129958588804,21,2332,"{""wavlm"": 0.5457038747633016, ""beats"": 0.4542961252366984}"
tmhintqi,4,singleton,3,268,wavlm+beats+ced,0.9414314077907098,0.937784900606044,0.942539655774678,21,2332,"{""wavlm"": 0.4404890892608731, ""beats"": 0.32837294980984677, ""ced"": 0.23113796092928013}"
tmhintqi,4,singleton,4,269,whisper+wavlm+beats+ced,0.9232692677652684,0.9203412096805208,0.9255326430681072,21,2332,"{""whisper"": 0.2666874077961232, ""wavlm"": 0.3113248090864742, ""beats"": 0.2635996872798282, ""ced"": 0.15838809583757443}"
tmhintqi,4,singleton,5,301,whisper+wavlm+beats+speaker+ced,0.9204052324597884,0.9232996046344252,0.9197852314651872,21,2332,"{""whisper"": 0.25126252571243957, ""wavlm"": 0.27970058133984804, ""beats"": 0.23381092777584983, ""speaker"": 0.12800640627342913, ""ced"": 0.10721955889843351}"
tmhintqi,4,singleton,6,303,whisper+contentvec12+wavlm+beats+speaker+ced,0.9173230117592912,0.9208595422574218,0.9176702276590828,21,2332,"{""whisper"": 0.24095457842718257, ""contentvec12"": 0.12505485435945718, ""wavlm"": 0.2351729540970421, ""beats"": 0.2179090029377883, ""speaker"": 0.1007828056201953, ""ced"": 0.08012580455833442}"
tmhintqi,4,singleton,7,815,whisper+contentvec12+wavlm+beats+speaker+ced+egemaps,0.9173230307819508,0.920847911626155,0.917671659998793,21,2332,"{""whisper"": 0.24089991848045472, ""contentvec12"": 0.12492510854883626, ""wavlm"": 0.2354189490512643, ""beats"": 0.2177005949658497, ""speaker"": 0.10076985403612727, ""ced"": 0.08028557491746777, ""egemaps"": 1.9894686348635384e-19}"
tmhintqi,4,singleton,8,879,whisper+contentvec12+wavlm+beats+speaker+rmvpe_cont+ced+egemaps,0.9173230317970318,0.920847565314682,0.9176730596748374,21,2332,"{""whisper"": 0.2408937240546643, ""contentvec12"": 0.12502399402878256, ""wavlm"": 0.23543439065273095, ""beats"": 0.21769521713529189, ""speaker"": 0.10072209518694963, ""rmvpe_cont"": 0.0, ""ced"": 0.08023057894158075, ""egemaps"": 2.9002408113987244e-18}"
tmhintqi,4,singleton,9,895,whisper+contentvec12+wavlm+beats+auditory_erb+speaker+rmvpe_cont+ced+egemaps,0.9173230368167836,0.9208457246251612,0.9176743536094664,21,2332,"{""whisper"": 0.2408847451821482, ""contentvec12"": 0.1250703729250216, ""wavlm"": 0.23545991590231086, ""beats"": 0.2176835010551261, ""auditory_erb"": 1.2027867851011062e-17, ""speaker"": 0.10067839476428632, ""rmvpe_cont"": 9.17506088465858e-18, ""ced"": 0.08022307017110682, ""egemaps"": 0.0}"
tmhintqi,4,singleton,10,1023,whisper+contentvec12+wavlm+beats+auditory_erb+speaker+rmvpe_cont+rmvpe_quant+ced+egemaps,0.917323037476934,0.9208453758851834,0.9176747225018228,21,2332,"{""whisper"": 0.24088344641753354, ""contentvec12"": 0.12508177785529298, ""wavlm"": 0.23546151156057618, ""beats"": 0.2176880748458938, ""auditory_erb"": 0.0, ""speaker"": 0.1006651108888424, ""rmvpe_cont"": 3.452506293008528e-18, ""rmvpe_quant"": 1.3942162311805784e-18, ""ced"": 0.0802200784318611, ""egemaps"": 0.0}"
tmhintqi,4,inner_search,1,4,wavlm,1.000285631159767,1.0024155192290616,0.9914507077650536,21,2332,"{""wavlm"": 1.0}"
tmhintqi,4,inner_search,2,12,wavlm+beats,0.9495294386648504,0.9524740223234034,0.9501129958588804,21,2332,"{""wavlm"": 0.5457038747633016, ""beats"": 0.4542961252366984}"
tmhintqi,4,inner_search,3,13,whisper+wavlm+beats,0.9269110204378742,0.9281619570153652,0.928609937354619,21,2332,"{""whisper"": 0.29124894775005417, ""wavlm"": 0.3684778215343868, ""beats"": 0.340273230715559}"
tmhintqi,4,inner_search,4,15,whisper+contentvec12+wavlm+beats,0.9208221227988383,0.9231783445667034,0.9232745716074748,21,2332,"{""whisper"": 0.26527019287833864, ""contentvec12"": 0.16678999474558626, ""wavlm"": 0.28177394170144415, ""beats"": 0.286165870674631}"
tmhintqi,4,inner_search,5,47,whisper+contentvec12+wavlm+beats+speaker,0.9181217352240236,0.924697130802122,0.9180572253739604,21,2332,"{""whisper"": 0.2480216965918539, ""contentvec12"": 0.1362329705984726, ""wavlm"": 0.25026568130662474, ""beats"": 0.24451282840069938, ""speaker"": 0.12096682310234934}"
tmhintqi,4,inner_search,6,303,whisper+contentvec12+wavlm+beats+speaker+ced,0.9173230117592912,0.9208595422574218,0.9176702276590828,21,2332,"{""whisper"": 0.24095457842718257, ""contentvec12"": 0.12505485435945718, ""wavlm"": 0.2351729540970421, ""beats"": 0.2179090029377883, ""speaker"": 0.1007828056201953, ""ced"": 0.08012580455833442}"
tmhintqi,4,inner_search,7,431,whisper+contentvec12+wavlm+beats+speaker+rmvpe_quant+ced,0.9173230117507196,0.9208608142422255,0.9176692230820784,21,2332,"{""whisper"": 0.2409474162759808, ""contentvec12"": 0.12495160456184799, ""wavlm"": 0.2351571022039733, ""beats"": 0.21795778188986722, ""speaker"": 0.10082464892485582, ""rmvpe_quant"": 1.8219678695440004e-18, ""ced"": 0.08016144614347502}"
tmhintqi,4,inner_search,8,495,whisper+contentvec12+wavlm+beats+speaker+rmvpe_cont+rmvpe_quant+ced,0.9173230120182836,0.9208607064321858,0.9176691184019528,21,2332,"{""whisper"": 0.24094534245602, ""contentvec12"": 0.12494514514022038, ""wavlm"": 0.23516648295873432, ""beats"": 0.21794885525928287, ""speaker"": 0.10083066836167308, ""rmvpe_cont"": 0.0, ""rmvpe_quant"": 3.482999479109683e-18, ""ced"": 0.0801635058240693}"
tmhintqi,4,inner_search,9,959,whisper+contentvec12+wavlm+beats+auditory_erb+speaker+rmvpe_quant+ced+egemaps,0.9173230119916018,0.9208598653619928,0.917669138648458,21,2332,"{""whisper"": 0.24095170147450018, ""contentvec12"": 0.12495301413963215, ""wavlm"": 0.23517124535665232, ""beats"": 0.21792493065583585, ""auditory_erb"": 0.0, ""speaker"": 0.10082591748526587, ""rmvpe_quant"": 0.0, ""ced"": 0.08017319088811366, ""egemaps"": 0.0}"
tmhintqi,4,inner_search,10,1023,whisper+contentvec12+wavlm+beats+auditory_erb+speaker+rmvpe_cont+rmvpe_quant+ced+egemaps,0.917323037476934,0.9208453758851834,0.9176747225018228,21,2332,"{""whisper"": 0.24088344641753354, ""contentvec12"": 0.12508177785529298, ""wavlm"": 0.23546151156057618, ""beats"": 0.2176880748458938, ""auditory_erb"": 0.0, ""speaker"": 0.1006651108888424, ""rmvpe_cont"": 3.452506293008528e-18, ""rmvpe_quant"": 1.3942162311805784e-18, ""ced"": 0.0802200784318611, ""egemaps"": 0.0}"
