dataset,protocol,mask,test_mse,feature
BRSpeechMOS,common_alpha_1,1,2.3677380466320246,
BRSpeechMOS,common_alpha_1,2,1.2478137840687007,
BRSpeechMOS,common_alpha_1,3,1.1207807985371778,
BRSpeechMOS,common_alpha_1,4,1.079635834923638,
BRSpeechMOS,common_alpha_1,5,1.0384035456915657,
BRSpeechMOS,common_alpha_1,6,0.8673892381184314,
BRSpeechMOS,common_alpha_1,7,0.8693615321917396,
BRSpeechMOS,common_alpha_1,8,1.2710481650320746,
BRSpeechMOS,common_alpha_1,9,1.6199006921103736,
BRSpeechMOS,common_alpha_1,10,1.119898529940188,
BRSpeechMOS,common_alpha_1,11,1.0806299037484162,
BRSpeechMOS,common_alpha_1,12,0.9684951481765176,
BRSpeechMOS,common_alpha_1,13,0.9678784871621466,
BRSpeechMOS,common_alpha_1,14,0.8300221583655959,
BRSpeechMOS,common_alpha_1,15,0.8444211486666486,
BRSpeechMOS,common_alpha_1,16,0.8820489480649356,
BRSpeechMOS,common_alpha_1,17,1.493756608203532,
BRSpeechMOS,common_alpha_1,18,1.0939219134571878,
BRSpeechMOS,common_alpha_1,19,1.054438953055292,
BRSpeechMOS,common_alpha_1,20,0.9507050024793609,
BRSpeechMOS,common_alpha_1,21,0.9482043699962206,
BRSpeechMOS,common_alpha_1,22,0.8218652205362079,
BRSpeechMOS,common_alpha_1,23,0.8323869618073045,
BRSpeechMOS,common_alpha_1,24,0.8362533322703591,
BRSpeechMOS,common_alpha_1,25,1.465363723432678,
BRSpeechMOS,common_alpha_1,26,1.0939219134571876,
BRSpeechMOS,common_alpha_1,27,1.054438953055292,
BRSpeechMOS,common_alpha_1,28,0.9420229042271964,
BRSpeechMOS,common_alpha_1,29,0.9446644229038346,
BRSpeechMOS,common_alpha_1,30,0.821386841385735,
BRSpeechMOS,common_alpha_1,31,0.8323869905174257,
BRSpeechMOS,common_alpha_1,32,0.8373779583183724,
BRSpeechMOS,common_alpha_1,33,0.8400879379015106,
BRSpeechMOS,common_alpha_1,34,0.8102685852590422,
BRSpeechMOS,common_alpha_1,35,0.8132004147363144,
BRSpeechMOS,common_alpha_1,36,0.7722322400182254,
BRSpeechMOS,common_alpha_1,37,0.7807294189018555,
BRSpeechMOS,common_alpha_1,38,0.7386175388860455,
BRSpeechMOS,common_alpha_1,39,0.7467079870440215,
BRSpeechMOS,common_alpha_1,40,0.8373779583183703,
BRSpeechMOS,common_alpha_1,41,0.84008793790151,
BRSpeechMOS,common_alpha_1,42,0.8102685852590422,
BRSpeechMOS,common_alpha_1,43,0.813200428448407,
BRSpeechMOS,common_alpha_1,44,0.7722322400182254,
BRSpeechMOS,common_alpha_1,45,0.7807293907563638,
BRSpeechMOS,common_alpha_1,46,0.7386175298342228,
BRSpeechMOS,common_alpha_1,47,0.7467079092479392,
BRSpeechMOS,common_alpha_1,48,0.8373779583183724,
BRSpeechMOS,common_alpha_1,49,0.8400879379015093,
BRSpeechMOS,common_alpha_1,50,0.8102685852590422,
BRSpeechMOS,common_alpha_1,51,0.8132004235613062,
BRSpeechMOS,common_alpha_1,52,0.7722322400182254,
BRSpeechMOS,common_alpha_1,53,0.7807295225857306,
BRSpeechMOS,common_alpha_1,54,0.7386175383694564,
BRSpeechMOS,common_alpha_1,55,0.746707899839337,
BRSpeechMOS,common_alpha_1,56,0.8373779583183719,
BRSpeechMOS,common_alpha_1,57,0.8400879379015145,
BRSpeechMOS,common_alpha_1,58,0.810268585259042,
BRSpeechMOS,common_alpha_1,59,0.813200428448407,
BRSpeechMOS,common_alpha_1,60,0.7722322400182254,
BRSpeechMOS,common_alpha_1,61,0.7807294289200328,
BRSpeechMOS,common_alpha_1,62,0.7386175385203908,
BRSpeechMOS,common_alpha_1,63,0.7467079643594734,
BRSpeechMOS,common_alpha_1,64,1.3968375899818943,
BRSpeechMOS,common_alpha_1,65,1.2379259389689117,
BRSpeechMOS,common_alpha_1,66,0.9753601299425132,
BRSpeechMOS,common_alpha_1,67,0.9296560867069024,
BRSpeechMOS,common_alpha_1,68,0.9283735492359846,
BRSpeechMOS,common_alpha_1,69,0.8978423654777159,
BRSpeechMOS,common_alpha_1,70,0.8235036919062513,
BRSpeechMOS,common_alpha_1,71,0.8090849064616,
BRSpeechMOS,common_alpha_1,72,1.396837589981872,
BRSpeechMOS,common_alpha_1,73,1.2379259389689106,
BRSpeechMOS,common_alpha_1,74,0.9753601299425128,
BRSpeechMOS,common_alpha_1,75,0.9296560764527813,
BRSpeechMOS,common_alpha_1,76,0.9283735492359848,
BRSpeechMOS,common_alpha_1,77,0.8978424068930054,
BRSpeechMOS,common_alpha_1,78,0.8235037147498127,
BRSpeechMOS,common_alpha_1,79,0.8090849767088828,
BRSpeechMOS,common_alpha_1,80,1.3968375899818943,
BRSpeechMOS,common_alpha_1,81,1.23792593896891,
BRSpeechMOS,common_alpha_1,82,0.9753601299425128,
BRSpeechMOS,common_alpha_1,83,0.929656076452781,
BRSpeechMOS,common_alpha_1,84,0.9283735492359846,
BRSpeechMOS,common_alpha_1,85,0.8978423504708566,
BRSpeechMOS,common_alpha_1,86,0.8235035954805181,
BRSpeechMOS,common_alpha_1,87,0.8090849139912207,
BRSpeechMOS,common_alpha_1,88,1.3968375899818664,
BRSpeechMOS,common_alpha_1,89,1.2379259389689057,
BRSpeechMOS,common_alpha_1,90,0.9753601299425128,
BRSpeechMOS,common_alpha_1,91,0.9296560764527813,
BRSpeechMOS,common_alpha_1,92,0.9283735492359848,
BRSpeechMOS,common_alpha_1,93,0.8978423491650152,
BRSpeechMOS,common_alpha_1,94,0.8235036939925174,
BRSpeechMOS,common_alpha_1,95,0.8090849360812241,
BRSpeechMOS,common_alpha_1,96,0.8663848905959725,
BRSpeechMOS,common_alpha_1,97,0.8462124653857138,
BRSpeechMOS,common_alpha_1,98,0.7910587351486561,
BRSpeechMOS,common_alpha_1,99,0.7895621225113411,
BRSpeechMOS,common_alpha_1,100,0.7736214973139027,
BRSpeechMOS,common_alpha_1,101,0.7737293376626603,
BRSpeechMOS,common_alpha_1,102,0.7319193584496617,
BRSpeechMOS,common_alpha_1,103,0.7357811124509925,
BRSpeechMOS,common_alpha_1,104,0.8663848905959728,
BRSpeechMOS,common_alpha_1,105,0.8462124629227784,
BRSpeechMOS,common_alpha_1,106,0.7910587535627577,
BRSpeechMOS,common_alpha_1,107,0.7895620400837778,
BRSpeechMOS,common_alpha_1,108,0.7736214905069657,
BRSpeechMOS,common_alpha_1,109,0.7737293410874475,
BRSpeechMOS,common_alpha_1,110,0.7319193607760801,
BRSpeechMOS,common_alpha_1,111,0.7357810601325622,
BRSpeechMOS,common_alpha_1,112,0.8663848905959725,
BRSpeechMOS,common_alpha_1,113,0.8462124629227787,
BRSpeechMOS,common_alpha_1,114,0.791058700922904,
BRSpeechMOS,common_alpha_1,115,0.7895620686366867,
BRSpeechMOS,common_alpha_1,116,0.7736214919115083,
BRSpeechMOS,common_alpha_1,117,0.7737293391288523,
BRSpeechMOS,common_alpha_1,118,0.7319193953351061,
BRSpeechMOS,common_alpha_1,119,0.735781118194889,
BRSpeechMOS,common_alpha_1,120,0.866384890595972,
BRSpeechMOS,common_alpha_1,121,0.8462124629227786,
BRSpeechMOS,common_alpha_1,122,0.7910587488923702,
BRSpeechMOS,common_alpha_1,123,0.7895620387706079,
BRSpeechMOS,common_alpha_1,124,0.773621498835365,
BRSpeechMOS,common_alpha_1,125,0.7737292246094675,
BRSpeechMOS,common_alpha_1,126,0.7319193462107442,
BRSpeechMOS,common_alpha_1,127,0.7357811141882408,
BRSpeechMOS,common_alpha_1,128,1.4946267287419477,
BRSpeechMOS,common_alpha_1,129,1.2539043548768318,
BRSpeechMOS,common_alpha_1,130,1.0237567863580566,
BRSpeechMOS,common_alpha_1,131,0.9963557474770852,
BRSpeechMOS,common_alpha_1,132,0.9379312786466476,
BRSpeechMOS,common_alpha_1,133,0.9378747792949114,
BRSpeechMOS,common_alpha_1,134,0.8195840310259165,
BRSpeechMOS,common_alpha_1,135,0.836582670436331,
BRSpeechMOS,common_alpha_1,136,1.295540532346182,
BRSpeechMOS,common_alpha_1,137,1.238769261564984,
BRSpeechMOS,common_alpha_1,138,1.0111327221280697,
BRSpeechMOS,common_alpha_1,139,0.9963557474770856,
BRSpeechMOS,common_alpha_1,140,0.9208940758368416,
BRSpeechMOS,common_alpha_1,141,0.9282122843767944,
BRSpeechMOS,common_alpha_1,142,0.815293313385062,
BRSpeechMOS,common_alpha_1,143,0.8330307952092919,
BRSpeechMOS,common_alpha_1,144,1.2877873591358922,
BRSpeechMOS,common_alpha_1,145,1.2249464662622995,
BRSpeechMOS,common_alpha_1,146,1.0038962948694965,
BRSpeechMOS,common_alpha_1,147,0.9889403597243666,
BRSpeechMOS,common_alpha_1,148,0.9154476713726876,
BRSpeechMOS,common_alpha_1,149,0.9196885068129194,
BRSpeechMOS,common_alpha_1,150,0.8156192673562016,
BRSpeechMOS,common_alpha_1,151,0.8292514611593014,
BRSpeechMOS,common_alpha_1,152,1.258222081970411,
BRSpeechMOS,common_alpha_1,153,1.2249464778691712,
BRSpeechMOS,common_alpha_1,154,1.0038962948694967,
BRSpeechMOS,common_alpha_1,155,0.9889402814566728,
BRSpeechMOS,common_alpha_1,156,0.9126511376165048,
BRSpeechMOS,common_alpha_1,157,0.9192025953603924,
BRSpeechMOS,common_alpha_1,158,0.8156192909271871,
BRSpeechMOS,common_alpha_1,159,0.8292514666666125,
BRSpeechMOS,common_alpha_1,160,0.8373779583183724,
BRSpeechMOS,common_alpha_1,161,0.8400879379015105,
BRSpeechMOS,common_alpha_1,162,0.8102685852590422,
BRSpeechMOS,common_alpha_1,163,0.813200428448407,
BRSpeechMOS,common_alpha_1,164,0.7722322400182254,
BRSpeechMOS,common_alpha_1,165,0.7807294032447621,
BRSpeechMOS,common_alpha_1,166,0.7386175388860449,
BRSpeechMOS,common_alpha_1,167,0.7467079741460894,
BRSpeechMOS,common_alpha_1,168,0.8373779583183721,
BRSpeechMOS,common_alpha_1,169,0.8400879379015105,
BRSpeechMOS,common_alpha_1,170,0.8102685852590422,
BRSpeechMOS,common_alpha_1,171,0.813200428448407,
BRSpeechMOS,common_alpha_1,172,0.7722322400182253,
BRSpeechMOS,common_alpha_1,173,0.7807294289200329,
BRSpeechMOS,common_alpha_1,174,0.7386175518740512,
BRSpeechMOS,common_alpha_1,175,0.7467079604792978,
BRSpeechMOS,common_alpha_1,176,0.8373779583183721,
BRSpeechMOS,common_alpha_1,177,0.8400879379015138,
BRSpeechMOS,common_alpha_1,178,0.8102685852590422,
BRSpeechMOS,common_alpha_1,179,0.8132004284484072,
BRSpeechMOS,common_alpha_1,180,0.7722322400182254,
BRSpeechMOS,common_alpha_1,181,0.7807294289200328,
BRSpeechMOS,common_alpha_1,182,0.7386175388860449,
BRSpeechMOS,common_alpha_1,183,0.7467079643453782,
BRSpeechMOS,common_alpha_1,184,0.8373779583183681,
BRSpeechMOS,common_alpha_1,185,0.8400879379014988,
BRSpeechMOS,common_alpha_1,186,0.8102685852590422,
BRSpeechMOS,common_alpha_1,187,0.8132004279885993,
BRSpeechMOS,common_alpha_1,188,0.7722322400182254,
BRSpeechMOS,common_alpha_1,189,0.7807294289200329,
BRSpeechMOS,common_alpha_1,190,0.7386175387111873,
BRSpeechMOS,common_alpha_1,191,0.7467079643502554,
BRSpeechMOS,common_alpha_1,192,1.3968375899818943,
BRSpeechMOS,common_alpha_1,193,1.2379259389689117,
BRSpeechMOS,common_alpha_1,194,0.975360129942513,
BRSpeechMOS,common_alpha_1,195,0.9296560764527813,
BRSpeechMOS,common_alpha_1,196,0.9283735492359848,
BRSpeechMOS,common_alpha_1,197,0.897842351437417,
BRSpeechMOS,common_alpha_1,198,0.8235036919062492,
BRSpeechMOS,common_alpha_1,199,0.8090849521810269,
BRSpeechMOS,common_alpha_1,200,1.3968375899818943,
BRSpeechMOS,common_alpha_1,201,1.2379259389689108,
BRSpeechMOS,common_alpha_1,202,0.975360129942513,
BRSpeechMOS,common_alpha_1,203,0.929656076452781,
BRSpeechMOS,common_alpha_1,204,0.9283735492359846,
BRSpeechMOS,common_alpha_1,205,0.8978423491650153,
BRSpeechMOS,common_alpha_1,206,0.8235036789312328,
BRSpeechMOS,common_alpha_1,207,0.80908491160484,
BRSpeechMOS,common_alpha_1,208,1.396837589981892,
BRSpeechMOS,common_alpha_1,209,1.2379259389689117,
BRSpeechMOS,common_alpha_1,210,0.9753601299425132,
BRSpeechMOS,common_alpha_1,211,0.9296560764527813,
BRSpeechMOS,common_alpha_1,212,0.9283735492359848,
BRSpeechMOS,common_alpha_1,213,0.8978423491650152,
BRSpeechMOS,common_alpha_1,214,0.8235036899996602,
BRSpeechMOS,common_alpha_1,215,0.8090848554620196,
BRSpeechMOS,common_alpha_1,216,1.3968375899818803,
BRSpeechMOS,common_alpha_1,217,1.2379259389689243,
BRSpeechMOS,common_alpha_1,218,0.9753601299425128,
BRSpeechMOS,common_alpha_1,219,0.9296560223181256,
BRSpeechMOS,common_alpha_1,220,0.9283735492359848,
BRSpeechMOS,common_alpha_1,221,0.8978423491650152,
BRSpeechMOS,common_alpha_1,222,0.8235036925805582,
BRSpeechMOS,common_alpha_1,223,0.8090849116638179,
BRSpeechMOS,common_alpha_1,224,0.8663848905959726,
BRSpeechMOS,common_alpha_1,225,0.8462124683346373,
BRSpeechMOS,common_alpha_1,226,0.7910588521534722,
BRSpeechMOS,common_alpha_1,227,0.789561996925731,
BRSpeechMOS,common_alpha_1,228,0.7736214963821395,
BRSpeechMOS,common_alpha_1,229,0.7737293852819638,
BRSpeechMOS,common_alpha_1,230,0.7319193425172743,
BRSpeechMOS,common_alpha_1,231,0.7357810836076633,
BRSpeechMOS,common_alpha_1,232,0.8663848905959728,
BRSpeechMOS,common_alpha_1,233,0.8462124629227784,
BRSpeechMOS,common_alpha_1,234,0.7910587352045467,
BRSpeechMOS,common_alpha_1,235,0.7895620399790483,
BRSpeechMOS,common_alpha_1,236,0.7736215006894684,
BRSpeechMOS,common_alpha_1,237,0.7737293386852444,
BRSpeechMOS,common_alpha_1,238,0.731919358140464,
BRSpeechMOS,common_alpha_1,239,0.735781053157382,
BRSpeechMOS,common_alpha_1,240,0.8663848905959725,
BRSpeechMOS,common_alpha_1,241,0.8462124629227781,
BRSpeechMOS,common_alpha_1,242,0.7910586728005561,
BRSpeechMOS,common_alpha_1,243,0.7895620373391572,
BRSpeechMOS,common_alpha_1,244,0.7736214992278247,
BRSpeechMOS,common_alpha_1,245,0.773729359627524,
BRSpeechMOS,common_alpha_1,246,0.7319193572532944,
BRSpeechMOS,common_alpha_1,247,0.7357811080159202,
BRSpeechMOS,common_alpha_1,248,0.8663848905959727,
BRSpeechMOS,common_alpha_1,249,0.8462124629227779,
BRSpeechMOS,common_alpha_1,250,0.7910587467186696,
BRSpeechMOS,common_alpha_1,251,0.78956203567766,
BRSpeechMOS,common_alpha_1,252,0.7736214973140005,
BRSpeechMOS,common_alpha_1,253,0.7737293414430665,
BRSpeechMOS,common_alpha_1,254,0.7319193632952687,
BRSpeechMOS,common_alpha_1,255,0.7357811220726951,
BRSpeechMOS,common_alpha_1,256,0.8303493962650933,
BRSpeechMOS,common_alpha_1,257,0.9165770700538388,
BRSpeechMOS,common_alpha_1,258,0.8710414591661161,
BRSpeechMOS,common_alpha_1,259,0.880918326267852,
BRSpeechMOS,common_alpha_1,260,0.8228041672335348,
BRSpeechMOS,common_alpha_1,261,0.8399463878456023,
BRSpeechMOS,common_alpha_1,262,0.7629949246435443,
BRSpeechMOS,common_alpha_1,263,0.7786315341046416,
BRSpeechMOS,common_alpha_1,264,0.8303493962650911,
BRSpeechMOS,common_alpha_1,265,0.916577070053841,
BRSpeechMOS,common_alpha_1,266,0.8710414591661158,
BRSpeechMOS,common_alpha_1,267,0.8809183262678528,
BRSpeechMOS,common_alpha_1,268,0.8228041672335346,
BRSpeechMOS,common_alpha_1,269,0.839946378425026,
BRSpeechMOS,common_alpha_1,270,0.7629949234300846,
BRSpeechMOS,common_alpha_1,271,0.7786315331986539,
BRSpeechMOS,common_alpha_1,272,0.8303493962650933,
BRSpeechMOS,common_alpha_1,273,0.9165770700538396,
BRSpeechMOS,common_alpha_1,274,0.8710414591661159,
BRSpeechMOS,common_alpha_1,275,0.8809183262678518,
BRSpeechMOS,common_alpha_1,276,0.8228041672335348,
BRSpeechMOS,common_alpha_1,277,0.8399463878456023,
BRSpeechMOS,common_alpha_1,278,0.7629949507078428,
BRSpeechMOS,common_alpha_1,279,0.7786315342196806,
BRSpeechMOS,common_alpha_1,280,0.8303493962650933,
BRSpeechMOS,common_alpha_1,281,0.9165770700538348,
BRSpeechMOS,common_alpha_1,282,0.8710414591661159,
BRSpeechMOS,common_alpha_1,283,0.880918326267852,
BRSpeechMOS,common_alpha_1,284,0.8228041672335348,
BRSpeechMOS,common_alpha_1,285,0.839946387845602,
BRSpeechMOS,common_alpha_1,286,0.7629949174473997,
BRSpeechMOS,common_alpha_1,287,0.7786314355990167,
BRSpeechMOS,common_alpha_1,288,0.8136453156991355,
BRSpeechMOS,common_alpha_1,289,0.8250542632399054,
BRSpeechMOS,common_alpha_1,290,0.8039440799450465,
BRSpeechMOS,common_alpha_1,291,0.8100424688631543,
BRSpeechMOS,common_alpha_1,292,0.7631820783163693,
BRSpeechMOS,common_alpha_1,293,0.7736831458998717,
BRSpeechMOS,common_alpha_1,294,0.7334065772085424,
BRSpeechMOS,common_alpha_1,295,0.7428206532192336,
BRSpeechMOS,common_alpha_1,296,0.8136453156991352,
BRSpeechMOS,common_alpha_1,297,0.8250542305318533,
BRSpeechMOS,common_alpha_1,298,0.803944035877436,
BRSpeechMOS,common_alpha_1,299,0.8100424689123163,
BRSpeechMOS,common_alpha_1,300,0.7631820823683994,
BRSpeechMOS,common_alpha_1,301,0.7736831422299949,
BRSpeechMOS,common_alpha_1,302,0.7334065756997368,
BRSpeechMOS,common_alpha_1,303,0.7428206828238237,
BRSpeechMOS,common_alpha_1,304,0.8136453156991352,
BRSpeechMOS,common_alpha_1,305,0.8250542305318324,
BRSpeechMOS,common_alpha_1,306,0.8039440842803497,
BRSpeechMOS,common_alpha_1,307,0.8100424975437872,
BRSpeechMOS,common_alpha_1,308,0.7631820570053031,
BRSpeechMOS,common_alpha_1,309,0.7736832013080375,
BRSpeechMOS,common_alpha_1,310,0.7334066337436057,
BRSpeechMOS,common_alpha_1,311,0.742820659627632,
BRSpeechMOS,common_alpha_1,312,0.8136453156991351,
BRSpeechMOS,common_alpha_1,313,0.8250542305318309,
BRSpeechMOS,common_alpha_1,314,0.8039439863577637,
BRSpeechMOS,common_alpha_1,315,0.8100424399845079,
BRSpeechMOS,common_alpha_1,316,0.7631820788064448,
BRSpeechMOS,common_alpha_1,317,0.7736831486549999,
BRSpeechMOS,common_alpha_1,318,0.7334065767730544,
BRSpeechMOS,common_alpha_1,319,0.7428206605070647,
BRSpeechMOS,common_alpha_1,320,1.2077863912521971,
BRSpeechMOS,common_alpha_1,321,1.1136833774842,
BRSpeechMOS,common_alpha_1,322,0.9038088027456456,
BRSpeechMOS,common_alpha_1,323,0.8810282082405331,
BRSpeechMOS,common_alpha_1,324,0.8599497335620889,
BRSpeechMOS,common_alpha_1,325,0.8473887087188446,
BRSpeechMOS,common_alpha_1,326,0.7802537809847444,
BRSpeechMOS,common_alpha_1,327,0.7772781195309544,
BRSpeechMOS,common_alpha_1,328,1.2077863912521964,
BRSpeechMOS,common_alpha_1,329,1.1136830936308402,
BRSpeechMOS,common_alpha_1,330,0.903808802797027,
BRSpeechMOS,common_alpha_1,331,0.8810282190819251,
BRSpeechMOS,common_alpha_1,332,0.8599497049015008,
BRSpeechMOS,common_alpha_1,333,0.8473886386083653,
BRSpeechMOS,common_alpha_1,334,0.7802537778604102,
BRSpeechMOS,common_alpha_1,335,0.7772781610046672,
BRSpeechMOS,common_alpha_1,336,1.207786391252198,
BRSpeechMOS,common_alpha_1,337,1.1136830936307909,
BRSpeechMOS,common_alpha_1,338,0.9038088027577248,
BRSpeechMOS,common_alpha_1,339,0.8810282081942404,
BRSpeechMOS,common_alpha_1,340,0.8599497015004458,
BRSpeechMOS,common_alpha_1,341,0.8473887134487544,
BRSpeechMOS,common_alpha_1,342,0.7802537724071028,
BRSpeechMOS,common_alpha_1,343,0.7772781331714338,
BRSpeechMOS,common_alpha_1,344,1.2077863912521964,
BRSpeechMOS,common_alpha_1,345,1.1136830936308406,
BRSpeechMOS,common_alpha_1,346,0.9038088027567344,
BRSpeechMOS,common_alpha_1,347,0.8810282084929646,
BRSpeechMOS,common_alpha_1,348,0.8599497336027077,
BRSpeechMOS,common_alpha_1,349,0.8473887216121403,
BRSpeechMOS,common_alpha_1,350,0.7802537806430213,
BRSpeechMOS,common_alpha_1,351,0.777278133740397,
BRSpeechMOS,common_alpha_1,352,0.8663848905959725,
BRSpeechMOS,common_alpha_1,353,0.8462124463432915,
BRSpeechMOS,common_alpha_1,354,0.7910587346750299,
BRSpeechMOS,common_alpha_1,355,0.7895620232897146,
BRSpeechMOS,common_alpha_1,356,0.7736214521518258,
BRSpeechMOS,common_alpha_1,357,0.7737293383822218,
BRSpeechMOS,common_alpha_1,358,0.7319193964425885,
BRSpeechMOS,common_alpha_1,359,0.7357811092292641,
BRSpeechMOS,common_alpha_1,360,0.8663848905959726,
BRSpeechMOS,common_alpha_1,361,0.8462124629227781,
BRSpeechMOS,common_alpha_1,362,0.7910587314789687,
BRSpeechMOS,common_alpha_1,363,0.7895620371163926,
BRSpeechMOS,common_alpha_1,364,0.7736215008150458,
BRSpeechMOS,common_alpha_1,365,0.773729338171292,
BRSpeechMOS,common_alpha_1,366,0.7319193634772805,
BRSpeechMOS,common_alpha_1,367,0.7357811367220092,
BRSpeechMOS,common_alpha_1,368,0.866384890595972,
BRSpeechMOS,common_alpha_1,369,0.8462124629227787,
BRSpeechMOS,common_alpha_1,370,0.791058735085937,
BRSpeechMOS,common_alpha_1,371,0.7895620261390692,
BRSpeechMOS,common_alpha_1,372,0.7736214928369837,
BRSpeechMOS,common_alpha_1,373,0.7737293402396449,
BRSpeechMOS,common_alpha_1,374,0.7319193284471857,
BRSpeechMOS,common_alpha_1,375,0.735781125868602,
BRSpeechMOS,common_alpha_1,376,0.8663848905959725,
BRSpeechMOS,common_alpha_1,377,0.8462124629227783,
BRSpeechMOS,common_alpha_1,378,0.7910587761629065,
BRSpeechMOS,common_alpha_1,379,0.7895620351037427,
BRSpeechMOS,common_alpha_1,380,0.773621497072902,
BRSpeechMOS,common_alpha_1,381,0.7737293412135112,
BRSpeechMOS,common_alpha_1,382,0.7319193502700838,
BRSpeechMOS,common_alpha_1,383,0.7357811118781239,
BRSpeechMOS,common_alpha_1,384,0.7895896817682072,
BRSpeechMOS,common_alpha_1,385,0.8679314750185102,
BRSpeechMOS,common_alpha_1,386,0.8628674042129327,
BRSpeechMOS,common_alpha_1,387,0.879586330599892,
BRSpeechMOS,common_alpha_1,388,0.8183867602881535,
BRSpeechMOS,common_alpha_1,389,0.8393342849599429,
BRSpeechMOS,common_alpha_1,390,0.7629949246435445,
BRSpeechMOS,common_alpha_1,391,0.778631526287479,
BRSpeechMOS,common_alpha_1,392,0.789589681768207,
BRSpeechMOS,common_alpha_1,393,0.8679314750185085,
BRSpeechMOS,common_alpha_1,394,0.8628675075455505,
BRSpeechMOS,common_alpha_1,395,0.8795863490621089,
BRSpeechMOS,common_alpha_1,396,0.8183868483736199,
BRSpeechMOS,common_alpha_1,397,0.839334354256388,
BRSpeechMOS,common_alpha_1,398,0.7629949236451079,
BRSpeechMOS,common_alpha_1,399,0.7786315342196803,
BRSpeechMOS,common_alpha_1,400,0.7895896817682071,
BRSpeechMOS,common_alpha_1,401,0.8679314750185073,
BRSpeechMOS,common_alpha_1,402,0.8628672792128422,
BRSpeechMOS,common_alpha_1,403,0.8795863438936754,
BRSpeechMOS,common_alpha_1,404,0.8183866905371154,
BRSpeechMOS,common_alpha_1,405,0.8393342482370507,
BRSpeechMOS,common_alpha_1,406,0.7629949904538753,
BRSpeechMOS,common_alpha_1,407,0.7786315342196803,
BRSpeechMOS,common_alpha_1,408,0.7895896817682068,
BRSpeechMOS,common_alpha_1,409,0.86793147501851,
BRSpeechMOS,common_alpha_1,410,0.8628673704322262,
BRSpeechMOS,common_alpha_1,411,0.8795863438809414,
BRSpeechMOS,common_alpha_1,412,0.8183867311299006,
BRSpeechMOS,common_alpha_1,413,0.8393342545535958,
BRSpeechMOS,common_alpha_1,414,0.7629949189561819,
BRSpeechMOS,common_alpha_1,415,0.7786315360108145,
BRSpeechMOS,common_alpha_1,416,0.8136453156991352,
BRSpeechMOS,common_alpha_1,417,0.8250543451642685,
BRSpeechMOS,common_alpha_1,418,0.8039440542084418,
BRSpeechMOS,common_alpha_1,419,0.8100424005426695,
BRSpeechMOS,common_alpha_1,420,0.7631820784994371,
BRSpeechMOS,common_alpha_1,421,0.7736831258137575,
BRSpeechMOS,common_alpha_1,422,0.7334065790087879,
BRSpeechMOS,common_alpha_1,423,0.742820670119804,
BRSpeechMOS,common_alpha_1,424,0.813645315699135,
BRSpeechMOS,common_alpha_1,425,0.8250542305318531,
BRSpeechMOS,common_alpha_1,426,0.8039440703993294,
BRSpeechMOS,common_alpha_1,427,0.8100425010489068,
BRSpeechMOS,common_alpha_1,428,0.763182081064196,
BRSpeechMOS,common_alpha_1,429,0.773683145335,
BRSpeechMOS,common_alpha_1,430,0.7334065565601356,
BRSpeechMOS,common_alpha_1,431,0.7428206876471959,
BRSpeechMOS,common_alpha_1,432,0.8136453156991351,
BRSpeechMOS,common_alpha_1,433,0.8250542305318527,
BRSpeechMOS,common_alpha_1,434,0.8039440769312659,
BRSpeechMOS,common_alpha_1,435,0.8100424694221193,
BRSpeechMOS,common_alpha_1,436,0.7631821315659805,
BRSpeechMOS,common_alpha_1,437,0.773683146560673,
BRSpeechMOS,common_alpha_1,438,0.7334065562931332,
BRSpeechMOS,common_alpha_1,439,0.7428206597863519,
BRSpeechMOS,common_alpha_1,440,0.8136453156991352,
BRSpeechMOS,common_alpha_1,441,0.8250542305318529,
BRSpeechMOS,common_alpha_1,442,0.8039440779742923,
BRSpeechMOS,common_alpha_1,443,0.8100425937546456,
BRSpeechMOS,common_alpha_1,444,0.7631821021536501,
BRSpeechMOS,common_alpha_1,445,0.7736831442063716,
BRSpeechMOS,common_alpha_1,446,0.733406651100388,
BRSpeechMOS,common_alpha_1,447,0.7428206604875599,
BRSpeechMOS,common_alpha_1,448,1.207786391252198,
BRSpeechMOS,common_alpha_1,449,1.113683055280002,
BRSpeechMOS,common_alpha_1,450,0.9038087860005036,
BRSpeechMOS,common_alpha_1,451,0.8810279817385671,
BRSpeechMOS,common_alpha_1,452,0.8599497142831781,
BRSpeechMOS,common_alpha_1,453,0.8473884492923596,
BRSpeechMOS,common_alpha_1,454,0.7802538117575241,
BRSpeechMOS,common_alpha_1,455,0.7772781331520756,
BRSpeechMOS,common_alpha_1,456,1.2077863912521978,
BRSpeechMOS,common_alpha_1,457,1.1136830936308402,
BRSpeechMOS,common_alpha_1,458,0.9038088052943796,
BRSpeechMOS,common_alpha_1,459,0.8810282038149302,
BRSpeechMOS,common_alpha_1,460,0.8599497245055966,
BRSpeechMOS,common_alpha_1,461,0.8473886536607768,
BRSpeechMOS,common_alpha_1,462,0.7802537525243464,
BRSpeechMOS,common_alpha_1,463,0.7772780595788527,
BRSpeechMOS,common_alpha_1,464,1.207786391252197,
BRSpeechMOS,common_alpha_1,465,1.1136830936308395,
BRSpeechMOS,common_alpha_1,466,0.9038088042845251,
BRSpeechMOS,common_alpha_1,467,0.8810282339404171,
BRSpeechMOS,common_alpha_1,468,0.8599497719530367,
BRSpeechMOS,common_alpha_1,469,0.8473887216108525,
BRSpeechMOS,common_alpha_1,470,0.7802535749092755,
BRSpeechMOS,common_alpha_1,471,0.7772781282783869,
BRSpeechMOS,common_alpha_1,472,1.2077863912521976,
BRSpeechMOS,common_alpha_1,473,1.1136832322368273,
BRSpeechMOS,common_alpha_1,474,0.903808815732473,
BRSpeechMOS,common_alpha_1,475,0.8810282082032629,
BRSpeechMOS,common_alpha_1,476,0.8599497576773982,
BRSpeechMOS,common_alpha_1,477,0.8473887224473149,
BRSpeechMOS,common_alpha_1,478,0.7802537806146419,
BRSpeechMOS,common_alpha_1,479,0.7772781336970398,
BRSpeechMOS,common_alpha_1,480,0.8663848905959728,
BRSpeechMOS,common_alpha_1,481,0.8462125260233244,
BRSpeechMOS,common_alpha_1,482,0.7910587371939578,
BRSpeechMOS,common_alpha_1,483,0.789562039585692,
BRSpeechMOS,common_alpha_1,484,0.7736215179945136,
BRSpeechMOS,common_alpha_1,485,0.7737293356220466,
BRSpeechMOS,common_alpha_1,486,0.7319193747025666,
BRSpeechMOS,common_alpha_1,487,0.7357811264543341,
BRSpeechMOS,common_alpha_1,488,0.8663848905959731,
BRSpeechMOS,common_alpha_1,489,0.846212462922778,
BRSpeechMOS,common_alpha_1,490,0.7910586807886062,
BRSpeechMOS,common_alpha_1,491,0.7895620870459928,
BRSpeechMOS,common_alpha_1,492,0.7736215144490235,
BRSpeechMOS,common_alpha_1,493,0.7737293447552851,
BRSpeechMOS,common_alpha_1,494,0.7319194163754339,
BRSpeechMOS,common_alpha_1,495,0.735781112439924,
BRSpeechMOS,common_alpha_1,496,0.8663848905959729,
BRSpeechMOS,common_alpha_1,497,0.8462124629227784,
BRSpeechMOS,common_alpha_1,498,0.7910587157978388,
BRSpeechMOS,common_alpha_1,499,0.7895620393568742,
BRSpeechMOS,common_alpha_1,500,0.7736214924179371,
BRSpeechMOS,common_alpha_1,501,0.773729343257188,
BRSpeechMOS,common_alpha_1,502,0.7319193811940263,
BRSpeechMOS,common_alpha_1,503,0.7357810276246601,
BRSpeechMOS,common_alpha_1,504,0.8663848905959721,
BRSpeechMOS,common_alpha_1,505,0.8462124629227782,
BRSpeechMOS,common_alpha_1,506,0.7910588265949144,
BRSpeechMOS,common_alpha_1,507,0.7895620424221951,
BRSpeechMOS,common_alpha_1,508,0.7736214988643196,
BRSpeechMOS,common_alpha_1,509,0.7737293413182788,
BRSpeechMOS,common_alpha_1,510,0.7319193684921405,
BRSpeechMOS,common_alpha_1,511,0.7357811127987646,
BRSpeechMOS,common_alpha_1,512,0.7394867027127454,
BRSpeechMOS,common_alpha_1,513,0.7479922251439906,
BRSpeechMOS,common_alpha_1,514,0.7155888391234119,
BRSpeechMOS,common_alpha_1,515,0.7216652650982799,
BRSpeechMOS,common_alpha_1,516,0.7257484413730205,
BRSpeechMOS,common_alpha_1,517,0.7326349670788617,
BRSpeechMOS,common_alpha_1,518,0.7032402988349478,
BRSpeechMOS,common_alpha_1,519,0.7091654488420529,
BRSpeechMOS,common_alpha_1,520,0.7394867027127452,
BRSpeechMOS,common_alpha_1,521,0.7479922251439907,
BRSpeechMOS,common_alpha_1,522,0.7155888391234116,
BRSpeechMOS,common_alpha_1,523,0.7216652650982837,
BRSpeechMOS,common_alpha_1,524,0.7257484413730205,
BRSpeechMOS,common_alpha_1,525,0.732634967730036,
BRSpeechMOS,common_alpha_1,526,0.7032402905819591,
BRSpeechMOS,common_alpha_1,527,0.7091654487538132,
BRSpeechMOS,common_alpha_1,528,0.7394867027127454,
BRSpeechMOS,common_alpha_1,529,0.7479922251439907,
BRSpeechMOS,common_alpha_1,530,0.7155888391234119,
BRSpeechMOS,common_alpha_1,531,0.7216652671235094,
BRSpeechMOS,common_alpha_1,532,0.7257484413730205,
BRSpeechMOS,common_alpha_1,533,0.7326349670788617,
BRSpeechMOS,common_alpha_1,534,0.7032402988349477,
BRSpeechMOS,common_alpha_1,535,0.7091654442873583,
BRSpeechMOS,common_alpha_1,536,0.739486702712738,
BRSpeechMOS,common_alpha_1,537,0.7479922251439928,
BRSpeechMOS,common_alpha_1,538,0.7155888391234119,
BRSpeechMOS,common_alpha_1,539,0.7216652650982799,
BRSpeechMOS,common_alpha_1,540,0.7257484413730205,
BRSpeechMOS,common_alpha_1,541,0.7326349676059419,
BRSpeechMOS,common_alpha_1,542,0.7032402980928028,
BRSpeechMOS,common_alpha_1,543,0.7091654568430346,
BRSpeechMOS,common_alpha_1,544,0.725218137540856,
BRSpeechMOS,common_alpha_1,545,0.7356553898561354,
BRSpeechMOS,common_alpha_1,546,0.7114501739651184,
BRSpeechMOS,common_alpha_1,547,0.7192630453289598,
BRSpeechMOS,common_alpha_1,548,0.7158004306410141,
BRSpeechMOS,common_alpha_1,549,0.7237885683533883,
BRSpeechMOS,common_alpha_1,550,0.698987698995909,
BRSpeechMOS,common_alpha_1,551,0.7059900846881556,
BRSpeechMOS,common_alpha_1,552,0.7252181375408558,
BRSpeechMOS,common_alpha_1,553,0.7356553880657279,
BRSpeechMOS,common_alpha_1,554,0.7114502194453284,
BRSpeechMOS,common_alpha_1,555,0.7192630421020907,
BRSpeechMOS,common_alpha_1,556,0.7158004314244434,
BRSpeechMOS,common_alpha_1,557,0.7237885662884603,
BRSpeechMOS,common_alpha_1,558,0.6989876953790607,
BRSpeechMOS,common_alpha_1,559,0.7059900972499369,
BRSpeechMOS,common_alpha_1,560,0.7252181375408557,
BRSpeechMOS,common_alpha_1,561,0.7356553880657279,
BRSpeechMOS,common_alpha_1,562,0.7114502183932063,
BRSpeechMOS,common_alpha_1,563,0.7192630401197225,
BRSpeechMOS,common_alpha_1,564,0.7158004450657008,
BRSpeechMOS,common_alpha_1,565,0.7237885632639168,
BRSpeechMOS,common_alpha_1,566,0.6989877037016942,
BRSpeechMOS,common_alpha_1,567,0.7059900987773468,
BRSpeechMOS,common_alpha_1,568,0.7252181375408557,
BRSpeechMOS,common_alpha_1,569,0.735655388065728,
BRSpeechMOS,common_alpha_1,570,0.7114502199029354,
BRSpeechMOS,common_alpha_1,571,0.7192630540975328,
BRSpeechMOS,common_alpha_1,572,0.7158004333495354,
BRSpeechMOS,common_alpha_1,573,0.7237885673944244,
BRSpeechMOS,common_alpha_1,574,0.6989877168629549,
BRSpeechMOS,common_alpha_1,575,0.7059901021342138,
BRSpeechMOS,common_alpha_1,576,0.7394867027127454,
BRSpeechMOS,common_alpha_1,577,0.7479922251439906,
BRSpeechMOS,common_alpha_1,578,0.7155888391234119,
BRSpeechMOS,common_alpha_1,579,0.7216652650804626,
BRSpeechMOS,common_alpha_1,580,0.7255824371377523,
BRSpeechMOS,common_alpha_1,581,0.7326349673517192,
BRSpeechMOS,common_alpha_1,582,0.7032402994315481,
BRSpeechMOS,common_alpha_1,583,0.7091654489187518,
BRSpeechMOS,common_alpha_1,584,0.7394867027127442,
BRSpeechMOS,common_alpha_1,585,0.7479922251439941,
BRSpeechMOS,common_alpha_1,586,0.7155888391234116,
BRSpeechMOS,common_alpha_1,587,0.72166526509828,
BRSpeechMOS,common_alpha_1,588,0.7255825057815033,
BRSpeechMOS,common_alpha_1,589,0.7326349669786093,
BRSpeechMOS,common_alpha_1,590,0.7032402984909392,
BRSpeechMOS,common_alpha_1,591,0.7091654471185844,
BRSpeechMOS,common_alpha_1,592,0.7394867027127446,
BRSpeechMOS,common_alpha_1,593,0.7479922251439945,
BRSpeechMOS,common_alpha_1,594,0.7155888391234118,
BRSpeechMOS,common_alpha_1,595,0.721665265475833,
BRSpeechMOS,common_alpha_1,596,0.7255824720930392,
BRSpeechMOS,common_alpha_1,597,0.732634969738408,
BRSpeechMOS,common_alpha_1,598,0.7032402963690415,
BRSpeechMOS,common_alpha_1,599,0.709165452527262,
BRSpeechMOS,common_alpha_1,600,0.7394867027127449,
BRSpeechMOS,common_alpha_1,601,0.7479922251439927,
BRSpeechMOS,common_alpha_1,602,0.7155888645709584,
BRSpeechMOS,common_alpha_1,603,0.7216652650982799,
BRSpeechMOS,common_alpha_1,604,0.7255824413184344,
BRSpeechMOS,common_alpha_1,605,0.7326349668931397,
BRSpeechMOS,common_alpha_1,606,0.7032402985092603,
BRSpeechMOS,common_alpha_1,607,0.7091654487532563,
BRSpeechMOS,common_alpha_1,608,0.725218137540856,
BRSpeechMOS,common_alpha_1,609,0.7356553816279998,
BRSpeechMOS,common_alpha_1,610,0.7114502194453284,
BRSpeechMOS,common_alpha_1,611,0.7192630435849039,
BRSpeechMOS,common_alpha_1,612,0.7158004388236815,
BRSpeechMOS,common_alpha_1,613,0.7237885669025615,
BRSpeechMOS,common_alpha_1,614,0.6989876964907392,
BRSpeechMOS,common_alpha_1,615,0.705990097884819,
BRSpeechMOS,common_alpha_1,616,0.725218137540856,
BRSpeechMOS,common_alpha_1,617,0.7356553880657279,
BRSpeechMOS,common_alpha_1,618,0.7114502194466736,
BRSpeechMOS,common_alpha_1,619,0.7192630401387744,
BRSpeechMOS,common_alpha_1,620,0.7158004309176156,
BRSpeechMOS,common_alpha_1,621,0.7237885685191906,
BRSpeechMOS,common_alpha_1,622,0.6989876963630914,
BRSpeechMOS,common_alpha_1,623,0.7059901037240051,
BRSpeechMOS,common_alpha_1,624,0.7252181375408558,
BRSpeechMOS,common_alpha_1,625,0.735655388065728,
BRSpeechMOS,common_alpha_1,626,0.7114502207316163,
BRSpeechMOS,common_alpha_1,627,0.7192630365140885,
BRSpeechMOS,common_alpha_1,628,0.7158004439537309,
BRSpeechMOS,common_alpha_1,629,0.7237885671178261,
BRSpeechMOS,common_alpha_1,630,0.6989877252918829,
BRSpeechMOS,common_alpha_1,631,0.7059900172094965,
BRSpeechMOS,common_alpha_1,632,0.7252181375408557,
BRSpeechMOS,common_alpha_1,633,0.735655388065728,
BRSpeechMOS,common_alpha_1,634,0.7114502207165959,
BRSpeechMOS,common_alpha_1,635,0.7192630589202555,
BRSpeechMOS,common_alpha_1,636,0.7158004306465773,
BRSpeechMOS,common_alpha_1,637,0.72378857285769,
BRSpeechMOS,common_alpha_1,638,0.6989877008608935,
BRSpeechMOS,common_alpha_1,639,0.7059901072974198,
BRSpeechMOS,common_alpha_1,640,0.7394867027127454,
BRSpeechMOS,common_alpha_1,641,0.7479922251439906,
BRSpeechMOS,common_alpha_1,642,0.7155888391234118,
BRSpeechMOS,common_alpha_1,643,0.7216652650982799,
BRSpeechMOS,common_alpha_1,644,0.7257484413730203,
BRSpeechMOS,common_alpha_1,645,0.7326349667820146,
BRSpeechMOS,common_alpha_1,646,0.7032402988349479,
BRSpeechMOS,common_alpha_1,647,0.7091654455854418,
BRSpeechMOS,common_alpha_1,648,0.7394867027127447,
BRSpeechMOS,common_alpha_1,649,0.7479922251439944,
BRSpeechMOS,common_alpha_1,650,0.7155888391234112,
BRSpeechMOS,common_alpha_1,651,0.7216652650982236,
BRSpeechMOS,common_alpha_1,652,0.7257484413730205,
BRSpeechMOS,common_alpha_1,653,0.7326349685203785,
BRSpeechMOS,common_alpha_1,654,0.7032402945644698,
BRSpeechMOS,common_alpha_1,655,0.709165445273861,
BRSpeechMOS,common_alpha_1,656,0.7394867027127453,
BRSpeechMOS,common_alpha_1,657,0.7479922251439929,
BRSpeechMOS,common_alpha_1,658,0.7155888391234119,
BRSpeechMOS,common_alpha_1,659,0.72166526509828,
BRSpeechMOS,common_alpha_1,660,0.7257484413730205,
BRSpeechMOS,common_alpha_1,661,0.7326349670788614,
BRSpeechMOS,common_alpha_1,662,0.7032402968115568,
BRSpeechMOS,common_alpha_1,663,0.7091654480942686,
BRSpeechMOS,common_alpha_1,664,0.7394867027127452,
BRSpeechMOS,common_alpha_1,665,0.7479922251439971,
BRSpeechMOS,common_alpha_1,666,0.7155888391234119,
BRSpeechMOS,common_alpha_1,667,0.7216652650982801,
BRSpeechMOS,common_alpha_1,668,0.7257484413730205,
BRSpeechMOS,common_alpha_1,669,0.7326349813717805,
BRSpeechMOS,common_alpha_1,670,0.7032402980203718,
BRSpeechMOS,common_alpha_1,671,0.7091654597730989,
BRSpeechMOS,common_alpha_1,672,0.7252181375408557,
BRSpeechMOS,common_alpha_1,673,0.735655388065728,
BRSpeechMOS,common_alpha_1,674,0.7114502194453284,
BRSpeechMOS,common_alpha_1,675,0.7192630402604613,
BRSpeechMOS,common_alpha_1,676,0.7158004306408016,
BRSpeechMOS,common_alpha_1,677,0.7237885676000255,
BRSpeechMOS,common_alpha_1,678,0.6989877078798521,
BRSpeechMOS,common_alpha_1,679,0.7059901020444177,
BRSpeechMOS,common_alpha_1,680,0.7252181375408557,
BRSpeechMOS,common_alpha_1,681,0.7356553880657279,
BRSpeechMOS,common_alpha_1,682,0.7114502194453284,
BRSpeechMOS,common_alpha_1,683,0.7192630598965821,
BRSpeechMOS,common_alpha_1,684,0.7158004310915985,
BRSpeechMOS,common_alpha_1,685,0.7237885642126144,
BRSpeechMOS,common_alpha_1,686,0.6989876964474371,
BRSpeechMOS,common_alpha_1,687,0.7059901010503156,
BRSpeechMOS,common_alpha_1,688,0.7252181375408556,
BRSpeechMOS,common_alpha_1,689,0.7356553880657279,
BRSpeechMOS,common_alpha_1,690,0.7114502198316568,
BRSpeechMOS,common_alpha_1,691,0.7192630416576437,
BRSpeechMOS,common_alpha_1,692,0.7158004398919003,
BRSpeechMOS,common_alpha_1,693,0.7237885636754949,
BRSpeechMOS,common_alpha_1,694,0.6989876965591012,
BRSpeechMOS,common_alpha_1,695,0.7059900914481146,
BRSpeechMOS,common_alpha_1,696,0.7252181375408556,
BRSpeechMOS,common_alpha_1,697,0.7356553880657278,
BRSpeechMOS,common_alpha_1,698,0.7114502197860877,
BRSpeechMOS,common_alpha_1,699,0.7192630396649499,
BRSpeechMOS,common_alpha_1,700,0.7158004379738594,
BRSpeechMOS,common_alpha_1,701,0.7237885669724147,
BRSpeechMOS,common_alpha_1,702,0.698987715783556,
BRSpeechMOS,common_alpha_1,703,0.705990101504051,
BRSpeechMOS,common_alpha_1,704,0.7394867027127452,
BRSpeechMOS,common_alpha_1,705,0.7479921458037843,
BRSpeechMOS,common_alpha_1,706,0.7155888391234116,
BRSpeechMOS,common_alpha_1,707,0.7216652650982801,
BRSpeechMOS,common_alpha_1,708,0.7255824366099125,
BRSpeechMOS,common_alpha_1,709,0.7326349668278269,
BRSpeechMOS,common_alpha_1,710,0.7032402988349479,
BRSpeechMOS,common_alpha_1,711,0.7091654447683682,
BRSpeechMOS,common_alpha_1,712,0.7394867027127446,
BRSpeechMOS,common_alpha_1,713,0.747992225143996,
BRSpeechMOS,common_alpha_1,714,0.7155888391234114,
BRSpeechMOS,common_alpha_1,715,0.7216652621942392,
BRSpeechMOS,common_alpha_1,716,0.7255824825859487,
BRSpeechMOS,common_alpha_1,717,0.7326349670019944,
BRSpeechMOS,common_alpha_1,718,0.7032402980158462,
BRSpeechMOS,common_alpha_1,719,0.7091654470484898,
BRSpeechMOS,common_alpha_1,720,0.7394867027127444,
BRSpeechMOS,common_alpha_1,721,0.7479922251439945,
BRSpeechMOS,common_alpha_1,722,0.7155888391234116,
BRSpeechMOS,common_alpha_1,723,0.7216652650982801,
BRSpeechMOS,common_alpha_1,724,0.7255824374862118,
BRSpeechMOS,common_alpha_1,725,0.732634932894344,
BRSpeechMOS,common_alpha_1,726,0.7032402988343112,
BRSpeechMOS,common_alpha_1,727,0.7091654731887527,
BRSpeechMOS,common_alpha_1,728,0.7394867027127388,
BRSpeechMOS,common_alpha_1,729,0.7479922251439971,
BRSpeechMOS,common_alpha_1,730,0.7155888406101767,
BRSpeechMOS,common_alpha_1,731,0.72166526509828,
BRSpeechMOS,common_alpha_1,732,0.725582438255442,
BRSpeechMOS,common_alpha_1,733,0.7326349348835182,
BRSpeechMOS,common_alpha_1,734,0.7032402984145689,
BRSpeechMOS,common_alpha_1,735,0.7091654488219702,
BRSpeechMOS,common_alpha_1,736,0.7252181375408556,
BRSpeechMOS,common_alpha_1,737,0.735655388065728,
BRSpeechMOS,common_alpha_1,738,0.7114502194453284,
BRSpeechMOS,common_alpha_1,739,0.7192630399643705,
BRSpeechMOS,common_alpha_1,740,0.7158004553524748,
BRSpeechMOS,common_alpha_1,741,0.7237885625336968,
BRSpeechMOS,common_alpha_1,742,0.6989876786020186,
BRSpeechMOS,common_alpha_1,743,0.7059900568609544,
BRSpeechMOS,common_alpha_1,744,0.7252181375408557,
BRSpeechMOS,common_alpha_1,745,0.735655388065728,
BRSpeechMOS,common_alpha_1,746,0.7114502194454899,
BRSpeechMOS,common_alpha_1,747,0.7192630213886937,
BRSpeechMOS,common_alpha_1,748,0.7158004352008291,
BRSpeechMOS,common_alpha_1,749,0.723788568685242,
BRSpeechMOS,common_alpha_1,750,0.6989876764110395,
BRSpeechMOS,common_alpha_1,751,0.705990094800037,
BRSpeechMOS,common_alpha_1,752,0.7252181375408557,
BRSpeechMOS,common_alpha_1,753,0.7356553880657278,
BRSpeechMOS,common_alpha_1,754,0.7114502246676666,
BRSpeechMOS,common_alpha_1,755,0.7192630421756429,
BRSpeechMOS,common_alpha_1,756,0.7158004412102434,
BRSpeechMOS,common_alpha_1,757,0.7237886415966595,
BRSpeechMOS,common_alpha_1,758,0.6989876998161095,
BRSpeechMOS,common_alpha_1,759,0.7059900991950865,
BRSpeechMOS,common_alpha_1,760,0.7252181375408557,
BRSpeechMOS,common_alpha_1,761,0.7356553880657279,
BRSpeechMOS,common_alpha_1,762,0.7114502202010109,
BRSpeechMOS,common_alpha_1,763,0.7192630296946493,
BRSpeechMOS,common_alpha_1,764,0.7158004306982005,
BRSpeechMOS,common_alpha_1,765,0.7237885689111712,
BRSpeechMOS,common_alpha_1,766,0.6989877130691433,
BRSpeechMOS,common_alpha_1,767,0.7059901134283565,
BRSpeechMOS,common_alpha_1,768,0.7394867027127454,
BRSpeechMOS,common_alpha_1,769,0.7479922251439906,
BRSpeechMOS,common_alpha_1,770,0.7155888391234119,
BRSpeechMOS,common_alpha_1,771,0.7216652650982799,
BRSpeechMOS,common_alpha_1,772,0.7257484413730205,
BRSpeechMOS,common_alpha_1,773,0.7326349663782082,
BRSpeechMOS,common_alpha_1,774,0.7032403142754552,
BRSpeechMOS,common_alpha_1,775,0.7091654481613413,
BRSpeechMOS,common_alpha_1,776,0.7394867027127452,
BRSpeechMOS,common_alpha_1,777,0.7479922251439934,
BRSpeechMOS,common_alpha_1,778,0.7155888391234105,
BRSpeechMOS,common_alpha_1,779,0.7216652650982801,
BRSpeechMOS,common_alpha_1,780,0.7257484429848156,
BRSpeechMOS,common_alpha_1,781,0.7326349650138455,
BRSpeechMOS,common_alpha_1,782,0.7032402987661949,
BRSpeechMOS,common_alpha_1,783,0.7091654453088752,
BRSpeechMOS,common_alpha_1,784,0.7394867027127453,
BRSpeechMOS,common_alpha_1,785,0.7479922251439943,
BRSpeechMOS,common_alpha_1,786,0.7155888391234119,
BRSpeechMOS,common_alpha_1,787,0.7216652716769049,
BRSpeechMOS,common_alpha_1,788,0.7257484413730205,
BRSpeechMOS,common_alpha_1,789,0.7326349676281358,
BRSpeechMOS,common_alpha_1,790,0.7032402988152769,
BRSpeechMOS,common_alpha_1,791,0.7091654490388792,
BRSpeechMOS,common_alpha_1,792,0.7394867027127427,
BRSpeechMOS,common_alpha_1,793,0.7479922251439943,
BRSpeechMOS,common_alpha_1,794,0.7155888391234118,
BRSpeechMOS,common_alpha_1,795,0.7216652650982799,
BRSpeechMOS,common_alpha_1,796,0.7257484413730205,
BRSpeechMOS,common_alpha_1,797,0.7326349670788614,
BRSpeechMOS,common_alpha_1,798,0.7032402953846468,
BRSpeechMOS,common_alpha_1,799,0.7091654489274287,
BRSpeechMOS,common_alpha_1,800,0.7252181375408557,
BRSpeechMOS,common_alpha_1,801,0.735655388065728,
BRSpeechMOS,common_alpha_1,802,0.7114502194453284,
BRSpeechMOS,common_alpha_1,803,0.7192630545653392,
BRSpeechMOS,common_alpha_1,804,0.7158004332411538,
BRSpeechMOS,common_alpha_1,805,0.7237885347281899,
BRSpeechMOS,common_alpha_1,806,0.698987743636098,
BRSpeechMOS,common_alpha_1,807,0.7059900807788454,
BRSpeechMOS,common_alpha_1,808,0.7252181375408557,
BRSpeechMOS,common_alpha_1,809,0.7356553880657279,
BRSpeechMOS,common_alpha_1,810,0.7114502194453319,
BRSpeechMOS,common_alpha_1,811,0.7192630402272676,
BRSpeechMOS,common_alpha_1,812,0.7158004354044898,
BRSpeechMOS,common_alpha_1,813,0.7237885453405498,
BRSpeechMOS,common_alpha_1,814,0.6989876856044593,
BRSpeechMOS,common_alpha_1,815,0.7059900954804695,
BRSpeechMOS,common_alpha_1,816,0.7252181375408557,
BRSpeechMOS,common_alpha_1,817,0.7356553880657279,
BRSpeechMOS,common_alpha_1,818,0.7114502479776046,
BRSpeechMOS,common_alpha_1,819,0.719263024213116,
BRSpeechMOS,common_alpha_1,820,0.7158004446078723,
BRSpeechMOS,common_alpha_1,821,0.7237885565113101,
BRSpeechMOS,common_alpha_1,822,0.6989877217140252,
BRSpeechMOS,common_alpha_1,823,0.7059900982954541,
BRSpeechMOS,common_alpha_1,824,0.7252181375408557,
BRSpeechMOS,common_alpha_1,825,0.7356553880657278,
BRSpeechMOS,common_alpha_1,826,0.7114502225115471,
BRSpeechMOS,common_alpha_1,827,0.7192630406034888,
BRSpeechMOS,common_alpha_1,828,0.715800435086991,
BRSpeechMOS,common_alpha_1,829,0.7237885658100806,
BRSpeechMOS,common_alpha_1,830,0.6989877198454725,
BRSpeechMOS,common_alpha_1,831,0.7059902058110756,
BRSpeechMOS,common_alpha_1,832,0.7394867027127454,
BRSpeechMOS,common_alpha_1,833,0.7479922251439906,
BRSpeechMOS,common_alpha_1,834,0.7155888391234119,
BRSpeechMOS,common_alpha_1,835,0.7216652530608757,
BRSpeechMOS,common_alpha_1,836,0.7255824403885663,
BRSpeechMOS,common_alpha_1,837,0.7326349664553367,
BRSpeechMOS,common_alpha_1,838,0.7032402988349479,
BRSpeechMOS,common_alpha_1,839,0.7091654502018704,
BRSpeechMOS,common_alpha_1,840,0.7394867027127427,
BRSpeechMOS,common_alpha_1,841,0.747992225143992,
BRSpeechMOS,common_alpha_1,842,0.7155888391234119,
BRSpeechMOS,common_alpha_1,843,0.7216652650982799,
BRSpeechMOS,common_alpha_1,844,0.7255825755058983,
BRSpeechMOS,common_alpha_1,845,0.7326349664112062,
BRSpeechMOS,common_alpha_1,846,0.7032403005794298,
BRSpeechMOS,common_alpha_1,847,0.7091654487995002,
BRSpeechMOS,common_alpha_1,848,0.739486702712744,
BRSpeechMOS,common_alpha_1,849,0.7479922251439906,
BRSpeechMOS,common_alpha_1,850,0.7155888391234119,
BRSpeechMOS,common_alpha_1,851,0.7216652650982801,
BRSpeechMOS,common_alpha_1,852,0.725582435836606,
BRSpeechMOS,common_alpha_1,853,0.7326349609941832,
BRSpeechMOS,common_alpha_1,854,0.7032402983162919,
BRSpeechMOS,common_alpha_1,855,0.7091654523233982,
BRSpeechMOS,common_alpha_1,856,0.7394867027127416,
BRSpeechMOS,common_alpha_1,857,0.7479922251439963,
BRSpeechMOS,common_alpha_1,858,0.7155888391234119,
BRSpeechMOS,common_alpha_1,859,0.7216652650982799,
BRSpeechMOS,common_alpha_1,860,0.7255824514457129,
BRSpeechMOS,common_alpha_1,861,0.7326349149059036,
BRSpeechMOS,common_alpha_1,862,0.7032402984212601,
BRSpeechMOS,common_alpha_1,863,0.7091654487077709,
BRSpeechMOS,common_alpha_1,864,0.7252181375408557,
BRSpeechMOS,common_alpha_1,865,0.7356553775164701,
BRSpeechMOS,common_alpha_1,866,0.7114502244394304,
BRSpeechMOS,common_alpha_1,867,0.7192630846567096,
BRSpeechMOS,common_alpha_1,868,0.7158004333697014,
BRSpeechMOS,common_alpha_1,869,0.723788556458974,
BRSpeechMOS,common_alpha_1,870,0.6989876860704345,
BRSpeechMOS,common_alpha_1,871,0.7059901110625779,
BRSpeechMOS,common_alpha_1,872,0.7252181375408557,
BRSpeechMOS,common_alpha_1,873,0.7356553880657278,
BRSpeechMOS,common_alpha_1,874,0.7114502194453303,
BRSpeechMOS,common_alpha_1,875,0.7192630245661777,
BRSpeechMOS,common_alpha_1,876,0.7158004306989874,
BRSpeechMOS,common_alpha_1,877,0.723788568365596,
BRSpeechMOS,common_alpha_1,878,0.6989876459862951,
BRSpeechMOS,common_alpha_1,879,0.705990089548998,
BRSpeechMOS,common_alpha_1,880,0.7252181375408557,
BRSpeechMOS,common_alpha_1,881,0.7356553880657278,
BRSpeechMOS,common_alpha_1,882,0.7114502208528899,
BRSpeechMOS,common_alpha_1,883,0.7192630268124425,
BRSpeechMOS,common_alpha_1,884,0.7158004322865649,
BRSpeechMOS,common_alpha_1,885,0.7237885695024084,
BRSpeechMOS,common_alpha_1,886,0.6989876750173797,
BRSpeechMOS,common_alpha_1,887,0.7059900905169261,
BRSpeechMOS,common_alpha_1,888,0.7252181375408557,
BRSpeechMOS,common_alpha_1,889,0.7356553880657278,
BRSpeechMOS,common_alpha_1,890,0.711450223747371,
BRSpeechMOS,common_alpha_1,891,0.7192630283630307,
BRSpeechMOS,common_alpha_1,892,0.7158004240595155,
BRSpeechMOS,common_alpha_1,893,0.7237885675596157,
BRSpeechMOS,common_alpha_1,894,0.698987697316485,
BRSpeechMOS,common_alpha_1,895,0.7059901030809067,
BRSpeechMOS,common_alpha_1,896,0.7394867027127453,
BRSpeechMOS,common_alpha_1,897,0.7479922251439906,
BRSpeechMOS,common_alpha_1,898,0.7155888391234116,
BRSpeechMOS,common_alpha_1,899,0.7216652650879662,
BRSpeechMOS,common_alpha_1,900,0.7257484415705894,
BRSpeechMOS,common_alpha_1,901,0.7326349596765855,
BRSpeechMOS,common_alpha_1,902,0.7032402988349478,
BRSpeechMOS,common_alpha_1,903,0.7091654505420709,
BRSpeechMOS,common_alpha_1,904,0.7394867027127453,
BRSpeechMOS,common_alpha_1,905,0.7479922251439969,
BRSpeechMOS,common_alpha_1,906,0.7155888391234119,
BRSpeechMOS,common_alpha_1,907,0.7216652650982799,
BRSpeechMOS,common_alpha_1,908,0.725748441379304,
BRSpeechMOS,common_alpha_1,909,0.7326349657404502,
BRSpeechMOS,common_alpha_1,910,0.7032402974567525,
BRSpeechMOS,common_alpha_1,911,0.7091654479183132,
BRSpeechMOS,common_alpha_1,912,0.7394867027127451,
BRSpeechMOS,common_alpha_1,913,0.7479922251439932,
BRSpeechMOS,common_alpha_1,914,0.7155888391234119,
BRSpeechMOS,common_alpha_1,915,0.7216652650982799,
BRSpeechMOS,common_alpha_1,916,0.7257484325927942,
BRSpeechMOS,common_alpha_1,917,0.73263497373907,
BRSpeechMOS,common_alpha_1,918,0.7032402988163741,
BRSpeechMOS,common_alpha_1,919,0.709165449027795,
BRSpeechMOS,common_alpha_1,920,0.7394867027127449,
BRSpeechMOS,common_alpha_1,921,0.7479922251439961,
BRSpeechMOS,common_alpha_1,922,0.7155888391234119,
BRSpeechMOS,common_alpha_1,923,0.7216652650982801,
BRSpeechMOS,common_alpha_1,924,0.7257484413730205,
BRSpeechMOS,common_alpha_1,925,0.7326349670796325,
BRSpeechMOS,common_alpha_1,926,0.7032402953842053,
BRSpeechMOS,common_alpha_1,927,0.7091654489339266,
BRSpeechMOS,common_alpha_1,928,0.7252181375408557,
BRSpeechMOS,common_alpha_1,929,0.7356553880657278,
BRSpeechMOS,common_alpha_1,930,0.7114502194460346,
BRSpeechMOS,common_alpha_1,931,0.7192630612373443,
BRSpeechMOS,common_alpha_1,932,0.7158004997390178,
BRSpeechMOS,common_alpha_1,933,0.7237885644041621,
BRSpeechMOS,common_alpha_1,934,0.6989876977598016,
BRSpeechMOS,common_alpha_1,935,0.7059900980544486,
BRSpeechMOS,common_alpha_1,936,0.7252181375408555,
BRSpeechMOS,common_alpha_1,937,0.7356553880657278,
BRSpeechMOS,common_alpha_1,938,0.7114502194492257,
BRSpeechMOS,common_alpha_1,939,0.7192630400763257,
BRSpeechMOS,common_alpha_1,940,0.71580043258774,
BRSpeechMOS,common_alpha_1,941,0.7237885680244976,
BRSpeechMOS,common_alpha_1,942,0.698987667915805,
BRSpeechMOS,common_alpha_1,943,0.705990091945569,
BRSpeechMOS,common_alpha_1,944,0.725218137540856,
BRSpeechMOS,common_alpha_1,945,0.7356553880657278,
BRSpeechMOS,common_alpha_1,946,0.7114502390012325,
BRSpeechMOS,common_alpha_1,947,0.7192630401095595,
BRSpeechMOS,common_alpha_1,948,0.7158004427567088,
BRSpeechMOS,common_alpha_1,949,0.7237885667018211,
BRSpeechMOS,common_alpha_1,950,0.6989876952038732,
BRSpeechMOS,common_alpha_1,951,0.7059900909118838,
BRSpeechMOS,common_alpha_1,952,0.7252181375408557,
BRSpeechMOS,common_alpha_1,953,0.7356553880657279,
BRSpeechMOS,common_alpha_1,954,0.7114502209648411,
BRSpeechMOS,common_alpha_1,955,0.7192630327501047,
BRSpeechMOS,common_alpha_1,956,0.7158004400405195,
BRSpeechMOS,common_alpha_1,957,0.723788564455942,
BRSpeechMOS,common_alpha_1,958,0.6989877209889993,
BRSpeechMOS,common_alpha_1,959,0.7059901039131108,
BRSpeechMOS,common_alpha_1,960,0.7394867027127453,
BRSpeechMOS,common_alpha_1,961,0.7479922251439907,
BRSpeechMOS,common_alpha_1,962,0.7155888391234116,
BRSpeechMOS,common_alpha_1,963,0.7216652574745861,
BRSpeechMOS,common_alpha_1,964,0.7255824603182414,
BRSpeechMOS,common_alpha_1,965,0.7326349386540502,
BRSpeechMOS,common_alpha_1,966,0.7032402984936755,
BRSpeechMOS,common_alpha_1,967,0.7091654145254108,
BRSpeechMOS,common_alpha_1,968,0.7394867027127453,
BRSpeechMOS,common_alpha_1,969,0.7479922251439913,
BRSpeechMOS,common_alpha_1,970,0.7155888391234119,
BRSpeechMOS,common_alpha_1,971,0.7216652650982799,
BRSpeechMOS,common_alpha_1,972,0.7255825531012585,
BRSpeechMOS,common_alpha_1,973,0.7326349670922601,
BRSpeechMOS,common_alpha_1,974,0.7032403000469326,
BRSpeechMOS,common_alpha_1,975,0.709165448338601,
BRSpeechMOS,common_alpha_1,976,0.7394867027127449,
BRSpeechMOS,common_alpha_1,977,0.7479922251439911,
BRSpeechMOS,common_alpha_1,978,0.7155888391234116,
BRSpeechMOS,common_alpha_1,979,0.7216652650982799,
BRSpeechMOS,common_alpha_1,980,0.7255825692878646,
BRSpeechMOS,common_alpha_1,981,0.7326349660397097,
BRSpeechMOS,common_alpha_1,982,0.7032402988651306,
BRSpeechMOS,common_alpha_1,983,0.7091654491182139,
BRSpeechMOS,common_alpha_1,984,0.739486702712743,
BRSpeechMOS,common_alpha_1,985,0.7479922251439929,
BRSpeechMOS,common_alpha_1,986,0.7155888472734406,
BRSpeechMOS,common_alpha_1,987,0.7216652650982801,
BRSpeechMOS,common_alpha_1,988,0.725582442879061,
BRSpeechMOS,common_alpha_1,989,0.7326349665625842,
BRSpeechMOS,common_alpha_1,990,0.7032402983572336,
BRSpeechMOS,common_alpha_1,991,0.709165448861354,
BRSpeechMOS,common_alpha_1,992,0.7252181375408557,
BRSpeechMOS,common_alpha_1,993,0.735655388065728,
BRSpeechMOS,common_alpha_1,994,0.7114502195402882,
BRSpeechMOS,common_alpha_1,995,0.7192630383892314,
BRSpeechMOS,common_alpha_1,996,0.7158005094637352,
BRSpeechMOS,common_alpha_1,997,0.7237886338511128,
BRSpeechMOS,common_alpha_1,998,0.6989876973886132,
BRSpeechMOS,common_alpha_1,999,0.7059901011579494,
BRSpeechMOS,common_alpha_1,1000,0.7252181375408557,
BRSpeechMOS,common_alpha_1,1001,0.735655388065728,
BRSpeechMOS,common_alpha_1,1002,0.711450219519095,
BRSpeechMOS,common_alpha_1,1003,0.7192630401375338,
BRSpeechMOS,common_alpha_1,1004,0.7158004383806477,
BRSpeechMOS,common_alpha_1,1005,0.7237885677106506,
BRSpeechMOS,common_alpha_1,1006,0.6989876968890253,
BRSpeechMOS,common_alpha_1,1007,0.7059900827375086,
BRSpeechMOS,common_alpha_1,1008,0.725218137540856,
BRSpeechMOS,common_alpha_1,1009,0.7356553880657278,
BRSpeechMOS,common_alpha_1,1010,0.7114502199388383,
BRSpeechMOS,common_alpha_1,1011,0.7192630406813605,
BRSpeechMOS,common_alpha_1,1012,0.7158004337439663,
BRSpeechMOS,common_alpha_1,1013,0.7237885512339433,
BRSpeechMOS,common_alpha_1,1014,0.6989877167252725,
BRSpeechMOS,common_alpha_1,1015,0.7059899797042666,
BRSpeechMOS,common_alpha_1,1016,0.7252181375408558,
BRSpeechMOS,common_alpha_1,1017,0.7356553880657278,
BRSpeechMOS,common_alpha_1,1018,0.7114502216615984,
BRSpeechMOS,common_alpha_1,1019,0.7192629950495223,
BRSpeechMOS,common_alpha_1,1020,0.7158004307409569,
BRSpeechMOS,common_alpha_1,1021,0.7237885705627578,
BRSpeechMOS,common_alpha_1,1022,0.6989877024043658,
BRSpeechMOS,common_alpha_1,1023,0.7059901196897785,
BRSpeechMOS,common_alpha_10,1,1.731519097537774,
BRSpeechMOS,common_alpha_10,2,1.0929853617353698,
BRSpeechMOS,common_alpha_10,3,1.0040816026913844,
BRSpeechMOS,common_alpha_10,4,0.9009607388769848,
BRSpeechMOS,common_alpha_10,5,0.9040554382480556,
BRSpeechMOS,common_alpha_10,6,0.7894998653595313,
BRSpeechMOS,common_alpha_10,7,0.8095582500093774,
BRSpeechMOS,common_alpha_10,8,1.0271029257403397,
BRSpeechMOS,common_alpha_10,9,1.3775437699213011,
BRSpeechMOS,common_alpha_10,10,0.9498857076277364,
BRSpeechMOS,common_alpha_10,11,0.962648747856961,
BRSpeechMOS,common_alpha_10,12,0.8453105183411831,
BRSpeechMOS,common_alpha_10,13,0.8640111594369206,
BRSpeechMOS,common_alpha_10,14,0.7665027311101793,
BRSpeechMOS,common_alpha_10,15,0.7909101365628337,
BRSpeechMOS,common_alpha_10,16,0.9164169514154704,
BRSpeechMOS,common_alpha_10,17,1.6045566619245475,
BRSpeechMOS,common_alpha_10,18,1.0173812621277418,
BRSpeechMOS,common_alpha_10,19,0.9897592657489024,
BRSpeechMOS,common_alpha_10,20,0.8615039120312272,
BRSpeechMOS,common_alpha_10,21,0.8755127297946125,
BRSpeechMOS,common_alpha_10,22,0.7744476050804461,
BRSpeechMOS,common_alpha_10,23,0.7953530847563522,
BRSpeechMOS,common_alpha_10,24,1.0271029257403368,
BRSpeechMOS,common_alpha_10,25,1.377543769921301,
BRSpeechMOS,common_alpha_10,26,0.9498857076277364,
BRSpeechMOS,common_alpha_10,27,0.9626487561985456,
BRSpeechMOS,common_alpha_10,28,0.8453105183411832,
BRSpeechMOS,common_alpha_10,29,0.8640111607056848,
BRSpeechMOS,common_alpha_10,30,0.766433241435683,
BRSpeechMOS,common_alpha_10,31,0.7907303186379327,
BRSpeechMOS,common_alpha_10,32,0.8367366627810863,
BRSpeechMOS,common_alpha_10,33,0.8771040946113556,
BRSpeechMOS,common_alpha_10,34,0.8006846215221736,
BRSpeechMOS,common_alpha_10,35,0.8127197660943352,
BRSpeechMOS,common_alpha_10,36,0.7593421863797402,
BRSpeechMOS,common_alpha_10,37,0.7708009453675463,
BRSpeechMOS,common_alpha_10,38,0.7268975614760341,
BRSpeechMOS,common_alpha_10,39,0.7377885217606615,
BRSpeechMOS,common_alpha_10,40,0.8367366627810862,
BRSpeechMOS,common_alpha_10,41,0.8771040946113553,
BRSpeechMOS,common_alpha_10,42,0.8006846215221733,
BRSpeechMOS,common_alpha_10,43,0.8127196664828343,
BRSpeechMOS,common_alpha_10,44,0.7593421863797403,
BRSpeechMOS,common_alpha_10,45,0.7708009452580629,
BRSpeechMOS,common_alpha_10,46,0.7268975614745499,
BRSpeechMOS,common_alpha_10,47,0.7377885201839937,
BRSpeechMOS,common_alpha_10,48,0.8367366627810787,
BRSpeechMOS,common_alpha_10,49,0.8771040946113556,
BRSpeechMOS,common_alpha_10,50,0.8006846215221733,
BRSpeechMOS,common_alpha_10,51,0.8127197977431065,
BRSpeechMOS,common_alpha_10,52,0.7593421863797403,
BRSpeechMOS,common_alpha_10,53,0.7708009452580626,
BRSpeechMOS,common_alpha_10,54,0.726897563674173,
BRSpeechMOS,common_alpha_10,55,0.7377885195463109,
BRSpeechMOS,common_alpha_10,56,0.8367366627810859,
BRSpeechMOS,common_alpha_10,57,0.8771040946113553,
BRSpeechMOS,common_alpha_10,58,0.8006846215221736,
BRSpeechMOS,common_alpha_10,59,0.812719765626554,
BRSpeechMOS,common_alpha_10,60,0.7593421863797404,
BRSpeechMOS,common_alpha_10,61,0.7708009452580628,
BRSpeechMOS,common_alpha_10,62,0.7268975623939806,
BRSpeechMOS,common_alpha_10,63,0.7377885104082801,
BRSpeechMOS,common_alpha_10,64,1.395007415345048,
BRSpeechMOS,common_alpha_10,65,1.09768690596968,
BRSpeechMOS,common_alpha_10,66,0.9225559218354822,
BRSpeechMOS,common_alpha_10,67,0.8713468710564929,
BRSpeechMOS,common_alpha_10,68,0.8413641949576239,
BRSpeechMOS,common_alpha_10,69,0.8226652522501987,
BRSpeechMOS,common_alpha_10,70,0.7722516546651504,
BRSpeechMOS,common_alpha_10,71,0.766556077965466,
BRSpeechMOS,common_alpha_10,72,1.395007415345048,
BRSpeechMOS,common_alpha_10,73,1.09768690596968,
BRSpeechMOS,common_alpha_10,74,0.922555921835482,
BRSpeechMOS,common_alpha_10,75,0.8713468705532407,
BRSpeechMOS,common_alpha_10,76,0.8413641949576237,
BRSpeechMOS,common_alpha_10,77,0.8226652524934953,
BRSpeechMOS,common_alpha_10,78,0.7722516645307078,
BRSpeechMOS,common_alpha_10,79,0.766556105464758,
BRSpeechMOS,common_alpha_10,80,1.3950074153450067,
BRSpeechMOS,common_alpha_10,81,1.09768690596968,
BRSpeechMOS,common_alpha_10,82,0.922555921835482,
BRSpeechMOS,common_alpha_10,83,0.8713468511270779,
BRSpeechMOS,common_alpha_10,84,0.8413641949576238,
BRSpeechMOS,common_alpha_10,85,0.8226652524934954,
BRSpeechMOS,common_alpha_10,86,0.772251678076097,
BRSpeechMOS,common_alpha_10,87,0.7665561110270656,
BRSpeechMOS,common_alpha_10,88,1.3950074153450474,
BRSpeechMOS,common_alpha_10,89,1.09768690596968,
BRSpeechMOS,common_alpha_10,90,0.922555921835482,
BRSpeechMOS,common_alpha_10,91,0.8713468716212872,
BRSpeechMOS,common_alpha_10,92,0.8413641949576238,
BRSpeechMOS,common_alpha_10,93,0.8226652490390218,
BRSpeechMOS,common_alpha_10,94,0.7722516901134692,
BRSpeechMOS,common_alpha_10,95,0.7665561357243892,
BRSpeechMOS,common_alpha_10,96,0.8595706915866913,
BRSpeechMOS,common_alpha_10,97,0.8427340491697196,
BRSpeechMOS,common_alpha_10,98,0.7813557317961373,
BRSpeechMOS,common_alpha_10,99,0.7906448284664226,
BRSpeechMOS,common_alpha_10,100,0.7536696366423958,
BRSpeechMOS,common_alpha_10,101,0.7575072278534307,
BRSpeechMOS,common_alpha_10,102,0.7197665887372969,
BRSpeechMOS,common_alpha_10,103,0.7272900544887645,
BRSpeechMOS,common_alpha_10,104,0.8595706915866925,
BRSpeechMOS,common_alpha_10,105,0.842734050570079,
BRSpeechMOS,common_alpha_10,106,0.7813557212369704,
BRSpeechMOS,common_alpha_10,107,0.7906447415194688,
BRSpeechMOS,common_alpha_10,108,0.7536696307201536,
BRSpeechMOS,common_alpha_10,109,0.7575072311778724,
BRSpeechMOS,common_alpha_10,110,0.7197665888766026,
BRSpeechMOS,common_alpha_10,111,0.7272900440562889,
BRSpeechMOS,common_alpha_10,112,0.8595706915866929,
BRSpeechMOS,common_alpha_10,113,0.8427340566886573,
BRSpeechMOS,common_alpha_10,114,0.7813557301076056,
BRSpeechMOS,common_alpha_10,115,0.7906447417120239,
BRSpeechMOS,common_alpha_10,116,0.7536696347049566,
BRSpeechMOS,common_alpha_10,117,0.7575072235394273,
BRSpeechMOS,common_alpha_10,118,0.7197665633798085,
BRSpeechMOS,common_alpha_10,119,0.7272900463617764,
BRSpeechMOS,common_alpha_10,120,0.8595706915866929,
BRSpeechMOS,common_alpha_10,121,0.8427340548093522,
BRSpeechMOS,common_alpha_10,122,0.7813557311768825,
BRSpeechMOS,common_alpha_10,123,0.79064474523763,
BRSpeechMOS,common_alpha_10,124,0.7536696357200305,
BRSpeechMOS,common_alpha_10,125,0.7575071874791721,
BRSpeechMOS,common_alpha_10,126,0.7197665726482028,
BRSpeechMOS,common_alpha_10,127,0.7272900400117613,
BRSpeechMOS,common_alpha_10,128,1.4661415329932797,
BRSpeechMOS,common_alpha_10,129,1.2955219224761203,
BRSpeechMOS,common_alpha_10,130,0.9672849284864478,
BRSpeechMOS,common_alpha_10,131,0.9723008707795634,
BRSpeechMOS,common_alpha_10,132,0.8535831918863678,
BRSpeechMOS,common_alpha_10,133,0.880515790106689,
BRSpeechMOS,common_alpha_10,134,0.7766516978026281,
BRSpeechMOS,common_alpha_10,135,0.8095582128106231,
BRSpeechMOS,common_alpha_10,136,1.0087227895343334,
BRSpeechMOS,common_alpha_10,137,1.2340677849417585,
BRSpeechMOS,common_alpha_10,138,0.926852256580513,
BRSpeechMOS,common_alpha_10,139,0.9583531261629228,
BRSpeechMOS,common_alpha_10,140,0.8442432476138166,
BRSpeechMOS,common_alpha_10,141,0.8640111606542333,
BRSpeechMOS,common_alpha_10,142,0.7665027758331786,
BRSpeechMOS,common_alpha_10,143,0.7909101313029621,
BRSpeechMOS,common_alpha_10,144,1.3530212189746926,
BRSpeechMOS,common_alpha_10,145,1.295521922476121,
BRSpeechMOS,common_alpha_10,146,0.96246503615386,
BRSpeechMOS,common_alpha_10,147,0.970895820255309,
BRSpeechMOS,common_alpha_10,148,0.8511556856901484,
BRSpeechMOS,common_alpha_10,149,0.8729203249484222,
BRSpeechMOS,common_alpha_10,150,0.7744476196161915,
BRSpeechMOS,common_alpha_10,151,0.795353082817032,
BRSpeechMOS,common_alpha_10,152,1.0087227895343336,
BRSpeechMOS,common_alpha_10,153,1.234067653895205,
BRSpeechMOS,common_alpha_10,154,0.926852256580513,
BRSpeechMOS,common_alpha_10,155,0.9583531279095558,
BRSpeechMOS,common_alpha_10,156,0.8442432381375988,
BRSpeechMOS,common_alpha_10,157,0.8640111594369205,
BRSpeechMOS,common_alpha_10,158,0.7664332444311702,
BRSpeechMOS,common_alpha_10,159,0.7907302775822185,
BRSpeechMOS,common_alpha_10,160,0.8367366627810863,
BRSpeechMOS,common_alpha_10,161,0.8771040946113553,
BRSpeechMOS,common_alpha_10,162,0.8006846215221735,
BRSpeechMOS,common_alpha_10,163,0.8127197638088227,
BRSpeechMOS,common_alpha_10,164,0.7593421863797403,
BRSpeechMOS,common_alpha_10,165,0.7708009432670703,
BRSpeechMOS,common_alpha_10,166,0.7268975641240398,
BRSpeechMOS,common_alpha_10,167,0.7377885061716704,
BRSpeechMOS,common_alpha_10,168,0.8367366627810863,
BRSpeechMOS,common_alpha_10,169,0.8771040946113556,
BRSpeechMOS,common_alpha_10,170,0.8006846215221733,
BRSpeechMOS,common_alpha_10,171,0.8127197736897376,
BRSpeechMOS,common_alpha_10,172,0.7593421863797404,
BRSpeechMOS,common_alpha_10,173,0.7708009452580629,
BRSpeechMOS,common_alpha_10,174,0.7268975626527109,
BRSpeechMOS,common_alpha_10,175,0.7377885213055033,
BRSpeechMOS,common_alpha_10,176,0.8367366627810848,
BRSpeechMOS,common_alpha_10,177,0.8771040946113552,
BRSpeechMOS,common_alpha_10,178,0.8006846215221735,
BRSpeechMOS,common_alpha_10,179,0.8127198178907693,
BRSpeechMOS,common_alpha_10,180,0.7593421863797403,
BRSpeechMOS,common_alpha_10,181,0.7708009452580626,
BRSpeechMOS,common_alpha_10,182,0.7268975620862136,
BRSpeechMOS,common_alpha_10,183,0.7377885169490089,
BRSpeechMOS,common_alpha_10,184,0.8367366627810847,
BRSpeechMOS,common_alpha_10,185,0.8771040946113557,
BRSpeechMOS,common_alpha_10,186,0.8006846215221736,
BRSpeechMOS,common_alpha_10,187,0.8127197656101041,
BRSpeechMOS,common_alpha_10,188,0.7593421863797403,
BRSpeechMOS,common_alpha_10,189,0.7708009470725254,
BRSpeechMOS,common_alpha_10,190,0.7268975616091549,
BRSpeechMOS,common_alpha_10,191,0.7377885261338106,
BRSpeechMOS,common_alpha_10,192,1.395007415345048,
BRSpeechMOS,common_alpha_10,193,1.09768690596968,
BRSpeechMOS,common_alpha_10,194,0.922555921835482,
BRSpeechMOS,common_alpha_10,195,0.8713468750576894,
BRSpeechMOS,common_alpha_10,196,0.8413641949576237,
BRSpeechMOS,common_alpha_10,197,0.8226652524934951,
BRSpeechMOS,common_alpha_10,198,0.7722516520804659,
BRSpeechMOS,common_alpha_10,199,0.7665561059261713,
BRSpeechMOS,common_alpha_10,200,1.395007415345048,
BRSpeechMOS,common_alpha_10,201,1.09768690596968,
BRSpeechMOS,common_alpha_10,202,0.922555921835482,
BRSpeechMOS,common_alpha_10,203,0.8713468746473666,
BRSpeechMOS,common_alpha_10,204,0.8413641949576237,
BRSpeechMOS,common_alpha_10,205,0.8226652524934952,
BRSpeechMOS,common_alpha_10,206,0.7722516549056666,
BRSpeechMOS,common_alpha_10,207,0.7665561067932967,
BRSpeechMOS,common_alpha_10,208,1.3950074153450474,
BRSpeechMOS,common_alpha_10,209,1.09768690596968,
BRSpeechMOS,common_alpha_10,210,0.922555921835482,
BRSpeechMOS,common_alpha_10,211,0.8713468549691762,
BRSpeechMOS,common_alpha_10,212,0.8413641949576237,
BRSpeechMOS,common_alpha_10,213,0.8226652711887287,
BRSpeechMOS,common_alpha_10,214,0.7722516718395998,
BRSpeechMOS,common_alpha_10,215,0.7665561107757741,
BRSpeechMOS,common_alpha_10,216,1.3950074153450327,
BRSpeechMOS,common_alpha_10,217,1.09768690596968,
BRSpeechMOS,common_alpha_10,218,0.922555921835482,
BRSpeechMOS,common_alpha_10,219,0.8713468358716651,
BRSpeechMOS,common_alpha_10,220,0.8413641949576238,
BRSpeechMOS,common_alpha_10,221,0.8226652508697259,
BRSpeechMOS,common_alpha_10,222,0.7722516549831218,
BRSpeechMOS,common_alpha_10,223,0.7665561292402052,
BRSpeechMOS,common_alpha_10,224,0.8595706915866931,
BRSpeechMOS,common_alpha_10,225,0.8427340491697198,
BRSpeechMOS,common_alpha_10,226,0.7813557932595255,
BRSpeechMOS,common_alpha_10,227,0.7906447303529,
BRSpeechMOS,common_alpha_10,228,0.7536696396253704,
BRSpeechMOS,common_alpha_10,229,0.7575072256879097,
BRSpeechMOS,common_alpha_10,230,0.7197665817734895,
BRSpeechMOS,common_alpha_10,231,0.7272900468097088,
BRSpeechMOS,common_alpha_10,232,0.8595706915866929,
BRSpeechMOS,common_alpha_10,233,0.842734121397327,
BRSpeechMOS,common_alpha_10,234,0.7813557324271184,
BRSpeechMOS,common_alpha_10,235,0.7906446213506877,
BRSpeechMOS,common_alpha_10,236,0.7536696486672997,
BRSpeechMOS,common_alpha_10,237,0.757507225537463,
BRSpeechMOS,common_alpha_10,238,0.7197665854482768,
BRSpeechMOS,common_alpha_10,239,0.727290052389648,
BRSpeechMOS,common_alpha_10,240,0.8595706915866931,
BRSpeechMOS,common_alpha_10,241,0.8427340526873878,
BRSpeechMOS,common_alpha_10,242,0.7813557329058294,
BRSpeechMOS,common_alpha_10,243,0.7906447186159467,
BRSpeechMOS,common_alpha_10,244,0.7536696370417292,
BRSpeechMOS,common_alpha_10,245,0.757507227839811,
BRSpeechMOS,common_alpha_10,246,0.7197665859944467,
BRSpeechMOS,common_alpha_10,247,0.727290047220182,
BRSpeechMOS,common_alpha_10,248,0.8595706915866931,
BRSpeechMOS,common_alpha_10,249,0.8427340494985169,
BRSpeechMOS,common_alpha_10,250,0.781355746568509,
BRSpeechMOS,common_alpha_10,251,0.790644767444456,
BRSpeechMOS,common_alpha_10,252,0.7536696678701685,
BRSpeechMOS,common_alpha_10,253,0.7575072261971513,
BRSpeechMOS,common_alpha_10,254,0.7197665613985322,
BRSpeechMOS,common_alpha_10,255,0.7272900508404551,
BRSpeechMOS,common_alpha_10,256,0.8000742058811787,
BRSpeechMOS,common_alpha_10,257,0.9037626499340898,
BRSpeechMOS,common_alpha_10,258,0.7929477193898236,
BRSpeechMOS,common_alpha_10,259,0.8158535647929985,
BRSpeechMOS,common_alpha_10,260,0.7668456072018144,
BRSpeechMOS,common_alpha_10,261,0.7832457332572154,
BRSpeechMOS,common_alpha_10,262,0.726753177225685,
BRSpeechMOS,common_alpha_10,263,0.7414865711326116,
BRSpeechMOS,common_alpha_10,264,0.8000742058811787,
BRSpeechMOS,common_alpha_10,265,0.9037626499340896,
BRSpeechMOS,common_alpha_10,266,0.7929477193898236,
BRSpeechMOS,common_alpha_10,267,0.815853564792995,
BRSpeechMOS,common_alpha_10,268,0.7668456072018144,
BRSpeechMOS,common_alpha_10,269,0.7832457332572152,
BRSpeechMOS,common_alpha_10,270,0.7267531750437842,
BRSpeechMOS,common_alpha_10,271,0.7414865812036738,
BRSpeechMOS,common_alpha_10,272,0.8000742058811787,
BRSpeechMOS,common_alpha_10,273,0.9037626499340896,
BRSpeechMOS,common_alpha_10,274,0.7929477193898236,
BRSpeechMOS,common_alpha_10,275,0.815853630713242,
BRSpeechMOS,common_alpha_10,276,0.7668456072018142,
BRSpeechMOS,common_alpha_10,277,0.7832457332572155,
BRSpeechMOS,common_alpha_10,278,0.7267531741446724,
BRSpeechMOS,common_alpha_10,279,0.7414865689957655,
BRSpeechMOS,common_alpha_10,280,0.800074205881174,
BRSpeechMOS,common_alpha_10,281,0.9037626499340896,
BRSpeechMOS,common_alpha_10,282,0.7929477193898233,
BRSpeechMOS,common_alpha_10,283,0.8158535639093696,
BRSpeechMOS,common_alpha_10,284,0.7668456072018144,
BRSpeechMOS,common_alpha_10,285,0.7832457332572151,
BRSpeechMOS,common_alpha_10,286,0.7267531742830488,
BRSpeechMOS,common_alpha_10,287,0.7414865447470778,
BRSpeechMOS,common_alpha_10,288,0.7577143124210856,
BRSpeechMOS,common_alpha_10,289,0.8207969935425673,
BRSpeechMOS,common_alpha_10,290,0.7641418611247741,
BRSpeechMOS,common_alpha_10,291,0.7839342065724059,
BRSpeechMOS,common_alpha_10,292,0.7424784832342386,
BRSpeechMOS,common_alpha_10,293,0.7550264417500134,
BRSpeechMOS,common_alpha_10,294,0.7147631651582311,
BRSpeechMOS,common_alpha_10,295,0.7257550100910223,
BRSpeechMOS,common_alpha_10,296,0.7577143124210856,
BRSpeechMOS,common_alpha_10,297,0.8207970098432436,
BRSpeechMOS,common_alpha_10,298,0.7641418437701315,
BRSpeechMOS,common_alpha_10,299,0.7839341974939815,
BRSpeechMOS,common_alpha_10,300,0.7424784835093577,
BRSpeechMOS,common_alpha_10,301,0.7550264331583658,
BRSpeechMOS,common_alpha_10,302,0.7147631451104746,
BRSpeechMOS,common_alpha_10,303,0.7257550036361129,
BRSpeechMOS,common_alpha_10,304,0.7577143124210854,
BRSpeechMOS,common_alpha_10,305,0.8207969947858903,
BRSpeechMOS,common_alpha_10,306,0.7641418705062833,
BRSpeechMOS,common_alpha_10,307,0.7839341990133958,
BRSpeechMOS,common_alpha_10,308,0.7424785342980106,
BRSpeechMOS,common_alpha_10,309,0.7550264339574358,
BRSpeechMOS,common_alpha_10,310,0.714763148407118,
BRSpeechMOS,common_alpha_10,311,0.7257550050871597,
BRSpeechMOS,common_alpha_10,312,0.7577143124210856,
BRSpeechMOS,common_alpha_10,313,0.8207969947472697,
BRSpeechMOS,common_alpha_10,314,0.7641418702050793,
BRSpeechMOS,common_alpha_10,315,0.7839341467663146,
BRSpeechMOS,common_alpha_10,316,0.7424785427157932,
BRSpeechMOS,common_alpha_10,317,0.7550264294343769,
BRSpeechMOS,common_alpha_10,318,0.7147631309714216,
BRSpeechMOS,common_alpha_10,319,0.7257550085938472,
BRSpeechMOS,common_alpha_10,320,0.8779766099473945,
BRSpeechMOS,common_alpha_10,321,0.8533903138228127,
BRSpeechMOS,common_alpha_10,322,0.7715574836524117,
BRSpeechMOS,common_alpha_10,323,0.7852629861368117,
BRSpeechMOS,common_alpha_10,324,0.7584967087346542,
BRSpeechMOS,common_alpha_10,325,0.7620985849239121,
BRSpeechMOS,common_alpha_10,326,0.7179039504784788,
BRSpeechMOS,common_alpha_10,327,0.7265941723423254,
BRSpeechMOS,common_alpha_10,328,0.8779766099473947,
BRSpeechMOS,common_alpha_10,329,0.8533903138230247,
BRSpeechMOS,common_alpha_10,330,0.7715574695471135,
BRSpeechMOS,common_alpha_10,331,0.785262874523943,
BRSpeechMOS,common_alpha_10,332,0.7584967114724405,
BRSpeechMOS,common_alpha_10,333,0.7620984501046034,
BRSpeechMOS,common_alpha_10,334,0.7179039509202696,
BRSpeechMOS,common_alpha_10,335,0.7265941601249167,
BRSpeechMOS,common_alpha_10,336,0.8779766099473947,
BRSpeechMOS,common_alpha_10,337,0.8533903138228137,
BRSpeechMOS,common_alpha_10,338,0.7715575120358945,
BRSpeechMOS,common_alpha_10,339,0.7852629832288254,
BRSpeechMOS,common_alpha_10,340,0.7584967104805207,
BRSpeechMOS,common_alpha_10,341,0.7620985830467444,
BRSpeechMOS,common_alpha_10,342,0.7179039517069663,
BRSpeechMOS,common_alpha_10,343,0.7265941726959518,
BRSpeechMOS,common_alpha_10,344,0.8779766099473951,
BRSpeechMOS,common_alpha_10,345,0.8533903138228147,
BRSpeechMOS,common_alpha_10,346,0.7715574883781843,
BRSpeechMOS,common_alpha_10,347,0.7852629924068116,
BRSpeechMOS,common_alpha_10,348,0.7584967087692043,
BRSpeechMOS,common_alpha_10,349,0.7620985849201225,
BRSpeechMOS,common_alpha_10,350,0.7179039504989904,
BRSpeechMOS,common_alpha_10,351,0.7265941791077445,
BRSpeechMOS,common_alpha_10,352,0.7675753375876779,
BRSpeechMOS,common_alpha_10,353,0.7942330181661099,
BRSpeechMOS,common_alpha_10,354,0.7518057410413076,
BRSpeechMOS,common_alpha_10,355,0.773986581318522,
BRSpeechMOS,common_alpha_10,356,0.7359590967430092,
BRSpeechMOS,common_alpha_10,357,0.7443703989578142,
BRSpeechMOS,common_alpha_10,358,0.7090160369769022,
BRSpeechMOS,common_alpha_10,359,0.7195389365231987,
BRSpeechMOS,common_alpha_10,360,0.7675753272909972,
BRSpeechMOS,common_alpha_10,361,0.7942330407675334,
BRSpeechMOS,common_alpha_10,362,0.7518056595159022,
BRSpeechMOS,common_alpha_10,363,0.7739865934040894,
BRSpeechMOS,common_alpha_10,364,0.7359590892069823,
BRSpeechMOS,common_alpha_10,365,0.7443704002440549,
BRSpeechMOS,common_alpha_10,366,0.7090160373677834,
BRSpeechMOS,common_alpha_10,367,0.7195389668775632,
BRSpeechMOS,common_alpha_10,368,0.7675751124164157,
BRSpeechMOS,common_alpha_10,369,0.7942330117476536,
BRSpeechMOS,common_alpha_10,370,0.7518057017398164,
BRSpeechMOS,common_alpha_10,371,0.7739867416130088,
BRSpeechMOS,common_alpha_10,372,0.7359590865766605,
BRSpeechMOS,common_alpha_10,373,0.7443703970310174,
BRSpeechMOS,common_alpha_10,374,0.7090160421951793,
BRSpeechMOS,common_alpha_10,375,0.719538949363233,
BRSpeechMOS,common_alpha_10,376,0.7675750233851323,
BRSpeechMOS,common_alpha_10,377,0.79423301439776,
BRSpeechMOS,common_alpha_10,378,0.7518057177508376,
BRSpeechMOS,common_alpha_10,379,0.7739866066379183,
BRSpeechMOS,common_alpha_10,380,0.7359589836833524,
BRSpeechMOS,common_alpha_10,381,0.7443703878605582,
BRSpeechMOS,common_alpha_10,382,0.7090160492183786,
BRSpeechMOS,common_alpha_10,383,0.719538944762153,
BRSpeechMOS,common_alpha_10,384,0.7825483303064592,
BRSpeechMOS,common_alpha_10,385,0.9037626499340898,
BRSpeechMOS,common_alpha_10,386,0.7929477193898234,
BRSpeechMOS,common_alpha_10,387,0.8158537608248736,
BRSpeechMOS,common_alpha_10,388,0.7668456072018142,
BRSpeechMOS,common_alpha_10,389,0.7832457332572152,
BRSpeechMOS,common_alpha_10,390,0.7267531972280551,
BRSpeechMOS,common_alpha_10,391,0.7414865760174529,
BRSpeechMOS,common_alpha_10,392,0.7825483303064592,
BRSpeechMOS,common_alpha_10,393,0.9037626499340896,
BRSpeechMOS,common_alpha_10,394,0.7929477193898234,
BRSpeechMOS,common_alpha_10,395,0.815853564792995,
BRSpeechMOS,common_alpha_10,396,0.7668456072018142,
BRSpeechMOS,common_alpha_10,397,0.7832457332572155,
BRSpeechMOS,common_alpha_10,398,0.7267531981170657,
BRSpeechMOS,common_alpha_10,399,0.7414865532448156,
BRSpeechMOS,common_alpha_10,400,0.7825483303064441,
BRSpeechMOS,common_alpha_10,401,0.9037626499340896,
BRSpeechMOS,common_alpha_10,402,0.7929477193898233,
BRSpeechMOS,common_alpha_10,403,0.8158537547752863,
BRSpeechMOS,common_alpha_10,404,0.7668456072018144,
BRSpeechMOS,common_alpha_10,405,0.7832457332572155,
BRSpeechMOS,common_alpha_10,406,0.7267531742018787,
BRSpeechMOS,common_alpha_10,407,0.7414865732886807,
BRSpeechMOS,common_alpha_10,408,0.7825483303064475,
BRSpeechMOS,common_alpha_10,409,0.90376264993409,
BRSpeechMOS,common_alpha_10,410,0.7929477193898236,
BRSpeechMOS,common_alpha_10,411,0.8158535633602801,
BRSpeechMOS,common_alpha_10,412,0.7668456072018144,
BRSpeechMOS,common_alpha_10,413,0.7832457332572155,
BRSpeechMOS,common_alpha_10,414,0.7267531752919025,
BRSpeechMOS,common_alpha_10,415,0.741486569652142,
BRSpeechMOS,common_alpha_10,416,0.7577143124210858,
BRSpeechMOS,common_alpha_10,417,0.8207969935425674,
BRSpeechMOS,common_alpha_10,418,0.7641419223725243,
BRSpeechMOS,common_alpha_10,419,0.7839342246032633,
BRSpeechMOS,common_alpha_10,420,0.7424784832762292,
BRSpeechMOS,common_alpha_10,421,0.7550263499786498,
BRSpeechMOS,common_alpha_10,422,0.7147631680950322,
BRSpeechMOS,common_alpha_10,423,0.7257550052404602,
BRSpeechMOS,common_alpha_10,424,0.7577143124210856,
BRSpeechMOS,common_alpha_10,425,0.8207970280029043,
BRSpeechMOS,common_alpha_10,426,0.764142010239758,
BRSpeechMOS,common_alpha_10,427,0.7839342169908929,
BRSpeechMOS,common_alpha_10,428,0.7424784834855424,
BRSpeechMOS,common_alpha_10,429,0.7550264298273983,
BRSpeechMOS,common_alpha_10,430,0.7147631691074868,
BRSpeechMOS,common_alpha_10,431,0.7257550186277638,
BRSpeechMOS,common_alpha_10,432,0.7577143124210854,
BRSpeechMOS,common_alpha_10,433,0.8207970248334681,
BRSpeechMOS,common_alpha_10,434,0.7641419887977094,
BRSpeechMOS,common_alpha_10,435,0.7839341728855262,
BRSpeechMOS,common_alpha_10,436,0.7424784835306364,
BRSpeechMOS,common_alpha_10,437,0.7550263641983973,
BRSpeechMOS,common_alpha_10,438,0.7147631815241883,
BRSpeechMOS,common_alpha_10,439,0.7257550102706267,
BRSpeechMOS,common_alpha_10,440,0.7577143124210858,
BRSpeechMOS,common_alpha_10,441,0.8207970115713745,
BRSpeechMOS,common_alpha_10,442,0.7641419364877009,
BRSpeechMOS,common_alpha_10,443,0.7839342036778696,
BRSpeechMOS,common_alpha_10,444,0.7424784834553001,
BRSpeechMOS,common_alpha_10,445,0.7550264253239121,
BRSpeechMOS,common_alpha_10,446,0.7147631647165754,
BRSpeechMOS,common_alpha_10,447,0.7257550099472883,
BRSpeechMOS,common_alpha_10,448,0.877976609947394,
BRSpeechMOS,common_alpha_10,449,0.853390377305921,
BRSpeechMOS,common_alpha_10,450,0.7715574853199304,
BRSpeechMOS,common_alpha_10,451,0.785262996069652,
BRSpeechMOS,common_alpha_10,452,0.7584967134166709,
BRSpeechMOS,common_alpha_10,453,0.7620985133326732,
BRSpeechMOS,common_alpha_10,454,0.7179038974257463,
BRSpeechMOS,common_alpha_10,455,0.7265941523986715,
BRSpeechMOS,common_alpha_10,456,0.8779766099473947,
BRSpeechMOS,common_alpha_10,457,0.8533903162260077,
BRSpeechMOS,common_alpha_10,458,0.7715574858983221,
BRSpeechMOS,common_alpha_10,459,0.7852629670536949,
BRSpeechMOS,common_alpha_10,460,0.75849671150383,
BRSpeechMOS,common_alpha_10,461,0.7620985760753424,
BRSpeechMOS,common_alpha_10,462,0.7179039431646358,
BRSpeechMOS,common_alpha_10,463,0.7265941732150041,
BRSpeechMOS,common_alpha_10,464,0.8779766099473946,
BRSpeechMOS,common_alpha_10,465,0.8533904188773209,
BRSpeechMOS,common_alpha_10,466,0.7715574844072028,
BRSpeechMOS,common_alpha_10,467,0.7852629768668765,
BRSpeechMOS,common_alpha_10,468,0.7584967109350063,
BRSpeechMOS,common_alpha_10,469,0.7620985638131127,
BRSpeechMOS,common_alpha_10,470,0.7179039449423384,
BRSpeechMOS,common_alpha_10,471,0.7265941521200213,
BRSpeechMOS,common_alpha_10,472,0.8779766099473937,
BRSpeechMOS,common_alpha_10,473,0.8533903361757954,
BRSpeechMOS,common_alpha_10,474,0.7715575484945352,
BRSpeechMOS,common_alpha_10,475,0.7852629281970827,
BRSpeechMOS,common_alpha_10,476,0.7584968503801182,
BRSpeechMOS,common_alpha_10,477,0.762098582731665,
BRSpeechMOS,common_alpha_10,478,0.7179039269737949,
BRSpeechMOS,common_alpha_10,479,0.7265941732310097,
BRSpeechMOS,common_alpha_10,480,0.7675753332022215,
BRSpeechMOS,common_alpha_10,481,0.7942330016216168,
BRSpeechMOS,common_alpha_10,482,0.7518057183440219,
BRSpeechMOS,common_alpha_10,483,0.7739865718937817,
BRSpeechMOS,common_alpha_10,484,0.7359591061310867,
BRSpeechMOS,common_alpha_10,485,0.7443704087350959,
BRSpeechMOS,common_alpha_10,486,0.7090160477842028,
BRSpeechMOS,common_alpha_10,487,0.7195389392423452,
BRSpeechMOS,common_alpha_10,488,0.767575371318005,
BRSpeechMOS,common_alpha_10,489,0.7942330213466338,
BRSpeechMOS,common_alpha_10,490,0.751805740357826,
BRSpeechMOS,common_alpha_10,491,0.773986586861904,
BRSpeechMOS,common_alpha_10,492,0.7359590911170625,
BRSpeechMOS,common_alpha_10,493,0.7443704015739299,
BRSpeechMOS,common_alpha_10,494,0.7090160493237649,
BRSpeechMOS,common_alpha_10,495,0.7195389388379432,
BRSpeechMOS,common_alpha_10,496,0.7675753755268084,
BRSpeechMOS,common_alpha_10,497,0.7942330023064826,
BRSpeechMOS,common_alpha_10,498,0.7518057309611226,
BRSpeechMOS,common_alpha_10,499,0.7739866432818693,
BRSpeechMOS,common_alpha_10,500,0.7359591276128304,
BRSpeechMOS,common_alpha_10,501,0.7443704220636924,
BRSpeechMOS,common_alpha_10,502,0.7090160233343582,
BRSpeechMOS,common_alpha_10,503,0.7195389665135803,
BRSpeechMOS,common_alpha_10,504,0.7675753751270517,
BRSpeechMOS,common_alpha_10,505,0.7942330470427847,
BRSpeechMOS,common_alpha_10,506,0.7518057384259477,
BRSpeechMOS,common_alpha_10,507,0.7739866102541368,
BRSpeechMOS,common_alpha_10,508,0.7359590946128053,
BRSpeechMOS,common_alpha_10,509,0.744370421174514,
BRSpeechMOS,common_alpha_10,510,0.709016045254659,
BRSpeechMOS,common_alpha_10,511,0.7195389390676743,
BRSpeechMOS,common_alpha_10,512,0.737296401972494,
BRSpeechMOS,common_alpha_10,513,0.7632974662862365,
BRSpeechMOS,common_alpha_10,514,0.716061941744169,
BRSpeechMOS,common_alpha_10,515,0.7281557877315404,
BRSpeechMOS,common_alpha_10,516,0.7218460495448094,
BRSpeechMOS,common_alpha_10,517,0.7281399967296973,
BRSpeechMOS,common_alpha_10,518,0.6995080357967584,
BRSpeechMOS,common_alpha_10,519,0.7043380600099496,
BRSpeechMOS,common_alpha_10,520,0.7372964019724937,
BRSpeechMOS,common_alpha_10,521,0.7632974662862365,
BRSpeechMOS,common_alpha_10,522,0.716061941744169,
BRSpeechMOS,common_alpha_10,523,0.7281557981236902,
BRSpeechMOS,common_alpha_10,524,0.7218460495448092,
BRSpeechMOS,common_alpha_10,525,0.7281400019996256,
BRSpeechMOS,common_alpha_10,526,0.6995079959127488,
BRSpeechMOS,common_alpha_10,527,0.7043381028991711,
BRSpeechMOS,common_alpha_10,528,0.7372964019724886,
BRSpeechMOS,common_alpha_10,529,0.7632974662862356,
BRSpeechMOS,common_alpha_10,530,0.716061941744169,
BRSpeechMOS,common_alpha_10,531,0.7281556636021796,
BRSpeechMOS,common_alpha_10,532,0.7218460495448092,
BRSpeechMOS,common_alpha_10,533,0.7281399958477934,
BRSpeechMOS,common_alpha_10,534,0.6995080563035183,
BRSpeechMOS,common_alpha_10,535,0.7043380624006614,
BRSpeechMOS,common_alpha_10,536,0.737296401972493,
BRSpeechMOS,common_alpha_10,537,0.7632974662862166,
BRSpeechMOS,common_alpha_10,538,0.7160619417441689,
BRSpeechMOS,common_alpha_10,539,0.7281558496916394,
BRSpeechMOS,common_alpha_10,540,0.7218460495448094,
BRSpeechMOS,common_alpha_10,541,0.7281399292671314,
BRSpeechMOS,common_alpha_10,542,0.699508030896959,
BRSpeechMOS,common_alpha_10,543,0.7043381444951242,
BRSpeechMOS,common_alpha_10,544,0.7277547975054303,
BRSpeechMOS,common_alpha_10,545,0.7614075839864938,
BRSpeechMOS,common_alpha_10,546,0.716061941744169,
BRSpeechMOS,common_alpha_10,547,0.7281557901709745,
BRSpeechMOS,common_alpha_10,548,0.7212547811543013,
BRSpeechMOS,common_alpha_10,549,0.7281399961024405,
BRSpeechMOS,common_alpha_10,550,0.699508031657754,
BRSpeechMOS,common_alpha_10,551,0.7043381077600404,
BRSpeechMOS,common_alpha_10,552,0.7277547975054299,
BRSpeechMOS,common_alpha_10,553,0.761407583915876,
BRSpeechMOS,common_alpha_10,554,0.7160619417441689,
BRSpeechMOS,common_alpha_10,555,0.7281557889973211,
BRSpeechMOS,common_alpha_10,556,0.7212547811301204,
BRSpeechMOS,common_alpha_10,557,0.7281399590104272,
BRSpeechMOS,common_alpha_10,558,0.6995080223788038,
BRSpeechMOS,common_alpha_10,559,0.7043381063652505,
BRSpeechMOS,common_alpha_10,560,0.72775479750543,
BRSpeechMOS,common_alpha_10,561,0.7614075833902728,
BRSpeechMOS,common_alpha_10,562,0.716061941744169,
BRSpeechMOS,common_alpha_10,563,0.7281557898850968,
BRSpeechMOS,common_alpha_10,564,0.7212547904270357,
BRSpeechMOS,common_alpha_10,565,0.7281399964989813,
BRSpeechMOS,common_alpha_10,566,0.6995080335894417,
BRSpeechMOS,common_alpha_10,567,0.7043381121628229,
BRSpeechMOS,common_alpha_10,568,0.7277547975054298,
BRSpeechMOS,common_alpha_10,569,0.7614075833902725,
BRSpeechMOS,common_alpha_10,570,0.7160619417441689,
BRSpeechMOS,common_alpha_10,571,0.7281557898848415,
BRSpeechMOS,common_alpha_10,572,0.7212549013299517,
BRSpeechMOS,common_alpha_10,573,0.7281399958685005,
BRSpeechMOS,common_alpha_10,574,0.6995080645150079,
BRSpeechMOS,common_alpha_10,575,0.7043381314573927,
BRSpeechMOS,common_alpha_10,576,0.737296401972494,
BRSpeechMOS,common_alpha_10,577,0.7632974662862366,
BRSpeechMOS,common_alpha_10,578,0.716061941744169,
BRSpeechMOS,common_alpha_10,579,0.7281557993273331,
BRSpeechMOS,common_alpha_10,580,0.7218460495448094,
BRSpeechMOS,common_alpha_10,581,0.7281399982066041,
BRSpeechMOS,common_alpha_10,582,0.6995080317171967,
BRSpeechMOS,common_alpha_10,583,0.7043381033790631,
BRSpeechMOS,common_alpha_10,584,0.737296401972494,
BRSpeechMOS,common_alpha_10,585,0.7632974662862371,
BRSpeechMOS,common_alpha_10,586,0.716061941744169,
BRSpeechMOS,common_alpha_10,587,0.7281557898851925,
BRSpeechMOS,common_alpha_10,588,0.7218460495448094,
BRSpeechMOS,common_alpha_10,589,0.7281399976802397,
BRSpeechMOS,common_alpha_10,590,0.6995080315974412,
BRSpeechMOS,common_alpha_10,591,0.704338057607001,
BRSpeechMOS,common_alpha_10,592,0.737296401972494,
BRSpeechMOS,common_alpha_10,593,0.7632974662862297,
BRSpeechMOS,common_alpha_10,594,0.716061941744169,
BRSpeechMOS,common_alpha_10,595,0.7281557884254745,
BRSpeechMOS,common_alpha_10,596,0.7218460495448094,
BRSpeechMOS,common_alpha_10,597,0.7281400145070156,
BRSpeechMOS,common_alpha_10,598,0.6995080446532741,
BRSpeechMOS,common_alpha_10,599,0.7043380915499381,
BRSpeechMOS,common_alpha_10,600,0.737296401972494,
BRSpeechMOS,common_alpha_10,601,0.7632974662862216,
BRSpeechMOS,common_alpha_10,602,0.716061941744169,
BRSpeechMOS,common_alpha_10,603,0.7281557948544924,
BRSpeechMOS,common_alpha_10,604,0.7218460495448095,
BRSpeechMOS,common_alpha_10,605,0.7281399964265123,
BRSpeechMOS,common_alpha_10,606,0.6995080323275941,
BRSpeechMOS,common_alpha_10,607,0.7043381094660177,
BRSpeechMOS,common_alpha_10,608,0.72775479750543,
BRSpeechMOS,common_alpha_10,609,0.7614075834468931,
BRSpeechMOS,common_alpha_10,610,0.7160619417441689,
BRSpeechMOS,common_alpha_10,611,0.7281557835078951,
BRSpeechMOS,common_alpha_10,612,0.721254805744316,
BRSpeechMOS,common_alpha_10,613,0.7281399898244563,
BRSpeechMOS,common_alpha_10,614,0.6995080321051369,
BRSpeechMOS,common_alpha_10,615,0.7043381045012344,
BRSpeechMOS,common_alpha_10,616,0.7277547975054297,
BRSpeechMOS,common_alpha_10,617,0.7614075673778702,
BRSpeechMOS,common_alpha_10,618,0.716061951821857,
BRSpeechMOS,common_alpha_10,619,0.7281557809428855,
BRSpeechMOS,common_alpha_10,620,0.7212547799173595,
BRSpeechMOS,common_alpha_10,621,0.7281400107331495,
BRSpeechMOS,common_alpha_10,622,0.6995080304563412,
BRSpeechMOS,common_alpha_10,623,0.7043381036812907,
BRSpeechMOS,common_alpha_10,624,0.72775479750543,
BRSpeechMOS,common_alpha_10,625,0.7614076199349595,
BRSpeechMOS,common_alpha_10,626,0.7160619490902979,
BRSpeechMOS,common_alpha_10,627,0.7281557899761141,
BRSpeechMOS,common_alpha_10,628,0.7212547529731881,
BRSpeechMOS,common_alpha_10,629,0.7281399957866257,
BRSpeechMOS,common_alpha_10,630,0.699508023386563,
BRSpeechMOS,common_alpha_10,631,0.7043380600307397,
BRSpeechMOS,common_alpha_10,632,0.7277547975054297,
BRSpeechMOS,common_alpha_10,633,0.7614075833934675,
BRSpeechMOS,common_alpha_10,634,0.716061941744169,
BRSpeechMOS,common_alpha_10,635,0.7281557898849979,
BRSpeechMOS,common_alpha_10,636,0.7212547798972294,
BRSpeechMOS,common_alpha_10,637,0.7281399969752523,
BRSpeechMOS,common_alpha_10,638,0.699508005957057,
BRSpeechMOS,common_alpha_10,639,0.7043381035993243,
BRSpeechMOS,common_alpha_10,640,0.7372964019724937,
BRSpeechMOS,common_alpha_10,641,0.7632974662862366,
BRSpeechMOS,common_alpha_10,642,0.716061941744169,
BRSpeechMOS,common_alpha_10,643,0.7281557968793546,
BRSpeechMOS,common_alpha_10,644,0.7218460495448094,
BRSpeechMOS,common_alpha_10,645,0.7281400073967252,
BRSpeechMOS,common_alpha_10,646,0.6995080425285315,
BRSpeechMOS,common_alpha_10,647,0.7043381056066307,
BRSpeechMOS,common_alpha_10,648,0.7372964019724936,
BRSpeechMOS,common_alpha_10,649,0.7632974662862337,
BRSpeechMOS,common_alpha_10,650,0.716061941744169,
BRSpeechMOS,common_alpha_10,651,0.7281557892434888,
BRSpeechMOS,common_alpha_10,652,0.7218460495448094,
BRSpeechMOS,common_alpha_10,653,0.7281399958505247,
BRSpeechMOS,common_alpha_10,654,0.6995080247493417,
BRSpeechMOS,common_alpha_10,655,0.7043381050607974,
BRSpeechMOS,common_alpha_10,656,0.7372964019724932,
BRSpeechMOS,common_alpha_10,657,0.7632974662862286,
BRSpeechMOS,common_alpha_10,658,0.716061941744169,
BRSpeechMOS,common_alpha_10,659,0.7281557992789662,
BRSpeechMOS,common_alpha_10,660,0.7218460495448094,
BRSpeechMOS,common_alpha_10,661,0.7281399955765538,
BRSpeechMOS,common_alpha_10,662,0.6995080311427632,
BRSpeechMOS,common_alpha_10,663,0.7043381052998696,
BRSpeechMOS,common_alpha_10,664,0.7372964019724935,
BRSpeechMOS,common_alpha_10,665,0.763297466286223,
BRSpeechMOS,common_alpha_10,666,0.716061941744169,
BRSpeechMOS,common_alpha_10,667,0.7281558633148137,
BRSpeechMOS,common_alpha_10,668,0.7218460495448094,
BRSpeechMOS,common_alpha_10,669,0.728139931260313,
BRSpeechMOS,common_alpha_10,670,0.699508030550418,
BRSpeechMOS,common_alpha_10,671,0.7043381055981021,
BRSpeechMOS,common_alpha_10,672,0.7277547975054298,
BRSpeechMOS,common_alpha_10,673,0.7614075174218701,
BRSpeechMOS,common_alpha_10,674,0.7160619418930733,
BRSpeechMOS,common_alpha_10,675,0.7281557970800762,
BRSpeechMOS,common_alpha_10,676,0.7212547840866884,
BRSpeechMOS,common_alpha_10,677,0.7281399963598094,
BRSpeechMOS,common_alpha_10,678,0.6995080314909969,
BRSpeechMOS,common_alpha_10,679,0.7043381034404406,
BRSpeechMOS,common_alpha_10,680,0.7277547975054298,
BRSpeechMOS,common_alpha_10,681,0.761407583390273,
BRSpeechMOS,common_alpha_10,682,0.7160619417441689,
BRSpeechMOS,common_alpha_10,683,0.7281558045867332,
BRSpeechMOS,common_alpha_10,684,0.7212547814378042,
BRSpeechMOS,common_alpha_10,685,0.7281399958505247,
BRSpeechMOS,common_alpha_10,686,0.6995080317965192,
BRSpeechMOS,common_alpha_10,687,0.7043381420895438,
BRSpeechMOS,common_alpha_10,688,0.7277547975054298,
BRSpeechMOS,common_alpha_10,689,0.7614075833902728,
BRSpeechMOS,common_alpha_10,690,0.716061941744169,
BRSpeechMOS,common_alpha_10,691,0.7281557898866214,
BRSpeechMOS,common_alpha_10,692,0.7212547957403889,
BRSpeechMOS,common_alpha_10,693,0.7281400978209819,
BRSpeechMOS,common_alpha_10,694,0.699508028815191,
BRSpeechMOS,common_alpha_10,695,0.7043381023429665,
BRSpeechMOS,common_alpha_10,696,0.7277547975054298,
BRSpeechMOS,common_alpha_10,697,0.7614075833909397,
BRSpeechMOS,common_alpha_10,698,0.7160619417441689,
BRSpeechMOS,common_alpha_10,699,0.7281557898863259,
BRSpeechMOS,common_alpha_10,700,0.7212547804059747,
BRSpeechMOS,common_alpha_10,701,0.7281399958555201,
BRSpeechMOS,common_alpha_10,702,0.6995080396250267,
BRSpeechMOS,common_alpha_10,703,0.7043380978335125,
BRSpeechMOS,common_alpha_10,704,0.737296401972494,
BRSpeechMOS,common_alpha_10,705,0.7632974662862368,
BRSpeechMOS,common_alpha_10,706,0.7160619417441689,
BRSpeechMOS,common_alpha_10,707,0.7281558314839767,
BRSpeechMOS,common_alpha_10,708,0.7218460495448094,
BRSpeechMOS,common_alpha_10,709,0.7281399956116228,
BRSpeechMOS,common_alpha_10,710,0.6995080321308301,
BRSpeechMOS,common_alpha_10,711,0.7043381324560949,
BRSpeechMOS,common_alpha_10,712,0.737296401972494,
BRSpeechMOS,common_alpha_10,713,0.7632974662862361,
BRSpeechMOS,common_alpha_10,714,0.716061941744169,
BRSpeechMOS,common_alpha_10,715,0.7281557946860894,
BRSpeechMOS,common_alpha_10,716,0.7218460495448094,
BRSpeechMOS,common_alpha_10,717,0.7281399969349266,
BRSpeechMOS,common_alpha_10,718,0.6995080317279574,
BRSpeechMOS,common_alpha_10,719,0.7043380996008826,
BRSpeechMOS,common_alpha_10,720,0.7372964019724917,
BRSpeechMOS,common_alpha_10,721,0.7632974662862355,
BRSpeechMOS,common_alpha_10,722,0.716061941744169,
BRSpeechMOS,common_alpha_10,723,0.7281557909167772,
BRSpeechMOS,common_alpha_10,724,0.7218460536592928,
BRSpeechMOS,common_alpha_10,725,0.7281400156079871,
BRSpeechMOS,common_alpha_10,726,0.699508042544195,
BRSpeechMOS,common_alpha_10,727,0.7043381050605022,
BRSpeechMOS,common_alpha_10,728,0.7372964019724877,
BRSpeechMOS,common_alpha_10,729,0.7632974662862363,
BRSpeechMOS,common_alpha_10,730,0.7160619417441688,
BRSpeechMOS,common_alpha_10,731,0.7281558086206439,
BRSpeechMOS,common_alpha_10,732,0.7218460564787058,
BRSpeechMOS,common_alpha_10,733,0.7281399447498133,
BRSpeechMOS,common_alpha_10,734,0.6995080317958141,
BRSpeechMOS,common_alpha_10,735,0.7043381240665273,
BRSpeechMOS,common_alpha_10,736,0.7277547975054298,
BRSpeechMOS,common_alpha_10,737,0.7614075841297289,
BRSpeechMOS,common_alpha_10,738,0.716061941744169,
BRSpeechMOS,common_alpha_10,739,0.7281557249498909,
BRSpeechMOS,common_alpha_10,740,0.7212547846045463,
BRSpeechMOS,common_alpha_10,741,0.7281399966637009,
BRSpeechMOS,common_alpha_10,742,0.6995080300608896,
BRSpeechMOS,common_alpha_10,743,0.7043381037678275,
BRSpeechMOS,common_alpha_10,744,0.7277547975054298,
BRSpeechMOS,common_alpha_10,745,0.7614075833902728,
BRSpeechMOS,common_alpha_10,746,0.7160619417441689,
BRSpeechMOS,common_alpha_10,747,0.7281557895670815,
BRSpeechMOS,common_alpha_10,748,0.7212547780062035,
BRSpeechMOS,common_alpha_10,749,0.7281399956877336,
BRSpeechMOS,common_alpha_10,750,0.6995080484129766,
BRSpeechMOS,common_alpha_10,751,0.7043380913523989,
BRSpeechMOS,common_alpha_10,752,0.7277547975054298,
BRSpeechMOS,common_alpha_10,753,0.7614075833982658,
BRSpeechMOS,common_alpha_10,754,0.7160619417441688,
BRSpeechMOS,common_alpha_10,755,0.7281557898851908,
BRSpeechMOS,common_alpha_10,756,0.7212547387823587,
BRSpeechMOS,common_alpha_10,757,0.7281400701837023,
BRSpeechMOS,common_alpha_10,758,0.6995080425957348,
BRSpeechMOS,common_alpha_10,759,0.7043380132419774,
BRSpeechMOS,common_alpha_10,760,0.7277547975054298,
BRSpeechMOS,common_alpha_10,761,0.7614075833969857,
BRSpeechMOS,common_alpha_10,762,0.716061941744169,
BRSpeechMOS,common_alpha_10,763,0.7281557898852353,
BRSpeechMOS,common_alpha_10,764,0.7212547820301796,
BRSpeechMOS,common_alpha_10,765,0.7281400046717599,
BRSpeechMOS,common_alpha_10,766,0.6995080339039832,
BRSpeechMOS,common_alpha_10,767,0.7043381376993908,
BRSpeechMOS,common_alpha_10,768,0.7372371214825452,
BRSpeechMOS,common_alpha_10,769,0.7632974662862365,
BRSpeechMOS,common_alpha_10,770,0.716061941744169,
BRSpeechMOS,common_alpha_10,771,0.7281557935169652,
BRSpeechMOS,common_alpha_10,772,0.7218460495448094,
BRSpeechMOS,common_alpha_10,773,0.7281399967990372,
BRSpeechMOS,common_alpha_10,774,0.6995080228762036,
BRSpeechMOS,common_alpha_10,775,0.7043381040741036,
BRSpeechMOS,common_alpha_10,776,0.7372371214825454,
BRSpeechMOS,common_alpha_10,777,0.7632974662862366,
BRSpeechMOS,common_alpha_10,778,0.716061941744169,
BRSpeechMOS,common_alpha_10,779,0.7281557813135022,
BRSpeechMOS,common_alpha_10,780,0.7218460499875383,
BRSpeechMOS,common_alpha_10,781,0.728139996034298,
BRSpeechMOS,common_alpha_10,782,0.6995080070935107,
BRSpeechMOS,common_alpha_10,783,0.7043381172833363,
BRSpeechMOS,common_alpha_10,784,0.7372371214825454,
BRSpeechMOS,common_alpha_10,785,0.7632974662862246,
BRSpeechMOS,common_alpha_10,786,0.716061941744169,
BRSpeechMOS,common_alpha_10,787,0.7281557280523616,
BRSpeechMOS,common_alpha_10,788,0.7218460495448095,
BRSpeechMOS,common_alpha_10,789,0.7281399942866084,
BRSpeechMOS,common_alpha_10,790,0.6995080325446488,
BRSpeechMOS,common_alpha_10,791,0.7043380985359905,
BRSpeechMOS,common_alpha_10,792,0.7372371214825455,
BRSpeechMOS,common_alpha_10,793,0.7632974662862365,
BRSpeechMOS,common_alpha_10,794,0.7160619417441688,
BRSpeechMOS,common_alpha_10,795,0.7281557906208463,
BRSpeechMOS,common_alpha_10,796,0.7218460495448092,
BRSpeechMOS,common_alpha_10,797,0.7281399957114796,
BRSpeechMOS,common_alpha_10,798,0.6995080045999174,
BRSpeechMOS,common_alpha_10,799,0.7043380492167551,
BRSpeechMOS,common_alpha_10,800,0.72775479750543,
BRSpeechMOS,common_alpha_10,801,0.761407567090869,
BRSpeechMOS,common_alpha_10,802,0.716061922894235,
BRSpeechMOS,common_alpha_10,803,0.7281557904100331,
BRSpeechMOS,common_alpha_10,804,0.7212547962149303,
BRSpeechMOS,common_alpha_10,805,0.7281399941576144,
BRSpeechMOS,common_alpha_10,806,0.6995080317498305,
BRSpeechMOS,common_alpha_10,807,0.7043380219265151,
BRSpeechMOS,common_alpha_10,808,0.72775479750543,
BRSpeechMOS,common_alpha_10,809,0.761407583390273,
BRSpeechMOS,common_alpha_10,810,0.7160619424261377,
BRSpeechMOS,common_alpha_10,811,0.7281557898830876,
BRSpeechMOS,common_alpha_10,812,0.721254758588803,
BRSpeechMOS,common_alpha_10,813,0.7281399893881426,
BRSpeechMOS,common_alpha_10,814,0.699508007950215,
BRSpeechMOS,common_alpha_10,815,0.7043381039931005,
BRSpeechMOS,common_alpha_10,816,0.7277547975054296,
BRSpeechMOS,common_alpha_10,817,0.7614075833884348,
BRSpeechMOS,common_alpha_10,818,0.716061941744169,
BRSpeechMOS,common_alpha_10,819,0.7281557899397364,
BRSpeechMOS,common_alpha_10,820,0.7212547777607496,
BRSpeechMOS,common_alpha_10,821,0.7281399975531583,
BRSpeechMOS,common_alpha_10,822,0.6995080272845157,
BRSpeechMOS,common_alpha_10,823,0.7043380092330305,
BRSpeechMOS,common_alpha_10,824,0.7277547975054298,
BRSpeechMOS,common_alpha_10,825,0.7614075833926277,
BRSpeechMOS,common_alpha_10,826,0.716061941744169,
BRSpeechMOS,common_alpha_10,827,0.7281557898848423,
BRSpeechMOS,common_alpha_10,828,0.721254781751148,
BRSpeechMOS,common_alpha_10,829,0.7281399958582295,
BRSpeechMOS,common_alpha_10,830,0.6995080323633286,
BRSpeechMOS,common_alpha_10,831,0.7043380964611566,
BRSpeechMOS,common_alpha_10,832,0.7372371214825453,
BRSpeechMOS,common_alpha_10,833,0.7632974662862365,
BRSpeechMOS,common_alpha_10,834,0.716061941744169,
BRSpeechMOS,common_alpha_10,835,0.7281557895351556,
BRSpeechMOS,common_alpha_10,836,0.7218460293267421,
BRSpeechMOS,common_alpha_10,837,0.7281399958716003,
BRSpeechMOS,common_alpha_10,838,0.6995080317597355,
BRSpeechMOS,common_alpha_10,839,0.7043381043405329,
BRSpeechMOS,common_alpha_10,840,0.7372371214825454,
BRSpeechMOS,common_alpha_10,841,0.7632974662862365,
BRSpeechMOS,common_alpha_10,842,0.716061941744169,
BRSpeechMOS,common_alpha_10,843,0.7281557986515821,
BRSpeechMOS,common_alpha_10,844,0.7218460495448094,
BRSpeechMOS,common_alpha_10,845,0.7281399962207395,
BRSpeechMOS,common_alpha_10,846,0.6995080316089667,
BRSpeechMOS,common_alpha_10,847,0.7043381028839315,
BRSpeechMOS,common_alpha_10,848,0.7372371214825454,
BRSpeechMOS,common_alpha_10,849,0.7632974662862368,
BRSpeechMOS,common_alpha_10,850,0.7160619414603256,
BRSpeechMOS,common_alpha_10,851,0.728155884705027,
BRSpeechMOS,common_alpha_10,852,0.7218460495448092,
BRSpeechMOS,common_alpha_10,853,0.7281400249085918,
BRSpeechMOS,common_alpha_10,854,0.6995080566040003,
BRSpeechMOS,common_alpha_10,855,0.7043380482540484,
BRSpeechMOS,common_alpha_10,856,0.7372371214825455,
BRSpeechMOS,common_alpha_10,857,0.7632974662862363,
BRSpeechMOS,common_alpha_10,858,0.7160619417441688,
BRSpeechMOS,common_alpha_10,859,0.7281557898953904,
BRSpeechMOS,common_alpha_10,860,0.7218460495448092,
BRSpeechMOS,common_alpha_10,861,0.7281399959308692,
BRSpeechMOS,common_alpha_10,862,0.6995080231660625,
BRSpeechMOS,common_alpha_10,863,0.7043380987973715,
BRSpeechMOS,common_alpha_10,864,0.7277547975054298,
BRSpeechMOS,common_alpha_10,865,0.7614075833902728,
BRSpeechMOS,common_alpha_10,866,0.7160619417441688,
BRSpeechMOS,common_alpha_10,867,0.728155846561594,
BRSpeechMOS,common_alpha_10,868,0.721254827597899,
BRSpeechMOS,common_alpha_10,869,0.7281399268102746,
BRSpeechMOS,common_alpha_10,870,0.6995080408279469,
BRSpeechMOS,common_alpha_10,871,0.7043381042266266,
BRSpeechMOS,common_alpha_10,872,0.7277547975054299,
BRSpeechMOS,common_alpha_10,873,0.7614075835387322,
BRSpeechMOS,common_alpha_10,874,0.716061941744169,
BRSpeechMOS,common_alpha_10,875,0.7281557912201484,
BRSpeechMOS,common_alpha_10,876,0.7212547810860811,
BRSpeechMOS,common_alpha_10,877,0.7281399959491506,
BRSpeechMOS,common_alpha_10,878,0.6995080278699368,
BRSpeechMOS,common_alpha_10,879,0.7043381373987043,
BRSpeechMOS,common_alpha_10,880,0.7277547975054296,
BRSpeechMOS,common_alpha_10,881,0.7614075834160335,
BRSpeechMOS,common_alpha_10,882,0.7160619963655824,
BRSpeechMOS,common_alpha_10,883,0.7281557902011431,
BRSpeechMOS,common_alpha_10,884,0.7212547465900834,
BRSpeechMOS,common_alpha_10,885,0.7281400498609962,
BRSpeechMOS,common_alpha_10,886,0.6995080282614979,
BRSpeechMOS,common_alpha_10,887,0.7043380629412332,
BRSpeechMOS,common_alpha_10,888,0.7277547975054298,
BRSpeechMOS,common_alpha_10,889,0.7614075834393267,
BRSpeechMOS,common_alpha_10,890,0.7160619417441688,
BRSpeechMOS,common_alpha_10,891,0.7281557898852117,
BRSpeechMOS,common_alpha_10,892,0.7212547810150471,
BRSpeechMOS,common_alpha_10,893,0.7281399959547292,
BRSpeechMOS,common_alpha_10,894,0.6995080080246888,
BRSpeechMOS,common_alpha_10,895,0.7043381745939425,
BRSpeechMOS,common_alpha_10,896,0.7372371214825454,
BRSpeechMOS,common_alpha_10,897,0.7632974662862368,
BRSpeechMOS,common_alpha_10,898,0.716061941744169,
BRSpeechMOS,common_alpha_10,899,0.7281558593200133,
BRSpeechMOS,common_alpha_10,900,0.7218460495448094,
BRSpeechMOS,common_alpha_10,901,0.7281400313778476,
BRSpeechMOS,common_alpha_10,902,0.6995080316899708,
BRSpeechMOS,common_alpha_10,903,0.7043381035913466,
BRSpeechMOS,common_alpha_10,904,0.7372371214825455,
BRSpeechMOS,common_alpha_10,905,0.7632974360367123,
BRSpeechMOS,common_alpha_10,906,0.716061941744169,
BRSpeechMOS,common_alpha_10,907,0.728155795285928,
BRSpeechMOS,common_alpha_10,908,0.7218460495448094,
BRSpeechMOS,common_alpha_10,909,0.728139983895252,
BRSpeechMOS,common_alpha_10,910,0.6995080317448595,
BRSpeechMOS,common_alpha_10,911,0.7043381032650815,
BRSpeechMOS,common_alpha_10,912,0.7372371214825454,
BRSpeechMOS,common_alpha_10,913,0.7632974662862172,
BRSpeechMOS,common_alpha_10,914,0.716061941744169,
BRSpeechMOS,common_alpha_10,915,0.728155790166791,
BRSpeechMOS,common_alpha_10,916,0.7218460495448094,
BRSpeechMOS,common_alpha_10,917,0.7281399976498982,
BRSpeechMOS,common_alpha_10,918,0.6995080287845413,
BRSpeechMOS,common_alpha_10,919,0.7043380708536485,
BRSpeechMOS,common_alpha_10,920,0.7372371214825454,
BRSpeechMOS,common_alpha_10,921,0.7632974662862364,
BRSpeechMOS,common_alpha_10,922,0.716061941744169,
BRSpeechMOS,common_alpha_10,923,0.7281557910826227,
BRSpeechMOS,common_alpha_10,924,0.7218460495448094,
BRSpeechMOS,common_alpha_10,925,0.7281399956700922,
BRSpeechMOS,common_alpha_10,926,0.6995080320891003,
BRSpeechMOS,common_alpha_10,927,0.7043381030816427,
BRSpeechMOS,common_alpha_10,928,0.7277547975054298,
BRSpeechMOS,common_alpha_10,929,0.7614075833902727,
BRSpeechMOS,common_alpha_10,930,0.716061941744169,
BRSpeechMOS,common_alpha_10,931,0.7281557897839981,
BRSpeechMOS,common_alpha_10,932,0.7212547743286438,
BRSpeechMOS,common_alpha_10,933,0.7281399958708027,
BRSpeechMOS,common_alpha_10,934,0.6995080345840782,
BRSpeechMOS,common_alpha_10,935,0.7043381186874856,
BRSpeechMOS,common_alpha_10,936,0.7277547975054298,
BRSpeechMOS,common_alpha_10,937,0.7614075833902728,
BRSpeechMOS,common_alpha_10,938,0.7160619417441688,
BRSpeechMOS,common_alpha_10,939,0.728155788802344,
BRSpeechMOS,common_alpha_10,940,0.7212547626348433,
BRSpeechMOS,common_alpha_10,941,0.7281400098223987,
BRSpeechMOS,common_alpha_10,942,0.6995080320077536,
BRSpeechMOS,common_alpha_10,943,0.7043381756639278,
BRSpeechMOS,common_alpha_10,944,0.7277547975054297,
BRSpeechMOS,common_alpha_10,945,0.7614075834067027,
BRSpeechMOS,common_alpha_10,946,0.7160619417441688,
BRSpeechMOS,common_alpha_10,947,0.7281557898851189,
BRSpeechMOS,common_alpha_10,948,0.7212547910497981,
BRSpeechMOS,common_alpha_10,949,0.7281400124746765,
BRSpeechMOS,common_alpha_10,950,0.6995080315184143,
BRSpeechMOS,common_alpha_10,951,0.7043381013834011,
BRSpeechMOS,common_alpha_10,952,0.7277547975054298,
BRSpeechMOS,common_alpha_10,953,0.7614075833992087,
BRSpeechMOS,common_alpha_10,954,0.716061941744169,
BRSpeechMOS,common_alpha_10,955,0.7281557898848624,
BRSpeechMOS,common_alpha_10,956,0.7212547836517865,
BRSpeechMOS,common_alpha_10,957,0.7281399969869732,
BRSpeechMOS,common_alpha_10,958,0.6995080340836372,
BRSpeechMOS,common_alpha_10,959,0.7043381139370075,
BRSpeechMOS,common_alpha_10,960,0.7372371282703579,
BRSpeechMOS,common_alpha_10,961,0.7632974662862366,
BRSpeechMOS,common_alpha_10,962,0.7160619417441689,
BRSpeechMOS,common_alpha_10,963,0.7281557836863264,
BRSpeechMOS,common_alpha_10,964,0.7218460491604347,
BRSpeechMOS,common_alpha_10,965,0.7281400110645906,
BRSpeechMOS,common_alpha_10,966,0.6995080319326877,
BRSpeechMOS,common_alpha_10,967,0.7043381034646319,
BRSpeechMOS,common_alpha_10,968,0.7372371403693588,
BRSpeechMOS,common_alpha_10,969,0.7632974618785934,
BRSpeechMOS,common_alpha_10,970,0.716061941744169,
BRSpeechMOS,common_alpha_10,971,0.7281557896620932,
BRSpeechMOS,common_alpha_10,972,0.7218460495448094,
BRSpeechMOS,common_alpha_10,973,0.7281399576145346,
BRSpeechMOS,common_alpha_10,974,0.6995080306827628,
BRSpeechMOS,common_alpha_10,975,0.7043381025987249,
BRSpeechMOS,common_alpha_10,976,0.7372371262293785,
BRSpeechMOS,common_alpha_10,977,0.7632974662862365,
BRSpeechMOS,common_alpha_10,978,0.716061941744169,
BRSpeechMOS,common_alpha_10,979,0.7281557898903379,
BRSpeechMOS,common_alpha_10,980,0.7218460495448094,
BRSpeechMOS,common_alpha_10,981,0.7281399844946789,
BRSpeechMOS,common_alpha_10,982,0.6995080321493279,
BRSpeechMOS,common_alpha_10,983,0.7043381038659696,
BRSpeechMOS,common_alpha_10,984,0.7372372160858843,
BRSpeechMOS,common_alpha_10,985,0.7632974662862364,
BRSpeechMOS,common_alpha_10,986,0.7160619417441689,
BRSpeechMOS,common_alpha_10,987,0.7281557901369473,
BRSpeechMOS,common_alpha_10,988,0.7218460495448094,
BRSpeechMOS,common_alpha_10,989,0.7281399958504949,
BRSpeechMOS,common_alpha_10,990,0.6995080315153412,
BRSpeechMOS,common_alpha_10,991,0.704338009600401,
BRSpeechMOS,common_alpha_10,992,0.7277547975054298,
BRSpeechMOS,common_alpha_10,993,0.7614075799751657,
BRSpeechMOS,common_alpha_10,994,0.7160619422480532,
BRSpeechMOS,common_alpha_10,995,0.7281557898211043,
BRSpeechMOS,common_alpha_10,996,0.7212547591125797,
BRSpeechMOS,common_alpha_10,997,0.7281399961537095,
BRSpeechMOS,common_alpha_10,998,0.6995080315036847,
BRSpeechMOS,common_alpha_10,999,0.7043382060672108,
BRSpeechMOS,common_alpha_10,1000,0.72775479750543,
BRSpeechMOS,common_alpha_10,1001,0.7614075863164913,
BRSpeechMOS,common_alpha_10,1002,0.7160619417441689,
BRSpeechMOS,common_alpha_10,1003,0.7281557912250614,
BRSpeechMOS,common_alpha_10,1004,0.7212547725604377,
BRSpeechMOS,common_alpha_10,1005,0.7281400327464951,
BRSpeechMOS,common_alpha_10,1006,0.6995080325544389,
BRSpeechMOS,common_alpha_10,1007,0.7043381039184913,
BRSpeechMOS,common_alpha_10,1008,0.72775479750543,
BRSpeechMOS,common_alpha_10,1009,0.7614075834886916,
BRSpeechMOS,common_alpha_10,1010,0.7160619417441689,
BRSpeechMOS,common_alpha_10,1011,0.7281557898857062,
BRSpeechMOS,common_alpha_10,1012,0.7212547732019591,
BRSpeechMOS,common_alpha_10,1013,0.7281399958298884,
BRSpeechMOS,common_alpha_10,1014,0.6995080448828626,
BRSpeechMOS,common_alpha_10,1015,0.7043381041977288,
BRSpeechMOS,common_alpha_10,1016,0.7277547975054298,
BRSpeechMOS,common_alpha_10,1017,0.7614075833927367,
BRSpeechMOS,common_alpha_10,1018,0.716061941744169,
BRSpeechMOS,common_alpha_10,1019,0.7281557898850277,
BRSpeechMOS,common_alpha_10,1020,0.7212547083122918,
BRSpeechMOS,common_alpha_10,1021,0.7281400005552042,
BRSpeechMOS,common_alpha_10,1022,0.6995080317050988,
BRSpeechMOS,common_alpha_10,1023,0.7043381049255221,
BRSpeechMOS,common_alpha_100,1,1.07737063030846,
BRSpeechMOS,common_alpha_100,2,0.8823404288786909,
BRSpeechMOS,common_alpha_100,3,0.8428900434043749,
BRSpeechMOS,common_alpha_100,4,0.7866749691838758,
BRSpeechMOS,common_alpha_100,5,0.7776163162814553,
BRSpeechMOS,common_alpha_100,6,0.7397047689797766,
BRSpeechMOS,common_alpha_100,7,0.7443541855793707,
BRSpeechMOS,common_alpha_100,8,0.808139741128718,
BRSpeechMOS,common_alpha_100,9,0.8803753096722683,
BRSpeechMOS,common_alpha_100,10,0.7600700384557177,
BRSpeechMOS,common_alpha_100,11,0.7718075071405479,
BRSpeechMOS,common_alpha_100,12,0.7508272858403924,
BRSpeechMOS,common_alpha_100,13,0.7525189665201212,
BRSpeechMOS,common_alpha_100,14,0.7184847620432228,
BRSpeechMOS,common_alpha_100,15,0.7244376015164118,
BRSpeechMOS,common_alpha_100,16,0.9823862121827788,
BRSpeechMOS,common_alpha_100,17,1.0631739922483452,
BRSpeechMOS,common_alpha_100,18,0.8629721980006343,
BRSpeechMOS,common_alpha_100,19,0.8383836042898042,
BRSpeechMOS,common_alpha_100,20,0.7824215258866487,
BRSpeechMOS,common_alpha_100,21,0.7776062299109696,
BRSpeechMOS,common_alpha_100,22,0.7380944973218863,
BRSpeechMOS,common_alpha_100,23,0.7440592678425209,
BRSpeechMOS,common_alpha_100,24,0.808139741128718,
BRSpeechMOS,common_alpha_100,25,0.8803753096722687,
BRSpeechMOS,common_alpha_100,26,0.7600700384557176,
BRSpeechMOS,common_alpha_100,27,0.7718075110197914,
BRSpeechMOS,common_alpha_100,28,0.7508272858403924,
BRSpeechMOS,common_alpha_100,29,0.7525189078078992,
BRSpeechMOS,common_alpha_100,30,0.7184847533862173,
BRSpeechMOS,common_alpha_100,31,0.7244376189519274,
BRSpeechMOS,common_alpha_100,32,0.836221728351319,
BRSpeechMOS,common_alpha_100,33,0.8524146233858731,
BRSpeechMOS,common_alpha_100,34,0.7796611348696016,
BRSpeechMOS,common_alpha_100,35,0.7782912487540268,
BRSpeechMOS,common_alpha_100,36,0.7433751725668333,
BRSpeechMOS,common_alpha_100,37,0.7443886600921,
BRSpeechMOS,common_alpha_100,38,0.720873681363116,
BRSpeechMOS,common_alpha_100,39,0.7243471827389362,
BRSpeechMOS,common_alpha_100,40,0.7716542411757721,
BRSpeechMOS,common_alpha_100,41,0.8347847396151278,
BRSpeechMOS,common_alpha_100,42,0.7544343108664964,
BRSpeechMOS,common_alpha_100,43,0.7630383862523935,
BRSpeechMOS,common_alpha_100,44,0.7393297294696742,
BRSpeechMOS,common_alpha_100,45,0.7416934052054961,
BRSpeechMOS,common_alpha_100,46,0.7159077373865141,
BRSpeechMOS,common_alpha_100,47,0.7202907541421515,
BRSpeechMOS,common_alpha_100,48,0.8362217283513179,
BRSpeechMOS,common_alpha_100,49,0.8524146233858729,
BRSpeechMOS,common_alpha_100,50,0.7796611348696016,
BRSpeechMOS,common_alpha_100,51,0.7782912401683899,
BRSpeechMOS,common_alpha_100,52,0.7433751725668333,
BRSpeechMOS,common_alpha_100,53,0.7443885871478912,
BRSpeechMOS,common_alpha_100,54,0.7208736818282886,
BRSpeechMOS,common_alpha_100,55,0.7243471962064713,
BRSpeechMOS,common_alpha_100,56,0.7716542411757719,
BRSpeechMOS,common_alpha_100,57,0.8347848977565556,
BRSpeechMOS,common_alpha_100,58,0.7544343138311859,
BRSpeechMOS,common_alpha_100,59,0.7630384090687843,
BRSpeechMOS,common_alpha_100,60,0.7393298699590416,
BRSpeechMOS,common_alpha_100,61,0.7416934044433483,
BRSpeechMOS,common_alpha_100,62,0.7159077332386803,
BRSpeechMOS,common_alpha_100,63,0.7202907631028126,
BRSpeechMOS,common_alpha_100,64,1.3826360731275844,
BRSpeechMOS,common_alpha_100,65,0.9127584918989248,
BRSpeechMOS,common_alpha_100,66,0.8347466345329677,
BRSpeechMOS,common_alpha_100,67,0.802325338760164,
BRSpeechMOS,common_alpha_100,68,0.7603688776371168,
BRSpeechMOS,common_alpha_100,69,0.7529035644615711,
BRSpeechMOS,common_alpha_100,70,0.7290484786107928,
BRSpeechMOS,common_alpha_100,71,0.730549987753438,
BRSpeechMOS,common_alpha_100,72,0.8509938376297153,
BRSpeechMOS,common_alpha_100,73,0.8552599499368622,
BRSpeechMOS,common_alpha_100,74,0.7590713088592859,
BRSpeechMOS,common_alpha_100,75,0.7718074906419637,
BRSpeechMOS,common_alpha_100,76,0.7410306779923992,
BRSpeechMOS,common_alpha_100,77,0.7498372681103078,
BRSpeechMOS,common_alpha_100,78,0.7184847425387292,
BRSpeechMOS,common_alpha_100,79,0.7244376175596459,
BRSpeechMOS,common_alpha_100,80,1.3826360731275844,
BRSpeechMOS,common_alpha_100,81,0.9127584918989248,
BRSpeechMOS,common_alpha_100,82,0.8347466345329675,
BRSpeechMOS,common_alpha_100,83,0.8023253869414406,
BRSpeechMOS,common_alpha_100,84,0.7603688776371166,
BRSpeechMOS,common_alpha_100,85,0.7529035508474647,
BRSpeechMOS,common_alpha_100,86,0.7290484789921703,
BRSpeechMOS,common_alpha_100,87,0.7305499843490743,
BRSpeechMOS,common_alpha_100,88,0.8509938376297188,
BRSpeechMOS,common_alpha_100,89,0.8552599206059909,
BRSpeechMOS,common_alpha_100,90,0.7590712592782322,
BRSpeechMOS,common_alpha_100,91,0.7718074877828516,
BRSpeechMOS,common_alpha_100,92,0.7410307051689746,
BRSpeechMOS,common_alpha_100,93,0.7498372928441105,
BRSpeechMOS,common_alpha_100,94,0.7184847430778066,
BRSpeechMOS,common_alpha_100,95,0.7244376176411682,
BRSpeechMOS,common_alpha_100,96,0.8277602883252876,
BRSpeechMOS,common_alpha_100,97,0.8489966841900478,
BRSpeechMOS,common_alpha_100,98,0.7796611348696016,
BRSpeechMOS,common_alpha_100,99,0.7782912487382222,
BRSpeechMOS,common_alpha_100,100,0.7407457244814523,
BRSpeechMOS,common_alpha_100,101,0.7443886580848965,
BRSpeechMOS,common_alpha_100,102,0.7208736800743534,
BRSpeechMOS,common_alpha_100,103,0.7243471954736774,
BRSpeechMOS,common_alpha_100,104,0.7649904930734022,
BRSpeechMOS,common_alpha_100,105,0.834784854035193,
BRSpeechMOS,common_alpha_100,106,0.7544342537005351,
BRSpeechMOS,common_alpha_100,107,0.7630384194348167,
BRSpeechMOS,common_alpha_100,108,0.7393297839687886,
BRSpeechMOS,common_alpha_100,109,0.7416934201785367,
BRSpeechMOS,common_alpha_100,110,0.7159077336512437,
BRSpeechMOS,common_alpha_100,111,0.7202907547568353,
BRSpeechMOS,common_alpha_100,112,0.8277602883252883,
BRSpeechMOS,common_alpha_100,113,0.8489968333714253,
BRSpeechMOS,common_alpha_100,114,0.7796611355675718,
BRSpeechMOS,common_alpha_100,115,0.7782912406938193,
BRSpeechMOS,common_alpha_100,116,0.7407457268342512,
BRSpeechMOS,common_alpha_100,117,0.7443886568722328,
BRSpeechMOS,common_alpha_100,118,0.7208736806178034,
BRSpeechMOS,common_alpha_100,119,0.7243471907713436,
BRSpeechMOS,common_alpha_100,120,0.7649904460588007,
BRSpeechMOS,common_alpha_100,121,0.8347848834304085,
BRSpeechMOS,common_alpha_100,122,0.7544343145281422,
BRSpeechMOS,common_alpha_100,123,0.7630384144894113,
BRSpeechMOS,common_alpha_100,124,0.7393297820386675,
BRSpeechMOS,common_alpha_100,125,0.741693414699756,
BRSpeechMOS,common_alpha_100,126,0.7159077352896723,
BRSpeechMOS,common_alpha_100,127,0.7202907629460062,
BRSpeechMOS,common_alpha_100,128,1.375704887030574,
BRSpeechMOS,common_alpha_100,129,1.0608485759823725,
BRSpeechMOS,common_alpha_100,130,0.8787672215313101,
BRSpeechMOS,common_alpha_100,131,0.8428900434043749,
BRSpeechMOS,common_alpha_100,132,0.7866749691838754,
BRSpeechMOS,common_alpha_100,133,0.7776163162814553,
BRSpeechMOS,common_alpha_100,134,0.7397047689797767,
BRSpeechMOS,common_alpha_100,135,0.7443541873804457,
BRSpeechMOS,common_alpha_100,136,0.808139741128718,
BRSpeechMOS,common_alpha_100,137,0.8803753096722683,
BRSpeechMOS,common_alpha_100,138,0.7600700384557176,
BRSpeechMOS,common_alpha_100,139,0.771807525984136,
BRSpeechMOS,common_alpha_100,140,0.7508272858403922,
BRSpeechMOS,common_alpha_100,141,0.7525189692338452,
BRSpeechMOS,common_alpha_100,142,0.7184847693042126,
BRSpeechMOS,common_alpha_100,143,0.7244376253203644,
BRSpeechMOS,common_alpha_100,144,1.2566470135712036,
BRSpeechMOS,common_alpha_100,145,1.059085828985558,
BRSpeechMOS,common_alpha_100,146,0.8629721980006343,
BRSpeechMOS,common_alpha_100,147,0.8383836158271415,
BRSpeechMOS,common_alpha_100,148,0.7824215258866487,
BRSpeechMOS,common_alpha_100,149,0.7776062880234733,
BRSpeechMOS,common_alpha_100,150,0.7380944972292265,
BRSpeechMOS,common_alpha_100,151,0.7440592693828579,
BRSpeechMOS,common_alpha_100,152,0.8081397411287162,
BRSpeechMOS,common_alpha_100,153,0.8803753096722683,
BRSpeechMOS,common_alpha_100,154,0.7600700384557176,
BRSpeechMOS,common_alpha_100,155,0.7718075126973979,
BRSpeechMOS,common_alpha_100,156,0.7508272858403923,
BRSpeechMOS,common_alpha_100,157,0.7525189653845943,
BRSpeechMOS,common_alpha_100,158,0.7184847458526418,
BRSpeechMOS,common_alpha_100,159,0.7244376196433366,
BRSpeechMOS,common_alpha_100,160,0.836221728351319,
BRSpeechMOS,common_alpha_100,161,0.8524146233858731,
BRSpeechMOS,common_alpha_100,162,0.7796611348696016,
BRSpeechMOS,common_alpha_100,163,0.7782912529624232,
BRSpeechMOS,common_alpha_100,164,0.7433751725668332,
BRSpeechMOS,common_alpha_100,165,0.7443886580814298,
BRSpeechMOS,common_alpha_100,166,0.7208736802004251,
BRSpeechMOS,common_alpha_100,167,0.7243471901576407,
BRSpeechMOS,common_alpha_100,168,0.7716542411757724,
BRSpeechMOS,common_alpha_100,169,0.8347850899285292,
BRSpeechMOS,common_alpha_100,170,0.7544343467821765,
BRSpeechMOS,common_alpha_100,171,0.7630383616690377,
BRSpeechMOS,common_alpha_100,172,0.7393297942777328,
BRSpeechMOS,common_alpha_100,173,0.7416934011312937,
BRSpeechMOS,common_alpha_100,174,0.7159077201543683,
BRSpeechMOS,common_alpha_100,175,0.7202907529647382,
BRSpeechMOS,common_alpha_100,176,0.8362217283513184,
BRSpeechMOS,common_alpha_100,177,0.852414623385873,
BRSpeechMOS,common_alpha_100,178,0.7796611348696016,
BRSpeechMOS,common_alpha_100,179,0.7782912450699851,
BRSpeechMOS,common_alpha_100,180,0.7433751725668332,
BRSpeechMOS,common_alpha_100,181,0.744388655166725,
BRSpeechMOS,common_alpha_100,182,0.7208736825655429,
BRSpeechMOS,common_alpha_100,183,0.7243471992995489,
BRSpeechMOS,common_alpha_100,184,0.7716542411757722,
BRSpeechMOS,common_alpha_100,185,0.8347849029479417,
BRSpeechMOS,common_alpha_100,186,0.7544343115061896,
BRSpeechMOS,common_alpha_100,187,0.7630384037048076,
BRSpeechMOS,common_alpha_100,188,0.7393297923361187,
BRSpeechMOS,common_alpha_100,189,0.7416934025303162,
BRSpeechMOS,common_alpha_100,190,0.7159077336990297,
BRSpeechMOS,common_alpha_100,191,0.7202907539355845,
BRSpeechMOS,common_alpha_100,192,1.3826360731275844,
BRSpeechMOS,common_alpha_100,193,0.9127584918989248,
BRSpeechMOS,common_alpha_100,194,0.8347466345329675,
BRSpeechMOS,common_alpha_100,195,0.8023253594716542,
BRSpeechMOS,common_alpha_100,196,0.7603688776371168,
BRSpeechMOS,common_alpha_100,197,0.7529035385586158,
BRSpeechMOS,common_alpha_100,198,0.7290484876612048,
BRSpeechMOS,common_alpha_100,199,0.7305499878289201,
BRSpeechMOS,common_alpha_100,200,0.8509938376297174,
BRSpeechMOS,common_alpha_100,201,0.8552598775048692,
BRSpeechMOS,common_alpha_100,202,0.7590713410545984,
BRSpeechMOS,common_alpha_100,203,0.7718075217418219,
BRSpeechMOS,common_alpha_100,204,0.7410307912478532,
BRSpeechMOS,common_alpha_100,205,0.7498372499664806,
BRSpeechMOS,common_alpha_100,206,0.7184847424836245,
BRSpeechMOS,common_alpha_100,207,0.7244376035835657,
BRSpeechMOS,common_alpha_100,208,1.3826360731275815,
BRSpeechMOS,common_alpha_100,209,0.9127584918989248,
BRSpeechMOS,common_alpha_100,210,0.8347466345329675,
BRSpeechMOS,common_alpha_100,211,0.8023253414798424,
BRSpeechMOS,common_alpha_100,212,0.7603688776371168,
BRSpeechMOS,common_alpha_100,213,0.7529035636233615,
BRSpeechMOS,common_alpha_100,214,0.729048481227905,
BRSpeechMOS,common_alpha_100,215,0.7305499716500283,
BRSpeechMOS,common_alpha_100,216,0.8509938376297184,
BRSpeechMOS,common_alpha_100,217,0.8552599217728641,
BRSpeechMOS,common_alpha_100,218,0.7590712472855845,
BRSpeechMOS,common_alpha_100,219,0.7718075024206901,
BRSpeechMOS,common_alpha_100,220,0.7410306962716506,
BRSpeechMOS,common_alpha_100,221,0.7498374284489474,
BRSpeechMOS,common_alpha_100,222,0.7184847442659243,
BRSpeechMOS,common_alpha_100,223,0.7244376188877253,
BRSpeechMOS,common_alpha_100,224,0.8277602883252877,
BRSpeechMOS,common_alpha_100,225,0.8489967195766006,
BRSpeechMOS,common_alpha_100,226,0.7796611348696016,
BRSpeechMOS,common_alpha_100,227,0.778291248740204,
BRSpeechMOS,common_alpha_100,228,0.7407458269632059,
BRSpeechMOS,common_alpha_100,229,0.7443886564959763,
BRSpeechMOS,common_alpha_100,230,0.7208736779189228,
BRSpeechMOS,common_alpha_100,231,0.7243471895607881,
BRSpeechMOS,common_alpha_100,232,0.7649905030993384,
BRSpeechMOS,common_alpha_100,233,0.8347848858452132,
BRSpeechMOS,common_alpha_100,234,0.7544343125834838,
BRSpeechMOS,common_alpha_100,235,0.7630383870720987,
BRSpeechMOS,common_alpha_100,236,0.739329791460033,
BRSpeechMOS,common_alpha_100,237,0.7416934020008674,
BRSpeechMOS,common_alpha_100,238,0.7159077301052927,
BRSpeechMOS,common_alpha_100,239,0.7202907519119761,
BRSpeechMOS,common_alpha_100,240,0.827760288325288,
BRSpeechMOS,common_alpha_100,241,0.8489966978331931,
BRSpeechMOS,common_alpha_100,242,0.779661135033056,
BRSpeechMOS,common_alpha_100,243,0.778291219478256,
BRSpeechMOS,common_alpha_100,244,0.7407457130312849,
BRSpeechMOS,common_alpha_100,245,0.7443886416381008,
BRSpeechMOS,common_alpha_100,246,0.7208736821487283,
BRSpeechMOS,common_alpha_100,247,0.7243471934830988,
BRSpeechMOS,common_alpha_100,248,0.7649904645977417,
BRSpeechMOS,common_alpha_100,249,0.8347848871690203,
BRSpeechMOS,common_alpha_100,250,0.754434346951726,
BRSpeechMOS,common_alpha_100,251,0.7630384098681995,
BRSpeechMOS,common_alpha_100,252,0.7393297848955924,
BRSpeechMOS,common_alpha_100,253,0.7416934032212573,
BRSpeechMOS,common_alpha_100,254,0.7159077314766342,
BRSpeechMOS,common_alpha_100,255,0.7202907529044421,
BRSpeechMOS,common_alpha_100,256,0.7423003423742115,
BRSpeechMOS,common_alpha_100,257,0.8155731551454957,
BRSpeechMOS,common_alpha_100,258,0.7388980831012104,
BRSpeechMOS,common_alpha_100,259,0.7478446586826545,
BRSpeechMOS,common_alpha_100,260,0.7303454934684562,
BRSpeechMOS,common_alpha_100,261,0.7345026241908704,
BRSpeechMOS,common_alpha_100,262,0.7077044898681256,
BRSpeechMOS,common_alpha_100,263,0.7123460431568454,
BRSpeechMOS,common_alpha_100,264,0.7380719205155372,
BRSpeechMOS,common_alpha_100,265,0.8155731551454957,
BRSpeechMOS,common_alpha_100,266,0.7388980831012104,
BRSpeechMOS,common_alpha_100,267,0.7478446660938026,
BRSpeechMOS,common_alpha_100,268,0.7303454934684563,
BRSpeechMOS,common_alpha_100,269,0.734502543208068,
BRSpeechMOS,common_alpha_100,270,0.7077044924647286,
BRSpeechMOS,common_alpha_100,271,0.7123460329663307,
BRSpeechMOS,common_alpha_100,272,0.7423003423742115,
BRSpeechMOS,common_alpha_100,273,0.8155731551454957,
BRSpeechMOS,common_alpha_100,274,0.7388980831012104,
BRSpeechMOS,common_alpha_100,275,0.7478446644136785,
BRSpeechMOS,common_alpha_100,276,0.7303454934684565,
BRSpeechMOS,common_alpha_100,277,0.7345026214875786,
BRSpeechMOS,common_alpha_100,278,0.7077045032130097,
BRSpeechMOS,common_alpha_100,279,0.7123460272651524,
BRSpeechMOS,common_alpha_100,280,0.7380719205155362,
BRSpeechMOS,common_alpha_100,281,0.8155731551454956,
BRSpeechMOS,common_alpha_100,282,0.7388981728444556,
BRSpeechMOS,common_alpha_100,283,0.74784464249009,
BRSpeechMOS,common_alpha_100,284,0.7303454934684562,
BRSpeechMOS,common_alpha_100,285,0.7345026241701004,
BRSpeechMOS,common_alpha_100,286,0.7077044917752744,
BRSpeechMOS,common_alpha_100,287,0.7123460151126203,
BRSpeechMOS,common_alpha_100,288,0.7291075737089328,
BRSpeechMOS,common_alpha_100,289,0.8056221733924792,
BRSpeechMOS,common_alpha_100,290,0.7374951401919898,
BRSpeechMOS,common_alpha_100,291,0.7478446612754709,
BRSpeechMOS,common_alpha_100,292,0.7273361743426145,
BRSpeechMOS,common_alpha_100,293,0.7324897257828745,
BRSpeechMOS,common_alpha_100,294,0.7073395357840315,
BRSpeechMOS,common_alpha_100,295,0.7123322525681669,
BRSpeechMOS,common_alpha_100,296,0.729107573708933,
BRSpeechMOS,common_alpha_100,297,0.8056221929328135,
BRSpeechMOS,common_alpha_100,298,0.7374951303925236,
BRSpeechMOS,common_alpha_100,299,0.7478446752579353,
BRSpeechMOS,common_alpha_100,300,0.72733620318679,
BRSpeechMOS,common_alpha_100,301,0.7324897786239909,
BRSpeechMOS,common_alpha_100,302,0.7073395458431776,
BRSpeechMOS,common_alpha_100,303,0.7123322460045801,
BRSpeechMOS,common_alpha_100,304,0.7291075737089328,
BRSpeechMOS,common_alpha_100,305,0.8056221766575451,
BRSpeechMOS,common_alpha_100,306,0.7374951698468959,
BRSpeechMOS,common_alpha_100,307,0.7478446558105458,
BRSpeechMOS,common_alpha_100,308,0.7273362006174926,
BRSpeechMOS,common_alpha_100,309,0.7324897382149281,
BRSpeechMOS,common_alpha_100,310,0.707339536451453,
BRSpeechMOS,common_alpha_100,311,0.7123322716432142,
BRSpeechMOS,common_alpha_100,312,0.729107573708933,
BRSpeechMOS,common_alpha_100,313,0.8056221823842907,
BRSpeechMOS,common_alpha_100,314,0.7374951333571506,
BRSpeechMOS,common_alpha_100,315,0.7478446702072116,
BRSpeechMOS,common_alpha_100,316,0.7273362006143789,
BRSpeechMOS,common_alpha_100,317,0.7324897940473005,
BRSpeechMOS,common_alpha_100,318,0.7073395314487348,
BRSpeechMOS,common_alpha_100,319,0.7123322466001476,
BRSpeechMOS,common_alpha_100,320,0.7206752637870658,
BRSpeechMOS,common_alpha_100,321,0.8155731551454954,
BRSpeechMOS,common_alpha_100,322,0.7388980831012103,
BRSpeechMOS,common_alpha_100,323,0.7478446602184743,
BRSpeechMOS,common_alpha_100,324,0.7303455572605877,
BRSpeechMOS,common_alpha_100,325,0.734502609458363,
BRSpeechMOS,common_alpha_100,326,0.707704487887409,
BRSpeechMOS,common_alpha_100,327,0.7123460283421184,
BRSpeechMOS,common_alpha_100,328,0.7206752637870659,
BRSpeechMOS,common_alpha_100,329,0.8155731551454957,
BRSpeechMOS,common_alpha_100,330,0.7388980831012104,
BRSpeechMOS,common_alpha_100,331,0.7478446665208835,
BRSpeechMOS,common_alpha_100,332,0.7303454934684565,
BRSpeechMOS,common_alpha_100,333,0.7345026036865654,
BRSpeechMOS,common_alpha_100,334,0.7077044859317329,
BRSpeechMOS,common_alpha_100,335,0.7123459861952253,
BRSpeechMOS,common_alpha_100,336,0.720675263787066,
BRSpeechMOS,common_alpha_100,337,0.8155731551454954,
BRSpeechMOS,common_alpha_100,338,0.7388980831012104,
BRSpeechMOS,common_alpha_100,339,0.7478446376849447,
BRSpeechMOS,common_alpha_100,340,0.7303454329171701,
BRSpeechMOS,common_alpha_100,341,0.7345026234195232,
BRSpeechMOS,common_alpha_100,342,0.7077044787305248,
BRSpeechMOS,common_alpha_100,343,0.7123460274352494,
BRSpeechMOS,common_alpha_100,344,0.7206752637870657,
BRSpeechMOS,common_alpha_100,345,0.8155731551454952,
BRSpeechMOS,common_alpha_100,346,0.7388980831012106,
BRSpeechMOS,common_alpha_100,347,0.747844594492085,
BRSpeechMOS,common_alpha_100,348,0.7303454934684562,
BRSpeechMOS,common_alpha_100,349,0.7345026240625347,
BRSpeechMOS,common_alpha_100,350,0.7077044852509838,
BRSpeechMOS,common_alpha_100,351,0.7123460188314097,
BRSpeechMOS,common_alpha_100,352,0.716682859718557,
BRSpeechMOS,common_alpha_100,353,0.8056221864212274,
BRSpeechMOS,common_alpha_100,354,0.7374951364651747,
BRSpeechMOS,common_alpha_100,355,0.7478446666309383,
BRSpeechMOS,common_alpha_100,356,0.7273362025551964,
BRSpeechMOS,common_alpha_100,357,0.7324897612523585,
BRSpeechMOS,common_alpha_100,358,0.707339537293558,
BRSpeechMOS,common_alpha_100,359,0.712332245231522,
BRSpeechMOS,common_alpha_100,360,0.7166828575024277,
BRSpeechMOS,common_alpha_100,361,0.8056221949351405,
BRSpeechMOS,common_alpha_100,362,0.737495135498562,
BRSpeechMOS,common_alpha_100,363,0.7478446690215138,
BRSpeechMOS,common_alpha_100,364,0.7273362034668129,
BRSpeechMOS,common_alpha_100,365,0.7324897311324218,
BRSpeechMOS,common_alpha_100,366,0.7073395590690225,
BRSpeechMOS,common_alpha_100,367,0.7123322475041487,
BRSpeechMOS,common_alpha_100,368,0.716682857241425,
BRSpeechMOS,common_alpha_100,369,0.8056223089352035,
BRSpeechMOS,common_alpha_100,370,0.7374951342397226,
BRSpeechMOS,common_alpha_100,371,0.7478446843246379,
BRSpeechMOS,common_alpha_100,372,0.7273362002856418,
BRSpeechMOS,common_alpha_100,373,0.732489759330929,
BRSpeechMOS,common_alpha_100,374,0.7073395357886192,
BRSpeechMOS,common_alpha_100,375,0.7123322726282623,
BRSpeechMOS,common_alpha_100,376,0.7166828336282814,
BRSpeechMOS,common_alpha_100,377,0.8056221823880475,
BRSpeechMOS,common_alpha_100,378,0.7374951255033619,
BRSpeechMOS,common_alpha_100,379,0.7478447220187834,
BRSpeechMOS,common_alpha_100,380,0.7273361941768225,
BRSpeechMOS,common_alpha_100,381,0.7324898164356874,
BRSpeechMOS,common_alpha_100,382,0.7073395453210091,
BRSpeechMOS,common_alpha_100,383,0.7123322465539756,
BRSpeechMOS,common_alpha_100,384,0.7423003423742115,
BRSpeechMOS,common_alpha_100,385,0.8155731551454957,
BRSpeechMOS,common_alpha_100,386,0.7388980831012102,
BRSpeechMOS,common_alpha_100,387,0.7478446989441082,
BRSpeechMOS,common_alpha_100,388,0.7303454934684565,
BRSpeechMOS,common_alpha_100,389,0.7345026248313953,
BRSpeechMOS,common_alpha_100,390,0.7077044977186542,
BRSpeechMOS,common_alpha_100,391,0.7123460340573963,
BRSpeechMOS,common_alpha_100,392,0.7380719205155365,
BRSpeechMOS,common_alpha_100,393,0.8155731551454954,
BRSpeechMOS,common_alpha_100,394,0.7388980831012106,
BRSpeechMOS,common_alpha_100,395,0.7478446081330651,
BRSpeechMOS,common_alpha_100,396,0.7303454934684562,
BRSpeechMOS,common_alpha_100,397,0.7345026193422963,
BRSpeechMOS,common_alpha_100,398,0.7077044948892798,
BRSpeechMOS,common_alpha_100,399,0.712346077813212,
BRSpeechMOS,common_alpha_100,400,0.7423003423742092,
BRSpeechMOS,common_alpha_100,401,0.8155731551454954,
BRSpeechMOS,common_alpha_100,402,0.7388980831012104,
BRSpeechMOS,common_alpha_100,403,0.7478447345835664,
BRSpeechMOS,common_alpha_100,404,0.7303454934684565,
BRSpeechMOS,common_alpha_100,405,0.7345026164228592,
BRSpeechMOS,common_alpha_100,406,0.7077044892753536,
BRSpeechMOS,common_alpha_100,407,0.7123460309548615,
BRSpeechMOS,common_alpha_100,408,0.7380719205155365,
BRSpeechMOS,common_alpha_100,409,0.815573155145495,
BRSpeechMOS,common_alpha_100,410,0.7388980831012102,
BRSpeechMOS,common_alpha_100,411,0.7478446479115373,
BRSpeechMOS,common_alpha_100,412,0.7303455511099027,
BRSpeechMOS,common_alpha_100,413,0.7345026089514943,
BRSpeechMOS,common_alpha_100,414,0.7077044861290392,
BRSpeechMOS,common_alpha_100,415,0.7123460155675057,
BRSpeechMOS,common_alpha_100,416,0.7291075737089328,
BRSpeechMOS,common_alpha_100,417,0.8056222407877319,
BRSpeechMOS,common_alpha_100,418,0.7374951321496119,
BRSpeechMOS,common_alpha_100,419,0.7478446659722849,
BRSpeechMOS,common_alpha_100,420,0.7273362256327164,
BRSpeechMOS,common_alpha_100,421,0.732489726966796,
BRSpeechMOS,common_alpha_100,422,0.7073395351085331,
BRSpeechMOS,common_alpha_100,423,0.7123322239460764,
BRSpeechMOS,common_alpha_100,424,0.7291075737089329,
BRSpeechMOS,common_alpha_100,425,0.8056220181645178,
BRSpeechMOS,common_alpha_100,426,0.7374951342404666,
BRSpeechMOS,common_alpha_100,427,0.7478446773112335,
BRSpeechMOS,common_alpha_100,428,0.7273362147136901,
BRSpeechMOS,common_alpha_100,429,0.7324897252377949,
BRSpeechMOS,common_alpha_100,430,0.7073395298718547,
BRSpeechMOS,common_alpha_100,431,0.7123322728396108,
BRSpeechMOS,common_alpha_100,432,0.729107573708933,
BRSpeechMOS,common_alpha_100,433,0.805622172369035,
BRSpeechMOS,common_alpha_100,434,0.7374951313769238,
BRSpeechMOS,common_alpha_100,435,0.7478446665160171,
BRSpeechMOS,common_alpha_100,436,0.7273362105733296,
BRSpeechMOS,common_alpha_100,437,0.7324897293078747,
BRSpeechMOS,common_alpha_100,438,0.7073395359178682,
BRSpeechMOS,common_alpha_100,439,0.7123322479240374,
BRSpeechMOS,common_alpha_100,440,0.7291075737089329,
BRSpeechMOS,common_alpha_100,441,0.8056221824047239,
BRSpeechMOS,common_alpha_100,442,0.7374950621273944,
BRSpeechMOS,common_alpha_100,443,0.7478446805392865,
BRSpeechMOS,common_alpha_100,444,0.7273361877478203,
BRSpeechMOS,common_alpha_100,445,0.7324897666577886,
BRSpeechMOS,common_alpha_100,446,0.707339529702072,
BRSpeechMOS,common_alpha_100,447,0.7123322815858122,
BRSpeechMOS,common_alpha_100,448,0.7206752637870658,
BRSpeechMOS,common_alpha_100,449,0.8155731551454954,
BRSpeechMOS,common_alpha_100,450,0.7388980831012103,
BRSpeechMOS,common_alpha_100,451,0.7478446670687274,
BRSpeechMOS,common_alpha_100,452,0.7303454934684565,
BRSpeechMOS,common_alpha_100,453,0.7345026249179956,
BRSpeechMOS,common_alpha_100,454,0.707704492717834,
BRSpeechMOS,common_alpha_100,455,0.712346029441242,
BRSpeechMOS,common_alpha_100,456,0.7206752637870658,
BRSpeechMOS,common_alpha_100,457,0.8155731551454954,
BRSpeechMOS,common_alpha_100,458,0.7388980831012104,
BRSpeechMOS,common_alpha_100,459,0.7478446519030398,
BRSpeechMOS,common_alpha_100,460,0.7303454936450011,
BRSpeechMOS,common_alpha_100,461,0.7345025826786813,
BRSpeechMOS,common_alpha_100,462,0.7077044784875817,
BRSpeechMOS,common_alpha_100,463,0.7123460354402721,
BRSpeechMOS,common_alpha_100,464,0.7206752637870658,
BRSpeechMOS,common_alpha_100,465,0.815573155145495,
BRSpeechMOS,common_alpha_100,466,0.7388980831012102,
BRSpeechMOS,common_alpha_100,467,0.7478445962921046,
BRSpeechMOS,common_alpha_100,468,0.730345551914316,
BRSpeechMOS,common_alpha_100,469,0.7345026025353009,
BRSpeechMOS,common_alpha_100,470,0.707704488859115,
BRSpeechMOS,common_alpha_100,471,0.712346026536293,
BRSpeechMOS,common_alpha_100,472,0.7206752637870659,
BRSpeechMOS,common_alpha_100,473,0.8155733305676564,
BRSpeechMOS,common_alpha_100,474,0.7388980831012102,
BRSpeechMOS,common_alpha_100,475,0.7478446622429361,
BRSpeechMOS,common_alpha_100,476,0.730345480510415,
BRSpeechMOS,common_alpha_100,477,0.7345025968905401,
BRSpeechMOS,common_alpha_100,478,0.7077044856165168,
BRSpeechMOS,common_alpha_100,479,0.7123460000321056,
BRSpeechMOS,common_alpha_100,480,0.7166828370713126,
BRSpeechMOS,common_alpha_100,481,0.8056222008053402,
BRSpeechMOS,common_alpha_100,482,0.7374951332832541,
BRSpeechMOS,common_alpha_100,483,0.7478446663304935,
BRSpeechMOS,common_alpha_100,484,0.7273362013633091,
BRSpeechMOS,common_alpha_100,485,0.7324897317832383,
BRSpeechMOS,common_alpha_100,486,0.7073395078427116,
BRSpeechMOS,common_alpha_100,487,0.7123322372903745,
BRSpeechMOS,common_alpha_100,488,0.716682843540446,
BRSpeechMOS,common_alpha_100,489,0.8056221803787117,
BRSpeechMOS,common_alpha_100,490,0.7374951342144371,
BRSpeechMOS,common_alpha_100,491,0.7478446846591916,
BRSpeechMOS,common_alpha_100,492,0.7273361969404875,
BRSpeechMOS,common_alpha_100,493,0.732489724690083,
BRSpeechMOS,common_alpha_100,494,0.7073395336951788,
BRSpeechMOS,common_alpha_100,495,0.7123322624456419,
BRSpeechMOS,common_alpha_100,496,0.7166828586628045,
BRSpeechMOS,common_alpha_100,497,0.8056222207636713,
BRSpeechMOS,common_alpha_100,498,0.7374951359820612,
BRSpeechMOS,common_alpha_100,499,0.7478446643772925,
BRSpeechMOS,common_alpha_100,500,0.7273362458950674,
BRSpeechMOS,common_alpha_100,501,0.7324897251808234,
BRSpeechMOS,common_alpha_100,502,0.7073395362736394,
BRSpeechMOS,common_alpha_100,503,0.7123322465227716,
BRSpeechMOS,common_alpha_100,504,0.716682858382418,
BRSpeechMOS,common_alpha_100,505,0.8056221823824792,
BRSpeechMOS,common_alpha_100,506,0.7374951108039925,
BRSpeechMOS,common_alpha_100,507,0.7478446696791526,
BRSpeechMOS,common_alpha_100,508,0.727336115715825,
BRSpeechMOS,common_alpha_100,509,0.7324897484841342,
BRSpeechMOS,common_alpha_100,510,0.707339532305604,
BRSpeechMOS,common_alpha_100,511,0.7123322695923596,
BRSpeechMOS,common_alpha_100,512,0.7445224254142694,
BRSpeechMOS,common_alpha_100,513,0.764014932519292,
BRSpeechMOS,common_alpha_100,514,0.7139659033166126,
BRSpeechMOS,common_alpha_100,515,0.721483982609652,
BRSpeechMOS,common_alpha_100,516,0.7114570313122421,
BRSpeechMOS,common_alpha_100,517,0.7141340076019814,
BRSpeechMOS,common_alpha_100,518,0.696728813665542,
BRSpeechMOS,common_alpha_100,519,0.6991552013120644,
BRSpeechMOS,common_alpha_100,520,0.7445224254142694,
BRSpeechMOS,common_alpha_100,521,0.764014932519292,
BRSpeechMOS,common_alpha_100,522,0.7139659033166127,
BRSpeechMOS,common_alpha_100,523,0.7214840007275849,
BRSpeechMOS,common_alpha_100,524,0.7114570313122421,
BRSpeechMOS,common_alpha_100,525,0.7141340407970134,
BRSpeechMOS,common_alpha_100,526,0.6967287984085734,
BRSpeechMOS,common_alpha_100,527,0.6991551878463915,
BRSpeechMOS,common_alpha_100,528,0.7445224254142694,
BRSpeechMOS,common_alpha_100,529,0.764014932519292,
BRSpeechMOS,common_alpha_100,530,0.7139659033166127,
BRSpeechMOS,common_alpha_100,531,0.7214839877753256,
BRSpeechMOS,common_alpha_100,532,0.7114570313122424,
BRSpeechMOS,common_alpha_100,533,0.7141340347100578,
BRSpeechMOS,common_alpha_100,534,0.6967288065138251,
BRSpeechMOS,common_alpha_100,535,0.6991551930601735,
BRSpeechMOS,common_alpha_100,536,0.7445224254142689,
BRSpeechMOS,common_alpha_100,537,0.7640149325192918,
BRSpeechMOS,common_alpha_100,538,0.7139659033166126,
BRSpeechMOS,common_alpha_100,539,0.7214839905598239,
BRSpeechMOS,common_alpha_100,540,0.7114570313538575,
BRSpeechMOS,common_alpha_100,541,0.7141340075958176,
BRSpeechMOS,common_alpha_100,542,0.6967287976026162,
BRSpeechMOS,common_alpha_100,543,0.6991552433651518,
BRSpeechMOS,common_alpha_100,544,0.7445224254142694,
BRSpeechMOS,common_alpha_100,545,0.764014932519292,
BRSpeechMOS,common_alpha_100,546,0.7139659216098332,
BRSpeechMOS,common_alpha_100,547,0.7214839994548282,
BRSpeechMOS,common_alpha_100,548,0.7114570313122425,
BRSpeechMOS,common_alpha_100,549,0.7141340108595319,
BRSpeechMOS,common_alpha_100,550,0.6967287956379996,
BRSpeechMOS,common_alpha_100,551,0.6991552003612553,
BRSpeechMOS,common_alpha_100,552,0.7445224254142694,
BRSpeechMOS,common_alpha_100,553,0.764014932519292,
BRSpeechMOS,common_alpha_100,554,0.7139659033166128,
BRSpeechMOS,common_alpha_100,555,0.7214839807949397,
BRSpeechMOS,common_alpha_100,556,0.7114570313122425,
BRSpeechMOS,common_alpha_100,557,0.7141340076082549,
BRSpeechMOS,common_alpha_100,558,0.696728798006638,
BRSpeechMOS,common_alpha_100,559,0.6991551945579315,
BRSpeechMOS,common_alpha_100,560,0.7445224254142694,
BRSpeechMOS,common_alpha_100,561,0.764014932519292,
BRSpeechMOS,common_alpha_100,562,0.7139659033166128,
BRSpeechMOS,common_alpha_100,563,0.7214840504570528,
BRSpeechMOS,common_alpha_100,564,0.7114570313122425,
BRSpeechMOS,common_alpha_100,565,0.7141340079766433,
BRSpeechMOS,common_alpha_100,566,0.6967287973831594,
BRSpeechMOS,common_alpha_100,567,0.6991551954747127,
BRSpeechMOS,common_alpha_100,568,0.7445224254142694,
BRSpeechMOS,common_alpha_100,569,0.764014932519292,
BRSpeechMOS,common_alpha_100,570,0.7139659033166127,
BRSpeechMOS,common_alpha_100,571,0.7214839986378319,
BRSpeechMOS,common_alpha_100,572,0.7114570313122425,
BRSpeechMOS,common_alpha_100,573,0.7141340079250231,
BRSpeechMOS,common_alpha_100,574,0.6967287915213255,
BRSpeechMOS,common_alpha_100,575,0.6991551946614762,
BRSpeechMOS,common_alpha_100,576,0.7445224254142694,
BRSpeechMOS,common_alpha_100,577,0.7640149325192918,
BRSpeechMOS,common_alpha_100,578,0.7139659033166128,
BRSpeechMOS,common_alpha_100,579,0.7214840282108397,
BRSpeechMOS,common_alpha_100,580,0.7114570313122425,
BRSpeechMOS,common_alpha_100,581,0.7141340235819815,
BRSpeechMOS,common_alpha_100,582,0.6967287765185225,
BRSpeechMOS,common_alpha_100,583,0.6991552033658269,
BRSpeechMOS,common_alpha_100,584,0.7445224254142694,
BRSpeechMOS,common_alpha_100,585,0.764014932519292,
BRSpeechMOS,common_alpha_100,586,0.7139659033166127,
BRSpeechMOS,common_alpha_100,587,0.7214839778134119,
BRSpeechMOS,common_alpha_100,588,0.7114570313122421,
BRSpeechMOS,common_alpha_100,589,0.714134007956394,
BRSpeechMOS,common_alpha_100,590,0.6967287973425038,
BRSpeechMOS,common_alpha_100,591,0.6991551923089465,
BRSpeechMOS,common_alpha_100,592,0.7445224254142694,
BRSpeechMOS,common_alpha_100,593,0.764014932519292,
BRSpeechMOS,common_alpha_100,594,0.7139659033166127,
BRSpeechMOS,common_alpha_100,595,0.7214839892821814,
BRSpeechMOS,common_alpha_100,596,0.7114570313122421,
BRSpeechMOS,common_alpha_100,597,0.7141340054595262,
BRSpeechMOS,common_alpha_100,598,0.6967287974147601,
BRSpeechMOS,common_alpha_100,599,0.6991551962150354,
BRSpeechMOS,common_alpha_100,600,0.7445224254142694,
BRSpeechMOS,common_alpha_100,601,0.764014932519292,
BRSpeechMOS,common_alpha_100,602,0.7139659033166126,
BRSpeechMOS,common_alpha_100,603,0.7214839890288028,
BRSpeechMOS,common_alpha_100,604,0.7114570313122421,
BRSpeechMOS,common_alpha_100,605,0.7141339735642698,
BRSpeechMOS,common_alpha_100,606,0.696728802514868,
BRSpeechMOS,common_alpha_100,607,0.6991551731815719,
BRSpeechMOS,common_alpha_100,608,0.7445224254142694,
BRSpeechMOS,common_alpha_100,609,0.764014932519292,
BRSpeechMOS,common_alpha_100,610,0.7139659033166127,
BRSpeechMOS,common_alpha_100,611,0.7214839841907266,
BRSpeechMOS,common_alpha_100,612,0.7114570313122425,
BRSpeechMOS,common_alpha_100,613,0.7141339906360161,
BRSpeechMOS,common_alpha_100,614,0.6967287963551149,
BRSpeechMOS,common_alpha_100,615,0.6991551930317413,
BRSpeechMOS,common_alpha_100,616,0.7445224254142694,
BRSpeechMOS,common_alpha_100,617,0.7640149325192921,
BRSpeechMOS,common_alpha_100,618,0.7139659033166126,
BRSpeechMOS,common_alpha_100,619,0.7214839929044242,
BRSpeechMOS,common_alpha_100,620,0.7114570313122424,
BRSpeechMOS,common_alpha_100,621,0.714134008291966,
BRSpeechMOS,common_alpha_100,622,0.6967287988569479,
BRSpeechMOS,common_alpha_100,623,0.699155191797568,
BRSpeechMOS,common_alpha_100,624,0.7445224254142694,
BRSpeechMOS,common_alpha_100,625,0.7640149325192918,
BRSpeechMOS,common_alpha_100,626,0.7139659033166127,
BRSpeechMOS,common_alpha_100,627,0.7214840244895901,
BRSpeechMOS,common_alpha_100,628,0.7114570313122424,
BRSpeechMOS,common_alpha_100,629,0.7141340078763647,
BRSpeechMOS,common_alpha_100,630,0.6967287907039378,
BRSpeechMOS,common_alpha_100,631,0.6991551956739143,
BRSpeechMOS,common_alpha_100,632,0.7445224254142694,
BRSpeechMOS,common_alpha_100,633,0.764014932519292,
BRSpeechMOS,common_alpha_100,634,0.7139659033166127,
BRSpeechMOS,common_alpha_100,635,0.7214839981586989,
BRSpeechMOS,common_alpha_100,636,0.7114570313122425,
BRSpeechMOS,common_alpha_100,637,0.7141340078878649,
BRSpeechMOS,common_alpha_100,638,0.696728791292795,
BRSpeechMOS,common_alpha_100,639,0.699155180162086,
BRSpeechMOS,common_alpha_100,640,0.7445224254142694,
BRSpeechMOS,common_alpha_100,641,0.7640149325192921,
BRSpeechMOS,common_alpha_100,642,0.7139659033166127,
BRSpeechMOS,common_alpha_100,643,0.7214840000511635,
BRSpeechMOS,common_alpha_100,644,0.7114570313122421,
BRSpeechMOS,common_alpha_100,645,0.7141340087888147,
BRSpeechMOS,common_alpha_100,646,0.6967287971751287,
BRSpeechMOS,common_alpha_100,647,0.6991552092904799,
BRSpeechMOS,common_alpha_100,648,0.7445224254142694,
BRSpeechMOS,common_alpha_100,649,0.764014932519292,
BRSpeechMOS,common_alpha_100,650,0.7139659033166126,
BRSpeechMOS,common_alpha_100,651,0.7214839735572018,
BRSpeechMOS,common_alpha_100,652,0.7114570313122425,
BRSpeechMOS,common_alpha_100,653,0.7141339911971467,
BRSpeechMOS,common_alpha_100,654,0.6967287977245303,
BRSpeechMOS,common_alpha_100,655,0.6991551958361297,
BRSpeechMOS,common_alpha_100,656,0.7445224254142692,
BRSpeechMOS,common_alpha_100,657,0.7640149325192921,
BRSpeechMOS,common_alpha_100,658,0.7139659033166127,
BRSpeechMOS,common_alpha_100,659,0.7214839910092725,
BRSpeechMOS,common_alpha_100,660,0.7114570313122421,
BRSpeechMOS,common_alpha_100,661,0.7141340069370082,
BRSpeechMOS,common_alpha_100,662,0.6967287977273758,
BRSpeechMOS,common_alpha_100,663,0.699155211327589,
BRSpeechMOS,common_alpha_100,664,0.7445224254142694,
BRSpeechMOS,common_alpha_100,665,0.7640149325192921,
BRSpeechMOS,common_alpha_100,666,0.7139659033166128,
BRSpeechMOS,common_alpha_100,667,0.721483997473636,
BRSpeechMOS,common_alpha_100,668,0.7114570313122424,
BRSpeechMOS,common_alpha_100,669,0.7141339809557761,
BRSpeechMOS,common_alpha_100,670,0.696728808712639,
BRSpeechMOS,common_alpha_100,671,0.6991551872735547,
BRSpeechMOS,common_alpha_100,672,0.7445224254142694,
BRSpeechMOS,common_alpha_100,673,0.764014932519292,
BRSpeechMOS,common_alpha_100,674,0.7139659033166127,
BRSpeechMOS,common_alpha_100,675,0.7214840434753983,
BRSpeechMOS,common_alpha_100,676,0.7114570313122424,
BRSpeechMOS,common_alpha_100,677,0.7141340156930174,
BRSpeechMOS,common_alpha_100,678,0.6967287969942848,
BRSpeechMOS,common_alpha_100,679,0.699155192980437,
BRSpeechMOS,common_alpha_100,680,0.7445224254142694,
BRSpeechMOS,common_alpha_100,681,0.7640149325192921,
BRSpeechMOS,common_alpha_100,682,0.7139659033166127,
BRSpeechMOS,common_alpha_100,683,0.7214839954062349,
BRSpeechMOS,common_alpha_100,684,0.7114570313122421,
BRSpeechMOS,common_alpha_100,685,0.7141340079837037,
BRSpeechMOS,common_alpha_100,686,0.6967287977287387,
BRSpeechMOS,common_alpha_100,687,0.6991551929032528,
BRSpeechMOS,common_alpha_100,688,0.7445224254142694,
BRSpeechMOS,common_alpha_100,689,0.764014932519292,
BRSpeechMOS,common_alpha_100,690,0.7139659033166127,
BRSpeechMOS,common_alpha_100,691,0.721484030298707,
BRSpeechMOS,common_alpha_100,692,0.7114570313122424,
BRSpeechMOS,common_alpha_100,693,0.7141340081477238,
BRSpeechMOS,common_alpha_100,694,0.6967287839038839,
BRSpeechMOS,common_alpha_100,695,0.6991551977460697,
BRSpeechMOS,common_alpha_100,696,0.7445224254142694,
BRSpeechMOS,common_alpha_100,697,0.764014932519292,
BRSpeechMOS,common_alpha_100,698,0.7139659033166127,
BRSpeechMOS,common_alpha_100,699,0.7214840454033278,
BRSpeechMOS,common_alpha_100,700,0.7114570313122424,
BRSpeechMOS,common_alpha_100,701,0.7141340080711763,
BRSpeechMOS,common_alpha_100,702,0.6967287853580214,
BRSpeechMOS,common_alpha_100,703,0.6991551817428547,
BRSpeechMOS,common_alpha_100,704,0.7445224254142694,
BRSpeechMOS,common_alpha_100,705,0.764014932519292,
BRSpeechMOS,common_alpha_100,706,0.7139659033166127,
BRSpeechMOS,common_alpha_100,707,0.7214840009240175,
BRSpeechMOS,common_alpha_100,708,0.7114570313122425,
BRSpeechMOS,common_alpha_100,709,0.7141340065271817,
BRSpeechMOS,common_alpha_100,710,0.6967287883907523,
BRSpeechMOS,common_alpha_100,711,0.699155192964452,
BRSpeechMOS,common_alpha_100,712,0.7445224254142694,
BRSpeechMOS,common_alpha_100,713,0.764014932519292,
BRSpeechMOS,common_alpha_100,714,0.7139659033166127,
BRSpeechMOS,common_alpha_100,715,0.7214839954764141,
BRSpeechMOS,common_alpha_100,716,0.7114570313122424,
BRSpeechMOS,common_alpha_100,717,0.7141340079798912,
BRSpeechMOS,common_alpha_100,718,0.6967287980800355,
BRSpeechMOS,common_alpha_100,719,0.6991551929521306,
BRSpeechMOS,common_alpha_100,720,0.7445224254142689,
BRSpeechMOS,common_alpha_100,721,0.7640149325192922,
BRSpeechMOS,common_alpha_100,722,0.7139659033166127,
BRSpeechMOS,common_alpha_100,723,0.7214839966315713,
BRSpeechMOS,common_alpha_100,724,0.7114570313122421,
BRSpeechMOS,common_alpha_100,725,0.7141339758281428,
BRSpeechMOS,common_alpha_100,726,0.6967287973864353,
BRSpeechMOS,common_alpha_100,727,0.6991551978295075,
BRSpeechMOS,common_alpha_100,728,0.7445224254142687,
BRSpeechMOS,common_alpha_100,729,0.7640149325192919,
BRSpeechMOS,common_alpha_100,730,0.7139659033166127,
BRSpeechMOS,common_alpha_100,731,0.7214839914599265,
BRSpeechMOS,common_alpha_100,732,0.7114570313122421,
BRSpeechMOS,common_alpha_100,733,0.7141340067722989,
BRSpeechMOS,common_alpha_100,734,0.6967287894618157,
BRSpeechMOS,common_alpha_100,735,0.6991551951525868,
BRSpeechMOS,common_alpha_100,736,0.7445224254142694,
BRSpeechMOS,common_alpha_100,737,0.7640149325192921,
BRSpeechMOS,common_alpha_100,738,0.7139659033166128,
BRSpeechMOS,common_alpha_100,739,0.7214839953382342,
BRSpeechMOS,common_alpha_100,740,0.7114570313122425,
BRSpeechMOS,common_alpha_100,741,0.7141339856778851,
BRSpeechMOS,common_alpha_100,742,0.6967287969494018,
BRSpeechMOS,common_alpha_100,743,0.6991551923311121,
BRSpeechMOS,common_alpha_100,744,0.7445224254142694,
BRSpeechMOS,common_alpha_100,745,0.764014932519292,
BRSpeechMOS,common_alpha_100,746,0.7139659034682085,
BRSpeechMOS,common_alpha_100,747,0.7214839976239792,
BRSpeechMOS,common_alpha_100,748,0.7114570313122421,
BRSpeechMOS,common_alpha_100,749,0.7141340082727287,
BRSpeechMOS,common_alpha_100,750,0.6967287979907423,
BRSpeechMOS,common_alpha_100,751,0.699155195057277,
BRSpeechMOS,common_alpha_100,752,0.7445224254142694,
BRSpeechMOS,common_alpha_100,753,0.7640149325192918,
BRSpeechMOS,common_alpha_100,754,0.7139659033166127,
BRSpeechMOS,common_alpha_100,755,0.7214839795233186,
BRSpeechMOS,common_alpha_100,756,0.7114570313122425,
BRSpeechMOS,common_alpha_100,757,0.7141340080908841,
BRSpeechMOS,common_alpha_100,758,0.6967287901266861,
BRSpeechMOS,common_alpha_100,759,0.6991551905562855,
BRSpeechMOS,common_alpha_100,760,0.7445224254142694,
BRSpeechMOS,common_alpha_100,761,0.764014932519292,
BRSpeechMOS,common_alpha_100,762,0.7139659033166127,
BRSpeechMOS,common_alpha_100,763,0.7214840286519165,
BRSpeechMOS,common_alpha_100,764,0.7114570313122421,
BRSpeechMOS,common_alpha_100,765,0.7141340080557201,
BRSpeechMOS,common_alpha_100,766,0.696728790959801,
BRSpeechMOS,common_alpha_100,767,0.6991551852294442,
BRSpeechMOS,common_alpha_100,768,0.743129393858879,
BRSpeechMOS,common_alpha_100,769,0.764014932519292,
BRSpeechMOS,common_alpha_100,770,0.7139659033166127,
BRSpeechMOS,common_alpha_100,771,0.7214840077250111,
BRSpeechMOS,common_alpha_100,772,0.7114570313122425,
BRSpeechMOS,common_alpha_100,773,0.714133988895291,
BRSpeechMOS,common_alpha_100,774,0.6967287913326349,
BRSpeechMOS,common_alpha_100,775,0.6991551836304962,
BRSpeechMOS,common_alpha_100,776,0.7431293938588808,
BRSpeechMOS,common_alpha_100,777,0.7640149325192922,
BRSpeechMOS,common_alpha_100,778,0.7139658722201176,
BRSpeechMOS,common_alpha_100,779,0.7214840044151043,
BRSpeechMOS,common_alpha_100,780,0.7114570436530343,
BRSpeechMOS,common_alpha_100,781,0.7141340063775365,
BRSpeechMOS,common_alpha_100,782,0.6967287810454598,
BRSpeechMOS,common_alpha_100,783,0.6991551956587666,
BRSpeechMOS,common_alpha_100,784,0.7431293938588802,
BRSpeechMOS,common_alpha_100,785,0.764014937156439,
BRSpeechMOS,common_alpha_100,786,0.7139659033166127,
BRSpeechMOS,common_alpha_100,787,0.7214839979068942,
BRSpeechMOS,common_alpha_100,788,0.7114570313122425,
BRSpeechMOS,common_alpha_100,789,0.7141340083730772,
BRSpeechMOS,common_alpha_100,790,0.6967287974865454,
BRSpeechMOS,common_alpha_100,791,0.6991551955396633,
BRSpeechMOS,common_alpha_100,792,0.7431293938588804,
BRSpeechMOS,common_alpha_100,793,0.764014932519292,
BRSpeechMOS,common_alpha_100,794,0.7139659033166127,
BRSpeechMOS,common_alpha_100,795,0.7214839979553749,
BRSpeechMOS,common_alpha_100,796,0.7114570313122425,
BRSpeechMOS,common_alpha_100,797,0.714134009634947,
BRSpeechMOS,common_alpha_100,798,0.6967287954708409,
BRSpeechMOS,common_alpha_100,799,0.6991551966007813,
BRSpeechMOS,common_alpha_100,800,0.7431293938588803,
BRSpeechMOS,common_alpha_100,801,0.764014932519292,
BRSpeechMOS,common_alpha_100,802,0.7139659033166127,
BRSpeechMOS,common_alpha_100,803,0.7214840399234593,
BRSpeechMOS,common_alpha_100,804,0.7114570313122425,
BRSpeechMOS,common_alpha_100,805,0.7141340069127015,
BRSpeechMOS,common_alpha_100,806,0.6967287757803733,
BRSpeechMOS,common_alpha_100,807,0.6991551943524339,
BRSpeechMOS,common_alpha_100,808,0.743129393858881,
BRSpeechMOS,common_alpha_100,809,0.764014932519292,
BRSpeechMOS,common_alpha_100,810,0.7139659033166126,
BRSpeechMOS,common_alpha_100,811,0.7214840005798699,
BRSpeechMOS,common_alpha_100,812,0.7114570313122424,
BRSpeechMOS,common_alpha_100,813,0.714134006775132,
BRSpeechMOS,common_alpha_100,814,0.6967287959005353,
BRSpeechMOS,common_alpha_100,815,0.6991551933279325,
BRSpeechMOS,common_alpha_100,816,0.7431293938588807,
BRSpeechMOS,common_alpha_100,817,0.7640149325192921,
BRSpeechMOS,common_alpha_100,818,0.7139659033166126,
BRSpeechMOS,common_alpha_100,819,0.7214839984197834,
BRSpeechMOS,common_alpha_100,820,0.7114570313122425,
BRSpeechMOS,common_alpha_100,821,0.7141340094732056,
BRSpeechMOS,common_alpha_100,822,0.6967287832515813,
BRSpeechMOS,common_alpha_100,823,0.6991551949172518,
BRSpeechMOS,common_alpha_100,824,0.7431293938588804,
BRSpeechMOS,common_alpha_100,825,0.764014932519292,
BRSpeechMOS,common_alpha_100,826,0.7139659033166128,
BRSpeechMOS,common_alpha_100,827,0.7214839989052123,
BRSpeechMOS,common_alpha_100,828,0.7114570313122421,
BRSpeechMOS,common_alpha_100,829,0.7141340100077828,
BRSpeechMOS,common_alpha_100,830,0.6967287903045442,
BRSpeechMOS,common_alpha_100,831,0.6991551967504149,
BRSpeechMOS,common_alpha_100,832,0.7431293938588802,
BRSpeechMOS,common_alpha_100,833,0.764014932519292,
BRSpeechMOS,common_alpha_100,834,0.7139659033166126,
BRSpeechMOS,common_alpha_100,835,0.7214840011287991,
BRSpeechMOS,common_alpha_100,836,0.7114570313122421,
BRSpeechMOS,common_alpha_100,837,0.7141340086498359,
BRSpeechMOS,common_alpha_100,838,0.6967287826115616,
BRSpeechMOS,common_alpha_100,839,0.6991551943189246,
BRSpeechMOS,common_alpha_100,840,0.7431293938588807,
BRSpeechMOS,common_alpha_100,841,0.7640149325192922,
BRSpeechMOS,common_alpha_100,842,0.7139659033166126,
BRSpeechMOS,common_alpha_100,843,0.7214840004050589,
BRSpeechMOS,common_alpha_100,844,0.7114570313122425,
BRSpeechMOS,common_alpha_100,845,0.7141340066974444,
BRSpeechMOS,common_alpha_100,846,0.6967287957900011,
BRSpeechMOS,common_alpha_100,847,0.6991551938079253,
BRSpeechMOS,common_alpha_100,848,0.743129393858881,
BRSpeechMOS,common_alpha_100,849,0.764014932519292,
BRSpeechMOS,common_alpha_100,850,0.7139659033166127,
BRSpeechMOS,common_alpha_100,851,0.7214839981875859,
BRSpeechMOS,common_alpha_100,852,0.7114570313122425,
BRSpeechMOS,common_alpha_100,853,0.7141340085539298,
BRSpeechMOS,common_alpha_100,854,0.6967287943836633,
BRSpeechMOS,common_alpha_100,855,0.6991551952570465,
BRSpeechMOS,common_alpha_100,856,0.7431293938588808,
BRSpeechMOS,common_alpha_100,857,0.764014932519292,
BRSpeechMOS,common_alpha_100,858,0.7139659033166127,
BRSpeechMOS,common_alpha_100,859,0.7214839989057271,
BRSpeechMOS,common_alpha_100,860,0.7114570313122424,
BRSpeechMOS,common_alpha_100,861,0.7141340088601154,
BRSpeechMOS,common_alpha_100,862,0.6967287909477734,
BRSpeechMOS,common_alpha_100,863,0.6991551959596437,
BRSpeechMOS,common_alpha_100,864,0.7431293938588804,
BRSpeechMOS,common_alpha_100,865,0.764014932519292,
BRSpeechMOS,common_alpha_100,866,0.7139658918540945,
BRSpeechMOS,common_alpha_100,867,0.7214840022047568,
BRSpeechMOS,common_alpha_100,868,0.7114570313122425,
BRSpeechMOS,common_alpha_100,869,0.7141340071519096,
BRSpeechMOS,common_alpha_100,870,0.6967287965991139,
BRSpeechMOS,common_alpha_100,871,0.6991551939823947,
BRSpeechMOS,common_alpha_100,872,0.7431293938588804,
BRSpeechMOS,common_alpha_100,873,0.7640149325192921,
BRSpeechMOS,common_alpha_100,874,0.7139659033166126,
BRSpeechMOS,common_alpha_100,875,0.7214839993591161,
BRSpeechMOS,common_alpha_100,876,0.7114570313122424,
BRSpeechMOS,common_alpha_100,877,0.7141340040554586,
BRSpeechMOS,common_alpha_100,878,0.6967287973335883,
BRSpeechMOS,common_alpha_100,879,0.699155191297956,
BRSpeechMOS,common_alpha_100,880,0.7431293938588804,
BRSpeechMOS,common_alpha_100,881,0.764014932519292,
BRSpeechMOS,common_alpha_100,882,0.7139659033166126,
BRSpeechMOS,common_alpha_100,883,0.7214839689066456,
BRSpeechMOS,common_alpha_100,884,0.7114570313122421,
BRSpeechMOS,common_alpha_100,885,0.7141340089231056,
BRSpeechMOS,common_alpha_100,886,0.6967287915222133,
BRSpeechMOS,common_alpha_100,887,0.6991551946558705,
BRSpeechMOS,common_alpha_100,888,0.7431293938588802,
BRSpeechMOS,common_alpha_100,889,0.764014932519292,
BRSpeechMOS,common_alpha_100,890,0.7139659033166127,
BRSpeechMOS,common_alpha_100,891,0.7214839989054771,
BRSpeechMOS,common_alpha_100,892,0.7114570313122425,
BRSpeechMOS,common_alpha_100,893,0.7141340089766917,
BRSpeechMOS,common_alpha_100,894,0.6967287950256386,
BRSpeechMOS,common_alpha_100,895,0.6991551971554613,
BRSpeechMOS,common_alpha_100,896,0.7431293938588796,
BRSpeechMOS,common_alpha_100,897,0.7640149325192921,
BRSpeechMOS,common_alpha_100,898,0.7139659033166128,
BRSpeechMOS,common_alpha_100,899,0.7214839986378393,
BRSpeechMOS,common_alpha_100,900,0.7114570313122425,
BRSpeechMOS,common_alpha_100,901,0.7141340080494946,
BRSpeechMOS,common_alpha_100,902,0.6967287969689591,
BRSpeechMOS,common_alpha_100,903,0.6991551959163855,
BRSpeechMOS,common_alpha_100,904,0.7431293938588804,
BRSpeechMOS,common_alpha_100,905,0.7640149325192921,
BRSpeechMOS,common_alpha_100,906,0.7139659033166127,
BRSpeechMOS,common_alpha_100,907,0.7214839984042901,
BRSpeechMOS,common_alpha_100,908,0.7114570313122425,
BRSpeechMOS,common_alpha_100,909,0.714134007652264,
BRSpeechMOS,common_alpha_100,910,0.6967287820620554,
BRSpeechMOS,common_alpha_100,911,0.6991551897653464,
BRSpeechMOS,common_alpha_100,912,0.7431293938588802,
BRSpeechMOS,common_alpha_100,913,0.7640150481296499,
BRSpeechMOS,common_alpha_100,914,0.7139659033166127,
BRSpeechMOS,common_alpha_100,915,0.721483998955526,
BRSpeechMOS,common_alpha_100,916,0.7114570313122421,
BRSpeechMOS,common_alpha_100,917,0.714133997843745,
BRSpeechMOS,common_alpha_100,918,0.6967287921747086,
BRSpeechMOS,common_alpha_100,919,0.6991551978369217,
BRSpeechMOS,common_alpha_100,920,0.7431293938588807,
BRSpeechMOS,common_alpha_100,921,0.7640149325192922,
BRSpeechMOS,common_alpha_100,922,0.7139659033166126,
BRSpeechMOS,common_alpha_100,923,0.7214839839950382,
BRSpeechMOS,common_alpha_100,924,0.7114570313122424,
BRSpeechMOS,common_alpha_100,925,0.7141340083341832,
BRSpeechMOS,common_alpha_100,926,0.696728797897551,
BRSpeechMOS,common_alpha_100,927,0.6991551959725909,
BRSpeechMOS,common_alpha_100,928,0.7431293938588808,
BRSpeechMOS,common_alpha_100,929,0.7640149325192921,
BRSpeechMOS,common_alpha_100,930,0.7139659033166126,
BRSpeechMOS,common_alpha_100,931,0.721483938656108,
BRSpeechMOS,common_alpha_100,932,0.7114570313122421,
BRSpeechMOS,common_alpha_100,933,0.7141340079839159,
BRSpeechMOS,common_alpha_100,934,0.6967287794279287,
BRSpeechMOS,common_alpha_100,935,0.6991551925767867,
BRSpeechMOS,common_alpha_100,936,0.7431293938588804,
BRSpeechMOS,common_alpha_100,937,0.764014932519292,
BRSpeechMOS,common_alpha_100,938,0.7139659033166126,
BRSpeechMOS,common_alpha_100,939,0.721483995436748,
BRSpeechMOS,common_alpha_100,940,0.7114570313122421,
BRSpeechMOS,common_alpha_100,941,0.7141340032439044,
BRSpeechMOS,common_alpha_100,942,0.6967287688392666,
BRSpeechMOS,common_alpha_100,943,0.6991551927224547,
BRSpeechMOS,common_alpha_100,944,0.7431293938588807,
BRSpeechMOS,common_alpha_100,945,0.764014932519292,
BRSpeechMOS,common_alpha_100,946,0.7139659033166127,
BRSpeechMOS,common_alpha_100,947,0.7214839830140518,
BRSpeechMOS,common_alpha_100,948,0.7114570313122421,
BRSpeechMOS,common_alpha_100,949,0.7141340080984601,
BRSpeechMOS,common_alpha_100,950,0.6967288008815203,
BRSpeechMOS,common_alpha_100,951,0.6991551962027784,
BRSpeechMOS,common_alpha_100,952,0.7431293938588808,
BRSpeechMOS,common_alpha_100,953,0.764014932519292,
BRSpeechMOS,common_alpha_100,954,0.7139659033166127,
BRSpeechMOS,common_alpha_100,955,0.7214840058422426,
BRSpeechMOS,common_alpha_100,956,0.7114570313122421,
BRSpeechMOS,common_alpha_100,957,0.7141340088817283,
BRSpeechMOS,common_alpha_100,958,0.6967287970153929,
BRSpeechMOS,common_alpha_100,959,0.6991551960514446,
BRSpeechMOS,common_alpha_100,960,0.743129393858881,
BRSpeechMOS,common_alpha_100,961,0.764014932519292,
BRSpeechMOS,common_alpha_100,962,0.7139659033166127,
BRSpeechMOS,common_alpha_100,963,0.721483974944451,
BRSpeechMOS,common_alpha_100,964,0.7114570313122421,
BRSpeechMOS,common_alpha_100,965,0.7141340084332664,
BRSpeechMOS,common_alpha_100,966,0.6967287887981636,
BRSpeechMOS,common_alpha_100,967,0.6991551954403827,
BRSpeechMOS,common_alpha_100,968,0.743129393858881,
BRSpeechMOS,common_alpha_100,969,0.7640149325192921,
BRSpeechMOS,common_alpha_100,970,0.7139659033166127,
BRSpeechMOS,common_alpha_100,971,0.7214839966726452,
BRSpeechMOS,common_alpha_100,972,0.7114570313122425,
BRSpeechMOS,common_alpha_100,973,0.7141340055613848,
BRSpeechMOS,common_alpha_100,974,0.6967287843759555,
BRSpeechMOS,common_alpha_100,975,0.6991551828231932,
BRSpeechMOS,common_alpha_100,976,0.7431293938588802,
BRSpeechMOS,common_alpha_100,977,0.7640150364949564,
BRSpeechMOS,common_alpha_100,978,0.7139659033166128,
BRSpeechMOS,common_alpha_100,979,0.7214839969197095,
BRSpeechMOS,common_alpha_100,980,0.7114570313122421,
BRSpeechMOS,common_alpha_100,981,0.7141339883061285,
BRSpeechMOS,common_alpha_100,982,0.6967287974065239,
BRSpeechMOS,common_alpha_100,983,0.6991552258063666,
BRSpeechMOS,common_alpha_100,984,0.74312939385888,
BRSpeechMOS,common_alpha_100,985,0.764014932519292,
BRSpeechMOS,common_alpha_100,986,0.7139658986515227,
BRSpeechMOS,common_alpha_100,987,0.7214839590156576,
BRSpeechMOS,common_alpha_100,988,0.7114570313122425,
BRSpeechMOS,common_alpha_100,989,0.7141340083068193,
BRSpeechMOS,common_alpha_100,990,0.6967287978040241,
BRSpeechMOS,common_alpha_100,991,0.6991551959016576,
BRSpeechMOS,common_alpha_100,992,0.7431293938588808,
BRSpeechMOS,common_alpha_100,993,0.7640149325192918,
BRSpeechMOS,common_alpha_100,994,0.7139659033166127,
BRSpeechMOS,common_alpha_100,995,0.7214839976248335,
BRSpeechMOS,common_alpha_100,996,0.7114570313122425,
BRSpeechMOS,common_alpha_100,997,0.7141340072533693,
BRSpeechMOS,common_alpha_100,998,0.6967287818970603,
BRSpeechMOS,common_alpha_100,999,0.6991551869016898,
BRSpeechMOS,common_alpha_100,1000,0.7431293938588804,
BRSpeechMOS,common_alpha_100,1001,0.764014932519292,
BRSpeechMOS,common_alpha_100,1002,0.7139659033166127,
BRSpeechMOS,common_alpha_100,1003,0.7214840000083679,
BRSpeechMOS,common_alpha_100,1004,0.7114570313122424,
BRSpeechMOS,common_alpha_100,1005,0.7141340026866358,
BRSpeechMOS,common_alpha_100,1006,0.6967287947114893,
BRSpeechMOS,common_alpha_100,1007,0.6991551932140548,
BRSpeechMOS,common_alpha_100,1008,0.743129393858881,
BRSpeechMOS,common_alpha_100,1009,0.764014932519292,
BRSpeechMOS,common_alpha_100,1010,0.7139658974769384,
BRSpeechMOS,common_alpha_100,1011,0.7214839582437257,
BRSpeechMOS,common_alpha_100,1012,0.7114570313122425,
BRSpeechMOS,common_alpha_100,1013,0.7141340081129427,
BRSpeechMOS,common_alpha_100,1014,0.6967287978443552,
BRSpeechMOS,common_alpha_100,1015,0.6991552369781101,
BRSpeechMOS,common_alpha_100,1016,0.7431293938588804,
BRSpeechMOS,common_alpha_100,1017,0.764014932519292,
BRSpeechMOS,common_alpha_100,1018,0.7139659033166128,
BRSpeechMOS,common_alpha_100,1019,0.7214840003567895,
BRSpeechMOS,common_alpha_100,1020,0.7114570313122421,
BRSpeechMOS,common_alpha_100,1021,0.7141340088127063,
BRSpeechMOS,common_alpha_100,1022,0.6967287931186883,
BRSpeechMOS,common_alpha_100,1023,0.699155196237537,
BRSpeechMOS,per_representation_grouped_oof_selected,1,0.8577236771128701,
BRSpeechMOS,per_representation_grouped_oof_selected,2,0.8036914767397993,
BRSpeechMOS,per_representation_grouped_oof_selected,3,0.7891930317087401,
BRSpeechMOS,per_representation_grouped_oof_selected,4,0.7530562590465298,
BRSpeechMOS,per_representation_grouped_oof_selected,5,0.7504977951436831,
BRSpeechMOS,per_representation_grouped_oof_selected,6,0.7394740681394254,
BRSpeechMOS,per_representation_grouped_oof_selected,7,0.7394740681394255,
BRSpeechMOS,per_representation_grouped_oof_selected,8,0.7320890818495475,
BRSpeechMOS,per_representation_grouped_oof_selected,9,0.7404925602881619,
BRSpeechMOS,per_representation_grouped_oof_selected,10,0.7180298463018272,
BRSpeechMOS,per_representation_grouped_oof_selected,11,0.7180298463018272,
BRSpeechMOS,per_representation_grouped_oof_selected,12,0.7173037219222302,
BRSpeechMOS,per_representation_grouped_oof_selected,13,0.7173037219222302,
BRSpeechMOS,per_representation_grouped_oof_selected,14,0.7112798498783436,
BRSpeechMOS,per_representation_grouped_oof_selected,15,0.7112798045309253,
BRSpeechMOS,per_representation_grouped_oof_selected,16,1.388515201914619,
BRSpeechMOS,per_representation_grouped_oof_selected,17,0.8321595836702351,
BRSpeechMOS,per_representation_grouped_oof_selected,18,0.7984370895571496,
BRSpeechMOS,per_representation_grouped_oof_selected,19,0.7866275434308149,
BRSpeechMOS,per_representation_grouped_oof_selected,20,0.7455292156754364,
BRSpeechMOS,per_representation_grouped_oof_selected,21,0.7455292156754362,
BRSpeechMOS,per_representation_grouped_oof_selected,22,0.7372455897012242,
BRSpeechMOS,per_representation_grouped_oof_selected,23,0.7372455972497417,
BRSpeechMOS,per_representation_grouped_oof_selected,24,0.7320890818495475,
BRSpeechMOS,per_representation_grouped_oof_selected,25,0.7404925602881618,
BRSpeechMOS,per_representation_grouped_oof_selected,26,0.7180298463018271,
BRSpeechMOS,per_representation_grouped_oof_selected,27,0.7180298463018271,
BRSpeechMOS,per_representation_grouped_oof_selected,28,0.7173037219222304,
BRSpeechMOS,per_representation_grouped_oof_selected,29,0.7173037219222302,
BRSpeechMOS,per_representation_grouped_oof_selected,30,0.7112798029106477,
BRSpeechMOS,per_representation_grouped_oof_selected,31,0.7112798276472343,
BRSpeechMOS,per_representation_grouped_oof_selected,32,0.8654696518000281,
BRSpeechMOS,per_representation_grouped_oof_selected,33,0.7907960589940338,
BRSpeechMOS,per_representation_grouped_oof_selected,34,0.7703694289396569,
BRSpeechMOS,per_representation_grouped_oof_selected,35,0.7678770642101576,
BRSpeechMOS,per_representation_grouped_oof_selected,36,0.7375059817002095,
BRSpeechMOS,per_representation_grouped_oof_selected,37,0.7375059817002095,
BRSpeechMOS,per_representation_grouped_oof_selected,38,0.7336397627209355,
BRSpeechMOS,per_representation_grouped_oof_selected,39,0.7336397625842429,
BRSpeechMOS,per_representation_grouped_oof_selected,40,0.7299768562451092,
BRSpeechMOS,per_representation_grouped_oof_selected,41,0.7404925602881617,
BRSpeechMOS,per_representation_grouped_oof_selected,42,0.7180298463018271,
BRSpeechMOS,per_representation_grouped_oof_selected,43,0.7180298463018272,
BRSpeechMOS,per_representation_grouped_oof_selected,44,0.7173037219222301,
BRSpeechMOS,per_representation_grouped_oof_selected,45,0.7173037219222302,
BRSpeechMOS,per_representation_grouped_oof_selected,46,0.7112798012801401,
BRSpeechMOS,per_representation_grouped_oof_selected,47,0.711279798628668,
BRSpeechMOS,per_representation_grouped_oof_selected,48,0.8654696518000281,
BRSpeechMOS,per_representation_grouped_oof_selected,49,0.7907960589940339,
BRSpeechMOS,per_representation_grouped_oof_selected,50,0.7703694289396571,
BRSpeechMOS,per_representation_grouped_oof_selected,51,0.7678770661946526,
BRSpeechMOS,per_representation_grouped_oof_selected,52,0.7375059817002095,
BRSpeechMOS,per_representation_grouped_oof_selected,53,0.7375059817002095,
BRSpeechMOS,per_representation_grouped_oof_selected,54,0.7336397632783893,
BRSpeechMOS,per_representation_grouped_oof_selected,55,0.7336397647287201,
BRSpeechMOS,per_representation_grouped_oof_selected,56,0.72997685624511,
BRSpeechMOS,per_representation_grouped_oof_selected,57,0.740492573666135,
BRSpeechMOS,per_representation_grouped_oof_selected,58,0.7180298463018272,
BRSpeechMOS,per_representation_grouped_oof_selected,59,0.7180298463018272,
BRSpeechMOS,per_representation_grouped_oof_selected,60,0.7173037219222301,
BRSpeechMOS,per_representation_grouped_oof_selected,61,0.7173037219222302,
BRSpeechMOS,per_representation_grouped_oof_selected,62,0.7112797991346197,
BRSpeechMOS,per_representation_grouped_oof_selected,63,0.7112797985283421,
BRSpeechMOS,per_representation_grouped_oof_selected,64,1.388515201914619,
BRSpeechMOS,per_representation_grouped_oof_selected,65,0.8321595836702351,
BRSpeechMOS,per_representation_grouped_oof_selected,66,0.7984370895571496,
BRSpeechMOS,per_representation_grouped_oof_selected,67,0.7866275434308149,
BRSpeechMOS,per_representation_grouped_oof_selected,68,0.7455292156754364,
BRSpeechMOS,per_representation_grouped_oof_selected,69,0.7455292156754362,
BRSpeechMOS,per_representation_grouped_oof_selected,70,0.7372455897012242,
BRSpeechMOS,per_representation_grouped_oof_selected,71,0.7372455972497417,
BRSpeechMOS,per_representation_grouped_oof_selected,72,0.7320890818495475,
BRSpeechMOS,per_representation_grouped_oof_selected,73,0.7404925602881618,
BRSpeechMOS,per_representation_grouped_oof_selected,74,0.7180298463018271,
BRSpeechMOS,per_representation_grouped_oof_selected,75,0.7180298463018271,
BRSpeechMOS,per_representation_grouped_oof_selected,76,0.7173037219222304,
BRSpeechMOS,per_representation_grouped_oof_selected,77,0.7173037219222302,
BRSpeechMOS,per_representation_grouped_oof_selected,78,0.7112798029106477,
BRSpeechMOS,per_representation_grouped_oof_selected,79,0.7112798276472343,
BRSpeechMOS,per_representation_grouped_oof_selected,80,1.388515201914619,
BRSpeechMOS,per_representation_grouped_oof_selected,81,0.8321595836702351,
BRSpeechMOS,per_representation_grouped_oof_selected,82,0.7984370895571496,
BRSpeechMOS,per_representation_grouped_oof_selected,83,0.786627542409668,
BRSpeechMOS,per_representation_grouped_oof_selected,84,0.7455292156754363,
BRSpeechMOS,per_representation_grouped_oof_selected,85,0.7455292288563122,
BRSpeechMOS,per_representation_grouped_oof_selected,86,0.7372456467974493,
BRSpeechMOS,per_representation_grouped_oof_selected,87,0.7372455896569344,
BRSpeechMOS,per_representation_grouped_oof_selected,88,0.7320890818495475,
BRSpeechMOS,per_representation_grouped_oof_selected,89,0.7404925602881617,
BRSpeechMOS,per_representation_grouped_oof_selected,90,0.7180298463018272,
BRSpeechMOS,per_representation_grouped_oof_selected,91,0.7180298463018273,
BRSpeechMOS,per_representation_grouped_oof_selected,92,0.7173037219222302,
BRSpeechMOS,per_representation_grouped_oof_selected,93,0.7173037219222302,
BRSpeechMOS,per_representation_grouped_oof_selected,94,0.7112798015697128,
BRSpeechMOS,per_representation_grouped_oof_selected,95,0.711279812070592,
BRSpeechMOS,per_representation_grouped_oof_selected,96,0.8654696518000281,
BRSpeechMOS,per_representation_grouped_oof_selected,97,0.7907960589940339,
BRSpeechMOS,per_representation_grouped_oof_selected,98,0.7703694289396569,
BRSpeechMOS,per_representation_grouped_oof_selected,99,0.7678770661946526,
BRSpeechMOS,per_representation_grouped_oof_selected,100,0.7375059817002098,
BRSpeechMOS,per_representation_grouped_oof_selected,101,0.7375059817002095,
BRSpeechMOS,per_representation_grouped_oof_selected,102,0.7336397632783894,
BRSpeechMOS,per_representation_grouped_oof_selected,103,0.73363976472872,
BRSpeechMOS,per_representation_grouped_oof_selected,104,0.7299768562451098,
BRSpeechMOS,per_representation_grouped_oof_selected,105,0.740492573666135,
BRSpeechMOS,per_representation_grouped_oof_selected,106,0.7180298463018271,
BRSpeechMOS,per_representation_grouped_oof_selected,107,0.7180298463018272,
BRSpeechMOS,per_representation_grouped_oof_selected,108,0.7173037219222301,
BRSpeechMOS,per_representation_grouped_oof_selected,109,0.7173037219222302,
BRSpeechMOS,per_representation_grouped_oof_selected,110,0.7112797991346197,
BRSpeechMOS,per_representation_grouped_oof_selected,111,0.711279798528342,
BRSpeechMOS,per_representation_grouped_oof_selected,112,0.8654696518000281,
BRSpeechMOS,per_representation_grouped_oof_selected,113,0.7907960589940338,
BRSpeechMOS,per_representation_grouped_oof_selected,114,0.770369428939657,
BRSpeechMOS,per_representation_grouped_oof_selected,115,0.7678770620090124,
BRSpeechMOS,per_representation_grouped_oof_selected,116,0.7375059817002095,
BRSpeechMOS,per_representation_grouped_oof_selected,117,0.7375059817002095,
BRSpeechMOS,per_representation_grouped_oof_selected,118,0.7336397775442915,
BRSpeechMOS,per_representation_grouped_oof_selected,119,0.7336398011806827,
BRSpeechMOS,per_representation_grouped_oof_selected,120,0.7299768562451097,
BRSpeechMOS,per_representation_grouped_oof_selected,121,0.7404925968845747,
BRSpeechMOS,per_representation_grouped_oof_selected,122,0.7180298463018271,
BRSpeechMOS,per_representation_grouped_oof_selected,123,0.7180298463018272,
BRSpeechMOS,per_representation_grouped_oof_selected,124,0.7173037219222302,
BRSpeechMOS,per_representation_grouped_oof_selected,125,0.7173037219222302,
BRSpeechMOS,per_representation_grouped_oof_selected,126,0.7112797988372253,
BRSpeechMOS,per_representation_grouped_oof_selected,127,0.711279801401638,
BRSpeechMOS,per_representation_grouped_oof_selected,128,1.3841039034698688,
BRSpeechMOS,per_representation_grouped_oof_selected,129,0.8318634380407799,
BRSpeechMOS,per_representation_grouped_oof_selected,130,0.7982146773094141,
BRSpeechMOS,per_representation_grouped_oof_selected,131,0.7865091945098697,
BRSpeechMOS,per_representation_grouped_oof_selected,132,0.7454567603231423,
BRSpeechMOS,per_representation_grouped_oof_selected,133,0.7454567603231423,
BRSpeechMOS,per_representation_grouped_oof_selected,134,0.7371778537882079,
BRSpeechMOS,per_representation_grouped_oof_selected,135,0.7371778580619595,
BRSpeechMOS,per_representation_grouped_oof_selected,136,0.7320890818495475,
BRSpeechMOS,per_representation_grouped_oof_selected,137,0.7404925602881619,
BRSpeechMOS,per_representation_grouped_oof_selected,138,0.7180298463018271,
BRSpeechMOS,per_representation_grouped_oof_selected,139,0.7180298463018271,
BRSpeechMOS,per_representation_grouped_oof_selected,140,0.7173037219222302,
BRSpeechMOS,per_representation_grouped_oof_selected,141,0.7173037219222302,
BRSpeechMOS,per_representation_grouped_oof_selected,142,0.7112798029048185,
BRSpeechMOS,per_representation_grouped_oof_selected,143,0.7112798294046211,
BRSpeechMOS,per_representation_grouped_oof_selected,144,1.3846635191195726,
BRSpeechMOS,per_representation_grouped_oof_selected,145,0.8321596143254013,
BRSpeechMOS,per_representation_grouped_oof_selected,146,0.7984370895571496,
BRSpeechMOS,per_representation_grouped_oof_selected,147,0.7866275356897466,
BRSpeechMOS,per_representation_grouped_oof_selected,148,0.7455292156754364,
BRSpeechMOS,per_representation_grouped_oof_selected,149,0.7455292156754364,
BRSpeechMOS,per_representation_grouped_oof_selected,150,0.7372455890304725,
BRSpeechMOS,per_representation_grouped_oof_selected,151,0.7372455904256267,
BRSpeechMOS,per_representation_grouped_oof_selected,152,0.7320890818495475,
BRSpeechMOS,per_representation_grouped_oof_selected,153,0.7404925602881617,
BRSpeechMOS,per_representation_grouped_oof_selected,154,0.7180298463018271,
BRSpeechMOS,per_representation_grouped_oof_selected,155,0.7180298463018272,
BRSpeechMOS,per_representation_grouped_oof_selected,156,0.7173037219222302,
BRSpeechMOS,per_representation_grouped_oof_selected,157,0.7173037219222302,
BRSpeechMOS,per_representation_grouped_oof_selected,158,0.7112798015747862,
BRSpeechMOS,per_representation_grouped_oof_selected,159,0.7112798119030388,
BRSpeechMOS,per_representation_grouped_oof_selected,160,0.8654696518000281,
BRSpeechMOS,per_representation_grouped_oof_selected,161,0.7907960589940337,
BRSpeechMOS,per_representation_grouped_oof_selected,162,0.770369428939657,
BRSpeechMOS,per_representation_grouped_oof_selected,163,0.7678770661610187,
BRSpeechMOS,per_representation_grouped_oof_selected,164,0.7375059817002095,
BRSpeechMOS,per_representation_grouped_oof_selected,165,0.7375059817002095,
BRSpeechMOS,per_representation_grouped_oof_selected,166,0.7336397632576518,
BRSpeechMOS,per_representation_grouped_oof_selected,167,0.733639764791386,
BRSpeechMOS,per_representation_grouped_oof_selected,168,0.7299768562451098,
BRSpeechMOS,per_representation_grouped_oof_selected,169,0.740492573904426,
BRSpeechMOS,per_representation_grouped_oof_selected,170,0.7180298463018271,
BRSpeechMOS,per_representation_grouped_oof_selected,171,0.7180298463018271,
BRSpeechMOS,per_representation_grouped_oof_selected,172,0.7173037219222302,
BRSpeechMOS,per_representation_grouped_oof_selected,173,0.7173037219222301,
BRSpeechMOS,per_representation_grouped_oof_selected,174,0.7112797991374382,
BRSpeechMOS,per_representation_grouped_oof_selected,175,0.7112797985253475,
BRSpeechMOS,per_representation_grouped_oof_selected,176,0.8654696518000281,
BRSpeechMOS,per_representation_grouped_oof_selected,177,0.7907960589940337,
BRSpeechMOS,per_representation_grouped_oof_selected,178,0.7703694289396569,
BRSpeechMOS,per_representation_grouped_oof_selected,179,0.7678770620080346,
BRSpeechMOS,per_representation_grouped_oof_selected,180,0.7375059817002095,
BRSpeechMOS,per_representation_grouped_oof_selected,181,0.7375059817002095,
BRSpeechMOS,per_representation_grouped_oof_selected,182,0.7336397775165225,
BRSpeechMOS,per_representation_grouped_oof_selected,183,0.7336398010478852,
BRSpeechMOS,per_representation_grouped_oof_selected,184,0.7299768562451098,
BRSpeechMOS,per_representation_grouped_oof_selected,185,0.7404925969892897,
BRSpeechMOS,per_representation_grouped_oof_selected,186,0.7180298463018273,
BRSpeechMOS,per_representation_grouped_oof_selected,187,0.7180298463018271,
BRSpeechMOS,per_representation_grouped_oof_selected,188,0.7173037219222302,
BRSpeechMOS,per_representation_grouped_oof_selected,189,0.7173037219222304,
BRSpeechMOS,per_representation_grouped_oof_selected,190,0.7112797988355841,
BRSpeechMOS,per_representation_grouped_oof_selected,191,0.7112798013923508,
BRSpeechMOS,per_representation_grouped_oof_selected,192,1.3846635191195726,
BRSpeechMOS,per_representation_grouped_oof_selected,193,0.8321596143254013,
BRSpeechMOS,per_representation_grouped_oof_selected,194,0.7984370895571496,
BRSpeechMOS,per_representation_grouped_oof_selected,195,0.7866275356897466,
BRSpeechMOS,per_representation_grouped_oof_selected,196,0.7455292156754364,
BRSpeechMOS,per_representation_grouped_oof_selected,197,0.7455292156754364,
BRSpeechMOS,per_representation_grouped_oof_selected,198,0.7372455890304725,
BRSpeechMOS,per_representation_grouped_oof_selected,199,0.7372455904256267,
BRSpeechMOS,per_representation_grouped_oof_selected,200,0.7320890818495475,
BRSpeechMOS,per_representation_grouped_oof_selected,201,0.7404925602881617,
BRSpeechMOS,per_representation_grouped_oof_selected,202,0.7180298463018271,
BRSpeechMOS,per_representation_grouped_oof_selected,203,0.7180298463018272,
BRSpeechMOS,per_representation_grouped_oof_selected,204,0.7173037219222302,
BRSpeechMOS,per_representation_grouped_oof_selected,205,0.7173037219222302,
BRSpeechMOS,per_representation_grouped_oof_selected,206,0.7112798015747862,
BRSpeechMOS,per_representation_grouped_oof_selected,207,0.7112798119030388,
BRSpeechMOS,per_representation_grouped_oof_selected,208,1.384663519119573,
BRSpeechMOS,per_representation_grouped_oof_selected,209,0.8321595836702351,
BRSpeechMOS,per_representation_grouped_oof_selected,210,0.7984370895571495,
BRSpeechMOS,per_representation_grouped_oof_selected,211,0.7866275337275721,
BRSpeechMOS,per_representation_grouped_oof_selected,212,0.7455292156754364,
BRSpeechMOS,per_representation_grouped_oof_selected,213,0.7455292156754364,
BRSpeechMOS,per_representation_grouped_oof_selected,214,0.7372455890893143,
BRSpeechMOS,per_representation_grouped_oof_selected,215,0.7372455891233429,
BRSpeechMOS,per_representation_grouped_oof_selected,216,0.7320890818495475,
BRSpeechMOS,per_representation_grouped_oof_selected,217,0.7404925602881617,
BRSpeechMOS,per_representation_grouped_oof_selected,218,0.7180298463018273,
BRSpeechMOS,per_representation_grouped_oof_selected,219,0.7180298463018271,
BRSpeechMOS,per_representation_grouped_oof_selected,220,0.7173037219222302,
BRSpeechMOS,per_representation_grouped_oof_selected,221,0.7173037219222302,
BRSpeechMOS,per_representation_grouped_oof_selected,222,0.7112797998470086,
BRSpeechMOS,per_representation_grouped_oof_selected,223,0.7112797997502315,
BRSpeechMOS,per_representation_grouped_oof_selected,224,0.8654696518000281,
BRSpeechMOS,per_representation_grouped_oof_selected,225,0.7907960589940339,
BRSpeechMOS,per_representation_grouped_oof_selected,226,0.770369428939657,
BRSpeechMOS,per_representation_grouped_oof_selected,227,0.7678770620080344,
BRSpeechMOS,per_representation_grouped_oof_selected,228,0.7375059817002095,
BRSpeechMOS,per_representation_grouped_oof_selected,229,0.7375059817002095,
BRSpeechMOS,per_representation_grouped_oof_selected,230,0.7336397775165227,
BRSpeechMOS,per_representation_grouped_oof_selected,231,0.7336398010478852,
BRSpeechMOS,per_representation_grouped_oof_selected,232,0.7299768562451098,
BRSpeechMOS,per_representation_grouped_oof_selected,233,0.7404925969892897,
BRSpeechMOS,per_representation_grouped_oof_selected,234,0.7180298463018273,
BRSpeechMOS,per_representation_grouped_oof_selected,235,0.7180298463018271,
BRSpeechMOS,per_representation_grouped_oof_selected,236,0.7173037219222302,
BRSpeechMOS,per_representation_grouped_oof_selected,237,0.7173037219222302,
BRSpeechMOS,per_representation_grouped_oof_selected,238,0.7112797988355842,
BRSpeechMOS,per_representation_grouped_oof_selected,239,0.7112798013923508,
BRSpeechMOS,per_representation_grouped_oof_selected,240,0.8654696518000281,
BRSpeechMOS,per_representation_grouped_oof_selected,241,0.7907960589940337,
BRSpeechMOS,per_representation_grouped_oof_selected,242,0.7703694289396569,
BRSpeechMOS,per_representation_grouped_oof_selected,243,0.767877062545144,
BRSpeechMOS,per_representation_grouped_oof_selected,244,0.7375059817002095,
BRSpeechMOS,per_representation_grouped_oof_selected,245,0.7375059817002095,
BRSpeechMOS,per_representation_grouped_oof_selected,246,0.7336397808741879,
BRSpeechMOS,per_representation_grouped_oof_selected,247,0.7336397916339018,
BRSpeechMOS,per_representation_grouped_oof_selected,248,0.7299768562451102,
BRSpeechMOS,per_representation_grouped_oof_selected,249,0.7404925660609424,
BRSpeechMOS,per_representation_grouped_oof_selected,250,0.7180298463018272,
BRSpeechMOS,per_representation_grouped_oof_selected,251,0.7180298463018271,
BRSpeechMOS,per_representation_grouped_oof_selected,252,0.7173037219222302,
BRSpeechMOS,per_representation_grouped_oof_selected,253,0.71730372192223,
BRSpeechMOS,per_representation_grouped_oof_selected,254,0.7112798007174975,
BRSpeechMOS,per_representation_grouped_oof_selected,255,0.7112798042596199,
BRSpeechMOS,per_representation_grouped_oof_selected,256,0.710150787196763,
BRSpeechMOS,per_representation_grouped_oof_selected,257,0.7553561664036866,
BRSpeechMOS,per_representation_grouped_oof_selected,258,0.733142262343005,
BRSpeechMOS,per_representation_grouped_oof_selected,259,0.7326436945625671,
BRSpeechMOS,per_representation_grouped_oof_selected,260,0.7235773693653366,
BRSpeechMOS,per_representation_grouped_oof_selected,261,0.7235773693653368,
BRSpeechMOS,per_representation_grouped_oof_selected,262,0.7165304421701449,
BRSpeechMOS,per_representation_grouped_oof_selected,263,0.7165304375322548,
BRSpeechMOS,per_representation_grouped_oof_selected,264,0.7320890818495475,
BRSpeechMOS,per_representation_grouped_oof_selected,265,0.7404926288752579,
BRSpeechMOS,per_representation_grouped_oof_selected,266,0.7180298463018271,
BRSpeechMOS,per_representation_grouped_oof_selected,267,0.7180298463018272,
BRSpeechMOS,per_representation_grouped_oof_selected,268,0.7173037219222302,
BRSpeechMOS,per_representation_grouped_oof_selected,269,0.7173037219222304,
BRSpeechMOS,per_representation_grouped_oof_selected,270,0.7112798807279478,
BRSpeechMOS,per_representation_grouped_oof_selected,271,0.7112797988341827,
BRSpeechMOS,per_representation_grouped_oof_selected,272,0.7081400353923762,
BRSpeechMOS,per_representation_grouped_oof_selected,273,0.7553561664036869,
BRSpeechMOS,per_representation_grouped_oof_selected,274,0.7331422623430051,
BRSpeechMOS,per_representation_grouped_oof_selected,275,0.7326437389161278,
BRSpeechMOS,per_representation_grouped_oof_selected,276,0.7235773693653368,
BRSpeechMOS,per_representation_grouped_oof_selected,277,0.7235773693653367,
BRSpeechMOS,per_representation_grouped_oof_selected,278,0.7165304582966691,
BRSpeechMOS,per_representation_grouped_oof_selected,279,0.7165304452534516,
BRSpeechMOS,per_representation_grouped_oof_selected,280,0.7320890818495475,
BRSpeechMOS,per_representation_grouped_oof_selected,281,0.7404925602881619,
BRSpeechMOS,per_representation_grouped_oof_selected,282,0.7180298463018271,
BRSpeechMOS,per_representation_grouped_oof_selected,283,0.7180298463018272,
BRSpeechMOS,per_representation_grouped_oof_selected,284,0.7173037219222302,
BRSpeechMOS,per_representation_grouped_oof_selected,285,0.7173037219222302,
BRSpeechMOS,per_representation_grouped_oof_selected,286,0.7112798133437882,
BRSpeechMOS,per_representation_grouped_oof_selected,287,0.7112798557755916,
BRSpeechMOS,per_representation_grouped_oof_selected,288,0.7362443368059356,
BRSpeechMOS,per_representation_grouped_oof_selected,289,0.7553561664036867,
BRSpeechMOS,per_representation_grouped_oof_selected,290,0.733142262343005,
BRSpeechMOS,per_representation_grouped_oof_selected,291,0.7326437007580097,
BRSpeechMOS,per_representation_grouped_oof_selected,292,0.7239968891857692,
BRSpeechMOS,per_representation_grouped_oof_selected,293,0.723996900960479,
BRSpeechMOS,per_representation_grouped_oof_selected,294,0.7168500321328698,
BRSpeechMOS,per_representation_grouped_oof_selected,295,0.7168500340149317,
BRSpeechMOS,per_representation_grouped_oof_selected,296,0.7299768562451099,
BRSpeechMOS,per_representation_grouped_oof_selected,297,0.7404925602881618,
BRSpeechMOS,per_representation_grouped_oof_selected,298,0.7180298463018271,
BRSpeechMOS,per_representation_grouped_oof_selected,299,0.7180298463018271,
BRSpeechMOS,per_representation_grouped_oof_selected,300,0.7173037219222302,
BRSpeechMOS,per_representation_grouped_oof_selected,301,0.7173037219222302,
BRSpeechMOS,per_representation_grouped_oof_selected,302,0.7112798215435885,
BRSpeechMOS,per_representation_grouped_oof_selected,303,0.7112798278759855,
BRSpeechMOS,per_representation_grouped_oof_selected,304,0.7362443368059362,
BRSpeechMOS,per_representation_grouped_oof_selected,305,0.7553561664036865,
BRSpeechMOS,per_representation_grouped_oof_selected,306,0.7331422623430052,
BRSpeechMOS,per_representation_grouped_oof_selected,307,0.7326436982492343,
BRSpeechMOS,per_representation_grouped_oof_selected,308,0.7239969014025093,
BRSpeechMOS,per_representation_grouped_oof_selected,309,0.7239969138279558,
BRSpeechMOS,per_representation_grouped_oof_selected,310,0.7168500202611567,
BRSpeechMOS,per_representation_grouped_oof_selected,311,0.7168500018993164,
BRSpeechMOS,per_representation_grouped_oof_selected,312,0.7299768562451094,
BRSpeechMOS,per_representation_grouped_oof_selected,313,0.7404925602881617,
BRSpeechMOS,per_representation_grouped_oof_selected,314,0.7180298463018271,
BRSpeechMOS,per_representation_grouped_oof_selected,315,0.7180298463018272,
BRSpeechMOS,per_representation_grouped_oof_selected,316,0.7173037219222302,
BRSpeechMOS,per_representation_grouped_oof_selected,317,0.7173037219222302,
BRSpeechMOS,per_representation_grouped_oof_selected,318,0.7112798058568468,
BRSpeechMOS,per_representation_grouped_oof_selected,319,0.7112797989520026,
BRSpeechMOS,per_representation_grouped_oof_selected,320,0.7081400353923762,
BRSpeechMOS,per_representation_grouped_oof_selected,321,0.7553561664036869,
BRSpeechMOS,per_representation_grouped_oof_selected,322,0.7331422623430051,
BRSpeechMOS,per_representation_grouped_oof_selected,323,0.7326437389161278,
BRSpeechMOS,per_representation_grouped_oof_selected,324,0.7235773693653368,
BRSpeechMOS,per_representation_grouped_oof_selected,325,0.7235773693653367,
BRSpeechMOS,per_representation_grouped_oof_selected,326,0.7165304582966691,
BRSpeechMOS,per_representation_grouped_oof_selected,327,0.7165304452534516,
BRSpeechMOS,per_representation_grouped_oof_selected,328,0.7320890818495475,
BRSpeechMOS,per_representation_grouped_oof_selected,329,0.7404925602881619,
BRSpeechMOS,per_representation_grouped_oof_selected,330,0.7180298463018271,
BRSpeechMOS,per_representation_grouped_oof_selected,331,0.7180298463018272,
BRSpeechMOS,per_representation_grouped_oof_selected,332,0.7173037219222302,
BRSpeechMOS,per_representation_grouped_oof_selected,333,0.7173037219222302,
BRSpeechMOS,per_representation_grouped_oof_selected,334,0.7112798133437882,
BRSpeechMOS,per_representation_grouped_oof_selected,335,0.7112798557755916,
BRSpeechMOS,per_representation_grouped_oof_selected,336,0.7081400353923764,
BRSpeechMOS,per_representation_grouped_oof_selected,337,0.7553561664036866,
BRSpeechMOS,per_representation_grouped_oof_selected,338,0.7331422623430051,
BRSpeechMOS,per_representation_grouped_oof_selected,339,0.7326436976402831,
BRSpeechMOS,per_representation_grouped_oof_selected,340,0.7235773693653367,
BRSpeechMOS,per_representation_grouped_oof_selected,341,0.7235773693653368,
BRSpeechMOS,per_representation_grouped_oof_selected,342,0.71653047660463,
BRSpeechMOS,per_representation_grouped_oof_selected,343,0.7165304841484667,
BRSpeechMOS,per_representation_grouped_oof_selected,344,0.7320890818495475,
BRSpeechMOS,per_representation_grouped_oof_selected,345,0.7404925602881618,
BRSpeechMOS,per_representation_grouped_oof_selected,346,0.7180298463018271,
BRSpeechMOS,per_representation_grouped_oof_selected,347,0.7180298463018273,
BRSpeechMOS,per_representation_grouped_oof_selected,348,0.7173037219222304,
BRSpeechMOS,per_representation_grouped_oof_selected,349,0.7173037219222302,
BRSpeechMOS,per_representation_grouped_oof_selected,350,0.7112798230727082,
BRSpeechMOS,per_representation_grouped_oof_selected,351,0.7112797988141729,
BRSpeechMOS,per_representation_grouped_oof_selected,352,0.736244336805933,
BRSpeechMOS,per_representation_grouped_oof_selected,353,0.7553561664036866,
BRSpeechMOS,per_representation_grouped_oof_selected,354,0.7331422623430052,
BRSpeechMOS,per_representation_grouped_oof_selected,355,0.7326436982492343,
BRSpeechMOS,per_representation_grouped_oof_selected,356,0.7239969014025093,
BRSpeechMOS,per_representation_grouped_oof_selected,357,0.7239969138279557,
BRSpeechMOS,per_representation_grouped_oof_selected,358,0.7168500202611569,
BRSpeechMOS,per_representation_grouped_oof_selected,359,0.7168500018993166,
BRSpeechMOS,per_representation_grouped_oof_selected,360,0.7299768562451096,
BRSpeechMOS,per_representation_grouped_oof_selected,361,0.7404925602881618,
BRSpeechMOS,per_representation_grouped_oof_selected,362,0.7180298463018272,
BRSpeechMOS,per_representation_grouped_oof_selected,363,0.7180298463018271,
BRSpeechMOS,per_representation_grouped_oof_selected,364,0.7173037219222302,
BRSpeechMOS,per_representation_grouped_oof_selected,365,0.7173037219222302,
BRSpeechMOS,per_representation_grouped_oof_selected,366,0.7112798058568469,
BRSpeechMOS,per_representation_grouped_oof_selected,367,0.7112797989520024,
BRSpeechMOS,per_representation_grouped_oof_selected,368,0.7362443368059334,
BRSpeechMOS,per_representation_grouped_oof_selected,369,0.7553561664036866,
BRSpeechMOS,per_representation_grouped_oof_selected,370,0.7331422623430051,
BRSpeechMOS,per_representation_grouped_oof_selected,371,0.7326437224327835,
BRSpeechMOS,per_representation_grouped_oof_selected,372,0.7239969021014772,
BRSpeechMOS,per_representation_grouped_oof_selected,373,0.7239969343547905,
BRSpeechMOS,per_representation_grouped_oof_selected,374,0.7168500298264322,
BRSpeechMOS,per_representation_grouped_oof_selected,375,0.7168499950925338,
BRSpeechMOS,per_representation_grouped_oof_selected,376,0.7299768562451098,
BRSpeechMOS,per_representation_grouped_oof_selected,377,0.7404925602881617,
BRSpeechMOS,per_representation_grouped_oof_selected,378,0.7180298463018271,
BRSpeechMOS,per_representation_grouped_oof_selected,379,0.7180298463018271,
BRSpeechMOS,per_representation_grouped_oof_selected,380,0.7173037219222302,
BRSpeechMOS,per_representation_grouped_oof_selected,381,0.7173037219222302,
BRSpeechMOS,per_representation_grouped_oof_selected,382,0.7112798532008049,
BRSpeechMOS,per_representation_grouped_oof_selected,383,0.7112797994479415,
BRSpeechMOS,per_representation_grouped_oof_selected,384,0.7080206904213684,
BRSpeechMOS,per_representation_grouped_oof_selected,385,0.7553561664036865,
BRSpeechMOS,per_representation_grouped_oof_selected,386,0.733142262343005,
BRSpeechMOS,per_representation_grouped_oof_selected,387,0.7326437387145524,
BRSpeechMOS,per_representation_grouped_oof_selected,388,0.7235773693653368,
BRSpeechMOS,per_representation_grouped_oof_selected,389,0.7235773693653369,
BRSpeechMOS,per_representation_grouped_oof_selected,390,0.7165304582309864,
BRSpeechMOS,per_representation_grouped_oof_selected,391,0.7165304451436046,
BRSpeechMOS,per_representation_grouped_oof_selected,392,0.7320890818495475,
BRSpeechMOS,per_representation_grouped_oof_selected,393,0.7404925602881617,
BRSpeechMOS,per_representation_grouped_oof_selected,394,0.7180298463018271,
BRSpeechMOS,per_representation_grouped_oof_selected,395,0.7180298463018271,
BRSpeechMOS,per_representation_grouped_oof_selected,396,0.7173037219222302,
BRSpeechMOS,per_representation_grouped_oof_selected,397,0.7173037219222302,
BRSpeechMOS,per_representation_grouped_oof_selected,398,0.7112798131615159,
BRSpeechMOS,per_representation_grouped_oof_selected,399,0.7112798557156618,
BRSpeechMOS,per_representation_grouped_oof_selected,400,0.7081400346106749,
BRSpeechMOS,per_representation_grouped_oof_selected,401,0.7553561664036866,
BRSpeechMOS,per_representation_grouped_oof_selected,402,0.7331422623430052,
BRSpeechMOS,per_representation_grouped_oof_selected,403,0.7326436976352989,
BRSpeechMOS,per_representation_grouped_oof_selected,404,0.7235773693653366,
BRSpeechMOS,per_representation_grouped_oof_selected,405,0.7235773693653367,
BRSpeechMOS,per_representation_grouped_oof_selected,406,0.7165304765758159,
BRSpeechMOS,per_representation_grouped_oof_selected,407,0.7165304845410239,
BRSpeechMOS,per_representation_grouped_oof_selected,408,0.7320890818495475,
BRSpeechMOS,per_representation_grouped_oof_selected,409,0.7404925602881617,
BRSpeechMOS,per_representation_grouped_oof_selected,410,0.7180298463018271,
BRSpeechMOS,per_representation_grouped_oof_selected,411,0.7180298463018271,
BRSpeechMOS,per_representation_grouped_oof_selected,412,0.7173037219222304,
BRSpeechMOS,per_representation_grouped_oof_selected,413,0.7173037219222302,
BRSpeechMOS,per_representation_grouped_oof_selected,414,0.7112798232140648,
BRSpeechMOS,per_representation_grouped_oof_selected,415,0.7112797988127442,
BRSpeechMOS,per_representation_grouped_oof_selected,416,0.7362443368059364,
BRSpeechMOS,per_representation_grouped_oof_selected,417,0.7553561664036865,
BRSpeechMOS,per_representation_grouped_oof_selected,418,0.733142262343005,
BRSpeechMOS,per_representation_grouped_oof_selected,419,0.7326436982472386,
BRSpeechMOS,per_representation_grouped_oof_selected,420,0.7239969014003802,
BRSpeechMOS,per_representation_grouped_oof_selected,421,0.7239969139477118,
BRSpeechMOS,per_representation_grouped_oof_selected,422,0.7168500201702154,
BRSpeechMOS,per_representation_grouped_oof_selected,423,0.7168500018133168,
BRSpeechMOS,per_representation_grouped_oof_selected,424,0.7299768562451098,
BRSpeechMOS,per_representation_grouped_oof_selected,425,0.7404925602881617,
BRSpeechMOS,per_representation_grouped_oof_selected,426,0.7180298463018272,
BRSpeechMOS,per_representation_grouped_oof_selected,427,0.7180298463018273,
BRSpeechMOS,per_representation_grouped_oof_selected,428,0.7173037219222304,
BRSpeechMOS,per_representation_grouped_oof_selected,429,0.7173037219222302,
BRSpeechMOS,per_representation_grouped_oof_selected,430,0.7112798059669695,
BRSpeechMOS,per_representation_grouped_oof_selected,431,0.7112797989489984,
BRSpeechMOS,per_representation_grouped_oof_selected,432,0.7362443368059315,
BRSpeechMOS,per_representation_grouped_oof_selected,433,0.7553561664036866,
BRSpeechMOS,per_representation_grouped_oof_selected,434,0.733142262343005,
BRSpeechMOS,per_representation_grouped_oof_selected,435,0.7326437224465401,
BRSpeechMOS,per_representation_grouped_oof_selected,436,0.7239969021004194,
BRSpeechMOS,per_representation_grouped_oof_selected,437,0.7239969347485398,
BRSpeechMOS,per_representation_grouped_oof_selected,438,0.7168500298783475,
BRSpeechMOS,per_representation_grouped_oof_selected,439,0.7168499946814175,
BRSpeechMOS,per_representation_grouped_oof_selected,440,0.72997685624511,
BRSpeechMOS,per_representation_grouped_oof_selected,441,0.7404925602881617,
BRSpeechMOS,per_representation_grouped_oof_selected,442,0.7180298463018273,
BRSpeechMOS,per_representation_grouped_oof_selected,443,0.7180298463018271,
BRSpeechMOS,per_representation_grouped_oof_selected,444,0.7173037219222301,
BRSpeechMOS,per_representation_grouped_oof_selected,445,0.7173037219222302,
BRSpeechMOS,per_representation_grouped_oof_selected,446,0.7112798539377843,
BRSpeechMOS,per_representation_grouped_oof_selected,447,0.7112797994467086,
BRSpeechMOS,per_representation_grouped_oof_selected,448,0.7081400346106749,
BRSpeechMOS,per_representation_grouped_oof_selected,449,0.7553561664036866,
BRSpeechMOS,per_representation_grouped_oof_selected,450,0.7331422623430052,
BRSpeechMOS,per_representation_grouped_oof_selected,451,0.7326436976352989,
BRSpeechMOS,per_representation_grouped_oof_selected,452,0.7235773693653366,
BRSpeechMOS,per_representation_grouped_oof_selected,453,0.7235773693653367,
BRSpeechMOS,per_representation_grouped_oof_selected,454,0.7165304765758159,
BRSpeechMOS,per_representation_grouped_oof_selected,455,0.7165304845410239,
BRSpeechMOS,per_representation_grouped_oof_selected,456,0.7320890818495475,
BRSpeechMOS,per_representation_grouped_oof_selected,457,0.7404925602881617,
BRSpeechMOS,per_representation_grouped_oof_selected,458,0.7180298463018271,
BRSpeechMOS,per_representation_grouped_oof_selected,459,0.7180298463018271,
BRSpeechMOS,per_representation_grouped_oof_selected,460,0.7173037219222304,
BRSpeechMOS,per_representation_grouped_oof_selected,461,0.7173037219222302,
BRSpeechMOS,per_representation_grouped_oof_selected,462,0.7112798232140648,
BRSpeechMOS,per_representation_grouped_oof_selected,463,0.7112797988127442,
BRSpeechMOS,per_representation_grouped_oof_selected,464,0.7081400353923761,
BRSpeechMOS,per_representation_grouped_oof_selected,465,0.7553561664036867,
BRSpeechMOS,per_representation_grouped_oof_selected,466,0.7331422623430051,
BRSpeechMOS,per_representation_grouped_oof_selected,467,0.7326437001468956,
BRSpeechMOS,per_representation_grouped_oof_selected,468,0.7235773693653368,
BRSpeechMOS,per_representation_grouped_oof_selected,469,0.7235773693653367,
BRSpeechMOS,per_representation_grouped_oof_selected,470,0.7165304792542467,
BRSpeechMOS,per_representation_grouped_oof_selected,471,0.7165305175564909,
BRSpeechMOS,per_representation_grouped_oof_selected,472,0.7320890818495475,
BRSpeechMOS,per_representation_grouped_oof_selected,473,0.7404925602881617,
BRSpeechMOS,per_representation_grouped_oof_selected,474,0.7180298463018272,
BRSpeechMOS,per_representation_grouped_oof_selected,475,0.7180298463018272,
BRSpeechMOS,per_representation_grouped_oof_selected,476,0.7173037219222302,
BRSpeechMOS,per_representation_grouped_oof_selected,477,0.7173037219222302,
BRSpeechMOS,per_representation_grouped_oof_selected,478,0.7112798011849191,
BRSpeechMOS,per_representation_grouped_oof_selected,479,0.7112797990177333,
BRSpeechMOS,per_representation_grouped_oof_selected,480,0.7362443368059314,
BRSpeechMOS,per_representation_grouped_oof_selected,481,0.7553561664036866,
BRSpeechMOS,per_representation_grouped_oof_selected,482,0.733142262343005,
BRSpeechMOS,per_representation_grouped_oof_selected,483,0.7326437224465401,
BRSpeechMOS,per_representation_grouped_oof_selected,484,0.7239969021004194,
BRSpeechMOS,per_representation_grouped_oof_selected,485,0.7239969347485398,
BRSpeechMOS,per_representation_grouped_oof_selected,486,0.7168500298783475,
BRSpeechMOS,per_representation_grouped_oof_selected,487,0.7168499946814177,
BRSpeechMOS,per_representation_grouped_oof_selected,488,0.7299768562451099,
BRSpeechMOS,per_representation_grouped_oof_selected,489,0.7404925602881617,
BRSpeechMOS,per_representation_grouped_oof_selected,490,0.7180298463018271,
BRSpeechMOS,per_representation_grouped_oof_selected,491,0.7180298463018271,
BRSpeechMOS,per_representation_grouped_oof_selected,492,0.7173037219222302,
BRSpeechMOS,per_representation_grouped_oof_selected,493,0.7173037219222302,
BRSpeechMOS,per_representation_grouped_oof_selected,494,0.711279853937784,
BRSpeechMOS,per_representation_grouped_oof_selected,495,0.7112797994467086,
BRSpeechMOS,per_representation_grouped_oof_selected,496,0.7362443368059335,
BRSpeechMOS,per_representation_grouped_oof_selected,497,0.7553561664036866,
BRSpeechMOS,per_representation_grouped_oof_selected,498,0.7331422623430052,
BRSpeechMOS,per_representation_grouped_oof_selected,499,0.7326437238936966,
BRSpeechMOS,per_representation_grouped_oof_selected,500,0.7239969015598908,
BRSpeechMOS,per_representation_grouped_oof_selected,501,0.7239969009817018,
BRSpeechMOS,per_representation_grouped_oof_selected,502,0.7168500321356255,
BRSpeechMOS,per_representation_grouped_oof_selected,503,0.7168499941849185,
BRSpeechMOS,per_representation_grouped_oof_selected,504,0.7299768562451094,
BRSpeechMOS,per_representation_grouped_oof_selected,505,0.7404925602881619,
BRSpeechMOS,per_representation_grouped_oof_selected,506,0.7180298463018273,
BRSpeechMOS,per_representation_grouped_oof_selected,507,0.7180298463018273,
BRSpeechMOS,per_representation_grouped_oof_selected,508,0.7173037219222302,
BRSpeechMOS,per_representation_grouped_oof_selected,509,0.7173037219222301,
BRSpeechMOS,per_representation_grouped_oof_selected,510,0.7112798018498194,
BRSpeechMOS,per_representation_grouped_oof_selected,511,0.711279799180989,
BRSpeechMOS,per_representation_grouped_oof_selected,512,0.778825646361458,
BRSpeechMOS,per_representation_grouped_oof_selected,513,0.7427788743329149,
BRSpeechMOS,per_representation_grouped_oof_selected,514,0.7224255062809464,
BRSpeechMOS,per_representation_grouped_oof_selected,515,0.7226471862080462,
BRSpeechMOS,per_representation_grouped_oof_selected,516,0.7175863393990025,
BRSpeechMOS,per_representation_grouped_oof_selected,517,0.7170318776477665,
BRSpeechMOS,per_representation_grouped_oof_selected,518,0.714248300226997,
BRSpeechMOS,per_representation_grouped_oof_selected,519,0.7143822348924712,
BRSpeechMOS,per_representation_grouped_oof_selected,520,0.7239373740932222,
BRSpeechMOS,per_representation_grouped_oof_selected,521,0.7185364123800574,
BRSpeechMOS,per_representation_grouped_oof_selected,522,0.7054334110954219,
BRSpeechMOS,per_representation_grouped_oof_selected,523,0.7054333988015837,
BRSpeechMOS,per_representation_grouped_oof_selected,524,0.7059420098361135,
BRSpeechMOS,per_representation_grouped_oof_selected,525,0.7059420014963026,
BRSpeechMOS,per_representation_grouped_oof_selected,526,0.7059420021704734,
BRSpeechMOS,per_representation_grouped_oof_selected,527,0.7059420275879915,
BRSpeechMOS,per_representation_grouped_oof_selected,528,0.7686865638129815,
BRSpeechMOS,per_representation_grouped_oof_selected,529,0.7373682318805798,
BRSpeechMOS,per_representation_grouped_oof_selected,530,0.7220826101641418,
BRSpeechMOS,per_representation_grouped_oof_selected,531,0.721306111669854,
BRSpeechMOS,per_representation_grouped_oof_selected,532,0.7145910762941505,
BRSpeechMOS,per_representation_grouped_oof_selected,533,0.7145910866451223,
BRSpeechMOS,per_representation_grouped_oof_selected,534,0.7136463692437255,
BRSpeechMOS,per_representation_grouped_oof_selected,535,0.7136463740951565,
BRSpeechMOS,per_representation_grouped_oof_selected,536,0.7239373740932221,
BRSpeechMOS,per_representation_grouped_oof_selected,537,0.7185363969296599,
BRSpeechMOS,per_representation_grouped_oof_selected,538,0.7054334100269107,
BRSpeechMOS,per_representation_grouped_oof_selected,539,0.7054333929551367,
BRSpeechMOS,per_representation_grouped_oof_selected,540,0.7059419931405384,
BRSpeechMOS,per_representation_grouped_oof_selected,541,0.7059419854571717,
BRSpeechMOS,per_representation_grouped_oof_selected,542,0.7059420090693913,
BRSpeechMOS,per_representation_grouped_oof_selected,543,0.705942020200424,
BRSpeechMOS,per_representation_grouped_oof_selected,544,0.7406858425813128,
BRSpeechMOS,per_representation_grouped_oof_selected,545,0.729976733462383,
BRSpeechMOS,per_representation_grouped_oof_selected,546,0.7184816644888129,
BRSpeechMOS,per_representation_grouped_oof_selected,547,0.7183933260424903,
BRSpeechMOS,per_representation_grouped_oof_selected,548,0.7125756194791986,
BRSpeechMOS,per_representation_grouped_oof_selected,549,0.7125756177466613,
BRSpeechMOS,per_representation_grouped_oof_selected,550,0.7125756175418247,
BRSpeechMOS,per_representation_grouped_oof_selected,551,0.7125756197475577,
BRSpeechMOS,per_representation_grouped_oof_selected,552,0.7239373740932221,
BRSpeechMOS,per_representation_grouped_oof_selected,553,0.7185364026302566,
BRSpeechMOS,per_representation_grouped_oof_selected,554,0.7054334172302211,
BRSpeechMOS,per_representation_grouped_oof_selected,555,0.7054334112743232,
BRSpeechMOS,per_representation_grouped_oof_selected,556,0.7059420109446242,
BRSpeechMOS,per_representation_grouped_oof_selected,557,0.7059420088962222,
BRSpeechMOS,per_representation_grouped_oof_selected,558,0.70594201003924,
BRSpeechMOS,per_representation_grouped_oof_selected,559,0.7059420115741718,
BRSpeechMOS,per_representation_grouped_oof_selected,560,0.7406858425813128,
BRSpeechMOS,per_representation_grouped_oof_selected,561,0.7299767326591663,
BRSpeechMOS,per_representation_grouped_oof_selected,562,0.7184816314827687,
BRSpeechMOS,per_representation_grouped_oof_selected,563,0.7183933261725097,
BRSpeechMOS,per_representation_grouped_oof_selected,564,0.7125756160820435,
BRSpeechMOS,per_representation_grouped_oof_selected,565,0.7125756189209606,
BRSpeechMOS,per_representation_grouped_oof_selected,566,0.712575612513018,
BRSpeechMOS,per_representation_grouped_oof_selected,567,0.7125756179638932,
BRSpeechMOS,per_representation_grouped_oof_selected,568,0.7239373740932221,
BRSpeechMOS,per_representation_grouped_oof_selected,569,0.7185364053562115,
BRSpeechMOS,per_representation_grouped_oof_selected,570,0.7054334171444364,
BRSpeechMOS,per_representation_grouped_oof_selected,571,0.7054334092725472,
BRSpeechMOS,per_representation_grouped_oof_selected,572,0.7059420133157657,
BRSpeechMOS,per_representation_grouped_oof_selected,573,0.7059420029965284,
BRSpeechMOS,per_representation_grouped_oof_selected,574,0.7059420088873962,
BRSpeechMOS,per_representation_grouped_oof_selected,575,0.7059420097134623,
BRSpeechMOS,per_representation_grouped_oof_selected,576,0.7686865638129815,
BRSpeechMOS,per_representation_grouped_oof_selected,577,0.7373682318805798,
BRSpeechMOS,per_representation_grouped_oof_selected,578,0.7220826101641418,
BRSpeechMOS,per_representation_grouped_oof_selected,579,0.721306111669854,
BRSpeechMOS,per_representation_grouped_oof_selected,580,0.7145910762941505,
BRSpeechMOS,per_representation_grouped_oof_selected,581,0.7145910866451223,
BRSpeechMOS,per_representation_grouped_oof_selected,582,0.7136463692437255,
BRSpeechMOS,per_representation_grouped_oof_selected,583,0.7136463740951565,
BRSpeechMOS,per_representation_grouped_oof_selected,584,0.7239373740932221,
BRSpeechMOS,per_representation_grouped_oof_selected,585,0.7185363969296599,
BRSpeechMOS,per_representation_grouped_oof_selected,586,0.7054334100269107,
BRSpeechMOS,per_representation_grouped_oof_selected,587,0.7054333929551367,
BRSpeechMOS,per_representation_grouped_oof_selected,588,0.7059419931405384,
BRSpeechMOS,per_representation_grouped_oof_selected,589,0.7059419854571717,
BRSpeechMOS,per_representation_grouped_oof_selected,590,0.7059420090693913,
BRSpeechMOS,per_representation_grouped_oof_selected,591,0.705942020200424,
BRSpeechMOS,per_representation_grouped_oof_selected,592,0.7686865638129815,
BRSpeechMOS,per_representation_grouped_oof_selected,593,0.7373682364442611,
BRSpeechMOS,per_representation_grouped_oof_selected,594,0.7220826092908809,
BRSpeechMOS,per_representation_grouped_oof_selected,595,0.7213061119017798,
BRSpeechMOS,per_representation_grouped_oof_selected,596,0.714591086637693,
BRSpeechMOS,per_representation_grouped_oof_selected,597,0.714591086950359,
BRSpeechMOS,per_representation_grouped_oof_selected,598,0.7136463804066442,
BRSpeechMOS,per_representation_grouped_oof_selected,599,0.7136464263205674,
BRSpeechMOS,per_representation_grouped_oof_selected,600,0.7239373740932221,
BRSpeechMOS,per_representation_grouped_oof_selected,601,0.7185364034647599,
BRSpeechMOS,per_representation_grouped_oof_selected,602,0.7054334086541616,
BRSpeechMOS,per_representation_grouped_oof_selected,603,0.7054333967066928,
BRSpeechMOS,per_representation_grouped_oof_selected,604,0.705941986609371,
BRSpeechMOS,per_representation_grouped_oof_selected,605,0.7059419885941233,
BRSpeechMOS,per_representation_grouped_oof_selected,606,0.7059420087703084,
BRSpeechMOS,per_representation_grouped_oof_selected,607,0.7059420088435152,
BRSpeechMOS,per_representation_grouped_oof_selected,608,0.7406858425813128,
BRSpeechMOS,per_representation_grouped_oof_selected,609,0.7299767326591664,
BRSpeechMOS,per_representation_grouped_oof_selected,610,0.7184816314827684,
BRSpeechMOS,per_representation_grouped_oof_selected,611,0.7183933261725097,
BRSpeechMOS,per_representation_grouped_oof_selected,612,0.7125756160820437,
BRSpeechMOS,per_representation_grouped_oof_selected,613,0.7125756189209606,
BRSpeechMOS,per_representation_grouped_oof_selected,614,0.712575612513018,
BRSpeechMOS,per_representation_grouped_oof_selected,615,0.7125756179638932,
BRSpeechMOS,per_representation_grouped_oof_selected,616,0.7239373740932221,
BRSpeechMOS,per_representation_grouped_oof_selected,617,0.7185364053562115,
BRSpeechMOS,per_representation_grouped_oof_selected,618,0.7054334171444365,
BRSpeechMOS,per_representation_grouped_oof_selected,619,0.7054334092725472,
BRSpeechMOS,per_representation_grouped_oof_selected,620,0.7059420133157654,
BRSpeechMOS,per_representation_grouped_oof_selected,621,0.7059420029965285,
BRSpeechMOS,per_representation_grouped_oof_selected,622,0.7059420088873961,
BRSpeechMOS,per_representation_grouped_oof_selected,623,0.7059420097134622,
BRSpeechMOS,per_representation_grouped_oof_selected,624,0.7406858425813128,
BRSpeechMOS,per_representation_grouped_oof_selected,625,0.7299767327721151,
BRSpeechMOS,per_representation_grouped_oof_selected,626,0.7184816295371564,
BRSpeechMOS,per_representation_grouped_oof_selected,627,0.7183933147148472,
BRSpeechMOS,per_representation_grouped_oof_selected,628,0.7125756186531909,
BRSpeechMOS,per_representation_grouped_oof_selected,629,0.7125756189524765,
BRSpeechMOS,per_representation_grouped_oof_selected,630,0.7125756130819838,
BRSpeechMOS,per_representation_grouped_oof_selected,631,0.7125756056688015,
BRSpeechMOS,per_representation_grouped_oof_selected,632,0.7239373740932221,
BRSpeechMOS,per_representation_grouped_oof_selected,633,0.7185364061491692,
BRSpeechMOS,per_representation_grouped_oof_selected,634,0.7054334127214961,
BRSpeechMOS,per_representation_grouped_oof_selected,635,0.7054333762586951,
BRSpeechMOS,per_representation_grouped_oof_selected,636,0.7059420097969139,
BRSpeechMOS,per_representation_grouped_oof_selected,637,0.7059420406573718,
BRSpeechMOS,per_representation_grouped_oof_selected,638,0.7059420088193259,
BRSpeechMOS,per_representation_grouped_oof_selected,639,0.70594200889361,
BRSpeechMOS,per_representation_grouped_oof_selected,640,0.7683948946962524,
BRSpeechMOS,per_representation_grouped_oof_selected,641,0.7373055497361556,
BRSpeechMOS,per_representation_grouped_oof_selected,642,0.7219933509186661,
BRSpeechMOS,per_representation_grouped_oof_selected,643,0.7212611307929607,
BRSpeechMOS,per_representation_grouped_oof_selected,644,0.7145598626693865,
BRSpeechMOS,per_representation_grouped_oof_selected,645,0.7145598735427185,
BRSpeechMOS,per_representation_grouped_oof_selected,646,0.7135932307334688,
BRSpeechMOS,per_representation_grouped_oof_selected,647,0.7135932354679191,
BRSpeechMOS,per_representation_grouped_oof_selected,648,0.7239373740932221,
BRSpeechMOS,per_representation_grouped_oof_selected,649,0.7185363969662921,
BRSpeechMOS,per_representation_grouped_oof_selected,650,0.7054334100497173,
BRSpeechMOS,per_representation_grouped_oof_selected,651,0.7054333928775721,
BRSpeechMOS,per_representation_grouped_oof_selected,652,0.7059419940421958,
BRSpeechMOS,per_representation_grouped_oof_selected,653,0.7059419850156328,
BRSpeechMOS,per_representation_grouped_oof_selected,654,0.7059420090747992,
BRSpeechMOS,per_representation_grouped_oof_selected,655,0.705942020462689,
BRSpeechMOS,per_representation_grouped_oof_selected,656,0.7685126656563979,
BRSpeechMOS,per_representation_grouped_oof_selected,657,0.7373682366509507,
BRSpeechMOS,per_representation_grouped_oof_selected,658,0.722082611456952,
BRSpeechMOS,per_representation_grouped_oof_selected,659,0.7213061143134951,
BRSpeechMOS,per_representation_grouped_oof_selected,660,0.7145910948625767,
BRSpeechMOS,per_representation_grouped_oof_selected,661,0.7145910839936233,
BRSpeechMOS,per_representation_grouped_oof_selected,662,0.7136463868200004,
BRSpeechMOS,per_representation_grouped_oof_selected,663,0.713646392028279,
BRSpeechMOS,per_representation_grouped_oof_selected,664,0.7239373740932221,
BRSpeechMOS,per_representation_grouped_oof_selected,665,0.7185364034735799,
BRSpeechMOS,per_representation_grouped_oof_selected,666,0.7054334087018435,
BRSpeechMOS,per_representation_grouped_oof_selected,667,0.7054333964907519,
BRSpeechMOS,per_representation_grouped_oof_selected,668,0.7059419873677498,
BRSpeechMOS,per_representation_grouped_oof_selected,669,0.7059419882308199,
BRSpeechMOS,per_representation_grouped_oof_selected,670,0.705942008770509,
BRSpeechMOS,per_representation_grouped_oof_selected,671,0.7059420088450739,
BRSpeechMOS,per_representation_grouped_oof_selected,672,0.7406858425813128,
BRSpeechMOS,per_representation_grouped_oof_selected,673,0.7299767326561644,
BRSpeechMOS,per_representation_grouped_oof_selected,674,0.7184816314215174,
BRSpeechMOS,per_representation_grouped_oof_selected,675,0.7183933261773291,
BRSpeechMOS,per_representation_grouped_oof_selected,676,0.7125756157185008,
BRSpeechMOS,per_representation_grouped_oof_selected,677,0.7125756189125622,
BRSpeechMOS,per_representation_grouped_oof_selected,678,0.7125756124619758,
BRSpeechMOS,per_representation_grouped_oof_selected,679,0.7125756178823719,
BRSpeechMOS,per_representation_grouped_oof_selected,680,0.7239373740932222,
BRSpeechMOS,per_representation_grouped_oof_selected,681,0.7185364053574167,
BRSpeechMOS,per_representation_grouped_oof_selected,682,0.705433417102965,
BRSpeechMOS,per_representation_grouped_oof_selected,683,0.7054334092766986,
BRSpeechMOS,per_representation_grouped_oof_selected,684,0.7059420132277056,
BRSpeechMOS,per_representation_grouped_oof_selected,685,0.7059420029250421,
BRSpeechMOS,per_representation_grouped_oof_selected,686,0.7059420088885128,
BRSpeechMOS,per_representation_grouped_oof_selected,687,0.7059420097212424,
BRSpeechMOS,per_representation_grouped_oof_selected,688,0.7406858425813128,
BRSpeechMOS,per_representation_grouped_oof_selected,689,0.7299767327675525,
BRSpeechMOS,per_representation_grouped_oof_selected,690,0.7184816295297545,
BRSpeechMOS,per_representation_grouped_oof_selected,691,0.7183933147676317,
BRSpeechMOS,per_representation_grouped_oof_selected,692,0.712575618598971,
BRSpeechMOS,per_representation_grouped_oof_selected,693,0.7125756189433763,
BRSpeechMOS,per_representation_grouped_oof_selected,694,0.7125756131218283,
BRSpeechMOS,per_representation_grouped_oof_selected,695,0.7125756011241303,
BRSpeechMOS,per_representation_grouped_oof_selected,696,0.7239373740932221,
BRSpeechMOS,per_representation_grouped_oof_selected,697,0.7185364061549147,
BRSpeechMOS,per_representation_grouped_oof_selected,698,0.7054334127213092,
BRSpeechMOS,per_representation_grouped_oof_selected,699,0.705433376301258,
BRSpeechMOS,per_representation_grouped_oof_selected,700,0.7059420098278391,
BRSpeechMOS,per_representation_grouped_oof_selected,701,0.7059420416836155,
BRSpeechMOS,per_representation_grouped_oof_selected,702,0.7059420088193139,
BRSpeechMOS,per_representation_grouped_oof_selected,703,0.7059420088949081,
BRSpeechMOS,per_representation_grouped_oof_selected,704,0.7685126656563979,
BRSpeechMOS,per_representation_grouped_oof_selected,705,0.7373682366509507,
BRSpeechMOS,per_representation_grouped_oof_selected,706,0.722082611456952,
BRSpeechMOS,per_representation_grouped_oof_selected,707,0.7213061143134951,
BRSpeechMOS,per_representation_grouped_oof_selected,708,0.7145910948625767,
BRSpeechMOS,per_representation_grouped_oof_selected,709,0.7145910839936233,
BRSpeechMOS,per_representation_grouped_oof_selected,710,0.7136463868200004,
BRSpeechMOS,per_representation_grouped_oof_selected,711,0.713646392028279,
BRSpeechMOS,per_representation_grouped_oof_selected,712,0.7239373740932221,
BRSpeechMOS,per_representation_grouped_oof_selected,713,0.7185364034735799,
BRSpeechMOS,per_representation_grouped_oof_selected,714,0.7054334087018435,
BRSpeechMOS,per_representation_grouped_oof_selected,715,0.7054333964907519,
BRSpeechMOS,per_representation_grouped_oof_selected,716,0.7059419873677498,
BRSpeechMOS,per_representation_grouped_oof_selected,717,0.7059419882308199,
BRSpeechMOS,per_representation_grouped_oof_selected,718,0.705942008770509,
BRSpeechMOS,per_representation_grouped_oof_selected,719,0.7059420088450739,
BRSpeechMOS,per_representation_grouped_oof_selected,720,0.7685126656563921,
BRSpeechMOS,per_representation_grouped_oof_selected,721,0.7373682344633652,
BRSpeechMOS,per_representation_grouped_oof_selected,722,0.7220826106711744,
BRSpeechMOS,per_representation_grouped_oof_selected,723,0.7213061130319549,
BRSpeechMOS,per_representation_grouped_oof_selected,724,0.7145910866118818,
BRSpeechMOS,per_representation_grouped_oof_selected,725,0.7145910966960933,
BRSpeechMOS,per_representation_grouped_oof_selected,726,0.7136463914865582,
BRSpeechMOS,per_representation_grouped_oof_selected,727,0.7136463932157643,
BRSpeechMOS,per_representation_grouped_oof_selected,728,0.7239373740932221,
BRSpeechMOS,per_representation_grouped_oof_selected,729,0.7185363972605274,
BRSpeechMOS,per_representation_grouped_oof_selected,730,0.7054334076429396,
BRSpeechMOS,per_representation_grouped_oof_selected,731,0.7054333965302433,
BRSpeechMOS,per_representation_grouped_oof_selected,732,0.7059420088287957,
BRSpeechMOS,per_representation_grouped_oof_selected,733,0.7059419987060778,
BRSpeechMOS,per_representation_grouped_oof_selected,734,0.7059420087159934,
BRSpeechMOS,per_representation_grouped_oof_selected,735,0.7059420088146621,
BRSpeechMOS,per_representation_grouped_oof_selected,736,0.7406858425813128,
BRSpeechMOS,per_representation_grouped_oof_selected,737,0.7299767327675525,
BRSpeechMOS,per_representation_grouped_oof_selected,738,0.7184816295297547,
BRSpeechMOS,per_representation_grouped_oof_selected,739,0.7183933147676317,
BRSpeechMOS,per_representation_grouped_oof_selected,740,0.7125756185989711,
BRSpeechMOS,per_representation_grouped_oof_selected,741,0.7125756189433765,
BRSpeechMOS,per_representation_grouped_oof_selected,742,0.7125756131218284,
BRSpeechMOS,per_representation_grouped_oof_selected,743,0.7125756011241304,
BRSpeechMOS,per_representation_grouped_oof_selected,744,0.7239373740932221,
BRSpeechMOS,per_representation_grouped_oof_selected,745,0.7185364061549147,
BRSpeechMOS,per_representation_grouped_oof_selected,746,0.7054334127213094,
BRSpeechMOS,per_representation_grouped_oof_selected,747,0.705433376301258,
BRSpeechMOS,per_representation_grouped_oof_selected,748,0.7059420098278391,
BRSpeechMOS,per_representation_grouped_oof_selected,749,0.7059420416836154,
BRSpeechMOS,per_representation_grouped_oof_selected,750,0.705942008819314,
BRSpeechMOS,per_representation_grouped_oof_selected,751,0.7059420088949079,
BRSpeechMOS,per_representation_grouped_oof_selected,752,0.7406858425813128,
BRSpeechMOS,per_representation_grouped_oof_selected,753,0.7299767325333519,
BRSpeechMOS,per_representation_grouped_oof_selected,754,0.7184816333791033,
BRSpeechMOS,per_representation_grouped_oof_selected,755,0.7183933008837653,
BRSpeechMOS,per_representation_grouped_oof_selected,756,0.7125756148072463,
BRSpeechMOS,per_representation_grouped_oof_selected,757,0.7125756187013326,
BRSpeechMOS,per_representation_grouped_oof_selected,758,0.7125756158746055,
BRSpeechMOS,per_representation_grouped_oof_selected,759,0.7125756197476363,
BRSpeechMOS,per_representation_grouped_oof_selected,760,0.7239373740932221,
BRSpeechMOS,per_representation_grouped_oof_selected,761,0.7185364066569914,
BRSpeechMOS,per_representation_grouped_oof_selected,762,0.7054334108838851,
BRSpeechMOS,per_representation_grouped_oof_selected,763,0.7054334094146572,
BRSpeechMOS,per_representation_grouped_oof_selected,764,0.7059420121875569,
BRSpeechMOS,per_representation_grouped_oof_selected,765,0.705942010630072,
BRSpeechMOS,per_representation_grouped_oof_selected,766,0.7059420434040337,
BRSpeechMOS,per_representation_grouped_oof_selected,767,0.7059419678773406,
BRSpeechMOS,per_representation_grouped_oof_selected,768,0.7275532146080899,
BRSpeechMOS,per_representation_grouped_oof_selected,769,0.7219798234997771,
BRSpeechMOS,per_representation_grouped_oof_selected,770,0.7071383670359745,
BRSpeechMOS,per_representation_grouped_oof_selected,771,0.7074882490627048,
BRSpeechMOS,per_representation_grouped_oof_selected,772,0.7071162069457128,
BRSpeechMOS,per_representation_grouped_oof_selected,773,0.7071162067108905,
BRSpeechMOS,per_representation_grouped_oof_selected,774,0.7063341576434863,
BRSpeechMOS,per_representation_grouped_oof_selected,775,0.7063341489729378,
BRSpeechMOS,per_representation_grouped_oof_selected,776,0.7239373740932221,
BRSpeechMOS,per_representation_grouped_oof_selected,777,0.7185364030394289,
BRSpeechMOS,per_representation_grouped_oof_selected,778,0.7054334140059882,
BRSpeechMOS,per_representation_grouped_oof_selected,779,0.7054333934604868,
BRSpeechMOS,per_representation_grouped_oof_selected,780,0.7059420099193913,
BRSpeechMOS,per_representation_grouped_oof_selected,781,0.7059420065686234,
BRSpeechMOS,per_representation_grouped_oof_selected,782,0.705942011797615,
BRSpeechMOS,per_representation_grouped_oof_selected,783,0.705942010675103,
BRSpeechMOS,per_representation_grouped_oof_selected,784,0.7275532146080899,
BRSpeechMOS,per_representation_grouped_oof_selected,785,0.7219798657448047,
BRSpeechMOS,per_representation_grouped_oof_selected,786,0.7071383667447166,
BRSpeechMOS,per_representation_grouped_oof_selected,787,0.707488258575306,
BRSpeechMOS,per_representation_grouped_oof_selected,788,0.7071161810988998,
BRSpeechMOS,per_representation_grouped_oof_selected,789,0.70711621366388,
BRSpeechMOS,per_representation_grouped_oof_selected,790,0.7063341611871429,
BRSpeechMOS,per_representation_grouped_oof_selected,791,0.706334133142695,
BRSpeechMOS,per_representation_grouped_oof_selected,792,0.7239373740932221,
BRSpeechMOS,per_representation_grouped_oof_selected,793,0.7185364049429587,
BRSpeechMOS,per_representation_grouped_oof_selected,794,0.7054334132412023,
BRSpeechMOS,per_representation_grouped_oof_selected,795,0.705433409820081,
BRSpeechMOS,per_representation_grouped_oof_selected,796,0.7059420391702436,
BRSpeechMOS,per_representation_grouped_oof_selected,797,0.7059419975585824,
BRSpeechMOS,per_representation_grouped_oof_selected,798,0.7059420087287558,
BRSpeechMOS,per_representation_grouped_oof_selected,799,0.7059420095919309,
BRSpeechMOS,per_representation_grouped_oof_selected,800,0.7279732834707515,
BRSpeechMOS,per_representation_grouped_oof_selected,801,0.7213898842376473,
BRSpeechMOS,per_representation_grouped_oof_selected,802,0.7074410257858578,
BRSpeechMOS,per_representation_grouped_oof_selected,803,0.7076683703649256,
BRSpeechMOS,per_representation_grouped_oof_selected,804,0.7074400801924232,
BRSpeechMOS,per_representation_grouped_oof_selected,805,0.7074401037603739,
BRSpeechMOS,per_representation_grouped_oof_selected,806,0.7074401095861608,
BRSpeechMOS,per_representation_grouped_oof_selected,807,0.7074400991060998,
BRSpeechMOS,per_representation_grouped_oof_selected,808,0.7239373740932221,
BRSpeechMOS,per_representation_grouped_oof_selected,809,0.7185364052472956,
BRSpeechMOS,per_representation_grouped_oof_selected,810,0.705433413277297,
BRSpeechMOS,per_representation_grouped_oof_selected,811,0.7054334095134857,
BRSpeechMOS,per_representation_grouped_oof_selected,812,0.7059420247770041,
BRSpeechMOS,per_representation_grouped_oof_selected,813,0.7059420062676992,
BRSpeechMOS,per_representation_grouped_oof_selected,814,0.7059420088184101,
BRSpeechMOS,per_representation_grouped_oof_selected,815,0.7059420095277462,
BRSpeechMOS,per_representation_grouped_oof_selected,816,0.727973301239978,
BRSpeechMOS,per_representation_grouped_oof_selected,817,0.7213898911194239,
BRSpeechMOS,per_representation_grouped_oof_selected,818,0.7074410512296081,
BRSpeechMOS,per_representation_grouped_oof_selected,819,0.707668369221136,
BRSpeechMOS,per_representation_grouped_oof_selected,820,0.7074400994562988,
BRSpeechMOS,per_representation_grouped_oof_selected,821,0.7074400795542225,
BRSpeechMOS,per_representation_grouped_oof_selected,822,0.7074400998099313,
BRSpeechMOS,per_representation_grouped_oof_selected,823,0.7074400964557442,
BRSpeechMOS,per_representation_grouped_oof_selected,824,0.7239373740932221,
BRSpeechMOS,per_representation_grouped_oof_selected,825,0.7185364054866706,
BRSpeechMOS,per_representation_grouped_oof_selected,826,0.7054334119875207,
BRSpeechMOS,per_representation_grouped_oof_selected,827,0.7054334063236695,
BRSpeechMOS,per_representation_grouped_oof_selected,828,0.7059420121869022,
BRSpeechMOS,per_representation_grouped_oof_selected,829,0.7059420094922266,
BRSpeechMOS,per_representation_grouped_oof_selected,830,0.7059420088193815,
BRSpeechMOS,per_representation_grouped_oof_selected,831,0.7059420084997676,
BRSpeechMOS,per_representation_grouped_oof_selected,832,0.7275532146080899,
BRSpeechMOS,per_representation_grouped_oof_selected,833,0.7219798657448047,
BRSpeechMOS,per_representation_grouped_oof_selected,834,0.7071383667447166,
BRSpeechMOS,per_representation_grouped_oof_selected,835,0.707488258575306,
BRSpeechMOS,per_representation_grouped_oof_selected,836,0.7071161810988998,
BRSpeechMOS,per_representation_grouped_oof_selected,837,0.70711621366388,
BRSpeechMOS,per_representation_grouped_oof_selected,838,0.7063341611871429,
BRSpeechMOS,per_representation_grouped_oof_selected,839,0.706334133142695,
BRSpeechMOS,per_representation_grouped_oof_selected,840,0.7239373740932221,
BRSpeechMOS,per_representation_grouped_oof_selected,841,0.7185364049429587,
BRSpeechMOS,per_representation_grouped_oof_selected,842,0.7054334132412023,
BRSpeechMOS,per_representation_grouped_oof_selected,843,0.705433409820081,
BRSpeechMOS,per_representation_grouped_oof_selected,844,0.7059420391702436,
BRSpeechMOS,per_representation_grouped_oof_selected,845,0.7059419975585824,
BRSpeechMOS,per_representation_grouped_oof_selected,846,0.7059420087287558,
BRSpeechMOS,per_representation_grouped_oof_selected,847,0.7059420095919309,
BRSpeechMOS,per_representation_grouped_oof_selected,848,0.7275532146080897,
BRSpeechMOS,per_representation_grouped_oof_selected,849,0.7219798668014097,
BRSpeechMOS,per_representation_grouped_oof_selected,850,0.7071383521559906,
BRSpeechMOS,per_representation_grouped_oof_selected,851,0.7074882576280096,
BRSpeechMOS,per_representation_grouped_oof_selected,852,0.7071162077961205,
BRSpeechMOS,per_representation_grouped_oof_selected,853,0.7071162112149286,
BRSpeechMOS,per_representation_grouped_oof_selected,854,0.7063341569806604,
BRSpeechMOS,per_representation_grouped_oof_selected,855,0.7063341207512012,
BRSpeechMOS,per_representation_grouped_oof_selected,856,0.7239373740932221,
BRSpeechMOS,per_representation_grouped_oof_selected,857,0.7185364072551507,
BRSpeechMOS,per_representation_grouped_oof_selected,858,0.7054334608165568,
BRSpeechMOS,per_representation_grouped_oof_selected,859,0.7054334080319201,
BRSpeechMOS,per_representation_grouped_oof_selected,860,0.7059420136031814,
BRSpeechMOS,per_representation_grouped_oof_selected,861,0.705942009966016,
BRSpeechMOS,per_representation_grouped_oof_selected,862,0.7059420088193528,
BRSpeechMOS,per_representation_grouped_oof_selected,863,0.7059420078490131,
BRSpeechMOS,per_representation_grouped_oof_selected,864,0.727973301239978,
BRSpeechMOS,per_representation_grouped_oof_selected,865,0.7213898911194235,
BRSpeechMOS,per_representation_grouped_oof_selected,866,0.707441051229608,
BRSpeechMOS,per_representation_grouped_oof_selected,867,0.7076683692211359,
BRSpeechMOS,per_representation_grouped_oof_selected,868,0.7074400994562988,
BRSpeechMOS,per_representation_grouped_oof_selected,869,0.7074400795542227,
BRSpeechMOS,per_representation_grouped_oof_selected,870,0.7074400998099313,
BRSpeechMOS,per_representation_grouped_oof_selected,871,0.7074400964557442,
BRSpeechMOS,per_representation_grouped_oof_selected,872,0.7239373740932221,
BRSpeechMOS,per_representation_grouped_oof_selected,873,0.7185364054866706,
BRSpeechMOS,per_representation_grouped_oof_selected,874,0.7054334119875205,
BRSpeechMOS,per_representation_grouped_oof_selected,875,0.7054334063236695,
BRSpeechMOS,per_representation_grouped_oof_selected,876,0.7059420121869023,
BRSpeechMOS,per_representation_grouped_oof_selected,877,0.7059420094922263,
BRSpeechMOS,per_representation_grouped_oof_selected,878,0.7059420088193815,
BRSpeechMOS,per_representation_grouped_oof_selected,879,0.7059420084997676,
BRSpeechMOS,per_representation_grouped_oof_selected,880,0.7279733064156352,
BRSpeechMOS,per_representation_grouped_oof_selected,881,0.7213899090043608,
BRSpeechMOS,per_representation_grouped_oof_selected,882,0.7074410548000247,
BRSpeechMOS,per_representation_grouped_oof_selected,883,0.7076683732779436,
BRSpeechMOS,per_representation_grouped_oof_selected,884,0.7074400977625773,
BRSpeechMOS,per_representation_grouped_oof_selected,885,0.7074400880555523,
BRSpeechMOS,per_representation_grouped_oof_selected,886,0.7074401008781441,
BRSpeechMOS,per_representation_grouped_oof_selected,887,0.7074400954026455,
BRSpeechMOS,per_representation_grouped_oof_selected,888,0.7239373740932221,
BRSpeechMOS,per_representation_grouped_oof_selected,889,0.7185364072513805,
BRSpeechMOS,per_representation_grouped_oof_selected,890,0.7054334251151708,
BRSpeechMOS,per_representation_grouped_oof_selected,891,0.7054334086690252,
BRSpeechMOS,per_representation_grouped_oof_selected,892,0.7059420132794841,
BRSpeechMOS,per_representation_grouped_oof_selected,893,0.7059420220300994,
BRSpeechMOS,per_representation_grouped_oof_selected,894,0.7059420088194123,
BRSpeechMOS,per_representation_grouped_oof_selected,895,0.7059420023620101,
BRSpeechMOS,per_representation_grouped_oof_selected,896,0.72755321460809,
BRSpeechMOS,per_representation_grouped_oof_selected,897,0.7219798657885633,
BRSpeechMOS,per_representation_grouped_oof_selected,898,0.7071383667580943,
BRSpeechMOS,per_representation_grouped_oof_selected,899,0.7074882585794421,
BRSpeechMOS,per_representation_grouped_oof_selected,900,0.7071161794299528,
BRSpeechMOS,per_representation_grouped_oof_selected,901,0.7071162137313259,
BRSpeechMOS,per_representation_grouped_oof_selected,902,0.7063341612931452,
BRSpeechMOS,per_representation_grouped_oof_selected,903,0.7063341332475191,
BRSpeechMOS,per_representation_grouped_oof_selected,904,0.7239373740932221,
BRSpeechMOS,per_representation_grouped_oof_selected,905,0.7185364049277178,
BRSpeechMOS,per_representation_grouped_oof_selected,906,0.7054334132546993,
BRSpeechMOS,per_representation_grouped_oof_selected,907,0.7054334098250629,
BRSpeechMOS,per_representation_grouped_oof_selected,908,0.7059420391491414,
BRSpeechMOS,per_representation_grouped_oof_selected,909,0.7059419970367203,
BRSpeechMOS,per_representation_grouped_oof_selected,910,0.7059420087268315,
BRSpeechMOS,per_representation_grouped_oof_selected,911,0.7059420095910942,
BRSpeechMOS,per_representation_grouped_oof_selected,912,0.72755321460809,
BRSpeechMOS,per_representation_grouped_oof_selected,913,0.7219798668248583,
BRSpeechMOS,per_representation_grouped_oof_selected,914,0.7071383514007431,
BRSpeechMOS,per_representation_grouped_oof_selected,915,0.70748825762903,
BRSpeechMOS,per_representation_grouped_oof_selected,916,0.7071162077943575,
BRSpeechMOS,per_representation_grouped_oof_selected,917,0.707116211266475,
BRSpeechMOS,per_representation_grouped_oof_selected,918,0.7063341570569979,
BRSpeechMOS,per_representation_grouped_oof_selected,919,0.7063341208255415,
BRSpeechMOS,per_representation_grouped_oof_selected,920,0.7239373740932221,
BRSpeechMOS,per_representation_grouped_oof_selected,921,0.7185364072636867,
BRSpeechMOS,per_representation_grouped_oof_selected,922,0.7054334609239172,
BRSpeechMOS,per_representation_grouped_oof_selected,923,0.705433408010496,
BRSpeechMOS,per_representation_grouped_oof_selected,924,0.7059420135565767,
BRSpeechMOS,per_representation_grouped_oof_selected,925,0.705942009941041,
BRSpeechMOS,per_representation_grouped_oof_selected,926,0.705942008819249,
BRSpeechMOS,per_representation_grouped_oof_selected,927,0.7059420078373596,
BRSpeechMOS,per_representation_grouped_oof_selected,928,0.7279733011806472,
BRSpeechMOS,per_representation_grouped_oof_selected,929,0.7213898911125729,
BRSpeechMOS,per_representation_grouped_oof_selected,930,0.7074410512255421,
BRSpeechMOS,per_representation_grouped_oof_selected,931,0.7076683692165866,
BRSpeechMOS,per_representation_grouped_oof_selected,932,0.7074400994323315,
BRSpeechMOS,per_representation_grouped_oof_selected,933,0.7074400794722723,
BRSpeechMOS,per_representation_grouped_oof_selected,934,0.7074400997414908,
BRSpeechMOS,per_representation_grouped_oof_selected,935,0.7074400964833168,
BRSpeechMOS,per_representation_grouped_oof_selected,936,0.7239373740932221,
BRSpeechMOS,per_representation_grouped_oof_selected,937,0.7185364054938276,
BRSpeechMOS,per_representation_grouped_oof_selected,938,0.7054334120261034,
BRSpeechMOS,per_representation_grouped_oof_selected,939,0.7054334062216163,
BRSpeechMOS,per_representation_grouped_oof_selected,940,0.705942012174981,
BRSpeechMOS,per_representation_grouped_oof_selected,941,0.7059420094782897,
BRSpeechMOS,per_representation_grouped_oof_selected,942,0.7059420088194001,
BRSpeechMOS,per_representation_grouped_oof_selected,943,0.7059420084896095,
BRSpeechMOS,per_representation_grouped_oof_selected,944,0.7279733061124394,
BRSpeechMOS,per_representation_grouped_oof_selected,945,0.7213899092093767,
BRSpeechMOS,per_representation_grouped_oof_selected,946,0.7074410548090275,
BRSpeechMOS,per_representation_grouped_oof_selected,947,0.7076683732997265,
BRSpeechMOS,per_representation_grouped_oof_selected,948,0.7074400977439735,
BRSpeechMOS,per_representation_grouped_oof_selected,949,0.7074400879907548,
BRSpeechMOS,per_representation_grouped_oof_selected,950,0.7074401009012048,
BRSpeechMOS,per_representation_grouped_oof_selected,951,0.7074400954059715,
BRSpeechMOS,per_representation_grouped_oof_selected,952,0.7239373740932221,
BRSpeechMOS,per_representation_grouped_oof_selected,953,0.7185364072562347,
BRSpeechMOS,per_representation_grouped_oof_selected,954,0.7054334253334464,
BRSpeechMOS,per_representation_grouped_oof_selected,955,0.7054334086258294,
BRSpeechMOS,per_representation_grouped_oof_selected,956,0.705942013257196,
BRSpeechMOS,per_representation_grouped_oof_selected,957,0.7059420219421498,
BRSpeechMOS,per_representation_grouped_oof_selected,958,0.7059420088193696,
BRSpeechMOS,per_representation_grouped_oof_selected,959,0.7059420022714588,
BRSpeechMOS,per_representation_grouped_oof_selected,960,0.72755321460809,
BRSpeechMOS,per_representation_grouped_oof_selected,961,0.7219798668248583,
BRSpeechMOS,per_representation_grouped_oof_selected,962,0.7071383514007431,
BRSpeechMOS,per_representation_grouped_oof_selected,963,0.70748825762903,
BRSpeechMOS,per_representation_grouped_oof_selected,964,0.7071162077943575,
BRSpeechMOS,per_representation_grouped_oof_selected,965,0.707116211266475,
BRSpeechMOS,per_representation_grouped_oof_selected,966,0.7063341570569979,
BRSpeechMOS,per_representation_grouped_oof_selected,967,0.7063341208255415,
BRSpeechMOS,per_representation_grouped_oof_selected,968,0.7239373740932221,
BRSpeechMOS,per_representation_grouped_oof_selected,969,0.7185364072636867,
BRSpeechMOS,per_representation_grouped_oof_selected,970,0.7054334609239172,
BRSpeechMOS,per_representation_grouped_oof_selected,971,0.705433408010496,
BRSpeechMOS,per_representation_grouped_oof_selected,972,0.7059420135565767,
BRSpeechMOS,per_representation_grouped_oof_selected,973,0.705942009941041,
BRSpeechMOS,per_representation_grouped_oof_selected,974,0.705942008819249,
BRSpeechMOS,per_representation_grouped_oof_selected,975,0.7059420078373596,
BRSpeechMOS,per_representation_grouped_oof_selected,976,0.72755321460809,
BRSpeechMOS,per_representation_grouped_oof_selected,977,0.7219798675458938,
BRSpeechMOS,per_representation_grouped_oof_selected,978,0.7071383632217881,
BRSpeechMOS,per_representation_grouped_oof_selected,979,0.7074882390688485,
BRSpeechMOS,per_representation_grouped_oof_selected,980,0.707116207634274,
BRSpeechMOS,per_representation_grouped_oof_selected,981,0.707116210366075,
BRSpeechMOS,per_representation_grouped_oof_selected,982,0.70633415916316,
BRSpeechMOS,per_representation_grouped_oof_selected,983,0.7063341310669352,
BRSpeechMOS,per_representation_grouped_oof_selected,984,0.7239373740932221,
BRSpeechMOS,per_representation_grouped_oof_selected,985,0.7185364086684933,
BRSpeechMOS,per_representation_grouped_oof_selected,986,0.7054334134972862,
BRSpeechMOS,per_representation_grouped_oof_selected,987,0.7054334042499859,
BRSpeechMOS,per_representation_grouped_oof_selected,988,0.70594201677857,
BRSpeechMOS,per_representation_grouped_oof_selected,989,0.705942009548437,
BRSpeechMOS,per_representation_grouped_oof_selected,990,0.7059420087445892,
BRSpeechMOS,per_representation_grouped_oof_selected,991,0.705942006699302,
BRSpeechMOS,per_representation_grouped_oof_selected,992,0.7279733061124394,
BRSpeechMOS,per_representation_grouped_oof_selected,993,0.7213899092093766,
BRSpeechMOS,per_representation_grouped_oof_selected,994,0.7074410548090275,
BRSpeechMOS,per_representation_grouped_oof_selected,995,0.7076683732997262,
BRSpeechMOS,per_representation_grouped_oof_selected,996,0.7074400977439735,
BRSpeechMOS,per_representation_grouped_oof_selected,997,0.7074400879907549,
BRSpeechMOS,per_representation_grouped_oof_selected,998,0.7074401009012049,
BRSpeechMOS,per_representation_grouped_oof_selected,999,0.7074400954059715,
BRSpeechMOS,per_representation_grouped_oof_selected,1000,0.7239373740932221,
BRSpeechMOS,per_representation_grouped_oof_selected,1001,0.7185364072562345,
BRSpeechMOS,per_representation_grouped_oof_selected,1002,0.7054334253334464,
BRSpeechMOS,per_representation_grouped_oof_selected,1003,0.7054334086258295,
BRSpeechMOS,per_representation_grouped_oof_selected,1004,0.7059420132571959,
BRSpeechMOS,per_representation_grouped_oof_selected,1005,0.7059420219421497,
BRSpeechMOS,per_representation_grouped_oof_selected,1006,0.7059420088193696,
BRSpeechMOS,per_representation_grouped_oof_selected,1007,0.7059420022714585,
BRSpeechMOS,per_representation_grouped_oof_selected,1008,0.7279732878160019,
BRSpeechMOS,per_representation_grouped_oof_selected,1009,0.7213898914681011,
BRSpeechMOS,per_representation_grouped_oof_selected,1010,0.7074410524466862,
BRSpeechMOS,per_representation_grouped_oof_selected,1011,0.7076683752360577,
BRSpeechMOS,per_representation_grouped_oof_selected,1012,0.7074400966921207,
BRSpeechMOS,per_representation_grouped_oof_selected,1013,0.7074400919519808,
BRSpeechMOS,per_representation_grouped_oof_selected,1014,0.7074401006302828,
BRSpeechMOS,per_representation_grouped_oof_selected,1015,0.7074400959381992,
BRSpeechMOS,per_representation_grouped_oof_selected,1016,0.7239373740932221,
BRSpeechMOS,per_representation_grouped_oof_selected,1017,0.7185364074289876,
BRSpeechMOS,per_representation_grouped_oof_selected,1018,0.7054334130711373,
BRSpeechMOS,per_representation_grouped_oof_selected,1019,0.7054334065983485,
BRSpeechMOS,per_representation_grouped_oof_selected,1020,0.705942014836733,
BRSpeechMOS,per_representation_grouped_oof_selected,1021,0.7059420101298811,
BRSpeechMOS,per_representation_grouped_oof_selected,1022,0.7059420087884872,
BRSpeechMOS,per_representation_grouped_oof_selected,1023,0.7059420012864457,
BVCC,common_alpha_1,1,0.4700486847139516,
BVCC,common_alpha_1,2,0.3897356662526709,
BVCC,common_alpha_1,3,0.3261739231794215,
BVCC,common_alpha_1,4,0.3304652618494144,
BVCC,common_alpha_1,5,0.3047459150163487,
BVCC,common_alpha_1,6,0.2982472996667427,
BVCC,common_alpha_1,7,0.2848056667301371,
BVCC,common_alpha_1,8,0.2889851853924796,
BVCC,common_alpha_1,9,0.2636068713225757,
BVCC,common_alpha_1,10,0.2394620983821886,
BVCC,common_alpha_1,11,0.2370658720379357,
BVCC,common_alpha_1,12,0.2419509882180428,
BVCC,common_alpha_1,13,0.238722485017808,
BVCC,common_alpha_1,14,0.2306666683877122,
BVCC,common_alpha_1,15,0.230551155184474,
BVCC,common_alpha_1,16,0.673903140179819,
BVCC,common_alpha_1,17,0.3971573221870316,
BVCC,common_alpha_1,18,0.3554188277255291,
BVCC,common_alpha_1,19,0.3167510751679303,
BVCC,common_alpha_1,20,0.312803967701297,
BVCC,common_alpha_1,21,0.2980745721820296,
BVCC,common_alpha_1,22,0.2917153705487853,
BVCC,common_alpha_1,23,0.2825328022498043,
BVCC,common_alpha_1,24,0.2651384064063401,
BVCC,common_alpha_1,25,0.2599358399052028,
BVCC,common_alpha_1,26,0.2386508157908912,
BVCC,common_alpha_1,27,0.2370658736666454,
BVCC,common_alpha_1,28,0.2408486525178044,
BVCC,common_alpha_1,29,0.238722497364057,
BVCC,common_alpha_1,30,0.230666664823866,
BVCC,common_alpha_1,31,0.2305511779823436,
BVCC,common_alpha_1,32,0.3477081736972028,
BVCC,common_alpha_1,33,0.2895130925528413,
BVCC,common_alpha_1,34,0.2832122375676417,
BVCC,common_alpha_1,35,0.266011466289792,
BVCC,common_alpha_1,36,0.2738977716748566,
BVCC,common_alpha_1,37,0.2605859244374823,
BVCC,common_alpha_1,38,0.261819839367196,
BVCC,common_alpha_1,39,0.2542266559887667,
BVCC,common_alpha_1,40,0.255089610423668,
BVCC,common_alpha_1,41,0.2398174027296188,
BVCC,common_alpha_1,42,0.2307200775440246,
BVCC,common_alpha_1,43,0.2278429840569398,
BVCC,common_alpha_1,44,0.2339294539328706,
BVCC,common_alpha_1,45,0.2292546670703501,
BVCC,common_alpha_1,46,0.2261663210042623,
BVCC,common_alpha_1,47,0.2247662616091511,
BVCC,common_alpha_1,48,0.3375736449512448,
BVCC,common_alpha_1,49,0.2895130925528414,
BVCC,common_alpha_1,50,0.2832122375676416,
BVCC,common_alpha_1,51,0.2660114500594964,
BVCC,common_alpha_1,52,0.2738977716748565,
BVCC,common_alpha_1,53,0.2605859244414594,
BVCC,common_alpha_1,54,0.2618198389773642,
BVCC,common_alpha_1,55,0.254226663169819,
BVCC,common_alpha_1,56,0.255089610423668,
BVCC,common_alpha_1,57,0.2398173499360992,
BVCC,common_alpha_1,58,0.2307200859004976,
BVCC,common_alpha_1,59,0.2278428956675136,
BVCC,common_alpha_1,60,0.2339294511032928,
BVCC,common_alpha_1,61,0.2292547174384366,
BVCC,common_alpha_1,62,0.2261663217931114,
BVCC,common_alpha_1,63,0.2247661790537618,
BVCC,common_alpha_1,64,0.7974280447953159,
BVCC,common_alpha_1,65,0.4079902753529926,
BVCC,common_alpha_1,66,0.3634239462680115,
BVCC,common_alpha_1,67,0.3198983764056724,
BVCC,common_alpha_1,68,0.3214916847154258,
BVCC,common_alpha_1,69,0.3008457318985179,
BVCC,common_alpha_1,70,0.2947867308598016,
BVCC,common_alpha_1,71,0.2839079276746208,
BVCC,common_alpha_1,72,0.2735645923183359,
BVCC,common_alpha_1,73,0.260744918308341,
BVCC,common_alpha_1,74,0.2385607680629929,
BVCC,common_alpha_1,75,0.2370658737040684,
BVCC,common_alpha_1,76,0.2409436750023965,
BVCC,common_alpha_1,77,0.2386821610856819,
BVCC,common_alpha_1,78,0.2306666694372147,
BVCC,common_alpha_1,79,0.2305511952327126,
BVCC,common_alpha_1,80,0.6742157576811315,
BVCC,common_alpha_1,81,0.3969466778493449,
BVCC,common_alpha_1,82,0.3558623820691429,
BVCC,common_alpha_1,83,0.3175397528079728,
BVCC,common_alpha_1,84,0.3165156443523977,
BVCC,common_alpha_1,85,0.2996557511556065,
BVCC,common_alpha_1,86,0.2929435267697313,
BVCC,common_alpha_1,87,0.2835661410766049,
BVCC,common_alpha_1,88,0.2690287872422812,
BVCC,common_alpha_1,89,0.2607449233407342,
BVCC,common_alpha_1,90,0.2385607575934373,
BVCC,common_alpha_1,91,0.2370658770210283,
BVCC,common_alpha_1,92,0.2409436732927114,
BVCC,common_alpha_1,93,0.2386821453376691,
BVCC,common_alpha_1,94,0.2306666822949609,
BVCC,common_alpha_1,95,0.2305511128765476,
BVCC,common_alpha_1,96,0.3390956094129939,
BVCC,common_alpha_1,97,0.28921932379769,
BVCC,common_alpha_1,98,0.2832122375676417,
BVCC,common_alpha_1,99,0.2660114504072645,
BVCC,common_alpha_1,100,0.2738977716748566,
BVCC,common_alpha_1,101,0.2605859242730078,
BVCC,common_alpha_1,102,0.2618198457208104,
BVCC,common_alpha_1,103,0.2542266632757012,
BVCC,common_alpha_1,104,0.2550896104236682,
BVCC,common_alpha_1,105,0.2398173878147482,
BVCC,common_alpha_1,106,0.2307200918955806,
BVCC,common_alpha_1,107,0.2278429215951401,
BVCC,common_alpha_1,108,0.2339294539469804,
BVCC,common_alpha_1,109,0.2292547458562636,
BVCC,common_alpha_1,110,0.2261663248869876,
BVCC,common_alpha_1,111,0.2247662439553751,
BVCC,common_alpha_1,112,0.339095609412994,
BVCC,common_alpha_1,113,0.2892193728055999,
BVCC,common_alpha_1,114,0.2832122375676417,
BVCC,common_alpha_1,115,0.2660114407668696,
BVCC,common_alpha_1,116,0.2738977716748566,
BVCC,common_alpha_1,117,0.2605859355512395,
BVCC,common_alpha_1,118,0.2618198341045458,
BVCC,common_alpha_1,119,0.2542266481788954,
BVCC,common_alpha_1,120,0.255089610423668,
BVCC,common_alpha_1,121,0.2398173423990466,
BVCC,common_alpha_1,122,0.2307200908087761,
BVCC,common_alpha_1,123,0.2278429047026496,
BVCC,common_alpha_1,124,0.2339294521959983,
BVCC,common_alpha_1,125,0.2292546915020109,
BVCC,common_alpha_1,126,0.226166331722771,
BVCC,common_alpha_1,127,0.2247662610352552,
BVCC,common_alpha_1,128,0.8275952821021741,
BVCC,common_alpha_1,129,0.4208172485721851,
BVCC,common_alpha_1,130,0.3669999114734666,
BVCC,common_alpha_1,131,0.3231820867753913,
BVCC,common_alpha_1,132,0.3215020041609014,
BVCC,common_alpha_1,133,0.3027929604737355,
BVCC,common_alpha_1,134,0.2953857958490908,
BVCC,common_alpha_1,135,0.2847922701010652,
BVCC,common_alpha_1,136,0.2726397013599266,
BVCC,common_alpha_1,137,0.2619536405667642,
BVCC,common_alpha_1,138,0.2389350315038033,
BVCC,common_alpha_1,139,0.2370658736597472,
BVCC,common_alpha_1,140,0.2410915353151596,
BVCC,common_alpha_1,141,0.2387224527017964,
BVCC,common_alpha_1,142,0.2306666565608482,
BVCC,common_alpha_1,143,0.2305510762445315,
BVCC,common_alpha_1,144,0.6768891517929713,
BVCC,common_alpha_1,145,0.4001180942590528,
BVCC,common_alpha_1,146,0.3563540493544304,
BVCC,common_alpha_1,147,0.3179790788071381,
BVCC,common_alpha_1,148,0.3150429122890779,
BVCC,common_alpha_1,149,0.2995342204176352,
BVCC,common_alpha_1,150,0.2923701704938945,
BVCC,common_alpha_1,151,0.2831842358022748,
BVCC,common_alpha_1,152,0.2669087887572066,
BVCC,common_alpha_1,153,0.260924301786969,
BVCC,common_alpha_1,154,0.2387482067409054,
BVCC,common_alpha_1,155,0.2370658612782186,
BVCC,common_alpha_1,156,0.241091532887831,
BVCC,common_alpha_1,157,0.238722504403659,
BVCC,common_alpha_1,158,0.2306666761122936,
BVCC,common_alpha_1,159,0.2305511132222171,
BVCC,common_alpha_1,160,0.3388106059650378,
BVCC,common_alpha_1,161,0.2895008908998231,
BVCC,common_alpha_1,162,0.2832122375676417,
BVCC,common_alpha_1,163,0.2660114577339577,
BVCC,common_alpha_1,164,0.2738977716748567,
BVCC,common_alpha_1,165,0.260585923937779,
BVCC,common_alpha_1,166,0.2618198345068641,
BVCC,common_alpha_1,167,0.2542266709593527,
BVCC,common_alpha_1,168,0.2550896104236682,
BVCC,common_alpha_1,169,0.23981730917706,
BVCC,common_alpha_1,170,0.2307200856958032,
BVCC,common_alpha_1,171,0.2278429092377528,
BVCC,common_alpha_1,172,0.2339294539469952,
BVCC,common_alpha_1,173,0.2292547322266837,
BVCC,common_alpha_1,174,0.2261663188146195,
BVCC,common_alpha_1,175,0.2247662463471165,
BVCC,common_alpha_1,176,0.3375415317787553,
BVCC,common_alpha_1,177,0.2895008871293738,
BVCC,common_alpha_1,178,0.2832122375676416,
BVCC,common_alpha_1,179,0.2660114419850606,
BVCC,common_alpha_1,180,0.2738977716748566,
BVCC,common_alpha_1,181,0.2605859326000168,
BVCC,common_alpha_1,182,0.2618198340918845,
BVCC,common_alpha_1,183,0.2542266486159078,
BVCC,common_alpha_1,184,0.2550896104236682,
BVCC,common_alpha_1,185,0.2398173435656383,
BVCC,common_alpha_1,186,0.2307200913652914,
BVCC,common_alpha_1,187,0.227842905006818,
BVCC,common_alpha_1,188,0.233929453026484,
BVCC,common_alpha_1,189,0.2292546938092255,
BVCC,common_alpha_1,190,0.2261663319627286,
BVCC,common_alpha_1,191,0.224766260120548,
BVCC,common_alpha_1,192,0.7755217795399154,
BVCC,common_alpha_1,193,0.4086627143396067,
BVCC,common_alpha_1,194,0.3632717158014317,
BVCC,common_alpha_1,195,0.3199845516945001,
BVCC,common_alpha_1,196,0.3212345441059386,
BVCC,common_alpha_1,197,0.3008458377876921,
BVCC,common_alpha_1,198,0.2947861747160405,
BVCC,common_alpha_1,199,0.28390796669211,
BVCC,common_alpha_1,200,0.2728724627200358,
BVCC,common_alpha_1,201,0.2607449202578599,
BVCC,common_alpha_1,202,0.2385607503314204,
BVCC,common_alpha_1,203,0.2370658721548244,
BVCC,common_alpha_1,204,0.2409436750069319,
BVCC,common_alpha_1,205,0.2386821429501053,
BVCC,common_alpha_1,206,0.2306666732426781,
BVCC,common_alpha_1,207,0.2305511137721777,
BVCC,common_alpha_1,208,0.6748848813313899,
BVCC,common_alpha_1,209,0.3974963888480243,
BVCC,common_alpha_1,210,0.3559757760283099,
BVCC,common_alpha_1,211,0.3175397547827208,
BVCC,common_alpha_1,212,0.316572514314474,
BVCC,common_alpha_1,213,0.2996557050712504,
BVCC,common_alpha_1,214,0.2929435183495804,
BVCC,common_alpha_1,215,0.2835661452784069,
BVCC,common_alpha_1,216,0.2689631683622797,
BVCC,common_alpha_1,217,0.2607449388438002,
BVCC,common_alpha_1,218,0.2385607656093628,
BVCC,common_alpha_1,219,0.2370658737100693,
BVCC,common_alpha_1,220,0.240943673604142,
BVCC,common_alpha_1,221,0.2386821768176862,
BVCC,common_alpha_1,222,0.2306666735311151,
BVCC,common_alpha_1,223,0.2305511084412617,
BVCC,common_alpha_1,224,0.3389565137559673,
BVCC,common_alpha_1,225,0.2892193706372719,
BVCC,common_alpha_1,226,0.2832122375676417,
BVCC,common_alpha_1,227,0.2660114490721005,
BVCC,common_alpha_1,228,0.2738977716748565,
BVCC,common_alpha_1,229,0.2605859224933375,
BVCC,common_alpha_1,230,0.2618198347837668,
BVCC,common_alpha_1,231,0.2542266546305494,
BVCC,common_alpha_1,232,0.255089610423668,
BVCC,common_alpha_1,233,0.2398173674894873,
BVCC,common_alpha_1,234,0.2307200919611797,
BVCC,common_alpha_1,235,0.227842903117682,
BVCC,common_alpha_1,236,0.2339294539180794,
BVCC,common_alpha_1,237,0.2292547063672517,
BVCC,common_alpha_1,238,0.2261663215193101,
BVCC,common_alpha_1,239,0.2247662531611756,
BVCC,common_alpha_1,240,0.3389565177771638,
BVCC,common_alpha_1,241,0.2892193738920665,
BVCC,common_alpha_1,242,0.2832122375676417,
BVCC,common_alpha_1,243,0.2660114398859576,
BVCC,common_alpha_1,244,0.2738977716748567,
BVCC,common_alpha_1,245,0.2605859225881102,
BVCC,common_alpha_1,246,0.2618198345300963,
BVCC,common_alpha_1,247,0.2542266645822925,
BVCC,common_alpha_1,248,0.255089610423668,
BVCC,common_alpha_1,249,0.2398173791205579,
BVCC,common_alpha_1,250,0.2307200830100302,
BVCC,common_alpha_1,251,0.2278429032553501,
BVCC,common_alpha_1,252,0.2339294539469996,
BVCC,common_alpha_1,253,0.2292546750230834,
BVCC,common_alpha_1,254,0.2261663257870629,
BVCC,common_alpha_1,255,0.2247662458894439,
BVCC,common_alpha_1,256,0.283811094722903,
BVCC,common_alpha_1,257,0.2549765197080498,
BVCC,common_alpha_1,258,0.24244118073516,
BVCC,common_alpha_1,259,0.2353979801630164,
BVCC,common_alpha_1,260,0.2357992205242063,
BVCC,common_alpha_1,261,0.2321471590183619,
BVCC,common_alpha_1,262,0.2288310885867861,
BVCC,common_alpha_1,263,0.2270971623333993,
BVCC,common_alpha_1,264,0.2291987047417427,
BVCC,common_alpha_1,265,0.2257520091022002,
BVCC,common_alpha_1,266,0.2133963459460936,
BVCC,common_alpha_1,267,0.2144914845650279,
BVCC,common_alpha_1,268,0.2154445807151061,
BVCC,common_alpha_1,269,0.2158716872476815,
BVCC,common_alpha_1,270,0.2105216476355421,
BVCC,common_alpha_1,271,0.2119367346308569,
BVCC,common_alpha_1,272,0.2805340455257576,
BVCC,common_alpha_1,273,0.2549765864777691,
BVCC,common_alpha_1,274,0.2424411807351599,
BVCC,common_alpha_1,275,0.2353979790090254,
BVCC,common_alpha_1,276,0.2357992205242063,
BVCC,common_alpha_1,277,0.2321471530378682,
BVCC,common_alpha_1,278,0.2288310856047864,
BVCC,common_alpha_1,279,0.2270971668433674,
BVCC,common_alpha_1,280,0.2290409754730286,
BVCC,common_alpha_1,281,0.2257520155667179,
BVCC,common_alpha_1,282,0.2133963402206625,
BVCC,common_alpha_1,283,0.2144914856362504,
BVCC,common_alpha_1,284,0.2154446127052093,
BVCC,common_alpha_1,285,0.2158716902199385,
BVCC,common_alpha_1,286,0.2105216361051916,
BVCC,common_alpha_1,287,0.2119367349667967,
BVCC,common_alpha_1,288,0.2432057313447212,
BVCC,common_alpha_1,289,0.2340907591891457,
BVCC,common_alpha_1,290,0.227820154821209,
BVCC,common_alpha_1,291,0.2251468702090152,
BVCC,common_alpha_1,292,0.2263416784386007,
BVCC,common_alpha_1,293,0.2240792066873462,
BVCC,common_alpha_1,294,0.2220110754290795,
BVCC,common_alpha_1,295,0.2211924432256611,
BVCC,common_alpha_1,296,0.2211083233604273,
BVCC,common_alpha_1,297,0.2184157865417357,
BVCC,common_alpha_1,298,0.2103557464470647,
BVCC,common_alpha_1,299,0.2114204849104051,
BVCC,common_alpha_1,300,0.2132122615071788,
BVCC,common_alpha_1,301,0.2129012127469586,
BVCC,common_alpha_1,302,0.2091070225197517,
BVCC,common_alpha_1,303,0.2101284423054713,
BVCC,common_alpha_1,304,0.2432057313447212,
BVCC,common_alpha_1,305,0.2340906955302139,
BVCC,common_alpha_1,306,0.2278201547935571,
BVCC,common_alpha_1,307,0.2251468524617447,
BVCC,common_alpha_1,308,0.2263416828568781,
BVCC,common_alpha_1,309,0.22407924376639,
BVCC,common_alpha_1,310,0.2220110811992436,
BVCC,common_alpha_1,311,0.221192464117776,
BVCC,common_alpha_1,312,0.2211083279291161,
BVCC,common_alpha_1,313,0.2184157918866418,
BVCC,common_alpha_1,314,0.2103557398550019,
BVCC,common_alpha_1,315,0.2114204433015352,
BVCC,common_alpha_1,316,0.2132122641428854,
BVCC,common_alpha_1,317,0.2129011136156868,
BVCC,common_alpha_1,318,0.2091070207449515,
BVCC,common_alpha_1,319,0.2101284372402553,
BVCC,common_alpha_1,320,0.2809607094671165,
BVCC,common_alpha_1,321,0.2550125197930369,
BVCC,common_alpha_1,322,0.2424411807351599,
BVCC,common_alpha_1,323,0.2353979788568733,
BVCC,common_alpha_1,324,0.2357992205242063,
BVCC,common_alpha_1,325,0.2321471466673173,
BVCC,common_alpha_1,326,0.2288310876394957,
BVCC,common_alpha_1,327,0.22709718660112,
BVCC,common_alpha_1,328,0.2288388320642964,
BVCC,common_alpha_1,329,0.2257520153910765,
BVCC,common_alpha_1,330,0.2133963360347926,
BVCC,common_alpha_1,331,0.214491480872583,
BVCC,common_alpha_1,332,0.2154445808128518,
BVCC,common_alpha_1,333,0.2158716898869942,
BVCC,common_alpha_1,334,0.2105216321141332,
BVCC,common_alpha_1,335,0.2119367358471144,
BVCC,common_alpha_1,336,0.2807787735202558,
BVCC,common_alpha_1,337,0.2550124187309647,
BVCC,common_alpha_1,338,0.24244118073516,
BVCC,common_alpha_1,339,0.2353979647502971,
BVCC,common_alpha_1,340,0.2357992205242063,
BVCC,common_alpha_1,341,0.2321471036052738,
BVCC,common_alpha_1,342,0.2288310901386057,
BVCC,common_alpha_1,343,0.2270971574062439,
BVCC,common_alpha_1,344,0.2288388200752586,
BVCC,common_alpha_1,345,0.2257520155655634,
BVCC,common_alpha_1,346,0.2133963867232392,
BVCC,common_alpha_1,347,0.2144914591926945,
BVCC,common_alpha_1,348,0.2154445807981733,
BVCC,common_alpha_1,349,0.2158717073692388,
BVCC,common_alpha_1,350,0.2105216474638005,
BVCC,common_alpha_1,351,0.2119367368338744,
BVCC,common_alpha_1,352,0.2432057313447213,
BVCC,common_alpha_1,353,0.2340907329057138,
BVCC,common_alpha_1,354,0.2278201551304934,
BVCC,common_alpha_1,355,0.2251468431409795,
BVCC,common_alpha_1,356,0.2263416829729135,
BVCC,common_alpha_1,357,0.2240792439073761,
BVCC,common_alpha_1,358,0.2220110745312998,
BVCC,common_alpha_1,359,0.2211924635060707,
BVCC,common_alpha_1,360,0.2211083262493077,
BVCC,common_alpha_1,361,0.218415794383672,
BVCC,common_alpha_1,362,0.2103557392875419,
BVCC,common_alpha_1,363,0.2114204833663687,
BVCC,common_alpha_1,364,0.2132122702679659,
BVCC,common_alpha_1,365,0.2129011419210302,
BVCC,common_alpha_1,366,0.2091070217378176,
BVCC,common_alpha_1,367,0.2101284349318664,
BVCC,common_alpha_1,368,0.2432057313447212,
BVCC,common_alpha_1,369,0.2340907603575755,
BVCC,common_alpha_1,370,0.2278201584071467,
BVCC,common_alpha_1,371,0.2251468693360871,
BVCC,common_alpha_1,372,0.2263416483381811,
BVCC,common_alpha_1,373,0.2240792975124615,
BVCC,common_alpha_1,374,0.2220110828732543,
BVCC,common_alpha_1,375,0.2211924261032244,
BVCC,common_alpha_1,376,0.2211083167385565,
BVCC,common_alpha_1,377,0.2184157703931447,
BVCC,common_alpha_1,378,0.2103557529477343,
BVCC,common_alpha_1,379,0.2114204453837145,
BVCC,common_alpha_1,380,0.2132122634782338,
BVCC,common_alpha_1,381,0.2129010673607475,
BVCC,common_alpha_1,382,0.2091070206837434,
BVCC,common_alpha_1,383,0.2101284375674039,
BVCC,common_alpha_1,384,0.2803316735147076,
BVCC,common_alpha_1,385,0.2550072292853076,
BVCC,common_alpha_1,386,0.24244118073516,
BVCC,common_alpha_1,387,0.2353979793526394,
BVCC,common_alpha_1,388,0.2357992205242063,
BVCC,common_alpha_1,389,0.2321470790456939,
BVCC,common_alpha_1,390,0.2288310877481459,
BVCC,common_alpha_1,391,0.227097157194053,
BVCC,common_alpha_1,392,0.2286897843200881,
BVCC,common_alpha_1,393,0.2257520227945793,
BVCC,common_alpha_1,394,0.2133963395594509,
BVCC,common_alpha_1,395,0.2144914871999694,
BVCC,common_alpha_1,396,0.2154445807024322,
BVCC,common_alpha_1,397,0.2158716908793829,
BVCC,common_alpha_1,398,0.2105216469286941,
BVCC,common_alpha_1,399,0.2119367357027644,
BVCC,common_alpha_1,400,0.2800812933767206,
BVCC,common_alpha_1,401,0.25500724766943,
BVCC,common_alpha_1,402,0.24244118073516,
BVCC,common_alpha_1,403,0.2353979787951531,
BVCC,common_alpha_1,404,0.2357992205242063,
BVCC,common_alpha_1,405,0.23214710300057,
BVCC,common_alpha_1,406,0.2288310896508369,
BVCC,common_alpha_1,407,0.2270971568790827,
BVCC,common_alpha_1,408,0.2286898153271092,
BVCC,common_alpha_1,409,0.2257519812676051,
BVCC,common_alpha_1,410,0.2133963859445564,
BVCC,common_alpha_1,411,0.2144914613770046,
BVCC,common_alpha_1,412,0.2154445807198188,
BVCC,common_alpha_1,413,0.2158717050313476,
BVCC,common_alpha_1,414,0.2105216473992998,
BVCC,common_alpha_1,415,0.2119367368601639,
BVCC,common_alpha_1,416,0.2432057313447213,
BVCC,common_alpha_1,417,0.2340907532750552,
BVCC,common_alpha_1,418,0.2278201556937391,
BVCC,common_alpha_1,419,0.2251468682980195,
BVCC,common_alpha_1,420,0.2263416829755011,
BVCC,common_alpha_1,421,0.224079337184617,
BVCC,common_alpha_1,422,0.2220110802604162,
BVCC,common_alpha_1,423,0.2211924637097977,
BVCC,common_alpha_1,424,0.2211083245585879,
BVCC,common_alpha_1,425,0.2184157466531282,
BVCC,common_alpha_1,426,0.2103557635743152,
BVCC,common_alpha_1,427,0.2114204845859479,
BVCC,common_alpha_1,428,0.2132122641265058,
BVCC,common_alpha_1,429,0.2129011791394273,
BVCC,common_alpha_1,430,0.2091070221925638,
BVCC,common_alpha_1,431,0.2101284335108718,
BVCC,common_alpha_1,432,0.2432057313447212,
BVCC,common_alpha_1,433,0.2340907603627565,
BVCC,common_alpha_1,434,0.2278201552370483,
BVCC,common_alpha_1,435,0.2251468694295603,
BVCC,common_alpha_1,436,0.2263416553079819,
BVCC,common_alpha_1,437,0.224079295739773,
BVCC,common_alpha_1,438,0.2220110828387581,
BVCC,common_alpha_1,439,0.2211924294416833,
BVCC,common_alpha_1,440,0.221108309535933,
BVCC,common_alpha_1,441,0.2184157604201363,
BVCC,common_alpha_1,442,0.2103557502906351,
BVCC,common_alpha_1,443,0.2114204470278708,
BVCC,common_alpha_1,444,0.2132122635465886,
BVCC,common_alpha_1,445,0.2129010744535016,
BVCC,common_alpha_1,446,0.2091070207843854,
BVCC,common_alpha_1,447,0.2101284392716219,
BVCC,common_alpha_1,448,0.2806431864795105,
BVCC,common_alpha_1,449,0.2550125280598805,
BVCC,common_alpha_1,450,0.24244118073516,
BVCC,common_alpha_1,451,0.2353979807896385,
BVCC,common_alpha_1,452,0.2357992205242063,
BVCC,common_alpha_1,453,0.2321470978655166,
BVCC,common_alpha_1,454,0.2288310873555059,
BVCC,common_alpha_1,455,0.2270971578840785,
BVCC,common_alpha_1,456,0.228838783339125,
BVCC,common_alpha_1,457,0.2257520093081036,
BVCC,common_alpha_1,458,0.2133963362081363,
BVCC,common_alpha_1,459,0.214491457037955,
BVCC,common_alpha_1,460,0.2154445807826061,
BVCC,common_alpha_1,461,0.2158717011773108,
BVCC,common_alpha_1,462,0.2105216474109011,
BVCC,common_alpha_1,463,0.2119367371797638,
BVCC,common_alpha_1,464,0.2805596581430823,
BVCC,common_alpha_1,465,0.2550125250888039,
BVCC,common_alpha_1,466,0.2424411807351599,
BVCC,common_alpha_1,467,0.2353979807751132,
BVCC,common_alpha_1,468,0.2357992205242063,
BVCC,common_alpha_1,469,0.2321471042744094,
BVCC,common_alpha_1,470,0.22883108809101,
BVCC,common_alpha_1,471,0.2270971589341108,
BVCC,common_alpha_1,472,0.2288388188568335,
BVCC,common_alpha_1,473,0.2257519869401764,
BVCC,common_alpha_1,474,0.2133963362899594,
BVCC,common_alpha_1,475,0.2144914573874834,
BVCC,common_alpha_1,476,0.2154445808004814,
BVCC,common_alpha_1,477,0.2158717353210288,
BVCC,common_alpha_1,478,0.2105216481359362,
BVCC,common_alpha_1,479,0.2119367336225266,
BVCC,common_alpha_1,480,0.2432057313447211,
BVCC,common_alpha_1,481,0.2340907603905982,
BVCC,common_alpha_1,482,0.227820154688069,
BVCC,common_alpha_1,483,0.2251468685106365,
BVCC,common_alpha_1,484,0.2263416662894392,
BVCC,common_alpha_1,485,0.2240792905214604,
BVCC,common_alpha_1,486,0.2220110820610199,
BVCC,common_alpha_1,487,0.221192410877117,
BVCC,common_alpha_1,488,0.2211083403503606,
BVCC,common_alpha_1,489,0.218415750813779,
BVCC,common_alpha_1,490,0.2103557437255465,
BVCC,common_alpha_1,491,0.211420459388381,
BVCC,common_alpha_1,492,0.2132122637244905,
BVCC,common_alpha_1,493,0.2129010924357746,
BVCC,common_alpha_1,494,0.2091070209253149,
BVCC,common_alpha_1,495,0.210128447916282,
BVCC,common_alpha_1,496,0.2432057313447213,
BVCC,common_alpha_1,497,0.2340907599967858,
BVCC,common_alpha_1,498,0.2278201546298647,
BVCC,common_alpha_1,499,0.2251468696271452,
BVCC,common_alpha_1,500,0.2263416818199311,
BVCC,common_alpha_1,501,0.2240792497526836,
BVCC,common_alpha_1,502,0.2220110840059424,
BVCC,common_alpha_1,503,0.2211924451902392,
BVCC,common_alpha_1,504,0.2211083460577648,
BVCC,common_alpha_1,505,0.2184157424448935,
BVCC,common_alpha_1,506,0.2103557482055017,
BVCC,common_alpha_1,507,0.2114204065575191,
BVCC,common_alpha_1,508,0.2132122591972102,
BVCC,common_alpha_1,509,0.2129010731351842,
BVCC,common_alpha_1,510,0.2091070224663801,
BVCC,common_alpha_1,511,0.2101283938625009,
BVCC,common_alpha_1,512,0.511616480188332,
BVCC,common_alpha_1,513,0.3437915731984756,
BVCC,common_alpha_1,514,0.3264668860750818,
BVCC,common_alpha_1,515,0.2945207932660115,
BVCC,common_alpha_1,516,0.3014616758863352,
BVCC,common_alpha_1,517,0.2819446565026269,
BVCC,common_alpha_1,518,0.2818343080785792,
BVCC,common_alpha_1,519,0.2712793802684469,
BVCC,common_alpha_1,520,0.2648407552471319,
BVCC,common_alpha_1,521,0.2515300814254927,
BVCC,common_alpha_1,522,0.2346520191251716,
BVCC,common_alpha_1,523,0.2339839847933833,
BVCC,common_alpha_1,524,0.2378693532130527,
BVCC,common_alpha_1,525,0.2353573048695652,
BVCC,common_alpha_1,526,0.2288238375511506,
BVCC,common_alpha_1,527,0.2291371650517816,
BVCC,common_alpha_1,528,0.4936445614259501,
BVCC,common_alpha_1,529,0.3438301137653632,
BVCC,common_alpha_1,530,0.3264668868898801,
BVCC,common_alpha_1,531,0.2945207615413437,
BVCC,common_alpha_1,532,0.3014616758863352,
BVCC,common_alpha_1,533,0.2819445587161901,
BVCC,common_alpha_1,534,0.2818343063004295,
BVCC,common_alpha_1,535,0.2712793824908586,
BVCC,common_alpha_1,536,0.2648407552471318,
BVCC,common_alpha_1,537,0.2515300136576722,
BVCC,common_alpha_1,538,0.2346520172121646,
BVCC,common_alpha_1,539,0.2339840004871482,
BVCC,common_alpha_1,540,0.2378693526567863,
BVCC,common_alpha_1,541,0.2353573384417745,
BVCC,common_alpha_1,542,0.2288238684379636,
BVCC,common_alpha_1,543,0.2291371351611801,
BVCC,common_alpha_1,544,0.323243079443672,
BVCC,common_alpha_1,545,0.2806618714820699,
BVCC,common_alpha_1,546,0.2771394067297871,
BVCC,common_alpha_1,547,0.2626340467800751,
BVCC,common_alpha_1,548,0.2695417423637699,
BVCC,common_alpha_1,549,0.2577935172089296,
BVCC,common_alpha_1,550,0.2594732412478575,
BVCC,common_alpha_1,551,0.2525996822543693,
BVCC,common_alpha_1,552,0.2506742424903063,
BVCC,common_alpha_1,553,0.2389541593760296,
BVCC,common_alpha_1,554,0.2302723736725225,
BVCC,common_alpha_1,555,0.2278429105381703,
BVCC,common_alpha_1,556,0.2332416589304965,
BVCC,common_alpha_1,557,0.2292546885015497,
BVCC,common_alpha_1,558,0.2261663235981486,
BVCC,common_alpha_1,559,0.224766291080398,
BVCC,common_alpha_1,560,0.323243079443672,
BVCC,common_alpha_1,561,0.2806618679866409,
BVCC,common_alpha_1,562,0.2771394069194412,
BVCC,common_alpha_1,563,0.2626339823442441,
BVCC,common_alpha_1,564,0.2695417519872611,
BVCC,common_alpha_1,565,0.2577935386021713,
BVCC,common_alpha_1,566,0.2594732406462146,
BVCC,common_alpha_1,567,0.2525996092479558,
BVCC,common_alpha_1,568,0.2506742707457659,
BVCC,common_alpha_1,569,0.238954274611321,
BVCC,common_alpha_1,570,0.2302723756251039,
BVCC,common_alpha_1,571,0.2278429091077811,
BVCC,common_alpha_1,572,0.2332416584767605,
BVCC,common_alpha_1,573,0.2292546872031475,
BVCC,common_alpha_1,574,0.2261663215974106,
BVCC,common_alpha_1,575,0.2247662244641837,
BVCC,common_alpha_1,576,0.5043411524951913,
BVCC,common_alpha_1,577,0.3454556804279487,
BVCC,common_alpha_1,578,0.3264668860751095,
BVCC,common_alpha_1,579,0.2945207668646469,
BVCC,common_alpha_1,580,0.3014616758863352,
BVCC,common_alpha_1,581,0.2819446116926854,
BVCC,common_alpha_1,582,0.2818343062260753,
BVCC,common_alpha_1,583,0.2712793902099782,
BVCC,common_alpha_1,584,0.264478165274768,
BVCC,common_alpha_1,585,0.2515300357442423,
BVCC,common_alpha_1,586,0.2346520188878261,
BVCC,common_alpha_1,587,0.2339839741953299,
BVCC,common_alpha_1,588,0.2378693533642263,
BVCC,common_alpha_1,589,0.2353573252275428,
BVCC,common_alpha_1,590,0.2288238856217518,
BVCC,common_alpha_1,591,0.2291371536787406,
BVCC,common_alpha_1,592,0.4979866409283107,
BVCC,common_alpha_1,593,0.345455540527786,
BVCC,common_alpha_1,594,0.3264668860750818,
BVCC,common_alpha_1,595,0.2945207641371671,
BVCC,common_alpha_1,596,0.3014616758863352,
BVCC,common_alpha_1,597,0.2819446382526197,
BVCC,common_alpha_1,598,0.2818343080980482,
BVCC,common_alpha_1,599,0.2712793870302847,
BVCC,common_alpha_1,600,0.2644781562290393,
BVCC,common_alpha_1,601,0.2515300270070595,
BVCC,common_alpha_1,602,0.2346520175391906,
BVCC,common_alpha_1,603,0.2339839448068812,
BVCC,common_alpha_1,604,0.2378693535229932,
BVCC,common_alpha_1,605,0.2353572963698561,
BVCC,common_alpha_1,606,0.2288238428757188,
BVCC,common_alpha_1,607,0.2291371678321069,
BVCC,common_alpha_1,608,0.3232430794436719,
BVCC,common_alpha_1,609,0.2806618483483881,
BVCC,common_alpha_1,610,0.2771394081156953,
BVCC,common_alpha_1,611,0.2626340357262539,
BVCC,common_alpha_1,612,0.2695417407388195,
BVCC,common_alpha_1,613,0.2577935456277343,
BVCC,common_alpha_1,614,0.2594732377608175,
BVCC,common_alpha_1,615,0.2525996200156428,
BVCC,common_alpha_1,616,0.2506742829942143,
BVCC,common_alpha_1,617,0.2389542733057358,
BVCC,common_alpha_1,618,0.2302723648932676,
BVCC,common_alpha_1,619,0.2278429575597597,
BVCC,common_alpha_1,620,0.2332416471171352,
BVCC,common_alpha_1,621,0.2292546828447217,
BVCC,common_alpha_1,622,0.2261663237576586,
BVCC,common_alpha_1,623,0.2247662263135789,
BVCC,common_alpha_1,624,0.3232430794436718,
BVCC,common_alpha_1,625,0.2806617977835896,
BVCC,common_alpha_1,626,0.2771394072221525,
BVCC,common_alpha_1,627,0.2626340211578074,
BVCC,common_alpha_1,628,0.2695417431719408,
BVCC,common_alpha_1,629,0.2577935138127192,
BVCC,common_alpha_1,630,0.2594732390465341,
BVCC,common_alpha_1,631,0.2525996027223418,
BVCC,common_alpha_1,632,0.2506742493245215,
BVCC,common_alpha_1,633,0.2389542744450697,
BVCC,common_alpha_1,634,0.2302723632662739,
BVCC,common_alpha_1,635,0.2278428213756716,
BVCC,common_alpha_1,636,0.2332416569129936,
BVCC,common_alpha_1,637,0.2292546741802219,
BVCC,common_alpha_1,638,0.2261663186033858,
BVCC,common_alpha_1,639,0.2247662753592853,
BVCC,common_alpha_1,640,0.4995409788427062,
BVCC,common_alpha_1,641,0.345352324526061,
BVCC,common_alpha_1,642,0.3264668860750818,
BVCC,common_alpha_1,643,0.2945208586113728,
BVCC,common_alpha_1,644,0.3014616758863352,
BVCC,common_alpha_1,645,0.2819446264571177,
BVCC,common_alpha_1,646,0.2818343109066403,
BVCC,common_alpha_1,647,0.2712793895021405,
BVCC,common_alpha_1,648,0.2643689136312947,
BVCC,common_alpha_1,649,0.251530007698457,
BVCC,common_alpha_1,650,0.2346520157694693,
BVCC,common_alpha_1,651,0.2339839406794796,
BVCC,common_alpha_1,652,0.2378693532390976,
BVCC,common_alpha_1,653,0.2353573051484277,
BVCC,common_alpha_1,654,0.228823841909759,
BVCC,common_alpha_1,655,0.2291372463643257,
BVCC,common_alpha_1,656,0.4945268193191286,
BVCC,common_alpha_1,657,0.3453523215090235,
BVCC,common_alpha_1,658,0.3264668860750818,
BVCC,common_alpha_1,659,0.2945207587767906,
BVCC,common_alpha_1,660,0.3014616758863352,
BVCC,common_alpha_1,661,0.2819446198527811,
BVCC,common_alpha_1,662,0.2818343123844779,
BVCC,common_alpha_1,663,0.2712793887168612,
BVCC,common_alpha_1,664,0.264368912343304,
BVCC,common_alpha_1,665,0.2515300272329974,
BVCC,common_alpha_1,666,0.2346520190751637,
BVCC,common_alpha_1,667,0.2339839516041597,
BVCC,common_alpha_1,668,0.237869353519301,
BVCC,common_alpha_1,669,0.2353572812313368,
BVCC,common_alpha_1,670,0.2288238466162394,
BVCC,common_alpha_1,671,0.2291371663949184,
BVCC,common_alpha_1,672,0.323243079443672,
BVCC,common_alpha_1,673,0.2806618549777728,
BVCC,common_alpha_1,674,0.2771394067810403,
BVCC,common_alpha_1,675,0.2626340069723101,
BVCC,common_alpha_1,676,0.2695417462524525,
BVCC,common_alpha_1,677,0.2577935419092636,
BVCC,common_alpha_1,678,0.259473240395952,
BVCC,common_alpha_1,679,0.2525996435986359,
BVCC,common_alpha_1,680,0.2506742564918234,
BVCC,common_alpha_1,681,0.2389542737750583,
BVCC,common_alpha_1,682,0.2302723657877039,
BVCC,common_alpha_1,683,0.2278429668402542,
BVCC,common_alpha_1,684,0.2332416586923183,
BVCC,common_alpha_1,685,0.2292546843330878,
BVCC,common_alpha_1,686,0.2261663252053294,
BVCC,common_alpha_1,687,0.2247662200735849,
BVCC,common_alpha_1,688,0.323243079443672,
BVCC,common_alpha_1,689,0.2806618074618664,
BVCC,common_alpha_1,690,0.2771394068505726,
BVCC,common_alpha_1,691,0.2626340258197591,
BVCC,common_alpha_1,692,0.2695417428519019,
BVCC,common_alpha_1,693,0.2577935139454827,
BVCC,common_alpha_1,694,0.2594732394386752,
BVCC,common_alpha_1,695,0.2525996242766016,
BVCC,common_alpha_1,696,0.2506742486251296,
BVCC,common_alpha_1,697,0.2389542748661133,
BVCC,common_alpha_1,698,0.2302723636406607,
BVCC,common_alpha_1,699,0.2278428429094124,
BVCC,common_alpha_1,700,0.2332416565001225,
BVCC,common_alpha_1,701,0.2292546728814242,
BVCC,common_alpha_1,702,0.2261663190493251,
BVCC,common_alpha_1,703,0.224766275045375,
BVCC,common_alpha_1,704,0.5008532447601466,
BVCC,common_alpha_1,705,0.3454802257048937,
BVCC,common_alpha_1,706,0.3264668860750818,
BVCC,common_alpha_1,707,0.2945207724931061,
BVCC,common_alpha_1,708,0.3014616758863352,
BVCC,common_alpha_1,709,0.2819446506568669,
BVCC,common_alpha_1,710,0.2818343064969408,
BVCC,common_alpha_1,711,0.2712793877375981,
BVCC,common_alpha_1,712,0.2644781772925865,
BVCC,common_alpha_1,713,0.251530033054977,
BVCC,common_alpha_1,714,0.2346520188227652,
BVCC,common_alpha_1,715,0.2339839179095289,
BVCC,common_alpha_1,716,0.2378693537044964,
BVCC,common_alpha_1,717,0.2353572732295583,
BVCC,common_alpha_1,718,0.228823842112867,
BVCC,common_alpha_1,719,0.2291371422045724,
BVCC,common_alpha_1,720,0.4964585914359512,
BVCC,common_alpha_1,721,0.345480240224313,
BVCC,common_alpha_1,722,0.3264668860750818,
BVCC,common_alpha_1,723,0.2945207695939772,
BVCC,common_alpha_1,724,0.3014616758863352,
BVCC,common_alpha_1,725,0.2819446503325626,
BVCC,common_alpha_1,726,0.2818343063038093,
BVCC,common_alpha_1,727,0.2712793817601049,
BVCC,common_alpha_1,728,0.2644781771674689,
BVCC,common_alpha_1,729,0.2515300362822792,
BVCC,common_alpha_1,730,0.2346520191841631,
BVCC,common_alpha_1,731,0.2339840801352549,
BVCC,common_alpha_1,732,0.2378693537290208,
BVCC,common_alpha_1,733,0.23535731950206,
BVCC,common_alpha_1,734,0.2288238559675786,
BVCC,common_alpha_1,735,0.2291370553990258,
BVCC,common_alpha_1,736,0.323243079443672,
BVCC,common_alpha_1,737,0.2806618724194695,
BVCC,common_alpha_1,738,0.2771394066038557,
BVCC,common_alpha_1,739,0.2626340234517267,
BVCC,common_alpha_1,740,0.2695417404504054,
BVCC,common_alpha_1,741,0.2577935143041773,
BVCC,common_alpha_1,742,0.2594732393572481,
BVCC,common_alpha_1,743,0.2525996353500243,
BVCC,common_alpha_1,744,0.2506742405977319,
BVCC,common_alpha_1,745,0.2389542764621778,
BVCC,common_alpha_1,746,0.2302723652166625,
BVCC,common_alpha_1,747,0.2278429043557095,
BVCC,common_alpha_1,748,0.2332416562776026,
BVCC,common_alpha_1,749,0.2292546725275032,
BVCC,common_alpha_1,750,0.2261663198268336,
BVCC,common_alpha_1,751,0.2247662756988735,
BVCC,common_alpha_1,752,0.323243079443672,
BVCC,common_alpha_1,753,0.280661872949987,
BVCC,common_alpha_1,754,0.2771394107127816,
BVCC,common_alpha_1,755,0.2626340626644143,
BVCC,common_alpha_1,756,0.2695417405226425,
BVCC,common_alpha_1,757,0.2577935139856475,
BVCC,common_alpha_1,758,0.2594732405626975,
BVCC,common_alpha_1,759,0.2525995943760758,
BVCC,common_alpha_1,760,0.2506742406473051,
BVCC,common_alpha_1,761,0.2389542753146155,
BVCC,common_alpha_1,762,0.2302723641095278,
BVCC,common_alpha_1,763,0.2278428861984918,
BVCC,common_alpha_1,764,0.2332416619522477,
BVCC,common_alpha_1,765,0.2292546742953524,
BVCC,common_alpha_1,766,0.2261663167639835,
BVCC,common_alpha_1,767,0.2247662788289891,
BVCC,common_alpha_1,768,0.2725943027748445,
BVCC,common_alpha_1,769,0.250613350947978,
BVCC,common_alpha_1,770,0.2408916978281093,
BVCC,common_alpha_1,771,0.2349166261442745,
BVCC,common_alpha_1,772,0.2352209166264419,
BVCC,common_alpha_1,773,0.2317188664559029,
BVCC,common_alpha_1,774,0.2286596023746566,
BVCC,common_alpha_1,775,0.2270971689922359,
BVCC,common_alpha_1,776,0.2275170554061138,
BVCC,common_alpha_1,777,0.2249961534539784,
BVCC,common_alpha_1,778,0.2133565249818469,
BVCC,common_alpha_1,779,0.2144914989046643,
BVCC,common_alpha_1,780,0.2154369497599642,
BVCC,common_alpha_1,781,0.2158716951812597,
BVCC,common_alpha_1,782,0.2105216459746434,
BVCC,common_alpha_1,783,0.2119367433990812,
BVCC,common_alpha_1,784,0.2725943027748445,
BVCC,common_alpha_1,785,0.2506133413971954,
BVCC,common_alpha_1,786,0.2408916960164001,
BVCC,common_alpha_1,787,0.2349166312494987,
BVCC,common_alpha_1,788,0.2352209154603778,
BVCC,common_alpha_1,789,0.2317188739608013,
BVCC,common_alpha_1,790,0.2286596005343356,
BVCC,common_alpha_1,791,0.2270972030995177,
BVCC,common_alpha_1,792,0.2275170618326334,
BVCC,common_alpha_1,793,0.2249961651136709,
BVCC,common_alpha_1,794,0.2133565137404091,
BVCC,common_alpha_1,795,0.2144914626796959,
BVCC,common_alpha_1,796,0.2154369470755542,
BVCC,common_alpha_1,797,0.2158717056692978,
BVCC,common_alpha_1,798,0.2105216376690619,
BVCC,common_alpha_1,799,0.2119367425210902,
BVCC,common_alpha_1,800,0.2430338660523227,
BVCC,common_alpha_1,801,0.2340907592720535,
BVCC,common_alpha_1,802,0.2278201546281226,
BVCC,common_alpha_1,803,0.2251468830317457,
BVCC,common_alpha_1,804,0.2263416799977513,
BVCC,common_alpha_1,805,0.2240793211662234,
BVCC,common_alpha_1,806,0.2220110837932962,
BVCC,common_alpha_1,807,0.2211924510787885,
BVCC,common_alpha_1,808,0.2210488018946808,
BVCC,common_alpha_1,809,0.2184158784381754,
BVCC,common_alpha_1,810,0.2103557420407245,
BVCC,common_alpha_1,811,0.211420494049048,
BVCC,common_alpha_1,812,0.2132122581329962,
BVCC,common_alpha_1,813,0.2129010951216442,
BVCC,common_alpha_1,814,0.2091070092658906,
BVCC,common_alpha_1,815,0.2101284459547779,
BVCC,common_alpha_1,816,0.2430338633735739,
BVCC,common_alpha_1,817,0.2340906531077984,
BVCC,common_alpha_1,818,0.2278201548413854,
BVCC,common_alpha_1,819,0.2251468654877282,
BVCC,common_alpha_1,820,0.2263416644491009,
BVCC,common_alpha_1,821,0.2240792700127869,
BVCC,common_alpha_1,822,0.2220110808637551,
BVCC,common_alpha_1,823,0.2211924511864742,
BVCC,common_alpha_1,824,0.2210487856231959,
BVCC,common_alpha_1,825,0.2184157527435574,
BVCC,common_alpha_1,826,0.2103557406650588,
BVCC,common_alpha_1,827,0.2114204758949601,
BVCC,common_alpha_1,828,0.2132122557656388,
BVCC,common_alpha_1,829,0.2129010729182147,
BVCC,common_alpha_1,830,0.2091070228119562,
BVCC,common_alpha_1,831,0.2101284335364476,
BVCC,common_alpha_1,832,0.2725943027748445,
BVCC,common_alpha_1,833,0.2506132900650989,
BVCC,common_alpha_1,834,0.2408916925885928,
BVCC,common_alpha_1,835,0.2349166310228212,
BVCC,common_alpha_1,836,0.2352209135359823,
BVCC,common_alpha_1,837,0.2317188878889025,
BVCC,common_alpha_1,838,0.2286595872538865,
BVCC,common_alpha_1,839,0.2270972078194263,
BVCC,common_alpha_1,840,0.2275170681804127,
BVCC,common_alpha_1,841,0.2249961717458267,
BVCC,common_alpha_1,842,0.2133565195555122,
BVCC,common_alpha_1,843,0.2144914664763009,
BVCC,common_alpha_1,844,0.2154369315332028,
BVCC,common_alpha_1,845,0.2158717062980411,
BVCC,common_alpha_1,846,0.2105216379415838,
BVCC,common_alpha_1,847,0.2119367424781511,
BVCC,common_alpha_1,848,0.2725943027748445,
BVCC,common_alpha_1,849,0.250613291660698,
BVCC,common_alpha_1,850,0.2408916770378534,
BVCC,common_alpha_1,851,0.2349165879682332,
BVCC,common_alpha_1,852,0.2352209018792256,
BVCC,common_alpha_1,853,0.2317188276260352,
BVCC,common_alpha_1,854,0.2286596033456941,
BVCC,common_alpha_1,855,0.2270971650800224,
BVCC,common_alpha_1,856,0.2275170903436123,
BVCC,common_alpha_1,857,0.2249961951580596,
BVCC,common_alpha_1,858,0.2133565151358104,
BVCC,common_alpha_1,859,0.2144914862161794,
BVCC,common_alpha_1,860,0.2154369381541081,
BVCC,common_alpha_1,861,0.2158717013702014,
BVCC,common_alpha_1,862,0.2105216444625668,
BVCC,common_alpha_1,863,0.2119367431952914,
BVCC,common_alpha_1,864,0.2430338522163184,
BVCC,common_alpha_1,865,0.234090650607819,
BVCC,common_alpha_1,866,0.2278201547794684,
BVCC,common_alpha_1,867,0.2251468684863575,
BVCC,common_alpha_1,868,0.2263416669550892,
BVCC,common_alpha_1,869,0.2240792725815381,
BVCC,common_alpha_1,870,0.2220110808657424,
BVCC,common_alpha_1,871,0.2211924584126692,
BVCC,common_alpha_1,872,0.2210487875036081,
BVCC,common_alpha_1,873,0.2184157379091217,
BVCC,common_alpha_1,874,0.210355773035002,
BVCC,common_alpha_1,875,0.2114204876580848,
BVCC,common_alpha_1,876,0.2132122498104915,
BVCC,common_alpha_1,877,0.2129010768561521,
BVCC,common_alpha_1,878,0.2091070233292647,
BVCC,common_alpha_1,879,0.2101284420612734,
BVCC,common_alpha_1,880,0.2430338621569832,
BVCC,common_alpha_1,881,0.2340907594203714,
BVCC,common_alpha_1,882,0.2278201554342583,
BVCC,common_alpha_1,883,0.2251468635463064,
BVCC,common_alpha_1,884,0.226341671689606,
BVCC,common_alpha_1,885,0.2240792445580331,
BVCC,common_alpha_1,886,0.222011078642237,
BVCC,common_alpha_1,887,0.2211924603636124,
BVCC,common_alpha_1,888,0.2210487968949325,
BVCC,common_alpha_1,889,0.2184157624137869,
BVCC,common_alpha_1,890,0.2103557421126329,
BVCC,common_alpha_1,891,0.2114204861075721,
BVCC,common_alpha_1,892,0.2132122646564302,
BVCC,common_alpha_1,893,0.2129011118521359,
BVCC,common_alpha_1,894,0.2091070202930816,
BVCC,common_alpha_1,895,0.2101283946107044,
BVCC,common_alpha_1,896,0.2725943027748445,
BVCC,common_alpha_1,897,0.2506133477885914,
BVCC,common_alpha_1,898,0.2408916952975021,
BVCC,common_alpha_1,899,0.2349166307250514,
BVCC,common_alpha_1,900,0.2352209155732383,
BVCC,common_alpha_1,901,0.2317188678658315,
BVCC,common_alpha_1,902,0.2286595897805956,
BVCC,common_alpha_1,903,0.2270972131265603,
BVCC,common_alpha_1,904,0.227517055912205,
BVCC,common_alpha_1,905,0.2249961641757717,
BVCC,common_alpha_1,906,0.213356518954015,
BVCC,common_alpha_1,907,0.2144914683971515,
BVCC,common_alpha_1,908,0.2154369170262585,
BVCC,common_alpha_1,909,0.2158717115337352,
BVCC,common_alpha_1,910,0.2105216382708013,
BVCC,common_alpha_1,911,0.2119367423960245,
BVCC,common_alpha_1,912,0.2725943027748445,
BVCC,common_alpha_1,913,0.2506132795657295,
BVCC,common_alpha_1,914,0.2408916841547963,
BVCC,common_alpha_1,915,0.2349165651402307,
BVCC,common_alpha_1,916,0.2352208979028479,
BVCC,common_alpha_1,917,0.2317188310337198,
BVCC,common_alpha_1,918,0.2286596033536443,
BVCC,common_alpha_1,919,0.2270971688808784,
BVCC,common_alpha_1,920,0.2275170933594168,
BVCC,common_alpha_1,921,0.2249961952224422,
BVCC,common_alpha_1,922,0.2133565152294578,
BVCC,common_alpha_1,923,0.2144914861659248,
BVCC,common_alpha_1,924,0.2154369381334943,
BVCC,common_alpha_1,925,0.2158716993087961,
BVCC,common_alpha_1,926,0.2105216447267813,
BVCC,common_alpha_1,927,0.2119367422217796,
BVCC,common_alpha_1,928,0.2430338544899697,
BVCC,common_alpha_1,929,0.2340906401574064,
BVCC,common_alpha_1,930,0.227820154754557,
BVCC,common_alpha_1,931,0.2251468702360834,
BVCC,common_alpha_1,932,0.2263416625605054,
BVCC,common_alpha_1,933,0.2240792651606931,
BVCC,common_alpha_1,934,0.2220110812561643,
BVCC,common_alpha_1,935,0.2211924551060227,
BVCC,common_alpha_1,936,0.2210487749123736,
BVCC,common_alpha_1,937,0.2184157640227685,
BVCC,common_alpha_1,938,0.2103557623652496,
BVCC,common_alpha_1,939,0.2114204836272031,
BVCC,common_alpha_1,940,0.2132122476487994,
BVCC,common_alpha_1,941,0.2129010788018885,
BVCC,common_alpha_1,942,0.2091070235772231,
BVCC,common_alpha_1,943,0.2101284373055809,
BVCC,common_alpha_1,944,0.2430338633685533,
BVCC,common_alpha_1,945,0.2340907593852614,
BVCC,common_alpha_1,946,0.2278201552950089,
BVCC,common_alpha_1,947,0.2251468633005985,
BVCC,common_alpha_1,948,0.22634166972452,
BVCC,common_alpha_1,949,0.2240792447440668,
BVCC,common_alpha_1,950,0.2220110783317891,
BVCC,common_alpha_1,951,0.2211924647960946,
BVCC,common_alpha_1,952,0.2210487965100341,
BVCC,common_alpha_1,953,0.2184157436692289,
BVCC,common_alpha_1,954,0.210355761423047,
BVCC,common_alpha_1,955,0.2114204857343645,
BVCC,common_alpha_1,956,0.2132122641803867,
BVCC,common_alpha_1,957,0.2129011148409477,
BVCC,common_alpha_1,958,0.2091070210496584,
BVCC,common_alpha_1,959,0.2101283837090636,
BVCC,common_alpha_1,960,0.2725943027748445,
BVCC,common_alpha_1,961,0.2506133627074116,
BVCC,common_alpha_1,962,0.2408916979336236,
BVCC,common_alpha_1,963,0.2349165229943243,
BVCC,common_alpha_1,964,0.235220916278338,
BVCC,common_alpha_1,965,0.231718828281661,
BVCC,common_alpha_1,966,0.2286596033379851,
BVCC,common_alpha_1,967,0.2270971764364289,
BVCC,common_alpha_1,968,0.2275170838444463,
BVCC,common_alpha_1,969,0.2249962070274553,
BVCC,common_alpha_1,970,0.2133565128486599,
BVCC,common_alpha_1,971,0.214491486301125,
BVCC,common_alpha_1,972,0.2154369374453775,
BVCC,common_alpha_1,973,0.2158716996980122,
BVCC,common_alpha_1,974,0.2105216445188981,
BVCC,common_alpha_1,975,0.2119367428306953,
BVCC,common_alpha_1,976,0.2725943027748445,
BVCC,common_alpha_1,977,0.2506133337883316,
BVCC,common_alpha_1,978,0.2408916977983917,
BVCC,common_alpha_1,979,0.2349166306310075,
BVCC,common_alpha_1,980,0.2352209164892469,
BVCC,common_alpha_1,981,0.2317189455953997,
BVCC,common_alpha_1,982,0.2286596034514074,
BVCC,common_alpha_1,983,0.2270971300491989,
BVCC,common_alpha_1,984,0.2275170747227124,
BVCC,common_alpha_1,985,0.2249961865979263,
BVCC,common_alpha_1,986,0.2133565212007858,
BVCC,common_alpha_1,987,0.2144914761733203,
BVCC,common_alpha_1,988,0.2154369386225838,
BVCC,common_alpha_1,989,0.2158716869736215,
BVCC,common_alpha_1,990,0.2105216449615095,
BVCC,common_alpha_1,991,0.2119367367202001,
BVCC,common_alpha_1,992,0.2430338590894584,
BVCC,common_alpha_1,993,0.2340907593747695,
BVCC,common_alpha_1,994,0.2278201551493061,
BVCC,common_alpha_1,995,0.2251468635697261,
BVCC,common_alpha_1,996,0.2263416718165847,
BVCC,common_alpha_1,997,0.2240792446829424,
BVCC,common_alpha_1,998,0.22201107846759,
BVCC,common_alpha_1,999,0.2211924640519338,
BVCC,common_alpha_1,1000,0.2210487903028903,
BVCC,common_alpha_1,1001,0.2184157678544315,
BVCC,common_alpha_1,1002,0.2103557399257812,
BVCC,common_alpha_1,1003,0.2114204863227087,
BVCC,common_alpha_1,1004,0.2132122651000436,
BVCC,common_alpha_1,1005,0.212901102463916,
BVCC,common_alpha_1,1006,0.2091070213739849,
BVCC,common_alpha_1,1007,0.2101283844028334,
BVCC,common_alpha_1,1008,0.2430338586122445,
BVCC,common_alpha_1,1009,0.2340907610384101,
BVCC,common_alpha_1,1010,0.2278201564839904,
BVCC,common_alpha_1,1011,0.2251468585778599,
BVCC,common_alpha_1,1012,0.2263416718706823,
BVCC,common_alpha_1,1013,0.2240792459937398,
BVCC,common_alpha_1,1014,0.2220110848155634,
BVCC,common_alpha_1,1015,0.2211924665993712,
BVCC,common_alpha_1,1016,0.2210487850591366,
BVCC,common_alpha_1,1017,0.218415794848497,
BVCC,common_alpha_1,1018,0.2103557413396002,
BVCC,common_alpha_1,1019,0.2114204826084716,
BVCC,common_alpha_1,1020,0.2132122751785257,
BVCC,common_alpha_1,1021,0.2129010532260393,
BVCC,common_alpha_1,1022,0.2091070262247709,
BVCC,common_alpha_1,1023,0.2101284072003122,
BVCC,common_alpha_10,1,0.4407445034405515,
BVCC,common_alpha_10,2,0.3849377852221933,
BVCC,common_alpha_10,3,0.3191079173031413,
BVCC,common_alpha_10,4,0.3127360913424329,
BVCC,common_alpha_10,5,0.2945107994346297,
BVCC,common_alpha_10,6,0.2898646327586028,
BVCC,common_alpha_10,7,0.2795074134473923,
BVCC,common_alpha_10,8,0.2823616251653306,
BVCC,common_alpha_10,9,0.2593794339445335,
BVCC,common_alpha_10,10,0.2363418100705704,
BVCC,common_alpha_10,11,0.2352025371800929,
BVCC,common_alpha_10,12,0.2357799459649509,
BVCC,common_alpha_10,13,0.2353462016003587,
BVCC,common_alpha_10,14,0.2268068547165115,
BVCC,common_alpha_10,15,0.228688055949894,
BVCC,common_alpha_10,16,0.6692494615870024,
BVCC,common_alpha_10,17,0.3832566983600595,
BVCC,common_alpha_10,18,0.3532775446655787,
BVCC,common_alpha_10,19,0.3116883933716823,
BVCC,common_alpha_10,20,0.3014229484305632,
BVCC,common_alpha_10,21,0.29051768709627,
BVCC,common_alpha_10,22,0.2854354985336966,
BVCC,common_alpha_10,23,0.2782363344886263,
BVCC,common_alpha_10,24,0.2617894402815651,
BVCC,common_alpha_10,25,0.2574109742414814,
BVCC,common_alpha_10,26,0.2363418100705704,
BVCC,common_alpha_10,27,0.2352025314302324,
BVCC,common_alpha_10,28,0.2357799459649509,
BVCC,common_alpha_10,29,0.2353462334206643,
BVCC,common_alpha_10,30,0.2268068932151192,
BVCC,common_alpha_10,31,0.2286879358700846,
BVCC,common_alpha_10,32,0.3469899797716274,
BVCC,common_alpha_10,33,0.2877855297306789,
BVCC,common_alpha_10,34,0.2823116170252455,
BVCC,common_alpha_10,35,0.2652609927958208,
BVCC,common_alpha_10,36,0.2679074320449787,
BVCC,common_alpha_10,37,0.2577989666713616,
BVCC,common_alpha_10,38,0.2583916932520095,
BVCC,common_alpha_10,39,0.2527952026828368,
BVCC,common_alpha_10,40,0.2518107802261357,
BVCC,common_alpha_10,41,0.2386442933714082,
BVCC,common_alpha_10,42,0.2285355816487055,
BVCC,common_alpha_10,43,0.2272026725327853,
BVCC,common_alpha_10,44,0.2297305963209527,
BVCC,common_alpha_10,45,0.2275090852429535,
BVCC,common_alpha_10,46,0.2233073704028462,
BVCC,common_alpha_10,47,0.2238108744668971,
BVCC,common_alpha_10,48,0.3369767749531363,
BVCC,common_alpha_10,49,0.287785529730679,
BVCC,common_alpha_10,50,0.2823116170252455,
BVCC,common_alpha_10,51,0.265261016699287,
BVCC,common_alpha_10,52,0.2679074320449786,
BVCC,common_alpha_10,53,0.2577988854637921,
BVCC,common_alpha_10,54,0.2583917000321423,
BVCC,common_alpha_10,55,0.2527952113900658,
BVCC,common_alpha_10,56,0.2518107802261358,
BVCC,common_alpha_10,57,0.2386442628101443,
BVCC,common_alpha_10,58,0.228535581129433,
BVCC,common_alpha_10,59,0.2272026615491112,
BVCC,common_alpha_10,60,0.2297305963239974,
BVCC,common_alpha_10,61,0.2275091024851613,
BVCC,common_alpha_10,62,0.2233073888037011,
BVCC,common_alpha_10,63,0.2238108077156071,
BVCC,common_alpha_10,64,0.7970695315930821,
BVCC,common_alpha_10,65,0.3930885116931785,
BVCC,common_alpha_10,66,0.3608667975202438,
BVCC,common_alpha_10,67,0.3145056792191846,
BVCC,common_alpha_10,68,0.3080323477455149,
BVCC,common_alpha_10,69,0.2924821662931851,
BVCC,common_alpha_10,70,0.2878252271833545,
BVCC,common_alpha_10,71,0.2792198450267809,
BVCC,common_alpha_10,72,0.2691513350087092,
BVCC,common_alpha_10,73,0.2575501480951184,
BVCC,common_alpha_10,74,0.2359930372602475,
BVCC,common_alpha_10,75,0.2352025235546026,
BVCC,common_alpha_10,76,0.2354642596690781,
BVCC,common_alpha_10,77,0.235346231472616,
BVCC,common_alpha_10,78,0.2268068931830149,
BVCC,common_alpha_10,79,0.2286879363875918,
BVCC,common_alpha_10,80,0.6710257500043838,
BVCC,common_alpha_10,81,0.3837240425937328,
BVCC,common_alpha_10,82,0.3537056750977812,
BVCC,common_alpha_10,83,0.3125760390674929,
BVCC,common_alpha_10,84,0.3045526503674792,
BVCC,common_alpha_10,85,0.2919774538429525,
BVCC,common_alpha_10,86,0.286579796750496,
BVCC,common_alpha_10,87,0.2792198459840763,
BVCC,common_alpha_10,88,0.2653193231034497,
BVCC,common_alpha_10,89,0.2575501341831647,
BVCC,common_alpha_10,90,0.2359929844501457,
BVCC,common_alpha_10,91,0.2352025452307098,
BVCC,common_alpha_10,92,0.235464257424978,
BVCC,common_alpha_10,93,0.2353462316030608,
BVCC,common_alpha_10,94,0.226806893984355,
BVCC,common_alpha_10,95,0.2286880061619823,
BVCC,common_alpha_10,96,0.3387315385784971,
BVCC,common_alpha_10,97,0.2876887440496516,
BVCC,common_alpha_10,98,0.2823116170252455,
BVCC,common_alpha_10,99,0.2652610121566505,
BVCC,common_alpha_10,100,0.2679074320449786,
BVCC,common_alpha_10,101,0.2577989602578543,
BVCC,common_alpha_10,102,0.2583917064746105,
BVCC,common_alpha_10,103,0.252795227673428,
BVCC,common_alpha_10,104,0.2518107802261358,
BVCC,common_alpha_10,105,0.238644264421975,
BVCC,common_alpha_10,106,0.2285355721742371,
BVCC,common_alpha_10,107,0.227202604985868,
BVCC,common_alpha_10,108,0.2297305963242947,
BVCC,common_alpha_10,109,0.2275090975329614,
BVCC,common_alpha_10,110,0.2233073916315194,
BVCC,common_alpha_10,111,0.2238108006778957,
BVCC,common_alpha_10,112,0.3387315385784972,
BVCC,common_alpha_10,113,0.2876887438724155,
BVCC,common_alpha_10,114,0.2823116170252455,
BVCC,common_alpha_10,115,0.2652609886807422,
BVCC,common_alpha_10,116,0.2679074320449787,
BVCC,common_alpha_10,117,0.2577989734914379,
BVCC,common_alpha_10,118,0.2583916931894571,
BVCC,common_alpha_10,119,0.2527952108920461,
BVCC,common_alpha_10,120,0.2518107802261357,
BVCC,common_alpha_10,121,0.2386442625801694,
BVCC,common_alpha_10,122,0.2285355777694979,
BVCC,common_alpha_10,123,0.2272026959016467,
BVCC,common_alpha_10,124,0.2297305962563747,
BVCC,common_alpha_10,125,0.2275091850955685,
BVCC,common_alpha_10,126,0.2233073691714308,
BVCC,common_alpha_10,127,0.223810758920914,
BVCC,common_alpha_10,128,0.826306458888555,
BVCC,common_alpha_10,129,0.4038114115146355,
BVCC,common_alpha_10,130,0.3642116160715968,
BVCC,common_alpha_10,131,0.3172326761741613,
BVCC,common_alpha_10,132,0.3081913920641884,
BVCC,common_alpha_10,133,0.2938758616875168,
BVCC,common_alpha_10,134,0.2882956162428751,
BVCC,common_alpha_10,135,0.2797757200368104,
BVCC,common_alpha_10,136,0.268423794342471,
BVCC,common_alpha_10,137,0.2584624995227466,
BVCC,common_alpha_10,138,0.2363418100705705,
BVCC,common_alpha_10,139,0.2352025371796461,
BVCC,common_alpha_10,140,0.2356626769537124,
BVCC,common_alpha_10,141,0.2353462271223417,
BVCC,common_alpha_10,142,0.2268068941855793,
BVCC,common_alpha_10,143,0.2286879401243436,
BVCC,common_alpha_10,144,0.6739163439186179,
BVCC,common_alpha_10,145,0.3861144456948318,
BVCC,common_alpha_10,146,0.3540918240498991,
BVCC,common_alpha_10,147,0.3127211700699537,
BVCC,common_alpha_10,148,0.3033450381527383,
BVCC,common_alpha_10,149,0.2916536013756962,
BVCC,common_alpha_10,150,0.2859900262392649,
BVCC,common_alpha_10,151,0.278707502408719,
BVCC,common_alpha_10,152,0.2633763154781326,
BVCC,common_alpha_10,153,0.2581874977942724,
BVCC,common_alpha_10,154,0.2363418100705705,
BVCC,common_alpha_10,155,0.2352025523570469,
BVCC,common_alpha_10,156,0.2356626593470202,
BVCC,common_alpha_10,157,0.235346235453517,
BVCC,common_alpha_10,158,0.2268069188209841,
BVCC,common_alpha_10,159,0.2286880072791525,
BVCC,common_alpha_10,160,0.338347224572989,
BVCC,common_alpha_10,161,0.2877855297306789,
BVCC,common_alpha_10,162,0.2823116170252455,
BVCC,common_alpha_10,163,0.2652610492487122,
BVCC,common_alpha_10,164,0.2679074320449787,
BVCC,common_alpha_10,165,0.2577989600933755,
BVCC,common_alpha_10,166,0.2583916932535084,
BVCC,common_alpha_10,167,0.2527952326892501,
BVCC,common_alpha_10,168,0.2518107802261357,
BVCC,common_alpha_10,169,0.23864426347635,
BVCC,common_alpha_10,170,0.2285355439609775,
BVCC,common_alpha_10,171,0.2272026319225931,
BVCC,common_alpha_10,172,0.22973059632502,
BVCC,common_alpha_10,173,0.2275091954164639,
BVCC,common_alpha_10,174,0.2233073761387269,
BVCC,common_alpha_10,175,0.2238108019342563,
BVCC,common_alpha_10,176,0.3371581531073834,
BVCC,common_alpha_10,177,0.2877855297306789,
BVCC,common_alpha_10,178,0.2823116170252455,
BVCC,common_alpha_10,179,0.2652609882334797,
BVCC,common_alpha_10,180,0.2679074320449787,
BVCC,common_alpha_10,181,0.2577989659616307,
BVCC,common_alpha_10,182,0.2583916954397923,
BVCC,common_alpha_10,183,0.2527952105758101,
BVCC,common_alpha_10,184,0.2518107802261358,
BVCC,common_alpha_10,185,0.2386442628136574,
BVCC,common_alpha_10,186,0.2285355374835533,
BVCC,common_alpha_10,187,0.2272026962277042,
BVCC,common_alpha_10,188,0.2297305932784999,
BVCC,common_alpha_10,189,0.2275091778563501,
BVCC,common_alpha_10,190,0.2233073695966007,
BVCC,common_alpha_10,191,0.223810757368951,
BVCC,common_alpha_10,192,0.7751234055159295,
BVCC,common_alpha_10,193,0.393675658051375,
BVCC,common_alpha_10,194,0.3607225264020385,
BVCC,common_alpha_10,195,0.3145056658556115,
BVCC,common_alpha_10,196,0.3079448427403383,
BVCC,common_alpha_10,197,0.2924821480129381,
BVCC,common_alpha_10,198,0.2878252352501117,
BVCC,common_alpha_10,199,0.2792198323281746,
BVCC,common_alpha_10,200,0.2685835324340009,
BVCC,common_alpha_10,201,0.2575501353161903,
BVCC,common_alpha_10,202,0.2359929946108627,
BVCC,common_alpha_10,203,0.235202537392633,
BVCC,common_alpha_10,204,0.235464287856609,
BVCC,common_alpha_10,205,0.2353462310458912,
BVCC,common_alpha_10,206,0.2268068672144678,
BVCC,common_alpha_10,207,0.2286880045192293,
BVCC,common_alpha_10,208,0.6721266402171877,
BVCC,common_alpha_10,209,0.3840260912002436,
BVCC,common_alpha_10,210,0.3537622936747895,
BVCC,common_alpha_10,211,0.3125760305491197,
BVCC,common_alpha_10,212,0.3045774405088889,
BVCC,common_alpha_10,213,0.2919774760435447,
BVCC,common_alpha_10,214,0.2865797919139434,
BVCC,common_alpha_10,215,0.2792198769093061,
BVCC,common_alpha_10,216,0.2652725606557916,
BVCC,common_alpha_10,217,0.2575502592245633,
BVCC,common_alpha_10,218,0.2359929654870045,
BVCC,common_alpha_10,219,0.2352025100455687,
BVCC,common_alpha_10,220,0.2354642547867503,
BVCC,common_alpha_10,221,0.2353461096661312,
BVCC,common_alpha_10,222,0.2268068728149777,
BVCC,common_alpha_10,223,0.2286879934293808,
BVCC,common_alpha_10,224,0.33856435812326,
BVCC,common_alpha_10,225,0.2876886505260915,
BVCC,common_alpha_10,226,0.2823116170252456,
BVCC,common_alpha_10,227,0.2652609882756269,
BVCC,common_alpha_10,228,0.2679074320449787,
BVCC,common_alpha_10,229,0.2577989596740064,
BVCC,common_alpha_10,230,0.2583916932539829,
BVCC,common_alpha_10,231,0.2527952080368922,
BVCC,common_alpha_10,232,0.2518107802261357,
BVCC,common_alpha_10,233,0.2386442628482513,
BVCC,common_alpha_10,234,0.2285355783998534,
BVCC,common_alpha_10,235,0.2272026822893584,
BVCC,common_alpha_10,236,0.229730596232923,
BVCC,common_alpha_10,237,0.2275091555638128,
BVCC,common_alpha_10,238,0.223307366781968,
BVCC,common_alpha_10,239,0.2238107712304231,
BVCC,common_alpha_10,240,0.3385643630274334,
BVCC,common_alpha_10,241,0.2876887409274157,
BVCC,common_alpha_10,242,0.2823116170252455,
BVCC,common_alpha_10,243,0.2652609888602568,
BVCC,common_alpha_10,244,0.2679074320449787,
BVCC,common_alpha_10,245,0.257798960442788,
BVCC,common_alpha_10,246,0.258391693253838,
BVCC,common_alpha_10,247,0.2527952005218139,
BVCC,common_alpha_10,248,0.2518107802261357,
BVCC,common_alpha_10,249,0.2386442554707088,
BVCC,common_alpha_10,250,0.2285355579865155,
BVCC,common_alpha_10,251,0.2272027502079842,
BVCC,common_alpha_10,252,0.2297305960299089,
BVCC,common_alpha_10,253,0.2275091323180746,
BVCC,common_alpha_10,254,0.2233073738111043,
BVCC,common_alpha_10,255,0.2238107873923994,
BVCC,common_alpha_10,256,0.2791737203969605,
BVCC,common_alpha_10,257,0.2509528567066026,
BVCC,common_alpha_10,258,0.2403372752066481,
BVCC,common_alpha_10,259,0.2333993656856757,
BVCC,common_alpha_10,260,0.2312629524045737,
BVCC,common_alpha_10,261,0.2292602526247298,
BVCC,common_alpha_10,262,0.2259418412881123,
BVCC,common_alpha_10,263,0.2253457083772378,
BVCC,common_alpha_10,264,0.226502492015739,
BVCC,common_alpha_10,265,0.2245052113549182,
BVCC,common_alpha_10,266,0.2118213564082221,
BVCC,common_alpha_10,267,0.2139184174025924,
BVCC,common_alpha_10,268,0.2124990833059963,
BVCC,common_alpha_10,269,0.2145018668410535,
BVCC,common_alpha_10,270,0.2084611508134444,
BVCC,common_alpha_10,271,0.2112465251635531,
BVCC,common_alpha_10,272,0.2766788940275304,
BVCC,common_alpha_10,273,0.2509528567066026,
BVCC,common_alpha_10,274,0.2403372752066481,
BVCC,common_alpha_10,275,0.2333993705717885,
BVCC,common_alpha_10,276,0.2312629524045737,
BVCC,common_alpha_10,277,0.2292602507771229,
BVCC,common_alpha_10,278,0.2259418364146376,
BVCC,common_alpha_10,279,0.225345773832445,
BVCC,common_alpha_10,280,0.2265024920157391,
BVCC,common_alpha_10,281,0.2245052109037124,
BVCC,common_alpha_10,282,0.2118213491067851,
BVCC,common_alpha_10,283,0.2139183124260912,
BVCC,common_alpha_10,284,0.2124990831756279,
BVCC,common_alpha_10,285,0.2145018798875667,
BVCC,common_alpha_10,286,0.2084611407867384,
BVCC,common_alpha_10,287,0.211246500972214,
BVCC,common_alpha_10,288,0.2417089712870228,
BVCC,common_alpha_10,289,0.2333441695679753,
BVCC,common_alpha_10,290,0.2269319724580002,
BVCC,common_alpha_10,291,0.2247264660878841,
BVCC,common_alpha_10,292,0.2236367267982312,
BVCC,common_alpha_10,293,0.2227949408521941,
BVCC,common_alpha_10,294,0.2201699262374345,
BVCC,common_alpha_10,295,0.2204925851679521,
BVCC,common_alpha_10,296,0.2195273902369279,
BVCC,common_alpha_10,297,0.2183114280050086,
BVCC,common_alpha_10,298,0.2092900406528755,
BVCC,common_alpha_10,299,0.2114695230503731,
BVCC,common_alpha_10,300,0.2109531970251809,
BVCC,common_alpha_10,301,0.2121985940049628,
BVCC,common_alpha_10,302,0.2074912263731251,
BVCC,common_alpha_10,303,0.209883309817332,
BVCC,common_alpha_10,304,0.2417089712870228,
BVCC,common_alpha_10,305,0.233344169294225,
BVCC,common_alpha_10,306,0.2269319724266899,
BVCC,common_alpha_10,307,0.2247264463063861,
BVCC,common_alpha_10,308,0.2236367134727993,
BVCC,common_alpha_10,309,0.2227951047173078,
BVCC,common_alpha_10,310,0.2201699204320048,
BVCC,common_alpha_10,311,0.2204925965159357,
BVCC,common_alpha_10,312,0.2195273783623282,
BVCC,common_alpha_10,313,0.2183114382220634,
BVCC,common_alpha_10,314,0.2092900163742727,
BVCC,common_alpha_10,315,0.2114694968492919,
BVCC,common_alpha_10,316,0.2109532089223716,
BVCC,common_alpha_10,317,0.2121986677626257,
BVCC,common_alpha_10,318,0.2074912188077478,
BVCC,common_alpha_10,319,0.2098832830112571,
BVCC,common_alpha_10,320,0.2770826407465686,
BVCC,common_alpha_10,321,0.2509528567066027,
BVCC,common_alpha_10,322,0.2403372752066481,
BVCC,common_alpha_10,323,0.2333993707422664,
BVCC,common_alpha_10,324,0.2312629524045737,
BVCC,common_alpha_10,325,0.2292602449528291,
BVCC,common_alpha_10,326,0.2259418325572075,
BVCC,common_alpha_10,327,0.2253457355568115,
BVCC,common_alpha_10,328,0.2263201272498747,
BVCC,common_alpha_10,329,0.2245052078590006,
BVCC,common_alpha_10,330,0.2118213509587677,
BVCC,common_alpha_10,331,0.2139183946880987,
BVCC,common_alpha_10,332,0.2124990831615509,
BVCC,common_alpha_10,333,0.214501867332448,
BVCC,common_alpha_10,334,0.2084611406876662,
BVCC,common_alpha_10,335,0.2112465137533405,
BVCC,common_alpha_10,336,0.2770000220132876,
BVCC,common_alpha_10,337,0.2509528567066026,
BVCC,common_alpha_10,338,0.2403372752066481,
BVCC,common_alpha_10,339,0.2333993477075157,
BVCC,common_alpha_10,340,0.2312629524045737,
BVCC,common_alpha_10,341,0.2292602111130279,
BVCC,common_alpha_10,342,0.2259418532795569,
BVCC,common_alpha_10,343,0.2253456585104182,
BVCC,common_alpha_10,344,0.2263201252111345,
BVCC,common_alpha_10,345,0.224505207295566,
BVCC,common_alpha_10,346,0.2118213861689742,
BVCC,common_alpha_10,347,0.2139183725342403,
BVCC,common_alpha_10,348,0.2124990832255209,
BVCC,common_alpha_10,349,0.2145018801175142,
BVCC,common_alpha_10,350,0.2084611465556962,
BVCC,common_alpha_10,351,0.2112465425574363,
BVCC,common_alpha_10,352,0.2417089712870228,
BVCC,common_alpha_10,353,0.233344170963088,
BVCC,common_alpha_10,354,0.2269319726124694,
BVCC,common_alpha_10,355,0.2247264738897602,
BVCC,common_alpha_10,356,0.223636727051781,
BVCC,common_alpha_10,357,0.2227950358290525,
BVCC,common_alpha_10,358,0.2201699320558745,
BVCC,common_alpha_10,359,0.2204925751427048,
BVCC,common_alpha_10,360,0.2195273346380456,
BVCC,common_alpha_10,361,0.2183114445343092,
BVCC,common_alpha_10,362,0.2092900147167359,
BVCC,common_alpha_10,363,0.2114695124677747,
BVCC,common_alpha_10,364,0.2109532084747862,
BVCC,common_alpha_10,365,0.2121986569987809,
BVCC,common_alpha_10,366,0.2074912238799223,
BVCC,common_alpha_10,367,0.2098832812768741,
BVCC,common_alpha_10,368,0.2417089712870228,
BVCC,common_alpha_10,369,0.2333441629153048,
BVCC,common_alpha_10,370,0.2269319823549468,
BVCC,common_alpha_10,371,0.2247264791333596,
BVCC,common_alpha_10,372,0.22363672551463,
BVCC,common_alpha_10,373,0.222795055529908,
BVCC,common_alpha_10,374,0.2201699358868778,
BVCC,common_alpha_10,375,0.2204925757671334,
BVCC,common_alpha_10,376,0.2195273858635317,
BVCC,common_alpha_10,377,0.2183114288482646,
BVCC,common_alpha_10,378,0.2092900436916417,
BVCC,common_alpha_10,379,0.2114694803057974,
BVCC,common_alpha_10,380,0.2109531994174127,
BVCC,common_alpha_10,381,0.2121986074865801,
BVCC,common_alpha_10,382,0.2074912114352959,
BVCC,common_alpha_10,383,0.2098832062695941,
BVCC,common_alpha_10,384,0.2764999002666598,
BVCC,common_alpha_10,385,0.2509528567066027,
BVCC,common_alpha_10,386,0.2403372752066481,
BVCC,common_alpha_10,387,0.2333993613712727,
BVCC,common_alpha_10,388,0.2312629524045737,
BVCC,common_alpha_10,389,0.2292602045759498,
BVCC,common_alpha_10,390,0.2259418474651038,
BVCC,common_alpha_10,391,0.2253457067241133,
BVCC,common_alpha_10,392,0.2262509608595557,
BVCC,common_alpha_10,393,0.2245051963384619,
BVCC,common_alpha_10,394,0.2118213490539733,
BVCC,common_alpha_10,395,0.2139184048825939,
BVCC,common_alpha_10,396,0.2124990830684933,
BVCC,common_alpha_10,397,0.2145018229889444,
BVCC,common_alpha_10,398,0.2084611488859528,
BVCC,common_alpha_10,399,0.2112465107432356,
BVCC,common_alpha_10,400,0.2763272398701618,
BVCC,common_alpha_10,401,0.2509528567066026,
BVCC,common_alpha_10,402,0.2403372752066481,
BVCC,common_alpha_10,403,0.2333993381507402,
BVCC,common_alpha_10,404,0.2312629524045737,
BVCC,common_alpha_10,405,0.2292602097486399,
BVCC,common_alpha_10,406,0.2259418570765967,
BVCC,common_alpha_10,407,0.2253456710073055,
BVCC,common_alpha_10,408,0.2262509541826941,
BVCC,common_alpha_10,409,0.2245052062358498,
BVCC,common_alpha_10,410,0.211821353219807,
BVCC,common_alpha_10,411,0.2139183763619744,
BVCC,common_alpha_10,412,0.2124990832318726,
BVCC,common_alpha_10,413,0.2145019694699152,
BVCC,common_alpha_10,414,0.2084611467940763,
BVCC,common_alpha_10,415,0.2112465391339942,
BVCC,common_alpha_10,416,0.2417089712870229,
BVCC,common_alpha_10,417,0.2333441713054388,
BVCC,common_alpha_10,418,0.2269319778674403,
BVCC,common_alpha_10,419,0.2247264786097536,
BVCC,common_alpha_10,420,0.2236367255086181,
BVCC,common_alpha_10,421,0.2227950352295709,
BVCC,common_alpha_10,422,0.2201699432200512,
BVCC,common_alpha_10,423,0.2204925872104494,
BVCC,common_alpha_10,424,0.2195273783119812,
BVCC,common_alpha_10,425,0.218311413662994,
BVCC,common_alpha_10,426,0.2092900234354737,
BVCC,common_alpha_10,427,0.2114695140933839,
BVCC,common_alpha_10,428,0.2109531976027193,
BVCC,common_alpha_10,429,0.2121986548522894,
BVCC,common_alpha_10,430,0.2074912250709494,
BVCC,common_alpha_10,431,0.2098832798971258,
BVCC,common_alpha_10,432,0.2417089712870228,
BVCC,common_alpha_10,433,0.2333441677196851,
BVCC,common_alpha_10,434,0.2269319739259467,
BVCC,common_alpha_10,435,0.2247264791543225,
BVCC,common_alpha_10,436,0.2236367249928336,
BVCC,common_alpha_10,437,0.2227950531017973,
BVCC,common_alpha_10,438,0.2201699450058196,
BVCC,common_alpha_10,439,0.2204925781238356,
BVCC,common_alpha_10,440,0.2195273884252505,
BVCC,common_alpha_10,441,0.2183114295130021,
BVCC,common_alpha_10,442,0.2092900386980249,
BVCC,common_alpha_10,443,0.2114694801595353,
BVCC,common_alpha_10,444,0.2109531992440468,
BVCC,common_alpha_10,445,0.2121986123029475,
BVCC,common_alpha_10,446,0.2074912120939078,
BVCC,common_alpha_10,447,0.2098832049112915,
BVCC,common_alpha_10,448,0.2768205257917324,
BVCC,common_alpha_10,449,0.2509528567066026,
BVCC,common_alpha_10,450,0.2403372752066481,
BVCC,common_alpha_10,451,0.2333993711010958,
BVCC,common_alpha_10,452,0.2312629524045737,
BVCC,common_alpha_10,453,0.2292602050490416,
BVCC,common_alpha_10,454,0.2259418462276771,
BVCC,common_alpha_10,455,0.2253456639575484,
BVCC,common_alpha_10,456,0.2263201299277599,
BVCC,common_alpha_10,457,0.2245052052696713,
BVCC,common_alpha_10,458,0.2118213504418453,
BVCC,common_alpha_10,459,0.2139183717937744,
BVCC,common_alpha_10,460,0.2124990832348547,
BVCC,common_alpha_10,461,0.2145019386723813,
BVCC,common_alpha_10,462,0.2084611456208872,
BVCC,common_alpha_10,463,0.2112465508795162,
BVCC,common_alpha_10,464,0.2768074077231664,
BVCC,common_alpha_10,465,0.2509528804257335,
BVCC,common_alpha_10,466,0.2403372752066481,
BVCC,common_alpha_10,467,0.2333993710730726,
BVCC,common_alpha_10,468,0.2312629524045737,
BVCC,common_alpha_10,469,0.2292602220436327,
BVCC,common_alpha_10,470,0.2259418465774446,
BVCC,common_alpha_10,471,0.2253457050551502,
BVCC,common_alpha_10,472,0.2263201304887212,
BVCC,common_alpha_10,473,0.2245052107832171,
BVCC,common_alpha_10,474,0.2118213507826321,
BVCC,common_alpha_10,475,0.2139184081456872,
BVCC,common_alpha_10,476,0.2124990832189286,
BVCC,common_alpha_10,477,0.214501885497085,
BVCC,common_alpha_10,478,0.208461143769325,
BVCC,common_alpha_10,479,0.2112465617968575,
BVCC,common_alpha_10,480,0.2417089712870228,
BVCC,common_alpha_10,481,0.2333441708890061,
BVCC,common_alpha_10,482,0.2269319724090589,
BVCC,common_alpha_10,483,0.2247264790464174,
BVCC,common_alpha_10,484,0.2236367239513694,
BVCC,common_alpha_10,485,0.2227950499985915,
BVCC,common_alpha_10,486,0.220169922832624,
BVCC,common_alpha_10,487,0.2204925702286598,
BVCC,common_alpha_10,488,0.2195273896202627,
BVCC,common_alpha_10,489,0.2183114296233444,
BVCC,common_alpha_10,490,0.2092900208638898,
BVCC,common_alpha_10,491,0.2114694954598076,
BVCC,common_alpha_10,492,0.2109531992771262,
BVCC,common_alpha_10,493,0.2121986208046483,
BVCC,common_alpha_10,494,0.2074912150799186,
BVCC,common_alpha_10,495,0.2098832210318621,
BVCC,common_alpha_10,496,0.2417089712870229,
BVCC,common_alpha_10,497,0.2333441581004568,
BVCC,common_alpha_10,498,0.2269319723899598,
BVCC,common_alpha_10,499,0.2247264789519451,
BVCC,common_alpha_10,500,0.2236367267711458,
BVCC,common_alpha_10,501,0.2227950343742316,
BVCC,common_alpha_10,502,0.2201699478960984,
BVCC,common_alpha_10,503,0.2204925608324175,
BVCC,common_alpha_10,504,0.2195273992442034,
BVCC,common_alpha_10,505,0.2183113913343786,
BVCC,common_alpha_10,506,0.2092900263756473,
BVCC,common_alpha_10,507,0.2114694657600018,
BVCC,common_alpha_10,508,0.2109531962967745,
BVCC,common_alpha_10,509,0.2121986289786569,
BVCC,common_alpha_10,510,0.2074912089595195,
BVCC,common_alpha_10,511,0.2098832570645341,
BVCC,common_alpha_10,512,0.5088667205575291,
BVCC,common_alpha_10,513,0.3375936839666048,
BVCC,common_alpha_10,514,0.3251411980670139,
BVCC,common_alpha_10,515,0.2922176298912472,
BVCC,common_alpha_10,516,0.2915626685792408,
BVCC,common_alpha_10,517,0.2770857138444085,
BVCC,common_alpha_10,518,0.2766431483732481,
BVCC,common_alpha_10,519,0.268668811183839,
BVCC,common_alpha_10,520,0.2608115331434877,
BVCC,common_alpha_10,521,0.2500046508828353,
BVCC,common_alpha_10,522,0.2324328804255805,
BVCC,common_alpha_10,523,0.2331632949779557,
BVCC,common_alpha_10,524,0.2329416150527972,
BVCC,common_alpha_10,525,0.2332760432514008,
BVCC,common_alpha_10,526,0.2255650226845661,
BVCC,common_alpha_10,527,0.2279545735816154,
BVCC,common_alpha_10,528,0.4932594639623773,
BVCC,common_alpha_10,529,0.3375936839666047,
BVCC,common_alpha_10,530,0.3251411980670139,
BVCC,common_alpha_10,531,0.2922176311837341,
BVCC,common_alpha_10,532,0.2915626685792408,
BVCC,common_alpha_10,533,0.2770855986189739,
BVCC,common_alpha_10,534,0.2766431483032865,
BVCC,common_alpha_10,535,0.2686688037339268,
BVCC,common_alpha_10,536,0.2608115331434877,
BVCC,common_alpha_10,537,0.25000463283399,
BVCC,common_alpha_10,538,0.2324328721187202,
BVCC,common_alpha_10,539,0.2331633252840735,
BVCC,common_alpha_10,540,0.2329416150890307,
BVCC,common_alpha_10,541,0.2332761791286662,
BVCC,common_alpha_10,542,0.2255650232465778,
BVCC,common_alpha_10,543,0.2279545833245871,
BVCC,common_alpha_10,544,0.3229269977281288,
BVCC,common_alpha_10,545,0.2800960250897413,
BVCC,common_alpha_10,546,0.2767343166098416,
BVCC,common_alpha_10,547,0.2625433807167419,
BVCC,common_alpha_10,548,0.2646571045862126,
BVCC,common_alpha_10,549,0.25585942266593,
BVCC,common_alpha_10,550,0.2565988872375204,
BVCC,common_alpha_10,551,0.2516901756835479,
BVCC,common_alpha_10,552,0.2480272611720927,
BVCC,common_alpha_10,553,0.2383985239836415,
BVCC,common_alpha_10,554,0.2284478469660064,
BVCC,common_alpha_10,555,0.2272026633897131,
BVCC,common_alpha_10,556,0.2294880716555573,
BVCC,common_alpha_10,557,0.2275091007110572,
BVCC,common_alpha_10,558,0.2233073561173208,
BVCC,common_alpha_10,559,0.2238108087072331,
BVCC,common_alpha_10,560,0.3229269977281287,
BVCC,common_alpha_10,561,0.2800960212302446,
BVCC,common_alpha_10,562,0.2767343170020311,
BVCC,common_alpha_10,563,0.2625432811881287,
BVCC,common_alpha_10,564,0.2646571022941436,
BVCC,common_alpha_10,565,0.2558594408445207,
BVCC,common_alpha_10,566,0.2565988859873082,
BVCC,common_alpha_10,567,0.2516900759896748,
BVCC,common_alpha_10,568,0.2480272632943673,
BVCC,common_alpha_10,569,0.2383986528187337,
BVCC,common_alpha_10,570,0.2284478691097861,
BVCC,common_alpha_10,571,0.2272026869571833,
BVCC,common_alpha_10,572,0.2294880737489535,
BVCC,common_alpha_10,573,0.2275091740373218,
BVCC,common_alpha_10,574,0.2233073367422687,
BVCC,common_alpha_10,575,0.2238108742683795,
BVCC,common_alpha_10,576,0.5027748032132396,
BVCC,common_alpha_10,577,0.3386705293039438,
BVCC,common_alpha_10,578,0.3251411980670139,
BVCC,common_alpha_10,579,0.2922176337170943,
BVCC,common_alpha_10,580,0.2915626685792408,
BVCC,common_alpha_10,581,0.2770857117542994,
BVCC,common_alpha_10,582,0.2766431477207808,
BVCC,common_alpha_10,583,0.2686688789917608,
BVCC,common_alpha_10,584,0.2606682939192765,
BVCC,common_alpha_10,585,0.2500046276959077,
BVCC,common_alpha_10,586,0.2324328754672994,
BVCC,common_alpha_10,587,0.2331632425880733,
BVCC,common_alpha_10,588,0.2329416150879392,
BVCC,common_alpha_10,589,0.2332761599533727,
BVCC,common_alpha_10,590,0.2255650305462458,
BVCC,common_alpha_10,591,0.2279545799059153,
BVCC,common_alpha_10,592,0.4976042803899182,
BVCC,common_alpha_10,593,0.3386705054759439,
BVCC,common_alpha_10,594,0.3251411980670139,
BVCC,common_alpha_10,595,0.2922176314082613,
BVCC,common_alpha_10,596,0.2915626685792409,
BVCC,common_alpha_10,597,0.2770857029556414,
BVCC,common_alpha_10,598,0.2766431475058755,
BVCC,common_alpha_10,599,0.2686688131475302,
BVCC,common_alpha_10,600,0.2606683004384424,
BVCC,common_alpha_10,601,0.2500046314811667,
BVCC,common_alpha_10,602,0.2324328619452706,
BVCC,common_alpha_10,603,0.2331632901592877,
BVCC,common_alpha_10,604,0.2329416156976055,
BVCC,common_alpha_10,605,0.2332761574041562,
BVCC,common_alpha_10,606,0.2255650221670693,
BVCC,common_alpha_10,607,0.227954565755711,
BVCC,common_alpha_10,608,0.3229269977281287,
BVCC,common_alpha_10,609,0.2800960146397247,
BVCC,common_alpha_10,610,0.2767343190378336,
BVCC,common_alpha_10,611,0.2625433766077856,
BVCC,common_alpha_10,612,0.2646571022914282,
BVCC,common_alpha_10,613,0.2558594508501707,
BVCC,common_alpha_10,614,0.2565988870443509,
BVCC,common_alpha_10,615,0.2516900806847819,
BVCC,common_alpha_10,616,0.2480272645014346,
BVCC,common_alpha_10,617,0.238398651521878,
BVCC,common_alpha_10,618,0.2284478466502317,
BVCC,common_alpha_10,619,0.2272026692370602,
BVCC,common_alpha_10,620,0.2294880738418323,
BVCC,common_alpha_10,621,0.2275091641531271,
BVCC,common_alpha_10,622,0.2233073131852273,
BVCC,common_alpha_10,623,0.2238108769665745,
BVCC,common_alpha_10,624,0.3229269977281288,
BVCC,common_alpha_10,625,0.2800959883083048,
BVCC,common_alpha_10,626,0.2767343177900653,
BVCC,common_alpha_10,627,0.2625433833220387,
BVCC,common_alpha_10,628,0.2646571065022048,
BVCC,common_alpha_10,629,0.2558594568571149,
BVCC,common_alpha_10,630,0.2565988867172624,
BVCC,common_alpha_10,631,0.2516900950283074,
BVCC,common_alpha_10,632,0.2480272633060033,
BVCC,common_alpha_10,633,0.2383986178974512,
BVCC,common_alpha_10,634,0.2284478469863262,
BVCC,common_alpha_10,635,0.2272026381192965,
BVCC,common_alpha_10,636,0.2294880739333847,
BVCC,common_alpha_10,637,0.2275090961237377,
BVCC,common_alpha_10,638,0.2233073685634066,
BVCC,common_alpha_10,639,0.2238108382765594,
BVCC,common_alpha_10,640,0.4983278930596893,
BVCC,common_alpha_10,641,0.3384979038727564,
BVCC,common_alpha_10,642,0.3251411980670139,
BVCC,common_alpha_10,643,0.2922176314800819,
BVCC,common_alpha_10,644,0.2915626685792408,
BVCC,common_alpha_10,645,0.2770856098130741,
BVCC,common_alpha_10,646,0.2766431491007632,
BVCC,common_alpha_10,647,0.2686687499214161,
BVCC,common_alpha_10,648,0.2606974153903868,
BVCC,common_alpha_10,649,0.2500045130572787,
BVCC,common_alpha_10,650,0.2324328793492662,
BVCC,common_alpha_10,651,0.233163252344933,
BVCC,common_alpha_10,652,0.2329416149259332,
BVCC,common_alpha_10,653,0.2332761618589265,
BVCC,common_alpha_10,654,0.2255650267996436,
BVCC,common_alpha_10,655,0.227954580470912,
BVCC,common_alpha_10,656,0.4944778557457503,
BVCC,common_alpha_10,657,0.3384978779345136,
BVCC,common_alpha_10,658,0.3251411980670138,
BVCC,common_alpha_10,659,0.2922176311462715,
BVCC,common_alpha_10,660,0.2915626685792408,
BVCC,common_alpha_10,661,0.2770856464861153,
BVCC,common_alpha_10,662,0.2766431478668519,
BVCC,common_alpha_10,663,0.2686688312599883,
BVCC,common_alpha_10,664,0.2606973973245242,
BVCC,common_alpha_10,665,0.2500046315226042,
BVCC,common_alpha_10,666,0.2324328691355798,
BVCC,common_alpha_10,667,0.2331632908653815,
BVCC,common_alpha_10,668,0.232941615590154,
BVCC,common_alpha_10,669,0.2332761579133579,
BVCC,common_alpha_10,670,0.22556502280554,
BVCC,common_alpha_10,671,0.2279545635207502,
BVCC,common_alpha_10,672,0.3229269977281288,
BVCC,common_alpha_10,673,0.280095970803304,
BVCC,common_alpha_10,674,0.276734316489462,
BVCC,common_alpha_10,675,0.2625433811143696,
BVCC,common_alpha_10,676,0.2646571109614725,
BVCC,common_alpha_10,677,0.2558594271849108,
BVCC,common_alpha_10,678,0.2565988864069807,
BVCC,common_alpha_10,679,0.2516900879778759,
BVCC,common_alpha_10,680,0.2480272634233782,
BVCC,common_alpha_10,681,0.2383986419593359,
BVCC,common_alpha_10,682,0.2284478465607363,
BVCC,common_alpha_10,683,0.2272026679553771,
BVCC,common_alpha_10,684,0.2294880741701402,
BVCC,common_alpha_10,685,0.2275091676515145,
BVCC,common_alpha_10,686,0.2233073603361819,
BVCC,common_alpha_10,687,0.2238108736037713,
BVCC,common_alpha_10,688,0.3229269977281287,
BVCC,common_alpha_10,689,0.2800959874304999,
BVCC,common_alpha_10,690,0.2767343171211188,
BVCC,common_alpha_10,691,0.2625433752485933,
BVCC,common_alpha_10,692,0.264657105296332,
BVCC,common_alpha_10,693,0.2558594616278319,
BVCC,common_alpha_10,694,0.2565988865428428,
BVCC,common_alpha_10,695,0.251690108332161,
BVCC,common_alpha_10,696,0.2480273280722782,
BVCC,common_alpha_10,697,0.2383986104273934,
BVCC,common_alpha_10,698,0.2284478470645484,
BVCC,common_alpha_10,699,0.2272026426780065,
BVCC,common_alpha_10,700,0.2294880739283054,
BVCC,common_alpha_10,701,0.2275090948665288,
BVCC,common_alpha_10,702,0.2233073430538133,
BVCC,common_alpha_10,703,0.2238108334219865,
BVCC,common_alpha_10,704,0.4994024437623773,
BVCC,common_alpha_10,705,0.3386705333080522,
BVCC,common_alpha_10,706,0.3251411980670138,
BVCC,common_alpha_10,707,0.2922176318728542,
BVCC,common_alpha_10,708,0.2915626685792408,
BVCC,common_alpha_10,709,0.2770857101926066,
BVCC,common_alpha_10,710,0.2766431480228953,
BVCC,common_alpha_10,711,0.2686688315737541,
BVCC,common_alpha_10,712,0.2606683040794127,
BVCC,common_alpha_10,713,0.2500046713316944,
BVCC,common_alpha_10,714,0.2324328772380313,
BVCC,common_alpha_10,715,0.2331632903279563,
BVCC,common_alpha_10,716,0.2329416150917987,
BVCC,common_alpha_10,717,0.2332761602050974,
BVCC,common_alpha_10,718,0.2255650253865232,
BVCC,common_alpha_10,719,0.2279545628174695,
BVCC,common_alpha_10,720,0.4961452224068688,
BVCC,common_alpha_10,721,0.3386705712814503,
BVCC,common_alpha_10,722,0.3251411980670138,
BVCC,common_alpha_10,723,0.2922176469670777,
BVCC,common_alpha_10,724,0.2915626685792408,
BVCC,common_alpha_10,725,0.2770857102969727,
BVCC,common_alpha_10,726,0.276643148313182,
BVCC,common_alpha_10,727,0.2686688155100129,
BVCC,common_alpha_10,728,0.2606683061283453,
BVCC,common_alpha_10,729,0.2500046465492895,
BVCC,common_alpha_10,730,0.2324328762230438,
BVCC,common_alpha_10,731,0.2331632777657222,
BVCC,common_alpha_10,732,0.2329416154094948,
BVCC,common_alpha_10,733,0.2332761577624163,
BVCC,common_alpha_10,734,0.2255650273681367,
BVCC,common_alpha_10,735,0.2279545984283116,
BVCC,common_alpha_10,736,0.3229269977281289,
BVCC,common_alpha_10,737,0.280096020930982,
BVCC,common_alpha_10,738,0.2767343165884396,
BVCC,common_alpha_10,739,0.262543320233703,
BVCC,common_alpha_10,740,0.2646571023264534,
BVCC,common_alpha_10,741,0.2558594286288991,
BVCC,common_alpha_10,742,0.2565988860156463,
BVCC,common_alpha_10,743,0.2516901274338033,
BVCC,common_alpha_10,744,0.2480272644088646,
BVCC,common_alpha_10,745,0.2383985906630452,
BVCC,common_alpha_10,746,0.2284478464417717,
BVCC,common_alpha_10,747,0.2272026477578621,
BVCC,common_alpha_10,748,0.2294880739591785,
BVCC,common_alpha_10,749,0.2275091892692693,
BVCC,common_alpha_10,750,0.2233074074151547,
BVCC,common_alpha_10,751,0.2238108365717041,
BVCC,common_alpha_10,752,0.3229269977281288,
BVCC,common_alpha_10,753,0.2800960214381988,
BVCC,common_alpha_10,754,0.2767343166437107,
BVCC,common_alpha_10,755,0.2625433297958127,
BVCC,common_alpha_10,756,0.2646571023864266,
BVCC,common_alpha_10,757,0.2558594225395402,
BVCC,common_alpha_10,758,0.2565988849574355,
BVCC,common_alpha_10,759,0.2516900763500391,
BVCC,common_alpha_10,760,0.2480272676290324,
BVCC,common_alpha_10,761,0.2383986753958734,
BVCC,common_alpha_10,762,0.2284478469361666,
BVCC,common_alpha_10,763,0.2272026677104972,
BVCC,common_alpha_10,764,0.2294880751400176,
BVCC,common_alpha_10,765,0.2275091061873786,
BVCC,common_alpha_10,766,0.2233073490367163,
BVCC,common_alpha_10,767,0.2238108315634686,
BVCC,common_alpha_10,768,0.2699479496761503,
BVCC,common_alpha_10,769,0.2481469147605646,
BVCC,common_alpha_10,770,0.2393378225118194,
BVCC,common_alpha_10,771,0.2333747837765454,
BVCC,common_alpha_10,772,0.2310769438410478,
BVCC,common_alpha_10,773,0.2292602618676218,
BVCC,common_alpha_10,774,0.2259251577027598,
BVCC,common_alpha_10,775,0.2253457125787026,
BVCC,common_alpha_10,776,0.2253020990685669,
BVCC,common_alpha_10,777,0.224312376782973,
BVCC,common_alpha_10,778,0.2118213462715243,
BVCC,common_alpha_10,779,0.2139183890477553,
BVCC,common_alpha_10,780,0.2125014998917358,
BVCC,common_alpha_10,781,0.2145019034817614,
BVCC,common_alpha_10,782,0.2084611400130445,
BVCC,common_alpha_10,783,0.211246601017863,
BVCC,common_alpha_10,784,0.2699479496761503,
BVCC,common_alpha_10,785,0.2481469104977923,
BVCC,common_alpha_10,786,0.2393378162731561,
BVCC,common_alpha_10,787,0.2333747870612303,
BVCC,common_alpha_10,788,0.2310769409418733,
BVCC,common_alpha_10,789,0.2292602537208995,
BVCC,common_alpha_10,790,0.2259251668151723,
BVCC,common_alpha_10,791,0.2253457281806023,
BVCC,common_alpha_10,792,0.2253021168157868,
BVCC,common_alpha_10,793,0.2243124228282812,
BVCC,common_alpha_10,794,0.2118213489471356,
BVCC,common_alpha_10,795,0.213918410922333,
BVCC,common_alpha_10,796,0.2125014844158223,
BVCC,common_alpha_10,797,0.2145018798211093,
BVCC,common_alpha_10,798,0.2084611341729082,
BVCC,common_alpha_10,799,0.2112465626472064,
BVCC,common_alpha_10,800,0.2416852129996872,
BVCC,common_alpha_10,801,0.2333441713080528,
BVCC,common_alpha_10,802,0.2269319723224468,
BVCC,common_alpha_10,803,0.2247264904293895,
BVCC,common_alpha_10,804,0.2236367271992262,
BVCC,common_alpha_10,805,0.2227950400600911,
BVCC,common_alpha_10,806,0.2201699188724885,
BVCC,common_alpha_10,807,0.2204926696916497,
BVCC,common_alpha_10,808,0.2195188462383562,
BVCC,common_alpha_10,809,0.2183114330743677,
BVCC,common_alpha_10,810,0.2092900177152495,
BVCC,common_alpha_10,811,0.2114695162597495,
BVCC,common_alpha_10,812,0.2109532027047135,
BVCC,common_alpha_10,813,0.2121986196550022,
BVCC,common_alpha_10,814,0.2074911936801985,
BVCC,common_alpha_10,815,0.209883213079126,
BVCC,common_alpha_10,816,0.2416852003665349,
BVCC,common_alpha_10,817,0.233344168701489,
BVCC,common_alpha_10,818,0.2269319724346539,
BVCC,common_alpha_10,819,0.2247264712096623,
BVCC,common_alpha_10,820,0.2236367269298841,
BVCC,common_alpha_10,821,0.222795042945045,
BVCC,common_alpha_10,822,0.2201699191908346,
BVCC,common_alpha_10,823,0.2204926055871433,
BVCC,common_alpha_10,824,0.219518810691129,
BVCC,common_alpha_10,825,0.2183114353251271,
BVCC,common_alpha_10,826,0.2092900451301503,
BVCC,common_alpha_10,827,0.2114695028888421,
BVCC,common_alpha_10,828,0.2109532130509585,
BVCC,common_alpha_10,829,0.2121986568600226,
BVCC,common_alpha_10,830,0.2074912163832838,
BVCC,common_alpha_10,831,0.2098832333600884,
BVCC,common_alpha_10,832,0.2699479496761503,
BVCC,common_alpha_10,833,0.248146891804898,
BVCC,common_alpha_10,834,0.2393378015852564,
BVCC,common_alpha_10,835,0.2333747895953355,
BVCC,common_alpha_10,836,0.2310769351313909,
BVCC,common_alpha_10,837,0.2292602537866092,
BVCC,common_alpha_10,838,0.2259251643786886,
BVCC,common_alpha_10,839,0.2253457271546753,
BVCC,common_alpha_10,840,0.2253021299609217,
BVCC,common_alpha_10,841,0.2243123956574181,
BVCC,common_alpha_10,842,0.2118213489058238,
BVCC,common_alpha_10,843,0.2139184114588281,
BVCC,common_alpha_10,844,0.2125014974128094,
BVCC,common_alpha_10,845,0.2145018799341359,
BVCC,common_alpha_10,846,0.2084611343807514,
BVCC,common_alpha_10,847,0.2112465624496989,
BVCC,common_alpha_10,848,0.2699479496761502,
BVCC,common_alpha_10,849,0.2481468881961802,
BVCC,common_alpha_10,850,0.2393378201910916,
BVCC,common_alpha_10,851,0.2333747719842483,
BVCC,common_alpha_10,852,0.2310769233193396,
BVCC,common_alpha_10,853,0.229260215164371,
BVCC,common_alpha_10,854,0.2259251669922403,
BVCC,common_alpha_10,855,0.2253457157084863,
BVCC,common_alpha_10,856,0.2253021003761697,
BVCC,common_alpha_10,857,0.2243124201537671,
BVCC,common_alpha_10,858,0.2118213492046133,
BVCC,common_alpha_10,859,0.2139183434647023,
BVCC,common_alpha_10,860,0.2125014999816994,
BVCC,common_alpha_10,861,0.2145018485508555,
BVCC,common_alpha_10,862,0.2084611233478852,
BVCC,common_alpha_10,863,0.2112466083503987,
BVCC,common_alpha_10,864,0.2416852189416857,
BVCC,common_alpha_10,865,0.2333441689430722,
BVCC,common_alpha_10,866,0.2269319723971355,
BVCC,common_alpha_10,867,0.2247264708946652,
BVCC,common_alpha_10,868,0.2236367266427367,
BVCC,common_alpha_10,869,0.2227950458702793,
BVCC,common_alpha_10,870,0.2201699179971707,
BVCC,common_alpha_10,871,0.2204925944274167,
BVCC,common_alpha_10,872,0.219518827419574,
BVCC,common_alpha_10,873,0.2183114366657649,
BVCC,common_alpha_10,874,0.2092900267010031,
BVCC,common_alpha_10,875,0.2114695120558483,
BVCC,common_alpha_10,876,0.2109532172572039,
BVCC,common_alpha_10,877,0.212198676594661,
BVCC,common_alpha_10,878,0.2074912190009367,
BVCC,common_alpha_10,879,0.2098832689532394,
BVCC,common_alpha_10,880,0.2416852045218774,
BVCC,common_alpha_10,881,0.2333441694395148,
BVCC,common_alpha_10,882,0.2269319727946085,
BVCC,common_alpha_10,883,0.2247264456651345,
BVCC,common_alpha_10,884,0.2236367258768065,
BVCC,common_alpha_10,885,0.2227950138915315,
BVCC,common_alpha_10,886,0.2201699169430425,
BVCC,common_alpha_10,887,0.2204925915002257,
BVCC,common_alpha_10,888,0.2195188117913872,
BVCC,common_alpha_10,889,0.2183114343793291,
BVCC,common_alpha_10,890,0.2092900167796209,
BVCC,common_alpha_10,891,0.2114695226271079,
BVCC,common_alpha_10,892,0.2109532128254321,
BVCC,common_alpha_10,893,0.2121986004749107,
BVCC,common_alpha_10,894,0.2074912019730164,
BVCC,common_alpha_10,895,0.2098831664349318,
BVCC,common_alpha_10,896,0.2699479496761503,
BVCC,common_alpha_10,897,0.2481468874367722,
BVCC,common_alpha_10,898,0.2393378171146664,
BVCC,common_alpha_10,899,0.233374718012109,
BVCC,common_alpha_10,900,0.2310769419127002,
BVCC,common_alpha_10,901,0.229260254078941,
BVCC,common_alpha_10,902,0.2259251632285906,
BVCC,common_alpha_10,903,0.2253457253119839,
BVCC,common_alpha_10,904,0.2253021007490085,
BVCC,common_alpha_10,905,0.2243123955278446,
BVCC,common_alpha_10,906,0.2118213489012787,
BVCC,common_alpha_10,907,0.213918412296907,
BVCC,common_alpha_10,908,0.2125014932512529,
BVCC,common_alpha_10,909,0.2145018799583764,
BVCC,common_alpha_10,910,0.2084611348160206,
BVCC,common_alpha_10,911,0.2112465595992879,
BVCC,common_alpha_10,912,0.2699479496761503,
BVCC,common_alpha_10,913,0.2481468924927287,
BVCC,common_alpha_10,914,0.2393378206831747,
BVCC,common_alpha_10,915,0.2333747714199337,
BVCC,common_alpha_10,916,0.2310769291849795,
BVCC,common_alpha_10,917,0.2292602302375706,
BVCC,common_alpha_10,918,0.2259251704189907,
BVCC,common_alpha_10,919,0.2253457177593499,
BVCC,common_alpha_10,920,0.2253021003958998,
BVCC,common_alpha_10,921,0.2243124176292556,
BVCC,common_alpha_10,922,0.2118213490787557,
BVCC,common_alpha_10,923,0.2139182995133081,
BVCC,common_alpha_10,924,0.2125015027119274,
BVCC,common_alpha_10,925,0.2145018571161896,
BVCC,common_alpha_10,926,0.2084611241359161,
BVCC,common_alpha_10,927,0.2112466065864859,
BVCC,common_alpha_10,928,0.2416852202202111,
BVCC,common_alpha_10,929,0.2333441673810683,
BVCC,common_alpha_10,930,0.2269319723850756,
BVCC,common_alpha_10,931,0.2247264727213055,
BVCC,common_alpha_10,932,0.2236367268273728,
BVCC,common_alpha_10,933,0.2227950432583111,
BVCC,common_alpha_10,934,0.2201699182275051,
BVCC,common_alpha_10,935,0.2204925882498528,
BVCC,common_alpha_10,936,0.2195188294201608,
BVCC,common_alpha_10,937,0.2183114362765542,
BVCC,common_alpha_10,938,0.2092900230925484,
BVCC,common_alpha_10,939,0.2114695098849792,
BVCC,common_alpha_10,940,0.2109532163942517,
BVCC,common_alpha_10,941,0.2121986768185971,
BVCC,common_alpha_10,942,0.2074912199506616,
BVCC,common_alpha_10,943,0.209883244732887,
BVCC,common_alpha_10,944,0.2416852081876115,
BVCC,common_alpha_10,945,0.2333441688248033,
BVCC,common_alpha_10,946,0.2269319727075462,
BVCC,common_alpha_10,947,0.2247264345584409,
BVCC,common_alpha_10,948,0.2236367261323016,
BVCC,common_alpha_10,949,0.2227950272372937,
BVCC,common_alpha_10,950,0.2201699172258378,
BVCC,common_alpha_10,951,0.2204926408394837,
BVCC,common_alpha_10,952,0.2195188133562392,
BVCC,common_alpha_10,953,0.2183114283097119,
BVCC,common_alpha_10,954,0.2092900361224329,
BVCC,common_alpha_10,955,0.211469526875772,
BVCC,common_alpha_10,956,0.2109532095185474,
BVCC,common_alpha_10,957,0.2121985973822232,
BVCC,common_alpha_10,958,0.2074912049041504,
BVCC,common_alpha_10,959,0.2098831630728843,
BVCC,common_alpha_10,960,0.2699479496761503,
BVCC,common_alpha_10,961,0.248146909354992,
BVCC,common_alpha_10,962,0.2393378232150023,
BVCC,common_alpha_10,963,0.2333747724665507,
BVCC,common_alpha_10,964,0.2310769436740137,
BVCC,common_alpha_10,965,0.2292602357920986,
BVCC,common_alpha_10,966,0.2259251578497503,
BVCC,common_alpha_10,967,0.225345717852463,
BVCC,common_alpha_10,968,0.2253021188055351,
BVCC,common_alpha_10,969,0.2243124219648494,
BVCC,common_alpha_10,970,0.2118213489116856,
BVCC,common_alpha_10,971,0.2139183116541811,
BVCC,common_alpha_10,972,0.2125014999453899,
BVCC,common_alpha_10,973,0.2145018546769029,
BVCC,common_alpha_10,974,0.2084611243254049,
BVCC,common_alpha_10,975,0.2112465291381259,
BVCC,common_alpha_10,976,0.2699479496761503,
BVCC,common_alpha_10,977,0.2481469175052628,
BVCC,common_alpha_10,978,0.2393378223822722,
BVCC,common_alpha_10,979,0.2333747905022725,
BVCC,common_alpha_10,980,0.2310769436504599,
BVCC,common_alpha_10,981,0.2292602565881044,
BVCC,common_alpha_10,982,0.2259251572456916,
BVCC,common_alpha_10,983,0.2253457615348536,
BVCC,common_alpha_10,984,0.2253021307240568,
BVCC,common_alpha_10,985,0.224312386766957,
BVCC,common_alpha_10,986,0.2118213494081755,
BVCC,common_alpha_10,987,0.2139184057698556,
BVCC,common_alpha_10,988,0.2125014920967488,
BVCC,common_alpha_10,989,0.2145018730616067,
BVCC,common_alpha_10,990,0.2084611246561782,
BVCC,common_alpha_10,991,0.2112465434538026,
BVCC,common_alpha_10,992,0.2416852200966803,
BVCC,common_alpha_10,993,0.233344169140801,
BVCC,common_alpha_10,994,0.2269319726134726,
BVCC,common_alpha_10,995,0.2247264431504911,
BVCC,common_alpha_10,996,0.2236367255130031,
BVCC,common_alpha_10,997,0.2227950125388123,
BVCC,common_alpha_10,998,0.2201699161051631,
BVCC,common_alpha_10,999,0.2204926343850535,
BVCC,common_alpha_10,1000,0.2195187971611916,
BVCC,common_alpha_10,1001,0.2183114341455184,
BVCC,common_alpha_10,1002,0.2092900265991801,
BVCC,common_alpha_10,1003,0.21146952945594,
BVCC,common_alpha_10,1004,0.2109532141426975,
BVCC,common_alpha_10,1005,0.2121986012824831,
BVCC,common_alpha_10,1006,0.2074912076898315,
BVCC,common_alpha_10,1007,0.2098831732971607,
BVCC,common_alpha_10,1008,0.2416852200958597,
BVCC,common_alpha_10,1009,0.2333441665195543,
BVCC,common_alpha_10,1010,0.2269319735848329,
BVCC,common_alpha_10,1011,0.2247264578082389,
BVCC,common_alpha_10,1012,0.2236367247955209,
BVCC,common_alpha_10,1013,0.2227950489136694,
BVCC,common_alpha_10,1014,0.2201699222916031,
BVCC,common_alpha_10,1015,0.2204925985168391,
BVCC,common_alpha_10,1016,0.2195188240512441,
BVCC,common_alpha_10,1017,0.2183114327056376,
BVCC,common_alpha_10,1018,0.2092900191552631,
BVCC,common_alpha_10,1019,0.2114694547417832,
BVCC,common_alpha_10,1020,0.2109532008595111,
BVCC,common_alpha_10,1021,0.2121986155822148,
BVCC,common_alpha_10,1022,0.2074912113711369,
BVCC,common_alpha_10,1023,0.2098832669376958,
BVCC,common_alpha_100,1,0.3369811527768932,
BVCC,common_alpha_100,2,0.3620824452719473,
BVCC,common_alpha_100,3,0.2870207575256891,
BVCC,common_alpha_100,4,0.2868717852731735,
BVCC,common_alpha_100,5,0.2694604401721738,
BVCC,common_alpha_100,6,0.2768667663988552,
BVCC,common_alpha_100,7,0.2642645952361827,
BVCC,common_alpha_100,8,0.2577072930490315,
BVCC,common_alpha_100,9,0.2348896602851086,
BVCC,common_alpha_100,10,0.2253723296115352,
BVCC,common_alpha_100,11,0.2238486174059732,
BVCC,common_alpha_100,12,0.2222872163968123,
BVCC,common_alpha_100,13,0.2225574657374779,
BVCC,common_alpha_100,14,0.2175239603870287,
BVCC,common_alpha_100,15,0.2204715600141888,
BVCC,common_alpha_100,16,0.6604613798226866,
BVCC,common_alpha_100,17,0.3217486461845219,
BVCC,common_alpha_100,18,0.3451694146752442,
BVCC,common_alpha_100,19,0.2857970385705429,
BVCC,common_alpha_100,20,0.2843734508021047,
BVCC,common_alpha_100,21,0.2693684174271288,
BVCC,common_alpha_100,22,0.2760461035668309,
BVCC,common_alpha_100,23,0.2642647010442552,
BVCC,common_alpha_100,24,0.2496878343009613,
BVCC,common_alpha_100,25,0.2348896602851087,
BVCC,common_alpha_100,26,0.2253723296115353,
BVCC,common_alpha_100,27,0.2238486208777061,
BVCC,common_alpha_100,28,0.2222872163968123,
BVCC,common_alpha_100,29,0.2225574418687733,
BVCC,common_alpha_100,30,0.2175239627414712,
BVCC,common_alpha_100,31,0.2204715614127465,
BVCC,common_alpha_100,32,0.3411449143137486,
BVCC,common_alpha_100,33,0.2687017608626253,
BVCC,common_alpha_100,34,0.2783960055312148,
BVCC,common_alpha_100,35,0.2558313825051747,
BVCC,common_alpha_100,36,0.2565648770279194,
BVCC,common_alpha_100,37,0.2475105963092961,
BVCC,common_alpha_100,38,0.2519185713438176,
BVCC,common_alpha_100,39,0.2463476493820106,
BVCC,common_alpha_100,40,0.2383173788278391,
BVCC,common_alpha_100,41,0.2263748883393817,
BVCC,common_alpha_100,42,0.220674153842789,
BVCC,common_alpha_100,43,0.2203314231198671,
BVCC,common_alpha_100,44,0.2190682867548934,
BVCC,common_alpha_100,45,0.2189690478605125,
BVCC,common_alpha_100,46,0.2156169547922842,
BVCC,common_alpha_100,47,0.2181109875616912,
BVCC,common_alpha_100,48,0.3351417443888846,
BVCC,common_alpha_100,49,0.2687017608626252,
BVCC,common_alpha_100,50,0.2783960055312148,
BVCC,common_alpha_100,51,0.255831407027224,
BVCC,common_alpha_100,52,0.2565648770279193,
BVCC,common_alpha_100,53,0.2475105959697599,
BVCC,common_alpha_100,54,0.2519185779653588,
BVCC,common_alpha_100,55,0.2463476480854071,
BVCC,common_alpha_100,56,0.238317378827839,
BVCC,common_alpha_100,57,0.2263748218045107,
BVCC,common_alpha_100,58,0.2206741581623638,
BVCC,common_alpha_100,59,0.2203314319037056,
BVCC,common_alpha_100,60,0.219068286749075,
BVCC,common_alpha_100,61,0.2189690582528872,
BVCC,common_alpha_100,62,0.2156169856492596,
BVCC,common_alpha_100,63,0.2181109883766164,
BVCC,common_alpha_100,64,0.7945544402999043,
BVCC,common_alpha_100,65,0.3259275948398499,
BVCC,common_alpha_100,66,0.3497684016413865,
BVCC,common_alpha_100,67,0.2866856377940678,
BVCC,common_alpha_100,68,0.2877252301605195,
BVCC,common_alpha_100,69,0.2695672063400223,
BVCC,common_alpha_100,70,0.2768916153724469,
BVCC,common_alpha_100,71,0.2643462884436771,
BVCC,common_alpha_100,72,0.2524687166746432,
BVCC,common_alpha_100,73,0.2348896602851087,
BVCC,common_alpha_100,74,0.2253723296115353,
BVCC,common_alpha_100,75,0.2238486319598496,
BVCC,common_alpha_100,76,0.2222872163968123,
BVCC,common_alpha_100,77,0.2225574163803496,
BVCC,common_alpha_100,78,0.2175239600622456,
BVCC,common_alpha_100,79,0.2204715603550953,
BVCC,common_alpha_100,80,0.6675431394533583,
BVCC,common_alpha_100,81,0.3233763394768754,
BVCC,common_alpha_100,82,0.34567624013985,
BVCC,common_alpha_100,83,0.2866855723291484,
BVCC,common_alpha_100,84,0.2867351776569565,
BVCC,common_alpha_100,85,0.2695672404684122,
BVCC,common_alpha_100,86,0.2768916197912185,
BVCC,common_alpha_100,87,0.2643462520895424,
BVCC,common_alpha_100,88,0.2521003547802332,
BVCC,common_alpha_100,89,0.2348896602851087,
BVCC,common_alpha_100,90,0.2253723296115353,
BVCC,common_alpha_100,91,0.223848616317585,
BVCC,common_alpha_100,92,0.2222872163968123,
BVCC,common_alpha_100,93,0.2225574164669965,
BVCC,common_alpha_100,94,0.2175239675428451,
BVCC,common_alpha_100,95,0.2204715587912182,
BVCC,common_alpha_100,96,0.335719832659359,
BVCC,common_alpha_100,97,0.2687017608626252,
BVCC,common_alpha_100,98,0.2783960055312148,
BVCC,common_alpha_100,99,0.2558314047959725,
BVCC,common_alpha_100,100,0.2565648770279193,
BVCC,common_alpha_100,101,0.2475105961245199,
BVCC,common_alpha_100,102,0.2519185772979397,
BVCC,common_alpha_100,103,0.2463476462081499,
BVCC,common_alpha_100,104,0.2383173788278391,
BVCC,common_alpha_100,105,0.2263748221891431,
BVCC,common_alpha_100,106,0.2206741424916369,
BVCC,common_alpha_100,107,0.2203314230205288,
BVCC,common_alpha_100,108,0.2190682869203907,
BVCC,common_alpha_100,109,0.2189690383900848,
BVCC,common_alpha_100,110,0.2156169534958679,
BVCC,common_alpha_100,111,0.2181109892881848,
BVCC,common_alpha_100,112,0.335719832659359,
BVCC,common_alpha_100,113,0.2687017608626252,
BVCC,common_alpha_100,114,0.2783960055312148,
BVCC,common_alpha_100,115,0.2558314045420105,
BVCC,common_alpha_100,116,0.2565648770279194,
BVCC,common_alpha_100,117,0.2475105901730352,
BVCC,common_alpha_100,118,0.2519185785278316,
BVCC,common_alpha_100,119,0.2463476454265131,
BVCC,common_alpha_100,120,0.238317378827839,
BVCC,common_alpha_100,121,0.2263748638445129,
BVCC,common_alpha_100,122,0.2206741602760163,
BVCC,common_alpha_100,123,0.2203314229733082,
BVCC,common_alpha_100,124,0.2190682871009122,
BVCC,common_alpha_100,125,0.2189690458553876,
BVCC,common_alpha_100,126,0.2156169857598355,
BVCC,common_alpha_100,127,0.2181109889800851,
BVCC,common_alpha_100,128,0.8197236660015064,
BVCC,common_alpha_100,129,0.3300975266879974,
BVCC,common_alpha_100,130,0.3518525841539641,
BVCC,common_alpha_100,131,0.287371974992829,
BVCC,common_alpha_100,132,0.287980941139453,
BVCC,common_alpha_100,133,0.2696223013555657,
BVCC,common_alpha_100,134,0.2770296377812957,
BVCC,common_alpha_100,135,0.2642647149402759,
BVCC,common_alpha_100,136,0.2522625433056003,
BVCC,common_alpha_100,137,0.2348896602851087,
BVCC,common_alpha_100,138,0.2253723296115353,
BVCC,common_alpha_100,139,0.2238486280279051,
BVCC,common_alpha_100,140,0.2222872163968124,
BVCC,common_alpha_100,141,0.2225574165909024,
BVCC,common_alpha_100,142,0.2175239685388186,
BVCC,common_alpha_100,143,0.220471560065685,
BVCC,common_alpha_100,144,0.6701327507241883,
BVCC,common_alpha_100,145,0.323871436938258,
BVCC,common_alpha_100,146,0.3457173926614707,
BVCC,common_alpha_100,147,0.286310432523073,
BVCC,common_alpha_100,148,0.2857958138075793,
BVCC,common_alpha_100,149,0.2696223030598835,
BVCC,common_alpha_100,150,0.276322606968833,
BVCC,common_alpha_100,151,0.2642646232877313,
BVCC,common_alpha_100,152,0.250676547242807,
BVCC,common_alpha_100,153,0.2348896602851086,
BVCC,common_alpha_100,154,0.2253723296115353,
BVCC,common_alpha_100,155,0.2238486163280175,
BVCC,common_alpha_100,156,0.2222872163968123,
BVCC,common_alpha_100,157,0.2225574164645856,
BVCC,common_alpha_100,158,0.2175239684388496,
BVCC,common_alpha_100,159,0.2204715586812412,
BVCC,common_alpha_100,160,0.3352686311781682,
BVCC,common_alpha_100,161,0.2687017608626252,
BVCC,common_alpha_100,162,0.2783960055312148,
BVCC,common_alpha_100,163,0.2558314029425301,
BVCC,common_alpha_100,164,0.2565648770279193,
BVCC,common_alpha_100,165,0.2475105973975501,
BVCC,common_alpha_100,166,0.2519185741584042,
BVCC,common_alpha_100,167,0.2463476457035492,
BVCC,common_alpha_100,168,0.2383173788278391,
BVCC,common_alpha_100,169,0.2263748494298404,
BVCC,common_alpha_100,170,0.2206741738583152,
BVCC,common_alpha_100,171,0.2203314230213,
BVCC,common_alpha_100,172,0.2190682857822362,
BVCC,common_alpha_100,173,0.2189690371091405,
BVCC,common_alpha_100,174,0.2156169871183871,
BVCC,common_alpha_100,175,0.2181109895038421,
BVCC,common_alpha_100,176,0.3352686311781683,
BVCC,common_alpha_100,177,0.2687017608626252,
BVCC,common_alpha_100,178,0.2783960055312148,
BVCC,common_alpha_100,179,0.2558313938987646,
BVCC,common_alpha_100,180,0.2565648770279194,
BVCC,common_alpha_100,181,0.2475105916323401,
BVCC,common_alpha_100,182,0.2519185792522492,
BVCC,common_alpha_100,183,0.2463476453763029,
BVCC,common_alpha_100,184,0.2383173788278391,
BVCC,common_alpha_100,185,0.2263748638110274,
BVCC,common_alpha_100,186,0.2206741604152142,
BVCC,common_alpha_100,187,0.2203314229762073,
BVCC,common_alpha_100,188,0.2190682870884847,
BVCC,common_alpha_100,189,0.2189690456233283,
BVCC,common_alpha_100,190,0.2156169834003881,
BVCC,common_alpha_100,191,0.2181109890263602,
BVCC,common_alpha_100,192,0.7738300801425909,
BVCC,common_alpha_100,193,0.3260438124750687,
BVCC,common_alpha_100,194,0.3497300874812237,
BVCC,common_alpha_100,195,0.2866855753826171,
BVCC,common_alpha_100,196,0.2877251923247941,
BVCC,common_alpha_100,197,0.2695671996455955,
BVCC,common_alpha_100,198,0.2768916645457413,
BVCC,common_alpha_100,199,0.2643462304903595,
BVCC,common_alpha_100,200,0.2523675978325582,
BVCC,common_alpha_100,201,0.2348896602851088,
BVCC,common_alpha_100,202,0.2253723296115353,
BVCC,common_alpha_100,203,0.2238486163404004,
BVCC,common_alpha_100,204,0.2222872163968124,
BVCC,common_alpha_100,205,0.2225574164551427,
BVCC,common_alpha_100,206,0.2175239619277255,
BVCC,common_alpha_100,207,0.2204715588159701,
BVCC,common_alpha_100,208,0.6696584821018926,
BVCC,common_alpha_100,209,0.323376321138549,
BVCC,common_alpha_100,210,0.3456761822607996,
BVCC,common_alpha_100,211,0.2866855526867664,
BVCC,common_alpha_100,212,0.2867351799726128,
BVCC,common_alpha_100,213,0.2695671883146313,
BVCC,common_alpha_100,214,0.2768916421674012,
BVCC,common_alpha_100,215,0.2643462783093805,
BVCC,common_alpha_100,216,0.252086038463562,
BVCC,common_alpha_100,217,0.2348896602851087,
BVCC,common_alpha_100,218,0.2253723296115353,
BVCC,common_alpha_100,219,0.2238486161095471,
BVCC,common_alpha_100,220,0.2222872163968123,
BVCC,common_alpha_100,221,0.2225574164911541,
BVCC,common_alpha_100,222,0.2175239633965169,
BVCC,common_alpha_100,223,0.2204715596189525,
BVCC,common_alpha_100,224,0.3355973129917653,
BVCC,common_alpha_100,225,0.2687017608626252,
BVCC,common_alpha_100,226,0.2783960055312149,
BVCC,common_alpha_100,227,0.2558314711101851,
BVCC,common_alpha_100,228,0.2565648770279193,
BVCC,common_alpha_100,229,0.2475106211421035,
BVCC,common_alpha_100,230,0.2519185738220926,
BVCC,common_alpha_100,231,0.24634764536679,
BVCC,common_alpha_100,232,0.238317378827839,
BVCC,common_alpha_100,233,0.2263748633743899,
BVCC,common_alpha_100,234,0.2206741619276335,
BVCC,common_alpha_100,235,0.220331422997663,
BVCC,common_alpha_100,236,0.2190682870664905,
BVCC,common_alpha_100,237,0.2189690443718803,
BVCC,common_alpha_100,238,0.2156169905422308,
BVCC,common_alpha_100,239,0.2181109897535938,
BVCC,common_alpha_100,240,0.3355973183717321,
BVCC,common_alpha_100,241,0.2687017608626252,
BVCC,common_alpha_100,242,0.2783960055312148,
BVCC,common_alpha_100,243,0.2558313973528416,
BVCC,common_alpha_100,244,0.2565648770279193,
BVCC,common_alpha_100,245,0.2475105874691276,
BVCC,common_alpha_100,246,0.2519185737054733,
BVCC,common_alpha_100,247,0.2463476347909446,
BVCC,common_alpha_100,248,0.2383173788278391,
BVCC,common_alpha_100,249,0.2263748606905695,
BVCC,common_alpha_100,250,0.2206741609558915,
BVCC,common_alpha_100,251,0.2203314229516913,
BVCC,common_alpha_100,252,0.2190682871144667,
BVCC,common_alpha_100,253,0.218969047132673,
BVCC,common_alpha_100,254,0.2156169854211303,
BVCC,common_alpha_100,255,0.2181109888216411,
BVCC,common_alpha_100,256,0.2652535638677009,
BVCC,common_alpha_100,257,0.2329777916126332,
BVCC,common_alpha_100,258,0.2349493889018349,
BVCC,common_alpha_100,259,0.2248633979758348,
BVCC,common_alpha_100,260,0.2229163683447186,
BVCC,common_alpha_100,261,0.2207042626940877,
BVCC,common_alpha_100,262,0.220746214455729,
BVCC,common_alpha_100,263,0.2198706704322246,
BVCC,common_alpha_100,264,0.2184485925833575,
BVCC,common_alpha_100,265,0.215304825821636,
BVCC,common_alpha_100,266,0.2080426878507326,
BVCC,common_alpha_100,267,0.2100238526642946,
BVCC,common_alpha_100,268,0.2063927635830935,
BVCC,common_alpha_100,269,0.2091685888954118,
BVCC,common_alpha_100,270,0.2043341036895578,
BVCC,common_alpha_100,271,0.2083845081433235,
BVCC,common_alpha_100,272,0.2649591688414661,
BVCC,common_alpha_100,273,0.2329777916126331,
BVCC,common_alpha_100,274,0.2349493889018349,
BVCC,common_alpha_100,275,0.2248633978190656,
BVCC,common_alpha_100,276,0.2229163683447185,
BVCC,common_alpha_100,277,0.2207042173395096,
BVCC,common_alpha_100,278,0.2207462208102959,
BVCC,common_alpha_100,279,0.2198705928874621,
BVCC,common_alpha_100,280,0.2184485925833575,
BVCC,common_alpha_100,281,0.215304825819862,
BVCC,common_alpha_100,282,0.2080426889136905,
BVCC,common_alpha_100,283,0.2100238543923833,
BVCC,common_alpha_100,284,0.2063927573177799,
BVCC,common_alpha_100,285,0.2091685779093154,
BVCC,common_alpha_100,286,0.2043340965330493,
BVCC,common_alpha_100,287,0.2083845056287022,
BVCC,common_alpha_100,288,0.2380933648850501,
BVCC,common_alpha_100,289,0.225585209169426,
BVCC,common_alpha_100,290,0.2256862080413157,
BVCC,common_alpha_100,291,0.220936422542297,
BVCC,common_alpha_100,292,0.2185160954765451,
BVCC,common_alpha_100,293,0.2178018433508467,
BVCC,common_alpha_100,294,0.2170473603029044,
BVCC,common_alpha_100,295,0.2175664546175447,
BVCC,common_alpha_100,296,0.214942438376018,
BVCC,common_alpha_100,297,0.2131840570084273,
BVCC,common_alpha_100,298,0.2070260480602867,
BVCC,common_alpha_100,299,0.2094120575338394,
BVCC,common_alpha_100,300,0.2061324654532064,
BVCC,common_alpha_100,301,0.2084966164778602,
BVCC,common_alpha_100,302,0.2042825905732687,
BVCC,common_alpha_100,303,0.2081236647278329,
BVCC,common_alpha_100,304,0.23809336488505,
BVCC,common_alpha_100,305,0.2255851932271034,
BVCC,common_alpha_100,306,0.2256862088104399,
BVCC,common_alpha_100,307,0.2209364080511635,
BVCC,common_alpha_100,308,0.2185160915003903,
BVCC,common_alpha_100,309,0.2178018480465044,
BVCC,common_alpha_100,310,0.2170473512772399,
BVCC,common_alpha_100,311,0.2175664145350435,
BVCC,common_alpha_100,312,0.2149424317331647,
BVCC,common_alpha_100,313,0.2131840418666281,
BVCC,common_alpha_100,314,0.2070260111183032,
BVCC,common_alpha_100,315,0.2094120509710944,
BVCC,common_alpha_100,316,0.2061324895415446,
BVCC,common_alpha_100,317,0.2084966139781556,
BVCC,common_alpha_100,318,0.2042825901840271,
BVCC,common_alpha_100,319,0.2081236635676157,
BVCC,common_alpha_100,320,0.2651984982281912,
BVCC,common_alpha_100,321,0.2329777916126332,
BVCC,common_alpha_100,322,0.2349493889018349,
BVCC,common_alpha_100,323,0.2248633983832138,
BVCC,common_alpha_100,324,0.2229163683447186,
BVCC,common_alpha_100,325,0.2207042192663995,
BVCC,common_alpha_100,326,0.2207462208100529,
BVCC,common_alpha_100,327,0.2198706756834569,
BVCC,common_alpha_100,328,0.2184485925833574,
BVCC,common_alpha_100,329,0.2153048277241657,
BVCC,common_alpha_100,330,0.208042690125403,
BVCC,common_alpha_100,331,0.2100238529348039,
BVCC,common_alpha_100,332,0.2063927573170827,
BVCC,common_alpha_100,333,0.2091685774940859,
BVCC,common_alpha_100,334,0.204334095158702,
BVCC,common_alpha_100,335,0.2083845060044523,
BVCC,common_alpha_100,336,0.2651984982281912,
BVCC,common_alpha_100,337,0.2329777916126332,
BVCC,common_alpha_100,338,0.2349493889018349,
BVCC,common_alpha_100,339,0.2248633977951368,
BVCC,common_alpha_100,340,0.2229163683447186,
BVCC,common_alpha_100,341,0.2207042146659769,
BVCC,common_alpha_100,342,0.2207462079376079,
BVCC,common_alpha_100,343,0.2198706784541707,
BVCC,common_alpha_100,344,0.2184485925833575,
BVCC,common_alpha_100,345,0.2153048089316763,
BVCC,common_alpha_100,346,0.2080426874963123,
BVCC,common_alpha_100,347,0.2100238488374607,
BVCC,common_alpha_100,348,0.2063927573162205,
BVCC,common_alpha_100,349,0.2091685840634634,
BVCC,common_alpha_100,350,0.2043340962256677,
BVCC,common_alpha_100,351,0.2083845017788998,
BVCC,common_alpha_100,352,0.23809336488505,
BVCC,common_alpha_100,353,0.2255851926426491,
BVCC,common_alpha_100,354,0.2256862078992479,
BVCC,common_alpha_100,355,0.2209365216524581,
BVCC,common_alpha_100,356,0.218516087833073,
BVCC,common_alpha_100,357,0.2178018392619041,
BVCC,common_alpha_100,358,0.2170473588671786,
BVCC,common_alpha_100,359,0.2175664143313095,
BVCC,common_alpha_100,360,0.2149424353940643,
BVCC,common_alpha_100,361,0.2131839965032383,
BVCC,common_alpha_100,362,0.2070260185316157,
BVCC,common_alpha_100,363,0.2094120573162967,
BVCC,common_alpha_100,364,0.2061324773044325,
BVCC,common_alpha_100,365,0.208496615394774,
BVCC,common_alpha_100,366,0.2042825906057747,
BVCC,common_alpha_100,367,0.2081236627680329,
BVCC,common_alpha_100,368,0.2380933648850501,
BVCC,common_alpha_100,369,0.225585223460772,
BVCC,common_alpha_100,370,0.2256862041251009,
BVCC,common_alpha_100,371,0.2209364660257815,
BVCC,common_alpha_100,372,0.2185160966962138,
BVCC,common_alpha_100,373,0.2178017985924312,
BVCC,common_alpha_100,374,0.2170473692835434,
BVCC,common_alpha_100,375,0.2175664205420461,
BVCC,common_alpha_100,376,0.2149424376121579,
BVCC,common_alpha_100,377,0.2131840103482132,
BVCC,common_alpha_100,378,0.2070260183398857,
BVCC,common_alpha_100,379,0.2094120472176416,
BVCC,common_alpha_100,380,0.2061324149224171,
BVCC,common_alpha_100,381,0.2084966148494386,
BVCC,common_alpha_100,382,0.2042825892745337,
BVCC,common_alpha_100,383,0.2081236639476861,
BVCC,common_alpha_100,384,0.2648360771286457,
BVCC,common_alpha_100,385,0.2329777916126332,
BVCC,common_alpha_100,386,0.2349493889018349,
BVCC,common_alpha_100,387,0.2248634010297305,
BVCC,common_alpha_100,388,0.2229163683447186,
BVCC,common_alpha_100,389,0.2207042147304367,
BVCC,common_alpha_100,390,0.2207462210473709,
BVCC,common_alpha_100,391,0.2198706755857241,
BVCC,common_alpha_100,392,0.2184485925833575,
BVCC,common_alpha_100,393,0.2153048162277154,
BVCC,common_alpha_100,394,0.2080426909909294,
BVCC,common_alpha_100,395,0.2100238224894476,
BVCC,common_alpha_100,396,0.206392757334626,
BVCC,common_alpha_100,397,0.2091685767734247,
BVCC,common_alpha_100,398,0.2043340951929634,
BVCC,common_alpha_100,399,0.2083845065588593,
BVCC,common_alpha_100,400,0.2648360771286457,
BVCC,common_alpha_100,401,0.2329777916126332,
BVCC,common_alpha_100,402,0.2349493889018349,
BVCC,common_alpha_100,403,0.2248633977988096,
BVCC,common_alpha_100,404,0.2229163683447186,
BVCC,common_alpha_100,405,0.2207042146669736,
BVCC,common_alpha_100,406,0.2207462208063878,
BVCC,common_alpha_100,407,0.2198706783720325,
BVCC,common_alpha_100,408,0.2184485925833575,
BVCC,common_alpha_100,409,0.2153048094041346,
BVCC,common_alpha_100,410,0.2080426878858431,
BVCC,common_alpha_100,411,0.2100238507406761,
BVCC,common_alpha_100,412,0.2063927573162232,
BVCC,common_alpha_100,413,0.2091685751357246,
BVCC,common_alpha_100,414,0.2043340959478088,
BVCC,common_alpha_100,415,0.2083845023280291,
BVCC,common_alpha_100,416,0.2380933648850501,
BVCC,common_alpha_100,417,0.225585185370842,
BVCC,common_alpha_100,418,0.2256861897188237,
BVCC,common_alpha_100,419,0.2209365108837503,
BVCC,common_alpha_100,420,0.2185160978204789,
BVCC,common_alpha_100,421,0.2178018401462612,
BVCC,common_alpha_100,422,0.2170473584730115,
BVCC,common_alpha_100,423,0.2175663970877643,
BVCC,common_alpha_100,424,0.2149424313345626,
BVCC,common_alpha_100,425,0.2131839901428719,
BVCC,common_alpha_100,426,0.2070260186733032,
BVCC,common_alpha_100,427,0.2094120573525378,
BVCC,common_alpha_100,428,0.2061324771201956,
BVCC,common_alpha_100,429,0.2084966155442087,
BVCC,common_alpha_100,430,0.2042825905986177,
BVCC,common_alpha_100,431,0.2081236628471535,
BVCC,common_alpha_100,432,0.2380933648850501,
BVCC,common_alpha_100,433,0.2255852224814163,
BVCC,common_alpha_100,434,0.2256862046512485,
BVCC,common_alpha_100,435,0.2209364730890088,
BVCC,common_alpha_100,436,0.2185160966333703,
BVCC,common_alpha_100,437,0.2178017897893926,
BVCC,common_alpha_100,438,0.2170473688577516,
BVCC,common_alpha_100,439,0.217566418125671,
BVCC,common_alpha_100,440,0.2149424369152957,
BVCC,common_alpha_100,441,0.2131840056034796,
BVCC,common_alpha_100,442,0.2070260184345308,
BVCC,common_alpha_100,443,0.209412048395961,
BVCC,common_alpha_100,444,0.2061324773856391,
BVCC,common_alpha_100,445,0.208496614862224,
BVCC,common_alpha_100,446,0.204282589410815,
BVCC,common_alpha_100,447,0.2081236639102227,
BVCC,common_alpha_100,448,0.2651300909811508,
BVCC,common_alpha_100,449,0.2329777916126332,
BVCC,common_alpha_100,450,0.2349493889018349,
BVCC,common_alpha_100,451,0.2248633977978666,
BVCC,common_alpha_100,452,0.2229163683447186,
BVCC,common_alpha_100,453,0.220704214668179,
BVCC,common_alpha_100,454,0.2207462175609301,
BVCC,common_alpha_100,455,0.219870678427895,
BVCC,common_alpha_100,456,0.2184485925833575,
BVCC,common_alpha_100,457,0.2153048087213079,
BVCC,common_alpha_100,458,0.2080426890428433,
BVCC,common_alpha_100,459,0.2100238520998138,
BVCC,common_alpha_100,460,0.2063927573162205,
BVCC,common_alpha_100,461,0.2091685761646557,
BVCC,common_alpha_100,462,0.2043340957949393,
BVCC,common_alpha_100,463,0.2083845027685581,
BVCC,common_alpha_100,464,0.2651301046134418,
BVCC,common_alpha_100,465,0.2329777916126332,
BVCC,common_alpha_100,466,0.2349493889018349,
BVCC,common_alpha_100,467,0.2248633977763904,
BVCC,common_alpha_100,468,0.2229163683447186,
BVCC,common_alpha_100,469,0.2207042146608791,
BVCC,common_alpha_100,470,0.2207462185462113,
BVCC,common_alpha_100,471,0.2198706770068139,
BVCC,common_alpha_100,472,0.2184485925833575,
BVCC,common_alpha_100,473,0.2153048072044463,
BVCC,common_alpha_100,474,0.2080426884651796,
BVCC,common_alpha_100,475,0.2100238538977532,
BVCC,common_alpha_100,476,0.2063927573164186,
BVCC,common_alpha_100,477,0.209168587086358,
BVCC,common_alpha_100,478,0.2043341110261094,
BVCC,common_alpha_100,479,0.2083844994086593,
BVCC,common_alpha_100,480,0.23809336488505,
BVCC,common_alpha_100,481,0.2255852249464984,
BVCC,common_alpha_100,482,0.2256862069494518,
BVCC,common_alpha_100,483,0.2209364777227786,
BVCC,common_alpha_100,484,0.2185160965413464,
BVCC,common_alpha_100,485,0.2178017698007302,
BVCC,common_alpha_100,486,0.2170473659372125,
BVCC,common_alpha_100,487,0.2175664208632796,
BVCC,common_alpha_100,488,0.2149424379745007,
BVCC,common_alpha_100,489,0.2131840123802959,
BVCC,common_alpha_100,490,0.2070260183529781,
BVCC,common_alpha_100,491,0.2094120518785509,
BVCC,common_alpha_100,492,0.2061324773856259,
BVCC,common_alpha_100,493,0.2084966160926845,
BVCC,common_alpha_100,494,0.2042825901732222,
BVCC,common_alpha_100,495,0.2081236629872046,
BVCC,common_alpha_100,496,0.23809336488505,
BVCC,common_alpha_100,497,0.2255852283211936,
BVCC,common_alpha_100,498,0.2256862031774243,
BVCC,common_alpha_100,499,0.2209364373099956,
BVCC,common_alpha_100,500,0.2185160968046007,
BVCC,common_alpha_100,501,0.2178018244662481,
BVCC,common_alpha_100,502,0.2170473521273307,
BVCC,common_alpha_100,503,0.2175664833575941,
BVCC,common_alpha_100,504,0.2149424374827056,
BVCC,common_alpha_100,505,0.2131840207958424,
BVCC,common_alpha_100,506,0.2070260181410272,
BVCC,common_alpha_100,507,0.2094120433565551,
BVCC,common_alpha_100,508,0.2061324773580103,
BVCC,common_alpha_100,509,0.2084966154443323,
BVCC,common_alpha_100,510,0.2042825880718479,
BVCC,common_alpha_100,511,0.2081236649557524,
BVCC,common_alpha_100,512,0.5027035378100188,
BVCC,common_alpha_100,513,0.2983332938135061,
BVCC,common_alpha_100,514,0.3212802499154018,
BVCC,common_alpha_100,515,0.2751736243499003,
BVCC,common_alpha_100,516,0.2758910461632183,
BVCC,common_alpha_100,517,0.261873921806663,
BVCC,common_alpha_100,518,0.268929444957632,
BVCC,common_alpha_100,519,0.2591008243852262,
BVCC,common_alpha_100,520,0.245969843015086,
BVCC,common_alpha_100,521,0.233595497653261,
BVCC,common_alpha_100,522,0.2246933209110276,
BVCC,common_alpha_100,523,0.2238486159627895,
BVCC,common_alpha_100,524,0.2216620569174983,
BVCC,common_alpha_100,525,0.222557426227888,
BVCC,common_alpha_100,526,0.2175239646987964,
BVCC,common_alpha_100,527,0.2204715603128645,
BVCC,common_alpha_100,528,0.4964410940023126,
BVCC,common_alpha_100,529,0.2983332938135062,
BVCC,common_alpha_100,530,0.3212802499154018,
BVCC,common_alpha_100,531,0.2751736251935086,
BVCC,common_alpha_100,532,0.2758910461632183,
BVCC,common_alpha_100,533,0.2618738986493776,
BVCC,common_alpha_100,534,0.268929438620366,
BVCC,common_alpha_100,535,0.2591008436491739,
BVCC,common_alpha_100,536,0.245969843015086,
BVCC,common_alpha_100,537,0.2335955046333653,
BVCC,common_alpha_100,538,0.2246933131803763,
BVCC,common_alpha_100,539,0.2238486451136743,
BVCC,common_alpha_100,540,0.2216620561502246,
BVCC,common_alpha_100,541,0.2225574338786973,
BVCC,common_alpha_100,542,0.2175239703518456,
BVCC,common_alpha_100,543,0.2204715326885565,
BVCC,common_alpha_100,544,0.320579116419194,
BVCC,common_alpha_100,545,0.2656846881750457,
BVCC,common_alpha_100,546,0.275492351129713,
BVCC,common_alpha_100,547,0.2551807670108711,
BVCC,common_alpha_100,548,0.2553352930864437,
BVCC,common_alpha_100,549,0.2473798774024402,
BVCC,common_alpha_100,550,0.2513724726975098,
BVCC,common_alpha_100,551,0.2463417556231745,
BVCC,common_alpha_100,552,0.2369896419450557,
BVCC,common_alpha_100,553,0.2263748227090536,
BVCC,common_alpha_100,554,0.2206741694982117,
BVCC,common_alpha_100,555,0.2203314289626327,
BVCC,common_alpha_100,556,0.2190682852623391,
BVCC,common_alpha_100,557,0.2189690486392124,
BVCC,common_alpha_100,558,0.2156169539605494,
BVCC,common_alpha_100,559,0.2181109708120931,
BVCC,common_alpha_100,560,0.320579116419194,
BVCC,common_alpha_100,561,0.2656847078379667,
BVCC,common_alpha_100,562,0.2754923457575913,
BVCC,common_alpha_100,563,0.2551807628655023,
BVCC,common_alpha_100,564,0.2553352995475843,
BVCC,common_alpha_100,565,0.2473798611494523,
BVCC,common_alpha_100,566,0.2513724726167934,
BVCC,common_alpha_100,567,0.2463418229554417,
BVCC,common_alpha_100,568,0.2369896368084573,
BVCC,common_alpha_100,569,0.2263748248445671,
BVCC,common_alpha_100,570,0.2206741611497714,
BVCC,common_alpha_100,571,0.220331422829664,
BVCC,common_alpha_100,572,0.2190682846600828,
BVCC,common_alpha_100,573,0.2189690365500402,
BVCC,common_alpha_100,574,0.2156169545374555,
BVCC,common_alpha_100,575,0.2181109871044312,
BVCC,common_alpha_100,576,0.5000048200593233,
BVCC,common_alpha_100,577,0.2983332938135062,
BVCC,common_alpha_100,578,0.3212802499154017,
BVCC,common_alpha_100,579,0.2751736215303387,
BVCC,common_alpha_100,580,0.2758910461632182,
BVCC,common_alpha_100,581,0.2618738983733923,
BVCC,common_alpha_100,582,0.2689294526433122,
BVCC,common_alpha_100,583,0.2591008417716431,
BVCC,common_alpha_100,584,0.245969843015086,
BVCC,common_alpha_100,585,0.2335955068754335,
BVCC,common_alpha_100,586,0.2246932899701788,
BVCC,common_alpha_100,587,0.2238486386419685,
BVCC,common_alpha_100,588,0.2216620526187902,
BVCC,common_alpha_100,589,0.2225574331174669,
BVCC,common_alpha_100,590,0.2175239698179108,
BVCC,common_alpha_100,591,0.2204715336332376,
BVCC,common_alpha_100,592,0.5000048202849607,
BVCC,common_alpha_100,593,0.2983332938135062,
BVCC,common_alpha_100,594,0.3212802499154017,
BVCC,common_alpha_100,595,0.2751735991734677,
BVCC,common_alpha_100,596,0.2758910461632183,
BVCC,common_alpha_100,597,0.2618739185506731,
BVCC,common_alpha_100,598,0.2689294565620017,
BVCC,common_alpha_100,599,0.2591008302309549,
BVCC,common_alpha_100,600,0.245969843015086,
BVCC,common_alpha_100,601,0.2335954969208761,
BVCC,common_alpha_100,602,0.2246933160417895,
BVCC,common_alpha_100,603,0.2238486323084146,
BVCC,common_alpha_100,604,0.2216620688934384,
BVCC,common_alpha_100,605,0.2225574167428401,
BVCC,common_alpha_100,606,0.2175239757635516,
BVCC,common_alpha_100,607,0.2204715561091399,
BVCC,common_alpha_100,608,0.3205791164191939,
BVCC,common_alpha_100,609,0.2656846906915766,
BVCC,common_alpha_100,610,0.2754923458949949,
BVCC,common_alpha_100,611,0.2551807625028703,
BVCC,common_alpha_100,612,0.2553352932655345,
BVCC,common_alpha_100,613,0.247379851764421,
BVCC,common_alpha_100,614,0.2513724707885036,
BVCC,common_alpha_100,615,0.2463418014592429,
BVCC,common_alpha_100,616,0.2369896174164012,
BVCC,common_alpha_100,617,0.2263748251887613,
BVCC,common_alpha_100,618,0.2206741630652397,
BVCC,common_alpha_100,619,0.2203314228838658,
BVCC,common_alpha_100,620,0.2190682845152264,
BVCC,common_alpha_100,621,0.2189690412018005,
BVCC,common_alpha_100,622,0.2156169536106117,
BVCC,common_alpha_100,623,0.218110988040024,
BVCC,common_alpha_100,624,0.3205791164191939,
BVCC,common_alpha_100,625,0.2656847153187174,
BVCC,common_alpha_100,626,0.2754923456064173,
BVCC,common_alpha_100,627,0.2551807635441644,
BVCC,common_alpha_100,628,0.2553352920126129,
BVCC,common_alpha_100,629,0.24737985888988,
BVCC,common_alpha_100,630,0.2513724731045816,
BVCC,common_alpha_100,631,0.2463417729008606,
BVCC,common_alpha_100,632,0.2369896401808147,
BVCC,common_alpha_100,633,0.226374832067102,
BVCC,common_alpha_100,634,0.2206741480884623,
BVCC,common_alpha_100,635,0.2203314227283485,
BVCC,common_alpha_100,636,0.2190682840219839,
BVCC,common_alpha_100,637,0.2189690355310715,
BVCC,common_alpha_100,638,0.2156169754913547,
BVCC,common_alpha_100,639,0.2181109746253063,
BVCC,common_alpha_100,640,0.4970203062441727,
BVCC,common_alpha_100,641,0.2983332938135062,
BVCC,common_alpha_100,642,0.3212802499154017,
BVCC,common_alpha_100,643,0.2751736186909577,
BVCC,common_alpha_100,644,0.2758910461632182,
BVCC,common_alpha_100,645,0.2618738978891917,
BVCC,common_alpha_100,646,0.2689294577040781,
BVCC,common_alpha_100,647,0.2591008411746065,
BVCC,common_alpha_100,648,0.2459698430150859,
BVCC,common_alpha_100,649,0.2335954964323754,
BVCC,common_alpha_100,650,0.2246932997158369,
BVCC,common_alpha_100,651,0.223848632928845,
BVCC,common_alpha_100,652,0.2216620391388065,
BVCC,common_alpha_100,653,0.2225574317853791,
BVCC,common_alpha_100,654,0.21752396915709,
BVCC,common_alpha_100,655,0.2204715270622841,
BVCC,common_alpha_100,656,0.4970203062441727,
BVCC,common_alpha_100,657,0.2983332938135062,
BVCC,common_alpha_100,658,0.3212802499154017,
BVCC,common_alpha_100,659,0.2751736005507951,
BVCC,common_alpha_100,660,0.2758910461632183,
BVCC,common_alpha_100,661,0.2618739226601854,
BVCC,common_alpha_100,662,0.2689294562793841,
BVCC,common_alpha_100,663,0.2591008254073681,
BVCC,common_alpha_100,664,0.245969843015086,
BVCC,common_alpha_100,665,0.2335954969324685,
BVCC,common_alpha_100,666,0.2246933166644635,
BVCC,common_alpha_100,667,0.223848626339414,
BVCC,common_alpha_100,668,0.2216620741727322,
BVCC,common_alpha_100,669,0.2225574166143675,
BVCC,common_alpha_100,670,0.2175239738670082,
BVCC,common_alpha_100,671,0.220471554187138,
BVCC,common_alpha_100,672,0.3205791164191939,
BVCC,common_alpha_100,673,0.2656847242369871,
BVCC,common_alpha_100,674,0.27549234538735,
BVCC,common_alpha_100,675,0.2551807622839174,
BVCC,common_alpha_100,676,0.255335293025243,
BVCC,common_alpha_100,677,0.2473798796255644,
BVCC,common_alpha_100,678,0.251372469690985,
BVCC,common_alpha_100,679,0.2463417765268979,
BVCC,common_alpha_100,680,0.2369896165942801,
BVCC,common_alpha_100,681,0.2263748248836703,
BVCC,common_alpha_100,682,0.2206741640017388,
BVCC,common_alpha_100,683,0.2203315008436099,
BVCC,common_alpha_100,684,0.2190682846417079,
BVCC,common_alpha_100,685,0.2189690414638291,
BVCC,common_alpha_100,686,0.2156169542550472,
BVCC,common_alpha_100,687,0.2181109893120855,
BVCC,common_alpha_100,688,0.3205791164191939,
BVCC,common_alpha_100,689,0.2656847150675046,
BVCC,common_alpha_100,690,0.2754923460095906,
BVCC,common_alpha_100,691,0.2551807634116277,
BVCC,common_alpha_100,692,0.2553352927615172,
BVCC,common_alpha_100,693,0.2473798265729673,
BVCC,common_alpha_100,694,0.2513724729507133,
BVCC,common_alpha_100,695,0.2463417710066798,
BVCC,common_alpha_100,696,0.2369896402118782,
BVCC,common_alpha_100,697,0.2263748299702712,
BVCC,common_alpha_100,698,0.2206741514689216,
BVCC,common_alpha_100,699,0.2203314227174973,
BVCC,common_alpha_100,700,0.2190682841907645,
BVCC,common_alpha_100,701,0.2189690378255858,
BVCC,common_alpha_100,702,0.2156169526614643,
BVCC,common_alpha_100,703,0.2181109739423393,
BVCC,common_alpha_100,704,0.4972374693783883,
BVCC,common_alpha_100,705,0.2983332938135062,
BVCC,common_alpha_100,706,0.3212802499154017,
BVCC,common_alpha_100,707,0.2751736238989539,
BVCC,common_alpha_100,708,0.2758910461632183,
BVCC,common_alpha_100,709,0.2618739037002217,
BVCC,common_alpha_100,710,0.2689294558869841,
BVCC,common_alpha_100,711,0.259100813021857,
BVCC,common_alpha_100,712,0.245969843015086,
BVCC,common_alpha_100,713,0.2335954968923112,
BVCC,common_alpha_100,714,0.2246933213544356,
BVCC,common_alpha_100,715,0.2238486235741845,
BVCC,common_alpha_100,716,0.2216620572619626,
BVCC,common_alpha_100,717,0.2225574165756232,
BVCC,common_alpha_100,718,0.2175239716115556,
BVCC,common_alpha_100,719,0.2204715558458606,
BVCC,common_alpha_100,720,0.4972374659002621,
BVCC,common_alpha_100,721,0.2983332938135062,
BVCC,common_alpha_100,722,0.3212802499154017,
BVCC,common_alpha_100,723,0.2751736343798566,
BVCC,common_alpha_100,724,0.2758910461632183,
BVCC,common_alpha_100,725,0.261873907866144,
BVCC,common_alpha_100,726,0.2689294577069588,
BVCC,common_alpha_100,727,0.2591008328245145,
BVCC,common_alpha_100,728,0.245969843015086,
BVCC,common_alpha_100,729,0.2335954968850655,
BVCC,common_alpha_100,730,0.2246933212024206,
BVCC,common_alpha_100,731,0.2238486167633717,
BVCC,common_alpha_100,732,0.2216620574348672,
BVCC,common_alpha_100,733,0.2225574347014738,
BVCC,common_alpha_100,734,0.2175239700920697,
BVCC,common_alpha_100,735,0.2204715437591932,
BVCC,common_alpha_100,736,0.3205791164191938,
BVCC,common_alpha_100,737,0.2656847019280729,
BVCC,common_alpha_100,738,0.2754923603626959,
BVCC,common_alpha_100,739,0.2551807626181857,
BVCC,common_alpha_100,740,0.2553352934311267,
BVCC,common_alpha_100,741,0.247379860275912,
BVCC,common_alpha_100,742,0.2513724724144347,
BVCC,common_alpha_100,743,0.2463418775066792,
BVCC,common_alpha_100,744,0.2369896432376816,
BVCC,common_alpha_100,745,0.2263748315274878,
BVCC,common_alpha_100,746,0.2206741541974102,
BVCC,common_alpha_100,747,0.2203314227230221,
BVCC,common_alpha_100,748,0.2190682841571813,
BVCC,common_alpha_100,749,0.2189690353981027,
BVCC,common_alpha_100,750,0.215616980475311,
BVCC,common_alpha_100,751,0.2181109754317451,
BVCC,common_alpha_100,752,0.3205791164191939,
BVCC,common_alpha_100,753,0.2656847102722324,
BVCC,common_alpha_100,754,0.2754923641615844,
BVCC,common_alpha_100,755,0.2551807700574471,
BVCC,common_alpha_100,756,0.2553352935338311,
BVCC,common_alpha_100,757,0.2473798507596473,
BVCC,common_alpha_100,758,0.2513724563692034,
BVCC,common_alpha_100,759,0.2463417888409136,
BVCC,common_alpha_100,760,0.2369896434800956,
BVCC,common_alpha_100,761,0.2263748208368403,
BVCC,common_alpha_100,762,0.2206741739341662,
BVCC,common_alpha_100,763,0.2203314271928209,
BVCC,common_alpha_100,764,0.2190682832076522,
BVCC,common_alpha_100,765,0.2189690791515929,
BVCC,common_alpha_100,766,0.2156169947604643,
BVCC,common_alpha_100,767,0.2181109874130708,
BVCC,common_alpha_100,768,0.2627642277239911,
BVCC,common_alpha_100,769,0.2329777916126332,
BVCC,common_alpha_100,770,0.2349493889018349,
BVCC,common_alpha_100,771,0.2248633985825831,
BVCC,common_alpha_100,772,0.2229163683447186,
BVCC,common_alpha_100,773,0.2207042113454259,
BVCC,common_alpha_100,774,0.2207462067949222,
BVCC,common_alpha_100,775,0.2198706655233682,
BVCC,common_alpha_100,776,0.2185385889222638,
BVCC,common_alpha_100,777,0.2153048153461783,
BVCC,common_alpha_100,778,0.2080426886487213,
BVCC,common_alpha_100,779,0.2100238283138038,
BVCC,common_alpha_100,780,0.206392758641557,
BVCC,common_alpha_100,781,0.2091685860121027,
BVCC,common_alpha_100,782,0.2043340956177189,
BVCC,common_alpha_100,783,0.2083845187937839,
BVCC,common_alpha_100,784,0.2627642277239911,
BVCC,common_alpha_100,785,0.2329777916126333,
BVCC,common_alpha_100,786,0.2349493889018349,
BVCC,common_alpha_100,787,0.2248633978469445,
BVCC,common_alpha_100,788,0.2229163683447186,
BVCC,common_alpha_100,789,0.2207042138539625,
BVCC,common_alpha_100,790,0.220746220939287,
BVCC,common_alpha_100,791,0.2198706665611867,
BVCC,common_alpha_100,792,0.2185385798324755,
BVCC,common_alpha_100,793,0.2153048255867088,
BVCC,common_alpha_100,794,0.208042688671684,
BVCC,common_alpha_100,795,0.2100238502247881,
BVCC,common_alpha_100,796,0.2063927577153222,
BVCC,common_alpha_100,797,0.2091685925105249,
BVCC,common_alpha_100,798,0.2043340960578901,
BVCC,common_alpha_100,799,0.2083845084396667,
BVCC,common_alpha_100,800,0.2382488358866727,
BVCC,common_alpha_100,801,0.2255851924263742,
BVCC,common_alpha_100,802,0.2256862101605981,
BVCC,common_alpha_100,803,0.2209364222607041,
BVCC,common_alpha_100,804,0.2185160964191323,
BVCC,common_alpha_100,805,0.2178018454609767,
BVCC,common_alpha_100,806,0.2170473532219713,
BVCC,common_alpha_100,807,0.2175664569850988,
BVCC,common_alpha_100,808,0.2149424362627945,
BVCC,common_alpha_100,809,0.2131840005029278,
BVCC,common_alpha_100,810,0.2070260177597589,
BVCC,common_alpha_100,811,0.2094121094682133,
BVCC,common_alpha_100,812,0.2061324741412928,
BVCC,common_alpha_100,813,0.2084966134254537,
BVCC,common_alpha_100,814,0.2042825875941511,
BVCC,common_alpha_100,815,0.2081236703296621,
BVCC,common_alpha_100,816,0.2382488301474812,
BVCC,common_alpha_100,817,0.225585186306903,
BVCC,common_alpha_100,818,0.2256862087373828,
BVCC,common_alpha_100,819,0.220936454600736,
BVCC,common_alpha_100,820,0.2185160892825493,
BVCC,common_alpha_100,821,0.2178018119254086,
BVCC,common_alpha_100,822,0.2170473514683674,
BVCC,common_alpha_100,823,0.2175664909400057,
BVCC,common_alpha_100,824,0.2149424340353495,
BVCC,common_alpha_100,825,0.2131840073417034,
BVCC,common_alpha_100,826,0.2070260179451521,
BVCC,common_alpha_100,827,0.2094120567019147,
BVCC,common_alpha_100,828,0.2061324773830945,
BVCC,common_alpha_100,829,0.2084966603936031,
BVCC,common_alpha_100,830,0.2042825722608556,
BVCC,common_alpha_100,831,0.2081236599322505,
BVCC,common_alpha_100,832,0.2627642277239911,
BVCC,common_alpha_100,833,0.2329777916126332,
BVCC,common_alpha_100,834,0.2349493889018349,
BVCC,common_alpha_100,835,0.224863397807926,
BVCC,common_alpha_100,836,0.2229163683447186,
BVCC,common_alpha_100,837,0.2207042137522911,
BVCC,common_alpha_100,838,0.2207462208989443,
BVCC,common_alpha_100,839,0.2198706686849132,
BVCC,common_alpha_100,840,0.2185385879110524,
BVCC,common_alpha_100,841,0.2153048191432955,
BVCC,common_alpha_100,842,0.2080426886806803,
BVCC,common_alpha_100,843,0.2100238512869768,
BVCC,common_alpha_100,844,0.206392758171723,
BVCC,common_alpha_100,845,0.2091685912207554,
BVCC,common_alpha_100,846,0.2043340988278275,
BVCC,common_alpha_100,847,0.2083845083692713,
BVCC,common_alpha_100,848,0.262764227723991,
BVCC,common_alpha_100,849,0.2329777916126333,
BVCC,common_alpha_100,850,0.2349493889018349,
BVCC,common_alpha_100,851,0.2248634200239129,
BVCC,common_alpha_100,852,0.2229163683447186,
BVCC,common_alpha_100,853,0.2207042070667128,
BVCC,common_alpha_100,854,0.2207462211587094,
BVCC,common_alpha_100,855,0.2198706630079713,
BVCC,common_alpha_100,856,0.2185385901863719,
BVCC,common_alpha_100,857,0.2153048474559718,
BVCC,common_alpha_100,858,0.2080426885931474,
BVCC,common_alpha_100,859,0.2100238534577143,
BVCC,common_alpha_100,860,0.2063927590218883,
BVCC,common_alpha_100,861,0.2091685620348503,
BVCC,common_alpha_100,862,0.2043340962791678,
BVCC,common_alpha_100,863,0.2083845089121762,
BVCC,common_alpha_100,864,0.2382488143761884,
BVCC,common_alpha_100,865,0.2255851840712696,
BVCC,common_alpha_100,866,0.2256862095708319,
BVCC,common_alpha_100,867,0.2209364514961467,
BVCC,common_alpha_100,868,0.2185160879043358,
BVCC,common_alpha_100,869,0.2178018049534137,
BVCC,common_alpha_100,870,0.217047358275594,
BVCC,common_alpha_100,871,0.2175664955750856,
BVCC,common_alpha_100,872,0.2149424363161747,
BVCC,common_alpha_100,873,0.2131840161551186,
BVCC,common_alpha_100,874,0.2070260178518745,
BVCC,common_alpha_100,875,0.209412059945287,
BVCC,common_alpha_100,876,0.2061324772479049,
BVCC,common_alpha_100,877,0.2084966698358113,
BVCC,common_alpha_100,878,0.204282580188451,
BVCC,common_alpha_100,879,0.2081236602032178,
BVCC,common_alpha_100,880,0.2382488369996431,
BVCC,common_alpha_100,881,0.2255851502652918,
BVCC,common_alpha_100,882,0.2256862044913116,
BVCC,common_alpha_100,883,0.2209364332527355,
BVCC,common_alpha_100,884,0.2185160810594785,
BVCC,common_alpha_100,885,0.2178018150422276,
BVCC,common_alpha_100,886,0.217047352080539,
BVCC,common_alpha_100,887,0.2175664895039388,
BVCC,common_alpha_100,888,0.2149424347513569,
BVCC,common_alpha_100,889,0.2131840111167239,
BVCC,common_alpha_100,890,0.2070260178139817,
BVCC,common_alpha_100,891,0.2094120634163013,
BVCC,common_alpha_100,892,0.2061324765269745,
BVCC,common_alpha_100,893,0.208496610377024,
BVCC,common_alpha_100,894,0.2042825639799288,
BVCC,common_alpha_100,895,0.2081236653989184,
BVCC,common_alpha_100,896,0.2627642277239911,
BVCC,common_alpha_100,897,0.2329777916126332,
BVCC,common_alpha_100,898,0.2349493889018349,
BVCC,common_alpha_100,899,0.2248634194059717,
BVCC,common_alpha_100,900,0.2229163683447186,
BVCC,common_alpha_100,901,0.2207042137600856,
BVCC,common_alpha_100,902,0.2207462209037101,
BVCC,common_alpha_100,903,0.2198706629922544,
BVCC,common_alpha_100,904,0.2185385776879475,
BVCC,common_alpha_100,905,0.2153048200390364,
BVCC,common_alpha_100,906,0.2080426885671116,
BVCC,common_alpha_100,907,0.2100238522275498,
BVCC,common_alpha_100,908,0.2063927579513434,
BVCC,common_alpha_100,909,0.2091685924520362,
BVCC,common_alpha_100,910,0.2043340963556841,
BVCC,common_alpha_100,911,0.2083845083087217,
BVCC,common_alpha_100,912,0.2627642277239911,
BVCC,common_alpha_100,913,0.2329777916126333,
BVCC,common_alpha_100,914,0.2349493889018349,
BVCC,common_alpha_100,915,0.2248634094777167,
BVCC,common_alpha_100,916,0.2229163683447186,
BVCC,common_alpha_100,917,0.2207042090148044,
BVCC,common_alpha_100,918,0.2207462202489282,
BVCC,common_alpha_100,919,0.2198706539528322,
BVCC,common_alpha_100,920,0.2185385899844092,
BVCC,common_alpha_100,921,0.2153048426849269,
BVCC,common_alpha_100,922,0.2080426886913239,
BVCC,common_alpha_100,923,0.2100238539424135,
BVCC,common_alpha_100,924,0.2063927586124486,
BVCC,common_alpha_100,925,0.2091685616132276,
BVCC,common_alpha_100,926,0.2043340961738475,
BVCC,common_alpha_100,927,0.2083845123026968,
BVCC,common_alpha_100,928,0.2382488367661099,
BVCC,common_alpha_100,929,0.2255851849121816,
BVCC,common_alpha_100,930,0.2256862097708135,
BVCC,common_alpha_100,931,0.2209364544779787,
BVCC,common_alpha_100,932,0.2185160881684484,
BVCC,common_alpha_100,933,0.2178018041795814,
BVCC,common_alpha_100,934,0.2170473515893605,
BVCC,common_alpha_100,935,0.2175664933129187,
BVCC,common_alpha_100,936,0.2149424348807035,
BVCC,common_alpha_100,937,0.2131840121833036,
BVCC,common_alpha_100,938,0.2070260178391663,
BVCC,common_alpha_100,939,0.2094120596946027,
BVCC,common_alpha_100,940,0.2061324773357221,
BVCC,common_alpha_100,941,0.2084966608104742,
BVCC,common_alpha_100,942,0.2042825837310088,
BVCC,common_alpha_100,943,0.208123660789206,
BVCC,common_alpha_100,944,0.2382488369030438,
BVCC,common_alpha_100,945,0.2255851607692957,
BVCC,common_alpha_100,946,0.225686205626317,
BVCC,common_alpha_100,947,0.220936434851976,
BVCC,common_alpha_100,948,0.218516082231582,
BVCC,common_alpha_100,949,0.2178018156894575,
BVCC,common_alpha_100,950,0.2170473520952659,
BVCC,common_alpha_100,951,0.2175664878408522,
BVCC,common_alpha_100,952,0.2149424332574534,
BVCC,common_alpha_100,953,0.2131840093115481,
BVCC,common_alpha_100,954,0.207026017798824,
BVCC,common_alpha_100,955,0.209412100905909,
BVCC,common_alpha_100,956,0.2061324769691436,
BVCC,common_alpha_100,957,0.2084966118743653,
BVCC,common_alpha_100,958,0.2042825758861036,
BVCC,common_alpha_100,959,0.2081236653837008,
BVCC,common_alpha_100,960,0.2627642277239911,
BVCC,common_alpha_100,961,0.2329777916126332,
BVCC,common_alpha_100,962,0.2349493889018349,
BVCC,common_alpha_100,963,0.2248634057325873,
BVCC,common_alpha_100,964,0.2229163683447186,
BVCC,common_alpha_100,965,0.2207042086913255,
BVCC,common_alpha_100,966,0.2207462203828676,
BVCC,common_alpha_100,967,0.2198706627488323,
BVCC,common_alpha_100,968,0.2185385888419892,
BVCC,common_alpha_100,969,0.2153048345912908,
BVCC,common_alpha_100,970,0.2080426883506239,
BVCC,common_alpha_100,971,0.2100238539870453,
BVCC,common_alpha_100,972,0.2063927594341914,
BVCC,common_alpha_100,973,0.2091684755724689,
BVCC,common_alpha_100,974,0.2043340960580266,
BVCC,common_alpha_100,975,0.2083845147069259,
BVCC,common_alpha_100,976,0.2627642277239911,
BVCC,common_alpha_100,977,0.2329777916126333,
BVCC,common_alpha_100,978,0.2349493889018349,
BVCC,common_alpha_100,979,0.2248634552644961,
BVCC,common_alpha_100,980,0.2229163683447186,
BVCC,common_alpha_100,981,0.2207042301804581,
BVCC,common_alpha_100,982,0.2207462234149361,
BVCC,common_alpha_100,983,0.219870665610649,
BVCC,common_alpha_100,984,0.2185385887553912,
BVCC,common_alpha_100,985,0.215304904102727,
BVCC,common_alpha_100,986,0.2080426885979804,
BVCC,common_alpha_100,987,0.2100238541046423,
BVCC,common_alpha_100,988,0.2063927620220397,
BVCC,common_alpha_100,989,0.2091685668643801,
BVCC,common_alpha_100,990,0.2043340975115573,
BVCC,common_alpha_100,991,0.2083844961774624,
BVCC,common_alpha_100,992,0.2382488357849764,
BVCC,common_alpha_100,993,0.2255851474125529,
BVCC,common_alpha_100,994,0.2256862072560193,
BVCC,common_alpha_100,995,0.2209364330948934,
BVCC,common_alpha_100,996,0.2185160798875135,
BVCC,common_alpha_100,997,0.2178018087632492,
BVCC,common_alpha_100,998,0.2170473520768214,
BVCC,common_alpha_100,999,0.2175664900138432,
BVCC,common_alpha_100,1000,0.214942435597277,
BVCC,common_alpha_100,1001,0.2131840175850033,
BVCC,common_alpha_100,1002,0.2070260176210041,
BVCC,common_alpha_100,1003,0.2094120882112038,
BVCC,common_alpha_100,1004,0.2061324755029572,
BVCC,common_alpha_100,1005,0.2084966130485811,
BVCC,common_alpha_100,1006,0.2042825803310142,
BVCC,common_alpha_100,1007,0.2081236644954583,
BVCC,common_alpha_100,1008,0.2382488357711254,
BVCC,common_alpha_100,1009,0.2255851478155009,
BVCC,common_alpha_100,1010,0.2256861942910439,
BVCC,common_alpha_100,1011,0.2209364292859907,
BVCC,common_alpha_100,1012,0.2185160981375848,
BVCC,common_alpha_100,1013,0.21780178528556,
BVCC,common_alpha_100,1014,0.2170473544675478,
BVCC,common_alpha_100,1015,0.2175664698538958,
BVCC,common_alpha_100,1016,0.2149424339996092,
BVCC,common_alpha_100,1017,0.2131840362626692,
BVCC,common_alpha_100,1018,0.2070260176183581,
BVCC,common_alpha_100,1019,0.2094120467420012,
BVCC,common_alpha_100,1020,0.2061324734600103,
BVCC,common_alpha_100,1021,0.2084966144291233,
BVCC,common_alpha_100,1022,0.204282584649166,
BVCC,common_alpha_100,1023,0.2081236661582558,
BVCC,per_representation_grouped_oof_selected,1,0.2855349220579414,
BVCC,per_representation_grouped_oof_selected,2,0.3407815256969934,
BVCC,per_representation_grouped_oof_selected,3,0.2764215733218921,
BVCC,per_representation_grouped_oof_selected,4,0.2868717852731735,
BVCC,per_representation_grouped_oof_selected,5,0.2560256965961645,
BVCC,per_representation_grouped_oof_selected,6,0.2779813974325454,
BVCC,per_representation_grouped_oof_selected,7,0.2560256965961645,
BVCC,per_representation_grouped_oof_selected,8,0.2390269981420276,
BVCC,per_representation_grouped_oof_selected,9,0.2209629715846193,
BVCC,per_representation_grouped_oof_selected,10,0.2246714609035943,
BVCC,per_representation_grouped_oof_selected,11,0.2209629715846193,
BVCC,per_representation_grouped_oof_selected,12,0.2207065783583704,
BVCC,per_representation_grouped_oof_selected,13,0.2159594950216069,
BVCC,per_representation_grouped_oof_selected,14,0.2192760632396898,
BVCC,per_representation_grouped_oof_selected,15,0.2159594600128958,
BVCC,per_representation_grouped_oof_selected,16,0.6604613798226866,
BVCC,per_representation_grouped_oof_selected,17,0.2855349220579414,
BVCC,per_representation_grouped_oof_selected,18,0.3397984809402063,
BVCC,per_representation_grouped_oof_selected,19,0.276421573321892,
BVCC,per_representation_grouped_oof_selected,20,0.2843734508021047,
BVCC,per_representation_grouped_oof_selected,21,0.2560256965961645,
BVCC,per_representation_grouped_oof_selected,22,0.2779813974325454,
BVCC,per_representation_grouped_oof_selected,23,0.2560256965961645,
BVCC,per_representation_grouped_oof_selected,24,0.2390269981420276,
BVCC,per_representation_grouped_oof_selected,25,0.2209629715846193,
BVCC,per_representation_grouped_oof_selected,26,0.2246714609035942,
BVCC,per_representation_grouped_oof_selected,27,0.2209629715846193,
BVCC,per_representation_grouped_oof_selected,28,0.2207065783583703,
BVCC,per_representation_grouped_oof_selected,29,0.2159594637483043,
BVCC,per_representation_grouped_oof_selected,30,0.219276041677909,
BVCC,per_representation_grouped_oof_selected,31,0.2159594715896006,
BVCC,per_representation_grouped_oof_selected,32,0.3411449143137486,
BVCC,per_representation_grouped_oof_selected,33,0.2507832684531825,
BVCC,per_representation_grouped_oof_selected,34,0.2777187087022286,
BVCC,per_representation_grouped_oof_selected,35,0.2500167398829594,
BVCC,per_representation_grouped_oof_selected,36,0.2565648770279194,
BVCC,per_representation_grouped_oof_selected,37,0.2389080217710614,
BVCC,per_representation_grouped_oof_selected,38,0.2536595876969932,
BVCC,per_representation_grouped_oof_selected,39,0.2389080284778403,
BVCC,per_representation_grouped_oof_selected,40,0.2295424697341192,
BVCC,per_representation_grouped_oof_selected,41,0.2173641094403319,
BVCC,per_representation_grouped_oof_selected,42,0.2212137637688651,
BVCC,per_representation_grouped_oof_selected,43,0.2173641059186971,
BVCC,per_representation_grouped_oof_selected,44,0.2181980526279457,
BVCC,per_representation_grouped_oof_selected,45,0.2138346844875508,
BVCC,per_representation_grouped_oof_selected,46,0.2174768390909969,
BVCC,per_representation_grouped_oof_selected,47,0.213834658962185,
BVCC,per_representation_grouped_oof_selected,48,0.3351417443888846,
BVCC,per_representation_grouped_oof_selected,49,0.2507832684531826,
BVCC,per_representation_grouped_oof_selected,50,0.2777187087022286,
BVCC,per_representation_grouped_oof_selected,51,0.2500167358770175,
BVCC,per_representation_grouped_oof_selected,52,0.2565648770279193,
BVCC,per_representation_grouped_oof_selected,53,0.2389080177278587,
BVCC,per_representation_grouped_oof_selected,54,0.2536595870358891,
BVCC,per_representation_grouped_oof_selected,55,0.2389080254310779,
BVCC,per_representation_grouped_oof_selected,56,0.2295424697341192,
BVCC,per_representation_grouped_oof_selected,57,0.2173641094404969,
BVCC,per_representation_grouped_oof_selected,58,0.2212137718841565,
BVCC,per_representation_grouped_oof_selected,59,0.217364110023872,
BVCC,per_representation_grouped_oof_selected,60,0.2181980579670273,
BVCC,per_representation_grouped_oof_selected,61,0.2138347195866437,
BVCC,per_representation_grouped_oof_selected,62,0.217476856464076,
BVCC,per_representation_grouped_oof_selected,63,0.2138346846875629,
BVCC,per_representation_grouped_oof_selected,64,0.7945544402999043,
BVCC,per_representation_grouped_oof_selected,65,0.2854321924932887,
BVCC,per_representation_grouped_oof_selected,66,0.3404725527803137,
BVCC,per_representation_grouped_oof_selected,67,0.276421573321892,
BVCC,per_representation_grouped_oof_selected,68,0.2877252301605195,
BVCC,per_representation_grouped_oof_selected,69,0.2560256965961645,
BVCC,per_representation_grouped_oof_selected,70,0.2780438452802873,
BVCC,per_representation_grouped_oof_selected,71,0.2560256965961645,
BVCC,per_representation_grouped_oof_selected,72,0.2390269981420276,
BVCC,per_representation_grouped_oof_selected,73,0.2209629715846193,
BVCC,per_representation_grouped_oof_selected,74,0.2246714609035942,
BVCC,per_representation_grouped_oof_selected,75,0.2209629715846193,
BVCC,per_representation_grouped_oof_selected,76,0.2207065783583703,
BVCC,per_representation_grouped_oof_selected,77,0.2159594638405814,
BVCC,per_representation_grouped_oof_selected,78,0.2192760675181031,
BVCC,per_representation_grouped_oof_selected,79,0.2159594677771079,
BVCC,per_representation_grouped_oof_selected,80,0.6675431394533583,
BVCC,per_representation_grouped_oof_selected,81,0.2854321924932887,
BVCC,per_representation_grouped_oof_selected,82,0.3398081016902672,
BVCC,per_representation_grouped_oof_selected,83,0.2764215733218921,
BVCC,per_representation_grouped_oof_selected,84,0.2867351776569565,
BVCC,per_representation_grouped_oof_selected,85,0.2560256965961644,
BVCC,per_representation_grouped_oof_selected,86,0.278043844306886,
BVCC,per_representation_grouped_oof_selected,87,0.2560256965961645,
BVCC,per_representation_grouped_oof_selected,88,0.2390269981420276,
BVCC,per_representation_grouped_oof_selected,89,0.2209629715846192,
BVCC,per_representation_grouped_oof_selected,90,0.2246714609035942,
BVCC,per_representation_grouped_oof_selected,91,0.2209629715846192,
BVCC,per_representation_grouped_oof_selected,92,0.2207065783583704,
BVCC,per_representation_grouped_oof_selected,93,0.2159595006801205,
BVCC,per_representation_grouped_oof_selected,94,0.2192760654065537,
BVCC,per_representation_grouped_oof_selected,95,0.2159594637444425,
BVCC,per_representation_grouped_oof_selected,96,0.335719832659359,
BVCC,per_representation_grouped_oof_selected,97,0.2507832684531825,
BVCC,per_representation_grouped_oof_selected,98,0.2777187087022286,
BVCC,per_representation_grouped_oof_selected,99,0.2500167359679344,
BVCC,per_representation_grouped_oof_selected,100,0.2565648770279193,
BVCC,per_representation_grouped_oof_selected,101,0.2389080267701057,
BVCC,per_representation_grouped_oof_selected,102,0.2536595869843389,
BVCC,per_representation_grouped_oof_selected,103,0.2389080254864133,
BVCC,per_representation_grouped_oof_selected,104,0.2295424697341191,
BVCC,per_representation_grouped_oof_selected,105,0.2173641094416908,
BVCC,per_representation_grouped_oof_selected,106,0.2212137705537161,
BVCC,per_representation_grouped_oof_selected,107,0.2173641098820949,
BVCC,per_representation_grouped_oof_selected,108,0.2181980578698465,
BVCC,per_representation_grouped_oof_selected,109,0.2138347235627907,
BVCC,per_representation_grouped_oof_selected,110,0.2174768470553945,
BVCC,per_representation_grouped_oof_selected,111,0.2138346844788109,
BVCC,per_representation_grouped_oof_selected,112,0.335719832659359,
BVCC,per_representation_grouped_oof_selected,113,0.2507832684531825,
BVCC,per_representation_grouped_oof_selected,114,0.2777187087022287,
BVCC,per_representation_grouped_oof_selected,115,0.2500167443898531,
BVCC,per_representation_grouped_oof_selected,116,0.2565648770279194,
BVCC,per_representation_grouped_oof_selected,117,0.2389080387117775,
BVCC,per_representation_grouped_oof_selected,118,0.2536595873514586,
BVCC,per_representation_grouped_oof_selected,119,0.238908025371754,
BVCC,per_representation_grouped_oof_selected,120,0.2295424697341192,
BVCC,per_representation_grouped_oof_selected,121,0.2173641094403369,
BVCC,per_representation_grouped_oof_selected,122,0.2212137725641803,
BVCC,per_representation_grouped_oof_selected,123,0.217364110185445,
BVCC,per_representation_grouped_oof_selected,124,0.2181980481220582,
BVCC,per_representation_grouped_oof_selected,125,0.2138346995134588,
BVCC,per_representation_grouped_oof_selected,126,0.2174768463215922,
BVCC,per_representation_grouped_oof_selected,127,0.2138346848282699,
BVCC,per_representation_grouped_oof_selected,128,0.8059876122596306,
BVCC,per_representation_grouped_oof_selected,129,0.2855349220579414,
BVCC,per_representation_grouped_oof_selected,130,0.3407287881633328,
BVCC,per_representation_grouped_oof_selected,131,0.276421573321892,
BVCC,per_representation_grouped_oof_selected,132,0.2878617017501689,
BVCC,per_representation_grouped_oof_selected,133,0.2560256965961645,
BVCC,per_representation_grouped_oof_selected,134,0.2779813974325454,
BVCC,per_representation_grouped_oof_selected,135,0.2560256965961645,
BVCC,per_representation_grouped_oof_selected,136,0.2390269981420276,
BVCC,per_representation_grouped_oof_selected,137,0.2209629715846193,
BVCC,per_representation_grouped_oof_selected,138,0.2246714609035942,
BVCC,per_representation_grouped_oof_selected,139,0.2209629306066789,
BVCC,per_representation_grouped_oof_selected,140,0.2207065783583704,
BVCC,per_representation_grouped_oof_selected,141,0.2159594704005125,
BVCC,per_representation_grouped_oof_selected,142,0.2192760854139094,
BVCC,per_representation_grouped_oof_selected,143,0.2159594693373351,
BVCC,per_representation_grouped_oof_selected,144,0.671542596470167,
BVCC,per_representation_grouped_oof_selected,145,0.2855349220579414,
BVCC,per_representation_grouped_oof_selected,146,0.3397984809402063,
BVCC,per_representation_grouped_oof_selected,147,0.276421573321892,
BVCC,per_representation_grouped_oof_selected,148,0.2857525404688869,
BVCC,per_representation_grouped_oof_selected,149,0.2560256965961645,
BVCC,per_representation_grouped_oof_selected,150,0.2779813974325454,
BVCC,per_representation_grouped_oof_selected,151,0.2560256965961645,
BVCC,per_representation_grouped_oof_selected,152,0.2390269981420276,
BVCC,per_representation_grouped_oof_selected,153,0.2209629715846192,
BVCC,per_representation_grouped_oof_selected,154,0.2246714609035942,
BVCC,per_representation_grouped_oof_selected,155,0.2209629715846192,
BVCC,per_representation_grouped_oof_selected,156,0.2207065783583704,
BVCC,per_representation_grouped_oof_selected,157,0.2159595002164445,
BVCC,per_representation_grouped_oof_selected,158,0.2192760654636002,
BVCC,per_representation_grouped_oof_selected,159,0.2159594637583686,
BVCC,per_representation_grouped_oof_selected,160,0.3352807949844966,
BVCC,per_representation_grouped_oof_selected,161,0.2507832684531825,
BVCC,per_representation_grouped_oof_selected,162,0.2777187087022287,
BVCC,per_representation_grouped_oof_selected,163,0.2500167359210272,
BVCC,per_representation_grouped_oof_selected,164,0.2565648770279194,
BVCC,per_representation_grouped_oof_selected,165,0.238908030107975,
BVCC,per_representation_grouped_oof_selected,166,0.2536595863504108,
BVCC,per_representation_grouped_oof_selected,167,0.2389080255772011,
BVCC,per_representation_grouped_oof_selected,168,0.2295424697341191,
BVCC,per_representation_grouped_oof_selected,169,0.2173641094615535,
BVCC,per_representation_grouped_oof_selected,170,0.2212137646025125,
BVCC,per_representation_grouped_oof_selected,171,0.2173641098776279,
BVCC,per_representation_grouped_oof_selected,172,0.2181980570628101,
BVCC,per_representation_grouped_oof_selected,173,0.2138347248958355,
BVCC,per_representation_grouped_oof_selected,174,0.2174768473246435,
BVCC,per_representation_grouped_oof_selected,175,0.2138346845704652,
BVCC,per_representation_grouped_oof_selected,176,0.3352807949844966,
BVCC,per_representation_grouped_oof_selected,177,0.2507832684531826,
BVCC,per_representation_grouped_oof_selected,178,0.2777187087022287,
BVCC,per_representation_grouped_oof_selected,179,0.2500167448120701,
BVCC,per_representation_grouped_oof_selected,180,0.2565648770279194,
BVCC,per_representation_grouped_oof_selected,181,0.2389080405131329,
BVCC,per_representation_grouped_oof_selected,182,0.2536595873948263,
BVCC,per_representation_grouped_oof_selected,183,0.2389080253796869,
BVCC,per_representation_grouped_oof_selected,184,0.2295424697341192,
BVCC,per_representation_grouped_oof_selected,185,0.2173641094403355,
BVCC,per_representation_grouped_oof_selected,186,0.2212137725568224,
BVCC,per_representation_grouped_oof_selected,187,0.2173641101736022,
BVCC,per_representation_grouped_oof_selected,188,0.2181980501014955,
BVCC,per_representation_grouped_oof_selected,189,0.21383470021721,
BVCC,per_representation_grouped_oof_selected,190,0.2174768465986774,
BVCC,per_representation_grouped_oof_selected,191,0.2138346848274444,
BVCC,per_representation_grouped_oof_selected,192,0.7733272552682707,
BVCC,per_representation_grouped_oof_selected,193,0.2854321924932887,
BVCC,per_representation_grouped_oof_selected,194,0.3404725527803137,
BVCC,per_representation_grouped_oof_selected,195,0.276421573321892,
BVCC,per_representation_grouped_oof_selected,196,0.2877252300566394,
BVCC,per_representation_grouped_oof_selected,197,0.2560256965961645,
BVCC,per_representation_grouped_oof_selected,198,0.2780438477014389,
BVCC,per_representation_grouped_oof_selected,199,0.2560256965961645,
BVCC,per_representation_grouped_oof_selected,200,0.2390269981420276,
BVCC,per_representation_grouped_oof_selected,201,0.2209629715846193,
BVCC,per_representation_grouped_oof_selected,202,0.2246714609035943,
BVCC,per_representation_grouped_oof_selected,203,0.2209629715846192,
BVCC,per_representation_grouped_oof_selected,204,0.2207065783583703,
BVCC,per_representation_grouped_oof_selected,205,0.2159595003611134,
BVCC,per_representation_grouped_oof_selected,206,0.2192760665785966,
BVCC,per_representation_grouped_oof_selected,207,0.215959546626674,
BVCC,per_representation_grouped_oof_selected,208,0.6698036102960929,
BVCC,per_representation_grouped_oof_selected,209,0.2854321924932887,
BVCC,per_representation_grouped_oof_selected,210,0.3398081010966569,
BVCC,per_representation_grouped_oof_selected,211,0.2764215733218921,
BVCC,per_representation_grouped_oof_selected,212,0.2867351871045269,
BVCC,per_representation_grouped_oof_selected,213,0.2560256965961645,
BVCC,per_representation_grouped_oof_selected,214,0.2780438485472206,
BVCC,per_representation_grouped_oof_selected,215,0.2560256965961645,
BVCC,per_representation_grouped_oof_selected,216,0.2390269981420276,
BVCC,per_representation_grouped_oof_selected,217,0.2209629715846193,
BVCC,per_representation_grouped_oof_selected,218,0.2246714609035942,
BVCC,per_representation_grouped_oof_selected,219,0.2209629715846193,
BVCC,per_representation_grouped_oof_selected,220,0.2207065783583703,
BVCC,per_representation_grouped_oof_selected,221,0.2159595049164179,
BVCC,per_representation_grouped_oof_selected,222,0.2192760389879435,
BVCC,per_representation_grouped_oof_selected,223,0.2159594672451877,
BVCC,per_representation_grouped_oof_selected,224,0.3357198777147406,
BVCC,per_representation_grouped_oof_selected,225,0.2507832684531826,
BVCC,per_representation_grouped_oof_selected,226,0.2777187087022286,
BVCC,per_representation_grouped_oof_selected,227,0.2500167360971495,
BVCC,per_representation_grouped_oof_selected,228,0.2565648770279194,
BVCC,per_representation_grouped_oof_selected,229,0.2389080528782182,
BVCC,per_representation_grouped_oof_selected,230,0.2536595848641954,
BVCC,per_representation_grouped_oof_selected,231,0.2389080253875765,
BVCC,per_representation_grouped_oof_selected,232,0.2295424697341192,
BVCC,per_representation_grouped_oof_selected,233,0.2173641094403378,
BVCC,per_representation_grouped_oof_selected,234,0.2212137726639835,
BVCC,per_representation_grouped_oof_selected,235,0.2173641100101522,
BVCC,per_representation_grouped_oof_selected,236,0.2181980525452289,
BVCC,per_representation_grouped_oof_selected,237,0.2138347022567974,
BVCC,per_representation_grouped_oof_selected,238,0.2174768444504199,
BVCC,per_representation_grouped_oof_selected,239,0.2138346854848087,
BVCC,per_representation_grouped_oof_selected,240,0.335719832659359,
BVCC,per_representation_grouped_oof_selected,241,0.2507832684531825,
BVCC,per_representation_grouped_oof_selected,242,0.2777187087022286,
BVCC,per_representation_grouped_oof_selected,243,0.2500167532536932,
BVCC,per_representation_grouped_oof_selected,244,0.2565648770279194,
BVCC,per_representation_grouped_oof_selected,245,0.238908026247768,
BVCC,per_representation_grouped_oof_selected,246,0.2536595844242514,
BVCC,per_representation_grouped_oof_selected,247,0.2389080475813609,
BVCC,per_representation_grouped_oof_selected,248,0.2295424697341191,
BVCC,per_representation_grouped_oof_selected,249,0.2173641094403389,
BVCC,per_representation_grouped_oof_selected,250,0.221213772669416,
BVCC,per_representation_grouped_oof_selected,251,0.2173641105066383,
BVCC,per_representation_grouped_oof_selected,252,0.2181980375417548,
BVCC,per_representation_grouped_oof_selected,253,0.2138346919953586,
BVCC,per_representation_grouped_oof_selected,254,0.2174768446974137,
BVCC,per_representation_grouped_oof_selected,255,0.2138346843207714,
BVCC,per_representation_grouped_oof_selected,256,0.2652535638677009,
BVCC,per_representation_grouped_oof_selected,257,0.2238736168634145,
BVCC,per_representation_grouped_oof_selected,258,0.2381526026941562,
BVCC,per_representation_grouped_oof_selected,259,0.2234806641819827,
BVCC,per_representation_grouped_oof_selected,260,0.2229163683447186,
BVCC,per_representation_grouped_oof_selected,261,0.2160178094157075,
BVCC,per_representation_grouped_oof_selected,262,0.2225248820982189,
BVCC,per_representation_grouped_oof_selected,263,0.2160177966819244,
BVCC,per_representation_grouped_oof_selected,264,0.2190850340246183,
BVCC,per_representation_grouped_oof_selected,265,0.2110141939726046,
BVCC,per_representation_grouped_oof_selected,266,0.2138452328156184,
BVCC,per_representation_grouped_oof_selected,267,0.2110141937426849,
BVCC,per_representation_grouped_oof_selected,268,0.2093671705876948,
BVCC,per_representation_grouped_oof_selected,269,0.2073014496331969,
BVCC,per_representation_grouped_oof_selected,270,0.2091109041226654,
BVCC,per_representation_grouped_oof_selected,271,0.207301434056356,
BVCC,per_representation_grouped_oof_selected,272,0.2649591688414661,
BVCC,per_representation_grouped_oof_selected,273,0.2238736168634145,
BVCC,per_representation_grouped_oof_selected,274,0.2381526026941562,
BVCC,per_representation_grouped_oof_selected,275,0.223480674015722,
BVCC,per_representation_grouped_oof_selected,276,0.2229163683447185,
BVCC,per_representation_grouped_oof_selected,277,0.2160178252867364,
BVCC,per_representation_grouped_oof_selected,278,0.2225248801610173,
BVCC,per_representation_grouped_oof_selected,279,0.2160177981747246,
BVCC,per_representation_grouped_oof_selected,280,0.2190850340246183,
BVCC,per_representation_grouped_oof_selected,281,0.2110141980017993,
BVCC,per_representation_grouped_oof_selected,282,0.2138452343486037,
BVCC,per_representation_grouped_oof_selected,283,0.2110141937965083,
BVCC,per_representation_grouped_oof_selected,284,0.209367202052877,
BVCC,per_representation_grouped_oof_selected,285,0.2073014453659393,
BVCC,per_representation_grouped_oof_selected,286,0.20911090531267,
BVCC,per_representation_grouped_oof_selected,287,0.2073014462889065,
BVCC,per_representation_grouped_oof_selected,288,0.2380933648850501,
BVCC,per_representation_grouped_oof_selected,289,0.2185951759763592,
BVCC,per_representation_grouped_oof_selected,290,0.228530573769614,
BVCC,per_representation_grouped_oof_selected,291,0.2185951754471011,
BVCC,per_representation_grouped_oof_selected,292,0.2185160954765451,
BVCC,per_representation_grouped_oof_selected,293,0.2133343170721172,
BVCC,per_representation_grouped_oof_selected,294,0.2183564769664106,
BVCC,per_representation_grouped_oof_selected,295,0.2133343042670459,
BVCC,per_representation_grouped_oof_selected,296,0.2153498103782589,
BVCC,per_representation_grouped_oof_selected,297,0.2094280337195573,
BVCC,per_representation_grouped_oof_selected,298,0.2119313291608018,
BVCC,per_representation_grouped_oof_selected,299,0.2094280357774511,
BVCC,per_representation_grouped_oof_selected,300,0.2085769177372199,
BVCC,per_representation_grouped_oof_selected,301,0.2065052934927419,
BVCC,per_representation_grouped_oof_selected,302,0.2084069000543468,
BVCC,per_representation_grouped_oof_selected,303,0.2065053030468521,
BVCC,per_representation_grouped_oof_selected,304,0.23809336488505,
BVCC,per_representation_grouped_oof_selected,305,0.2185951759814792,
BVCC,per_representation_grouped_oof_selected,306,0.2285305737999292,
BVCC,per_representation_grouped_oof_selected,307,0.2185951685322466,
BVCC,per_representation_grouped_oof_selected,308,0.2185160915003903,
BVCC,per_representation_grouped_oof_selected,309,0.2133343305944166,
BVCC,per_representation_grouped_oof_selected,310,0.2183564592457339,
BVCC,per_representation_grouped_oof_selected,311,0.2133342978648293,
BVCC,per_representation_grouped_oof_selected,312,0.2153497832814762,
BVCC,per_representation_grouped_oof_selected,313,0.2094280352513312,
BVCC,per_representation_grouped_oof_selected,314,0.2119313229501419,
BVCC,per_representation_grouped_oof_selected,315,0.209428003143872,
BVCC,per_representation_grouped_oof_selected,316,0.2085769757368273,
BVCC,per_representation_grouped_oof_selected,317,0.20650527771782,
BVCC,per_representation_grouped_oof_selected,318,0.2084068870464872,
BVCC,per_representation_grouped_oof_selected,319,0.2065053324757906,
BVCC,per_representation_grouped_oof_selected,320,0.2651984982281912,
BVCC,per_representation_grouped_oof_selected,321,0.2238736168634144,
BVCC,per_representation_grouped_oof_selected,322,0.2381526026941562,
BVCC,per_representation_grouped_oof_selected,323,0.2234806155594187,
BVCC,per_representation_grouped_oof_selected,324,0.2229163683447186,
BVCC,per_representation_grouped_oof_selected,325,0.2160178457619315,
BVCC,per_representation_grouped_oof_selected,326,0.2225248795053395,
BVCC,per_representation_grouped_oof_selected,327,0.216017810525087,
BVCC,per_representation_grouped_oof_selected,328,0.2190850340246184,
BVCC,per_representation_grouped_oof_selected,329,0.2110142043258808,
BVCC,per_representation_grouped_oof_selected,330,0.2138452342867285,
BVCC,per_representation_grouped_oof_selected,331,0.2110141938176318,
BVCC,per_representation_grouped_oof_selected,332,0.2093671997809583,
BVCC,per_representation_grouped_oof_selected,333,0.2073014453530727,
BVCC,per_representation_grouped_oof_selected,334,0.2091109127173191,
BVCC,per_representation_grouped_oof_selected,335,0.2073014468029852,
BVCC,per_representation_grouped_oof_selected,336,0.2651984982281912,
BVCC,per_representation_grouped_oof_selected,337,0.2238736168634145,
BVCC,per_representation_grouped_oof_selected,338,0.2381526026941562,
BVCC,per_representation_grouped_oof_selected,339,0.2234806478073879,
BVCC,per_representation_grouped_oof_selected,340,0.2229163683447186,
BVCC,per_representation_grouped_oof_selected,341,0.2160178065715894,
BVCC,per_representation_grouped_oof_selected,342,0.2225248820990942,
BVCC,per_representation_grouped_oof_selected,343,0.2160177946781759,
BVCC,per_representation_grouped_oof_selected,344,0.2190850340246184,
BVCC,per_representation_grouped_oof_selected,345,0.2110141942383623,
BVCC,per_representation_grouped_oof_selected,346,0.2138452350904612,
BVCC,per_representation_grouped_oof_selected,347,0.2110141938462191,
BVCC,per_representation_grouped_oof_selected,348,0.2093671800346438,
BVCC,per_representation_grouped_oof_selected,349,0.20730144814837,
BVCC,per_representation_grouped_oof_selected,350,0.2091109135907189,
BVCC,per_representation_grouped_oof_selected,351,0.2073014483980792,
BVCC,per_representation_grouped_oof_selected,352,0.23809336488505,
BVCC,per_representation_grouped_oof_selected,353,0.2185951759844701,
BVCC,per_representation_grouped_oof_selected,354,0.2285305725434116,
BVCC,per_representation_grouped_oof_selected,355,0.2185951739942693,
BVCC,per_representation_grouped_oof_selected,356,0.218516087833073,
BVCC,per_representation_grouped_oof_selected,357,0.2133343284537142,
BVCC,per_representation_grouped_oof_selected,358,0.2183564697434954,
BVCC,per_representation_grouped_oof_selected,359,0.2133342948630791,
BVCC,per_representation_grouped_oof_selected,360,0.2153497832727834,
BVCC,per_representation_grouped_oof_selected,361,0.2094280350428993,
BVCC,per_representation_grouped_oof_selected,362,0.2119313240777001,
BVCC,per_representation_grouped_oof_selected,363,0.2094280171430518,
BVCC,per_representation_grouped_oof_selected,364,0.2085769811308429,
BVCC,per_representation_grouped_oof_selected,365,0.2065052937717815,
BVCC,per_representation_grouped_oof_selected,366,0.2084068931029778,
BVCC,per_representation_grouped_oof_selected,367,0.2065053401668686,
BVCC,per_representation_grouped_oof_selected,368,0.2380933648850501,
BVCC,per_representation_grouped_oof_selected,369,0.2185951759764,
BVCC,per_representation_grouped_oof_selected,370,0.2285305955901845,
BVCC,per_representation_grouped_oof_selected,371,0.2185951704093164,
BVCC,per_representation_grouped_oof_selected,372,0.2185160966962138,
BVCC,per_representation_grouped_oof_selected,373,0.2133343298920311,
BVCC,per_representation_grouped_oof_selected,374,0.2183564742734575,
BVCC,per_representation_grouped_oof_selected,375,0.2133342988751367,
BVCC,per_representation_grouped_oof_selected,376,0.2153498036176368,
BVCC,per_representation_grouped_oof_selected,377,0.2094280352744418,
BVCC,per_representation_grouped_oof_selected,378,0.2119313115970317,
BVCC,per_representation_grouped_oof_selected,379,0.2094280263449716,
BVCC,per_representation_grouped_oof_selected,380,0.2085769904001259,
BVCC,per_representation_grouped_oof_selected,381,0.2065052711130916,
BVCC,per_representation_grouped_oof_selected,382,0.2084068868037518,
BVCC,per_representation_grouped_oof_selected,383,0.2065053406026803,
BVCC,per_representation_grouped_oof_selected,384,0.2648750243020591,
BVCC,per_representation_grouped_oof_selected,385,0.2238736168634145,
BVCC,per_representation_grouped_oof_selected,386,0.2381526026941562,
BVCC,per_representation_grouped_oof_selected,387,0.2234806360973983,
BVCC,per_representation_grouped_oof_selected,388,0.2229163683447186,
BVCC,per_representation_grouped_oof_selected,389,0.2160177993702561,
BVCC,per_representation_grouped_oof_selected,390,0.2225248838876552,
BVCC,per_representation_grouped_oof_selected,391,0.2160178087104316,
BVCC,per_representation_grouped_oof_selected,392,0.2190850340246183,
BVCC,per_representation_grouped_oof_selected,393,0.2110142896283678,
BVCC,per_representation_grouped_oof_selected,394,0.2138452345506481,
BVCC,per_representation_grouped_oof_selected,395,0.2110141938369646,
BVCC,per_representation_grouped_oof_selected,396,0.2093672012239072,
BVCC,per_representation_grouped_oof_selected,397,0.2073014452424589,
BVCC,per_representation_grouped_oof_selected,398,0.209110912726631,
BVCC,per_representation_grouped_oof_selected,399,0.2073014467814643,
BVCC,per_representation_grouped_oof_selected,400,0.2648750243020591,
BVCC,per_representation_grouped_oof_selected,401,0.2238736168634145,
BVCC,per_representation_grouped_oof_selected,402,0.2381526026941562,
BVCC,per_representation_grouped_oof_selected,403,0.2234806482397664,
BVCC,per_representation_grouped_oof_selected,404,0.2229163683447186,
BVCC,per_representation_grouped_oof_selected,405,0.2160178073114775,
BVCC,per_representation_grouped_oof_selected,406,0.2225248820990797,
BVCC,per_representation_grouped_oof_selected,407,0.2160177947308817,
BVCC,per_representation_grouped_oof_selected,408,0.2190850340246184,
BVCC,per_representation_grouped_oof_selected,409,0.2110141942720727,
BVCC,per_representation_grouped_oof_selected,410,0.2138452341106217,
BVCC,per_representation_grouped_oof_selected,411,0.2110141938651446,
BVCC,per_representation_grouped_oof_selected,412,0.2093671789767187,
BVCC,per_representation_grouped_oof_selected,413,0.2073014333293699,
BVCC,per_representation_grouped_oof_selected,414,0.2091109135893476,
BVCC,per_representation_grouped_oof_selected,415,0.2073014339700782,
BVCC,per_representation_grouped_oof_selected,416,0.2380933648850501,
BVCC,per_representation_grouped_oof_selected,417,0.2185951762355105,
BVCC,per_representation_grouped_oof_selected,418,0.2285305696551021,
BVCC,per_representation_grouped_oof_selected,419,0.2185951740325249,
BVCC,per_representation_grouped_oof_selected,420,0.2185160981706466,
BVCC,per_representation_grouped_oof_selected,421,0.2133343273261523,
BVCC,per_representation_grouped_oof_selected,422,0.2183564696044117,
BVCC,per_representation_grouped_oof_selected,423,0.2133342944321582,
BVCC,per_representation_grouped_oof_selected,424,0.2153497833091386,
BVCC,per_representation_grouped_oof_selected,425,0.2094280348339479,
BVCC,per_representation_grouped_oof_selected,426,0.2119313248929146,
BVCC,per_representation_grouped_oof_selected,427,0.2094280200820842,
BVCC,per_representation_grouped_oof_selected,428,0.2085769846400287,
BVCC,per_representation_grouped_oof_selected,429,0.2065052935355934,
BVCC,per_representation_grouped_oof_selected,430,0.2084068882324907,
BVCC,per_representation_grouped_oof_selected,431,0.2065053411350678,
BVCC,per_representation_grouped_oof_selected,432,0.2380933648850501,
BVCC,per_representation_grouped_oof_selected,433,0.2185951759764405,
BVCC,per_representation_grouped_oof_selected,434,0.2285305964372047,
BVCC,per_representation_grouped_oof_selected,435,0.2185951703657828,
BVCC,per_representation_grouped_oof_selected,436,0.2185160966331715,
BVCC,per_representation_grouped_oof_selected,437,0.2133343302603241,
BVCC,per_representation_grouped_oof_selected,438,0.2183564742296416,
BVCC,per_representation_grouped_oof_selected,439,0.213334298399144,
BVCC,per_representation_grouped_oof_selected,440,0.2153498048592199,
BVCC,per_representation_grouped_oof_selected,441,0.2094280352414137,
BVCC,per_representation_grouped_oof_selected,442,0.2119313143843868,
BVCC,per_representation_grouped_oof_selected,443,0.2094280282216235,
BVCC,per_representation_grouped_oof_selected,444,0.208576993000266,
BVCC,per_representation_grouped_oof_selected,445,0.206505273703033,
BVCC,per_representation_grouped_oof_selected,446,0.2084068848752975,
BVCC,per_representation_grouped_oof_selected,447,0.2065053416993378,
BVCC,per_representation_grouped_oof_selected,448,0.2650944264485153,
BVCC,per_representation_grouped_oof_selected,449,0.2238736168634145,
BVCC,per_representation_grouped_oof_selected,450,0.2381526026941563,
BVCC,per_representation_grouped_oof_selected,451,0.2234806474137779,
BVCC,per_representation_grouped_oof_selected,452,0.2229163683447186,
BVCC,per_representation_grouped_oof_selected,453,0.2160178072307187,
BVCC,per_representation_grouped_oof_selected,454,0.2225248820991215,
BVCC,per_representation_grouped_oof_selected,455,0.2160177944457599,
BVCC,per_representation_grouped_oof_selected,456,0.2190850340246183,
BVCC,per_representation_grouped_oof_selected,457,0.2110141942803401,
BVCC,per_representation_grouped_oof_selected,458,0.2138452349673525,
BVCC,per_representation_grouped_oof_selected,459,0.2110141939087339,
BVCC,per_representation_grouped_oof_selected,460,0.2093671786359867,
BVCC,per_representation_grouped_oof_selected,461,0.2073014144664218,
BVCC,per_representation_grouped_oof_selected,462,0.2091109136350646,
BVCC,per_representation_grouped_oof_selected,463,0.2073014280814821,
BVCC,per_representation_grouped_oof_selected,464,0.265094429364762,
BVCC,per_representation_grouped_oof_selected,465,0.2238736168634145,
BVCC,per_representation_grouped_oof_selected,466,0.2381526026941562,
BVCC,per_representation_grouped_oof_selected,467,0.2234806475622842,
BVCC,per_representation_grouped_oof_selected,468,0.2229163683447186,
BVCC,per_representation_grouped_oof_selected,469,0.2160178033674264,
BVCC,per_representation_grouped_oof_selected,470,0.2225248820993184,
BVCC,per_representation_grouped_oof_selected,471,0.2160177942642395,
BVCC,per_representation_grouped_oof_selected,472,0.2190850340246183,
BVCC,per_representation_grouped_oof_selected,473,0.2110141942989064,
BVCC,per_representation_grouped_oof_selected,474,0.2138452103042495,
BVCC,per_representation_grouped_oof_selected,475,0.2110141939447041,
BVCC,per_representation_grouped_oof_selected,476,0.2093671814721988,
BVCC,per_representation_grouped_oof_selected,477,0.2073014531574279,
BVCC,per_representation_grouped_oof_selected,478,0.2091109135866607,
BVCC,per_representation_grouped_oof_selected,479,0.2073014495774013,
BVCC,per_representation_grouped_oof_selected,480,0.2380933648850501,
BVCC,per_representation_grouped_oof_selected,481,0.2185951759764192,
BVCC,per_representation_grouped_oof_selected,482,0.2285305783678648,
BVCC,per_representation_grouped_oof_selected,483,0.2185951745970108,
BVCC,per_representation_grouped_oof_selected,484,0.2185160965402735,
BVCC,per_representation_grouped_oof_selected,485,0.2133343306752609,
BVCC,per_representation_grouped_oof_selected,486,0.2183564704399798,
BVCC,per_representation_grouped_oof_selected,487,0.213334295280833,
BVCC,per_representation_grouped_oof_selected,488,0.2153498034854464,
BVCC,per_representation_grouped_oof_selected,489,0.2094280350987453,
BVCC,per_representation_grouped_oof_selected,490,0.2119313196898815,
BVCC,per_representation_grouped_oof_selected,491,0.2094280326963771,
BVCC,per_representation_grouped_oof_selected,492,0.2085769917277259,
BVCC,per_representation_grouped_oof_selected,493,0.20650527838647,
BVCC,per_representation_grouped_oof_selected,494,0.2084068672542417,
BVCC,per_representation_grouped_oof_selected,495,0.2065053482654478,
BVCC,per_representation_grouped_oof_selected,496,0.23809336488505,
BVCC,per_representation_grouped_oof_selected,497,0.2185951759764356,
BVCC,per_representation_grouped_oof_selected,498,0.2285305826107916,
BVCC,per_representation_grouped_oof_selected,499,0.2185951704213343,
BVCC,per_representation_grouped_oof_selected,500,0.2185160968007845,
BVCC,per_representation_grouped_oof_selected,501,0.2133343259017809,
BVCC,per_representation_grouped_oof_selected,502,0.218356474500363,
BVCC,per_representation_grouped_oof_selected,503,0.213334298739252,
BVCC,per_representation_grouped_oof_selected,504,0.2153498066611604,
BVCC,per_representation_grouped_oof_selected,505,0.2094280353753762,
BVCC,per_representation_grouped_oof_selected,506,0.211931324041121,
BVCC,per_representation_grouped_oof_selected,507,0.209428032209836,
BVCC,per_representation_grouped_oof_selected,508,0.208576997320526,
BVCC,per_representation_grouped_oof_selected,509,0.2065052938007781,
BVCC,per_representation_grouped_oof_selected,510,0.2084068985991798,
BVCC,per_representation_grouped_oof_selected,511,0.2065053406164834,
BVCC,per_representation_grouped_oof_selected,512,0.5027035378100188,
BVCC,per_representation_grouped_oof_selected,513,0.2724709639616647,
BVCC,per_representation_grouped_oof_selected,514,0.3203375678255926,
BVCC,per_representation_grouped_oof_selected,515,0.2695216540712796,
BVCC,per_representation_grouped_oof_selected,516,0.2758910461632183,
BVCC,per_representation_grouped_oof_selected,517,0.251826855486485,
BVCC,per_representation_grouped_oof_selected,518,0.2713851957807427,
BVCC,per_representation_grouped_oof_selected,519,0.2518268588445624,
BVCC,per_representation_grouped_oof_selected,520,0.2373534406917091,
BVCC,per_representation_grouped_oof_selected,521,0.2209629715846193,
BVCC,per_representation_grouped_oof_selected,522,0.2246714609035942,
BVCC,per_representation_grouped_oof_selected,523,0.2209629715846192,
BVCC,per_representation_grouped_oof_selected,524,0.2207065783583703,
BVCC,per_representation_grouped_oof_selected,525,0.2159594797057712,
BVCC,per_representation_grouped_oof_selected,526,0.219276038665032,
BVCC,per_representation_grouped_oof_selected,527,0.2159594645589132,
BVCC,per_representation_grouped_oof_selected,528,0.4964410940023126,
BVCC,per_representation_grouped_oof_selected,529,0.2724709639616648,
BVCC,per_representation_grouped_oof_selected,530,0.3203375678255925,
BVCC,per_representation_grouped_oof_selected,531,0.2695215959386805,
BVCC,per_representation_grouped_oof_selected,532,0.2758910461632183,
BVCC,per_representation_grouped_oof_selected,533,0.251826847122742,
BVCC,per_representation_grouped_oof_selected,534,0.271385196992334,
BVCC,per_representation_grouped_oof_selected,535,0.2518269301678351,
BVCC,per_representation_grouped_oof_selected,536,0.2373534406917091,
BVCC,per_representation_grouped_oof_selected,537,0.2209629715846192,
BVCC,per_representation_grouped_oof_selected,538,0.2246714609035941,
BVCC,per_representation_grouped_oof_selected,539,0.2209629715846192,
BVCC,per_representation_grouped_oof_selected,540,0.2207065783583703,
BVCC,per_representation_grouped_oof_selected,541,0.2159594641823531,
BVCC,per_representation_grouped_oof_selected,542,0.2192760675047051,
BVCC,per_representation_grouped_oof_selected,543,0.2159594687843216,
BVCC,per_representation_grouped_oof_selected,544,0.320579116419194,
BVCC,per_representation_grouped_oof_selected,545,0.2507212191250924,
BVCC,per_representation_grouped_oof_selected,546,0.2768029249749831,
BVCC,per_representation_grouped_oof_selected,547,0.2500167393674741,
BVCC,per_representation_grouped_oof_selected,548,0.2553352930864437,
BVCC,per_representation_grouped_oof_selected,549,0.238908027187873,
BVCC,per_representation_grouped_oof_selected,550,0.253263236587644,
BVCC,per_representation_grouped_oof_selected,551,0.2389080919788382,
BVCC,per_representation_grouped_oof_selected,552,0.2295424697341192,
BVCC,per_representation_grouped_oof_selected,553,0.2173641095870856,
BVCC,per_representation_grouped_oof_selected,554,0.2212137364191755,
BVCC,per_representation_grouped_oof_selected,555,0.2173641076454133,
BVCC,per_representation_grouped_oof_selected,556,0.2181980369131844,
BVCC,per_representation_grouped_oof_selected,557,0.2138346852442616,
BVCC,per_representation_grouped_oof_selected,558,0.2174768429554935,
BVCC,per_representation_grouped_oof_selected,559,0.2138346956662433,
BVCC,per_representation_grouped_oof_selected,560,0.320579116419194,
BVCC,per_representation_grouped_oof_selected,561,0.2507212341050188,
BVCC,per_representation_grouped_oof_selected,562,0.2768029237921598,
BVCC,per_representation_grouped_oof_selected,563,0.2500167358387659,
BVCC,per_representation_grouped_oof_selected,564,0.2553352995475843,
BVCC,per_representation_grouped_oof_selected,565,0.2389080182957634,
BVCC,per_representation_grouped_oof_selected,566,0.2532632299898143,
BVCC,per_representation_grouped_oof_selected,567,0.2389080252197138,
BVCC,per_representation_grouped_oof_selected,568,0.2295424697341192,
BVCC,per_representation_grouped_oof_selected,569,0.2173641133319915,
BVCC,per_representation_grouped_oof_selected,570,0.221213771820591,
BVCC,per_representation_grouped_oof_selected,571,0.2173641077794758,
BVCC,per_representation_grouped_oof_selected,572,0.2181980579171412,
BVCC,per_representation_grouped_oof_selected,573,0.2138347073358522,
BVCC,per_representation_grouped_oof_selected,574,0.2174768748303796,
BVCC,per_representation_grouped_oof_selected,575,0.2138346877209603,
BVCC,per_representation_grouped_oof_selected,576,0.5000048200593233,
BVCC,per_representation_grouped_oof_selected,577,0.2724709639616648,
BVCC,per_representation_grouped_oof_selected,578,0.3203375678255925,
BVCC,per_representation_grouped_oof_selected,579,0.2695216511421966,
BVCC,per_representation_grouped_oof_selected,580,0.2758910461632182,
BVCC,per_representation_grouped_oof_selected,581,0.2518268488332361,
BVCC,per_representation_grouped_oof_selected,582,0.2713851979345725,
BVCC,per_representation_grouped_oof_selected,583,0.2518268581829891,
BVCC,per_representation_grouped_oof_selected,584,0.2373534406917091,
BVCC,per_representation_grouped_oof_selected,585,0.2209629715846192,
BVCC,per_representation_grouped_oof_selected,586,0.2246714609035942,
BVCC,per_representation_grouped_oof_selected,587,0.2209629715846192,
BVCC,per_representation_grouped_oof_selected,588,0.2207065783583703,
BVCC,per_representation_grouped_oof_selected,589,0.2159594643059765,
BVCC,per_representation_grouped_oof_selected,590,0.2192760674950694,
BVCC,per_representation_grouped_oof_selected,591,0.2159594834199425,
BVCC,per_representation_grouped_oof_selected,592,0.5000048202849607,
BVCC,per_representation_grouped_oof_selected,593,0.2724709639616648,
BVCC,per_representation_grouped_oof_selected,594,0.3203375678255925,
BVCC,per_representation_grouped_oof_selected,595,0.2695216255791509,
BVCC,per_representation_grouped_oof_selected,596,0.2758910461632183,
BVCC,per_representation_grouped_oof_selected,597,0.2518268522492579,
BVCC,per_representation_grouped_oof_selected,598,0.2713851981558396,
BVCC,per_representation_grouped_oof_selected,599,0.2518268635907382,
BVCC,per_representation_grouped_oof_selected,600,0.2373534406917091,
BVCC,per_representation_grouped_oof_selected,601,0.2209629715846193,
BVCC,per_representation_grouped_oof_selected,602,0.2246714609035942,
BVCC,per_representation_grouped_oof_selected,603,0.2209629715846193,
BVCC,per_representation_grouped_oof_selected,604,0.2207065783583704,
BVCC,per_representation_grouped_oof_selected,605,0.2159595307428045,
BVCC,per_representation_grouped_oof_selected,606,0.2192760694079913,
BVCC,per_representation_grouped_oof_selected,607,0.2159595012942663,
BVCC,per_representation_grouped_oof_selected,608,0.3205791164191939,
BVCC,per_representation_grouped_oof_selected,609,0.2507212191559092,
BVCC,per_representation_grouped_oof_selected,610,0.2768029295755079,
BVCC,per_representation_grouped_oof_selected,611,0.2500167363060012,
BVCC,per_representation_grouped_oof_selected,612,0.2553352932655345,
BVCC,per_representation_grouped_oof_selected,613,0.2389080173135953,
BVCC,per_representation_grouped_oof_selected,614,0.2532632338977392,
BVCC,per_representation_grouped_oof_selected,615,0.2389080252175192,
BVCC,per_representation_grouped_oof_selected,616,0.2295424697341191,
BVCC,per_representation_grouped_oof_selected,617,0.217364119324593,
BVCC,per_representation_grouped_oof_selected,618,0.2212137720842566,
BVCC,per_representation_grouped_oof_selected,619,0.2173641381522428,
BVCC,per_representation_grouped_oof_selected,620,0.2181980578768097,
BVCC,per_representation_grouped_oof_selected,621,0.2138346882862472,
BVCC,per_representation_grouped_oof_selected,622,0.217476849883637,
BVCC,per_representation_grouped_oof_selected,623,0.2138346885591822,
BVCC,per_representation_grouped_oof_selected,624,0.3205791164191939,
BVCC,per_representation_grouped_oof_selected,625,0.250721219220795,
BVCC,per_representation_grouped_oof_selected,626,0.2768029310674912,
BVCC,per_representation_grouped_oof_selected,627,0.2500167358165634,
BVCC,per_representation_grouped_oof_selected,628,0.2553352920126129,
BVCC,per_representation_grouped_oof_selected,629,0.2389080885129318,
BVCC,per_representation_grouped_oof_selected,630,0.2532632424993505,
BVCC,per_representation_grouped_oof_selected,631,0.2389080948206017,
BVCC,per_representation_grouped_oof_selected,632,0.2295424697341191,
BVCC,per_representation_grouped_oof_selected,633,0.2173641014884206,
BVCC,per_representation_grouped_oof_selected,634,0.2212137718727345,
BVCC,per_representation_grouped_oof_selected,635,0.2173641074831475,
BVCC,per_representation_grouped_oof_selected,636,0.218198057499127,
BVCC,per_representation_grouped_oof_selected,637,0.2138346850697828,
BVCC,per_representation_grouped_oof_selected,638,0.2174768526593263,
BVCC,per_representation_grouped_oof_selected,639,0.2138346928486397,
BVCC,per_representation_grouped_oof_selected,640,0.4972094168138506,
BVCC,per_representation_grouped_oof_selected,641,0.2724709639616648,
BVCC,per_representation_grouped_oof_selected,642,0.3203375678255926,
BVCC,per_representation_grouped_oof_selected,643,0.2695215967412768,
BVCC,per_representation_grouped_oof_selected,644,0.2758910461632183,
BVCC,per_representation_grouped_oof_selected,645,0.2518268467576441,
BVCC,per_representation_grouped_oof_selected,646,0.2713851985684073,
BVCC,per_representation_grouped_oof_selected,647,0.2518268584713862,
BVCC,per_representation_grouped_oof_selected,648,0.2373534406917091,
BVCC,per_representation_grouped_oof_selected,649,0.2209629715846192,
BVCC,per_representation_grouped_oof_selected,650,0.2246714609035942,
BVCC,per_representation_grouped_oof_selected,651,0.2209629715846192,
BVCC,per_representation_grouped_oof_selected,652,0.2207065783583704,
BVCC,per_representation_grouped_oof_selected,653,0.2159594640690605,
BVCC,per_representation_grouped_oof_selected,654,0.2192760674931674,
BVCC,per_representation_grouped_oof_selected,655,0.2159594832888835,
BVCC,per_representation_grouped_oof_selected,656,0.4972094168138506,
BVCC,per_representation_grouped_oof_selected,657,0.2724709639616648,
BVCC,per_representation_grouped_oof_selected,658,0.3203375678255925,
BVCC,per_representation_grouped_oof_selected,659,0.2695216266638056,
BVCC,per_representation_grouped_oof_selected,660,0.2758910461632183,
BVCC,per_representation_grouped_oof_selected,661,0.2518268522388946,
BVCC,per_representation_grouped_oof_selected,662,0.2713851982792366,
BVCC,per_representation_grouped_oof_selected,663,0.2518268670642216,
BVCC,per_representation_grouped_oof_selected,664,0.2373534406917091,
BVCC,per_representation_grouped_oof_selected,665,0.2209629715846192,
BVCC,per_representation_grouped_oof_selected,666,0.2246714609035942,
BVCC,per_representation_grouped_oof_selected,667,0.2209629715846193,
BVCC,per_representation_grouped_oof_selected,668,0.2207065783583703,
BVCC,per_representation_grouped_oof_selected,669,0.21595950044597,
BVCC,per_representation_grouped_oof_selected,670,0.2192760684048457,
BVCC,per_representation_grouped_oof_selected,671,0.2159594903334546,
BVCC,per_representation_grouped_oof_selected,672,0.320579116419194,
BVCC,per_representation_grouped_oof_selected,673,0.2507212191618599,
BVCC,per_representation_grouped_oof_selected,674,0.276802942375926,
BVCC,per_representation_grouped_oof_selected,675,0.2500167362124009,
BVCC,per_representation_grouped_oof_selected,676,0.2553352936228591,
BVCC,per_representation_grouped_oof_selected,677,0.2389080200101664,
BVCC,per_representation_grouped_oof_selected,678,0.2532632357408166,
BVCC,per_representation_grouped_oof_selected,679,0.2389080252175869,
BVCC,per_representation_grouped_oof_selected,680,0.2295424697341192,
BVCC,per_representation_grouped_oof_selected,681,0.2173641162284381,
BVCC,per_representation_grouped_oof_selected,682,0.2212137721393511,
BVCC,per_representation_grouped_oof_selected,683,0.2173641388884613,
BVCC,per_representation_grouped_oof_selected,684,0.2181980578959907,
BVCC,per_representation_grouped_oof_selected,685,0.21383468997357,
BVCC,per_representation_grouped_oof_selected,686,0.2174768562775529,
BVCC,per_representation_grouped_oof_selected,687,0.2138346869756259,
BVCC,per_representation_grouped_oof_selected,688,0.3205791164191939,
BVCC,per_representation_grouped_oof_selected,689,0.2507212192147378,
BVCC,per_representation_grouped_oof_selected,690,0.2768029297170726,
BVCC,per_representation_grouped_oof_selected,691,0.2500167358165224,
BVCC,per_representation_grouped_oof_selected,692,0.255335292469092,
BVCC,per_representation_grouped_oof_selected,693,0.2389080782358803,
BVCC,per_representation_grouped_oof_selected,694,0.2532632425831518,
BVCC,per_representation_grouped_oof_selected,695,0.2389080968007463,
BVCC,per_representation_grouped_oof_selected,696,0.2295424697341192,
BVCC,per_representation_grouped_oof_selected,697,0.2173641059402515,
BVCC,per_representation_grouped_oof_selected,698,0.2212137719882173,
BVCC,per_representation_grouped_oof_selected,699,0.2173641074945545,
BVCC,per_representation_grouped_oof_selected,700,0.2181980576008615,
BVCC,per_representation_grouped_oof_selected,701,0.2138346848597528,
BVCC,per_representation_grouped_oof_selected,702,0.2174768515142075,
BVCC,per_representation_grouped_oof_selected,703,0.2138347047879559,
BVCC,per_representation_grouped_oof_selected,704,0.4974209809355205,
BVCC,per_representation_grouped_oof_selected,705,0.2724709639616648,
BVCC,per_representation_grouped_oof_selected,706,0.3203375678255926,
BVCC,per_representation_grouped_oof_selected,707,0.2695216516724122,
BVCC,per_representation_grouped_oof_selected,708,0.2758910461632183,
BVCC,per_representation_grouped_oof_selected,709,0.2518268526476147,
BVCC,per_representation_grouped_oof_selected,710,0.2713851960847806,
BVCC,per_representation_grouped_oof_selected,711,0.2518268670757562,
BVCC,per_representation_grouped_oof_selected,712,0.2373534406917091,
BVCC,per_representation_grouped_oof_selected,713,0.2209629715846192,
BVCC,per_representation_grouped_oof_selected,714,0.2246714609035942,
BVCC,per_representation_grouped_oof_selected,715,0.2209629715846192,
BVCC,per_representation_grouped_oof_selected,716,0.2207065783583703,
BVCC,per_representation_grouped_oof_selected,717,0.2159595118106107,
BVCC,per_representation_grouped_oof_selected,718,0.219276067788648,
BVCC,per_representation_grouped_oof_selected,719,0.2159595413181833,
BVCC,per_representation_grouped_oof_selected,720,0.4974209649162626,
BVCC,per_representation_grouped_oof_selected,721,0.2724709639616648,
BVCC,per_representation_grouped_oof_selected,722,0.3203375678255925,
BVCC,per_representation_grouped_oof_selected,723,0.2695216521377965,
BVCC,per_representation_grouped_oof_selected,724,0.2758910461632183,
BVCC,per_representation_grouped_oof_selected,725,0.2518268525217055,
BVCC,per_representation_grouped_oof_selected,726,0.2713851961479656,
BVCC,per_representation_grouped_oof_selected,727,0.2518268735016901,
BVCC,per_representation_grouped_oof_selected,728,0.237353440691709,
BVCC,per_representation_grouped_oof_selected,729,0.2209629715846193,
BVCC,per_representation_grouped_oof_selected,730,0.2246714609035942,
BVCC,per_representation_grouped_oof_selected,731,0.2209629715846193,
BVCC,per_representation_grouped_oof_selected,732,0.2207065783583704,
BVCC,per_representation_grouped_oof_selected,733,0.2159594826596573,
BVCC,per_representation_grouped_oof_selected,734,0.2192760873933412,
BVCC,per_representation_grouped_oof_selected,735,0.2159594863244691,
BVCC,per_representation_grouped_oof_selected,736,0.320579116419194,
BVCC,per_representation_grouped_oof_selected,737,0.250721219209825,
BVCC,per_representation_grouped_oof_selected,738,0.2768029303799745,
BVCC,per_representation_grouped_oof_selected,739,0.2500167359367327,
BVCC,per_representation_grouped_oof_selected,740,0.2553352934252424,
BVCC,per_representation_grouped_oof_selected,741,0.2389080894017688,
BVCC,per_representation_grouped_oof_selected,742,0.2532632189955621,
BVCC,per_representation_grouped_oof_selected,743,0.2389080956226134,
BVCC,per_representation_grouped_oof_selected,744,0.2295424697341191,
BVCC,per_representation_grouped_oof_selected,745,0.2173640926043833,
BVCC,per_representation_grouped_oof_selected,746,0.2212137722146714,
BVCC,per_representation_grouped_oof_selected,747,0.2173641078773846,
BVCC,per_representation_grouped_oof_selected,748,0.2181980574406522,
BVCC,per_representation_grouped_oof_selected,749,0.2138347394095283,
BVCC,per_representation_grouped_oof_selected,750,0.2174768480021679,
BVCC,per_representation_grouped_oof_selected,751,0.2138347155193207,
BVCC,per_representation_grouped_oof_selected,752,0.3205791164191938,
BVCC,per_representation_grouped_oof_selected,753,0.2507212192543722,
BVCC,per_representation_grouped_oof_selected,754,0.2768029225170624,
BVCC,per_representation_grouped_oof_selected,755,0.2500167358187941,
BVCC,per_representation_grouped_oof_selected,756,0.2553352935322255,
BVCC,per_representation_grouped_oof_selected,757,0.2389080251753608,
BVCC,per_representation_grouped_oof_selected,758,0.2532632418826063,
BVCC,per_representation_grouped_oof_selected,759,0.2389080704601398,
BVCC,per_representation_grouped_oof_selected,760,0.2295424697341191,
BVCC,per_representation_grouped_oof_selected,761,0.2173640917080992,
BVCC,per_representation_grouped_oof_selected,762,0.2212137716362987,
BVCC,per_representation_grouped_oof_selected,763,0.217364106857121,
BVCC,per_representation_grouped_oof_selected,764,0.2181980535090896,
BVCC,per_representation_grouped_oof_selected,765,0.2138346924321202,
BVCC,per_representation_grouped_oof_selected,766,0.217476853006413,
BVCC,per_representation_grouped_oof_selected,767,0.2138346840620694,
BVCC,per_representation_grouped_oof_selected,768,0.2627642277239911,
BVCC,per_representation_grouped_oof_selected,769,0.2238736168634145,
BVCC,per_representation_grouped_oof_selected,770,0.2381526026941562,
BVCC,per_representation_grouped_oof_selected,771,0.2234806160583345,
BVCC,per_representation_grouped_oof_selected,772,0.2229163683447186,
BVCC,per_representation_grouped_oof_selected,773,0.2160178002431839,
BVCC,per_representation_grouped_oof_selected,774,0.2225248821113183,
BVCC,per_representation_grouped_oof_selected,775,0.2160178082471783,
BVCC,per_representation_grouped_oof_selected,776,0.2191346889802904,
BVCC,per_representation_grouped_oof_selected,777,0.2110142051279001,
BVCC,per_representation_grouped_oof_selected,778,0.2138452331058855,
BVCC,per_representation_grouped_oof_selected,779,0.211014194580519,
BVCC,per_representation_grouped_oof_selected,780,0.2093671513238515,
BVCC,per_representation_grouped_oof_selected,781,0.2073014334048586,
BVCC,per_representation_grouped_oof_selected,782,0.2091109100144939,
BVCC,per_representation_grouped_oof_selected,783,0.2073014494091941,
BVCC,per_representation_grouped_oof_selected,784,0.2627642277239911,
BVCC,per_representation_grouped_oof_selected,785,0.2238736168634145,
BVCC,per_representation_grouped_oof_selected,786,0.2381526026941562,
BVCC,per_representation_grouped_oof_selected,787,0.2234806147451819,
BVCC,per_representation_grouped_oof_selected,788,0.2229163683447186,
BVCC,per_representation_grouped_oof_selected,789,0.2160178457938798,
BVCC,per_representation_grouped_oof_selected,790,0.2225248816935802,
BVCC,per_representation_grouped_oof_selected,791,0.2160177977413525,
BVCC,per_representation_grouped_oof_selected,792,0.2191347064126746,
BVCC,per_representation_grouped_oof_selected,793,0.2110142646838319,
BVCC,per_representation_grouped_oof_selected,794,0.2138452419405096,
BVCC,per_representation_grouped_oof_selected,795,0.2110141938600601,
BVCC,per_representation_grouped_oof_selected,796,0.209367162747187,
BVCC,per_representation_grouped_oof_selected,797,0.2073014455257528,
BVCC,per_representation_grouped_oof_selected,798,0.2091109128316997,
BVCC,per_representation_grouped_oof_selected,799,0.2073014158163335,
BVCC,per_representation_grouped_oof_selected,800,0.2382488358866727,
BVCC,per_representation_grouped_oof_selected,801,0.2185951759762597,
BVCC,per_representation_grouped_oof_selected,802,0.2285305748206925,
BVCC,per_representation_grouped_oof_selected,803,0.2185951837250084,
BVCC,per_representation_grouped_oof_selected,804,0.2185160964191323,
BVCC,per_representation_grouped_oof_selected,805,0.2133343133423995,
BVCC,per_representation_grouped_oof_selected,806,0.2183564663267226,
BVCC,per_representation_grouped_oof_selected,807,0.2133343170756524,
BVCC,per_representation_grouped_oof_selected,808,0.2153497959142461,
BVCC,per_representation_grouped_oof_selected,809,0.2094280365770995,
BVCC,per_representation_grouped_oof_selected,810,0.211931323033225,
BVCC,per_representation_grouped_oof_selected,811,0.2094280332768689,
BVCC,per_representation_grouped_oof_selected,812,0.2085769980230687,
BVCC,per_representation_grouped_oof_selected,813,0.2065052818895299,
BVCC,per_representation_grouped_oof_selected,814,0.208406898032234,
BVCC,per_representation_grouped_oof_selected,815,0.2065052950364102,
BVCC,per_representation_grouped_oof_selected,816,0.2382488301474812,
BVCC,per_representation_grouped_oof_selected,817,0.218595175976308,
BVCC,per_representation_grouped_oof_selected,818,0.2285305744741712,
BVCC,per_representation_grouped_oof_selected,819,0.2185951767261491,
BVCC,per_representation_grouped_oof_selected,820,0.2185160892825493,
BVCC,per_representation_grouped_oof_selected,821,0.2133343320774166,
BVCC,per_representation_grouped_oof_selected,822,0.2183564585807718,
BVCC,per_representation_grouped_oof_selected,823,0.2133342478884083,
BVCC,per_representation_grouped_oof_selected,824,0.2153497876384972,
BVCC,per_representation_grouped_oof_selected,825,0.2094280412845518,
BVCC,per_representation_grouped_oof_selected,826,0.2119313075832866,
BVCC,per_representation_grouped_oof_selected,827,0.2094280339655534,
BVCC,per_representation_grouped_oof_selected,828,0.208577001164132,
BVCC,per_representation_grouped_oof_selected,829,0.2065052854157484,
BVCC,per_representation_grouped_oof_selected,830,0.2084068959251704,
BVCC,per_representation_grouped_oof_selected,831,0.2065053018736744,
BVCC,per_representation_grouped_oof_selected,832,0.2627642277239911,
BVCC,per_representation_grouped_oof_selected,833,0.2238736168634145,
BVCC,per_representation_grouped_oof_selected,834,0.2381526026941562,
BVCC,per_representation_grouped_oof_selected,835,0.2234806146810437,
BVCC,per_representation_grouped_oof_selected,836,0.2229163683447186,
BVCC,per_representation_grouped_oof_selected,837,0.2160178501437458,
BVCC,per_representation_grouped_oof_selected,838,0.2225248817359545,
BVCC,per_representation_grouped_oof_selected,839,0.2160177968740835,
BVCC,per_representation_grouped_oof_selected,840,0.2191347069408607,
BVCC,per_representation_grouped_oof_selected,841,0.2110141937319215,
BVCC,per_representation_grouped_oof_selected,842,0.2138452334447485,
BVCC,per_representation_grouped_oof_selected,843,0.2110141938966125,
BVCC,per_representation_grouped_oof_selected,844,0.2093671661235769,
BVCC,per_representation_grouped_oof_selected,845,0.2073014471120356,
BVCC,per_representation_grouped_oof_selected,846,0.2091109127539382,
BVCC,per_representation_grouped_oof_selected,847,0.2073014243644286,
BVCC,per_representation_grouped_oof_selected,848,0.262764227723991,
BVCC,per_representation_grouped_oof_selected,849,0.2238736168634145,
BVCC,per_representation_grouped_oof_selected,850,0.2381526026941562,
BVCC,per_representation_grouped_oof_selected,851,0.2234806249161677,
BVCC,per_representation_grouped_oof_selected,852,0.2229163683447186,
BVCC,per_representation_grouped_oof_selected,853,0.2160178167947239,
BVCC,per_representation_grouped_oof_selected,854,0.2225248828350107,
BVCC,per_representation_grouped_oof_selected,855,0.21601779718141,
BVCC,per_representation_grouped_oof_selected,856,0.2191346996716989,
BVCC,per_representation_grouped_oof_selected,857,0.2110141711530324,
BVCC,per_representation_grouped_oof_selected,858,0.2138452180008212,
BVCC,per_representation_grouped_oof_selected,859,0.2110141938888343,
BVCC,per_representation_grouped_oof_selected,860,0.2093671664913828,
BVCC,per_representation_grouped_oof_selected,861,0.2073014447018131,
BVCC,per_representation_grouped_oof_selected,862,0.2091109123816927,
BVCC,per_representation_grouped_oof_selected,863,0.2073014487170403,
BVCC,per_representation_grouped_oof_selected,864,0.2382488143761884,
BVCC,per_representation_grouped_oof_selected,865,0.2185951759763172,
BVCC,per_representation_grouped_oof_selected,866,0.2285305746335659,
BVCC,per_representation_grouped_oof_selected,867,0.218595176607937,
BVCC,per_representation_grouped_oof_selected,868,0.2185160879043358,
BVCC,per_representation_grouped_oof_selected,869,0.2133343325806519,
BVCC,per_representation_grouped_oof_selected,870,0.2183564605709374,
BVCC,per_representation_grouped_oof_selected,871,0.2133343068973809,
BVCC,per_representation_grouped_oof_selected,872,0.2153497979611694,
BVCC,per_representation_grouped_oof_selected,873,0.2094280414922137,
BVCC,per_representation_grouped_oof_selected,874,0.2119313143979025,
BVCC,per_representation_grouped_oof_selected,875,0.2094280346851895,
BVCC,per_representation_grouped_oof_selected,876,0.2085770011772594,
BVCC,per_representation_grouped_oof_selected,877,0.2065052850839592,
BVCC,per_representation_grouped_oof_selected,878,0.2084068957386984,
BVCC,per_representation_grouped_oof_selected,879,0.2065053186237353,
BVCC,per_representation_grouped_oof_selected,880,0.2382488369996431,
BVCC,per_representation_grouped_oof_selected,881,0.2185951760084652,
BVCC,per_representation_grouped_oof_selected,882,0.2285305746226427,
BVCC,per_representation_grouped_oof_selected,883,0.218595178896659,
BVCC,per_representation_grouped_oof_selected,884,0.2185160810594785,
BVCC,per_representation_grouped_oof_selected,885,0.2133343288236425,
BVCC,per_representation_grouped_oof_selected,886,0.2183564593669955,
BVCC,per_representation_grouped_oof_selected,887,0.2133343020593743,
BVCC,per_representation_grouped_oof_selected,888,0.2153497842291951,
BVCC,per_representation_grouped_oof_selected,889,0.2094280420382839,
BVCC,per_representation_grouped_oof_selected,890,0.211931326269676,
BVCC,per_representation_grouped_oof_selected,891,0.209428035135592,
BVCC,per_representation_grouped_oof_selected,892,0.2085770012928886,
BVCC,per_representation_grouped_oof_selected,893,0.2065052828169212,
BVCC,per_representation_grouped_oof_selected,894,0.2084069003807905,
BVCC,per_representation_grouped_oof_selected,895,0.2065053316647962,
BVCC,per_representation_grouped_oof_selected,896,0.262764227723991,
BVCC,per_representation_grouped_oof_selected,897,0.2238736168634145,
BVCC,per_representation_grouped_oof_selected,898,0.2381526026941563,
BVCC,per_representation_grouped_oof_selected,899,0.2234806144490068,
BVCC,per_representation_grouped_oof_selected,900,0.2229163683447186,
BVCC,per_representation_grouped_oof_selected,901,0.216017842342246,
BVCC,per_representation_grouped_oof_selected,902,0.2225248818712206,
BVCC,per_representation_grouped_oof_selected,903,0.2160177969109566,
BVCC,per_representation_grouped_oof_selected,904,0.2191347070743329,
BVCC,per_representation_grouped_oof_selected,905,0.2110141937331815,
BVCC,per_representation_grouped_oof_selected,906,0.213845232980797,
BVCC,per_representation_grouped_oof_selected,907,0.2110141939270579,
BVCC,per_representation_grouped_oof_selected,908,0.2093671657451838,
BVCC,per_representation_grouped_oof_selected,909,0.2073014451757233,
BVCC,per_representation_grouped_oof_selected,910,0.2091109127567787,
BVCC,per_representation_grouped_oof_selected,911,0.2073014352996674,
BVCC,per_representation_grouped_oof_selected,912,0.2627642277239911,
BVCC,per_representation_grouped_oof_selected,913,0.2238736168634145,
BVCC,per_representation_grouped_oof_selected,914,0.2381526026941562,
BVCC,per_representation_grouped_oof_selected,915,0.2234806224175382,
BVCC,per_representation_grouped_oof_selected,916,0.2229163683447185,
BVCC,per_representation_grouped_oof_selected,917,0.2160178099771164,
BVCC,per_representation_grouped_oof_selected,918,0.2225248826879694,
BVCC,per_representation_grouped_oof_selected,919,0.2160177972392566,
BVCC,per_representation_grouped_oof_selected,920,0.2191347006117104,
BVCC,per_representation_grouped_oof_selected,921,0.2110141568955453,
BVCC,per_representation_grouped_oof_selected,922,0.2138452287617705,
BVCC,per_representation_grouped_oof_selected,923,0.2110141939144687,
BVCC,per_representation_grouped_oof_selected,924,0.2093671667282393,
BVCC,per_representation_grouped_oof_selected,925,0.2073014401873225,
BVCC,per_representation_grouped_oof_selected,926,0.2091109124541121,
BVCC,per_representation_grouped_oof_selected,927,0.2073014491626374,
BVCC,per_representation_grouped_oof_selected,928,0.2382488362970941,
BVCC,per_representation_grouped_oof_selected,929,0.2185951759763622,
BVCC,per_representation_grouped_oof_selected,930,0.2285305746826241,
BVCC,per_representation_grouped_oof_selected,931,0.2185951770378138,
BVCC,per_representation_grouped_oof_selected,932,0.2185160882412841,
BVCC,per_representation_grouped_oof_selected,933,0.2133343321514943,
BVCC,per_representation_grouped_oof_selected,934,0.218356458913868,
BVCC,per_representation_grouped_oof_selected,935,0.2133343069909844,
BVCC,per_representation_grouped_oof_selected,936,0.215349787851159,
BVCC,per_representation_grouped_oof_selected,937,0.2094280422179372,
BVCC,per_representation_grouped_oof_selected,938,0.2119313176232881,
BVCC,per_representation_grouped_oof_selected,939,0.2094280345960512,
BVCC,per_representation_grouped_oof_selected,940,0.2085770017559474,
BVCC,per_representation_grouped_oof_selected,941,0.2065052860086665,
BVCC,per_representation_grouped_oof_selected,942,0.2084068964569414,
BVCC,per_representation_grouped_oof_selected,943,0.2065053089479337,
BVCC,per_representation_grouped_oof_selected,944,0.2382488369813969,
BVCC,per_representation_grouped_oof_selected,945,0.218595176002075,
BVCC,per_representation_grouped_oof_selected,946,0.2285305746730504,
BVCC,per_representation_grouped_oof_selected,947,0.2185951771646258,
BVCC,per_representation_grouped_oof_selected,948,0.2185160820435324,
BVCC,per_representation_grouped_oof_selected,949,0.2133343294517233,
BVCC,per_representation_grouped_oof_selected,950,0.2183564593825613,
BVCC,per_representation_grouped_oof_selected,951,0.2133343050203355,
BVCC,per_representation_grouped_oof_selected,952,0.2153497842254039,
BVCC,per_representation_grouped_oof_selected,953,0.2094280422250367,
BVCC,per_representation_grouped_oof_selected,954,0.2119313272965583,
BVCC,per_representation_grouped_oof_selected,955,0.2094280352293062,
BVCC,per_representation_grouped_oof_selected,956,0.2085770017950354,
BVCC,per_representation_grouped_oof_selected,957,0.2065052868400833,
BVCC,per_representation_grouped_oof_selected,958,0.2084068716543238,
BVCC,per_representation_grouped_oof_selected,959,0.2065053326286391,
BVCC,per_representation_grouped_oof_selected,960,0.262764227723991,
BVCC,per_representation_grouped_oof_selected,961,0.2238736168634145,
BVCC,per_representation_grouped_oof_selected,962,0.2381526026941562,
BVCC,per_representation_grouped_oof_selected,963,0.2234806220709046,
BVCC,per_representation_grouped_oof_selected,964,0.2229163683447186,
BVCC,per_representation_grouped_oof_selected,965,0.2160178125026421,
BVCC,per_representation_grouped_oof_selected,966,0.2225248825512196,
BVCC,per_representation_grouped_oof_selected,967,0.216017796698991,
BVCC,per_representation_grouped_oof_selected,968,0.2191346948594158,
BVCC,per_representation_grouped_oof_selected,969,0.21101417815639,
BVCC,per_representation_grouped_oof_selected,970,0.2138452327037782,
BVCC,per_representation_grouped_oof_selected,971,0.2110141939727627,
BVCC,per_representation_grouped_oof_selected,972,0.2093671667063864,
BVCC,per_representation_grouped_oof_selected,973,0.2073014417957354,
BVCC,per_representation_grouped_oof_selected,974,0.2091109126180567,
BVCC,per_representation_grouped_oof_selected,975,0.20730144769194,
BVCC,per_representation_grouped_oof_selected,976,0.2627642277239911,
BVCC,per_representation_grouped_oof_selected,977,0.2238736168634144,
BVCC,per_representation_grouped_oof_selected,978,0.2381526026941562,
BVCC,per_representation_grouped_oof_selected,979,0.2234806353180416,
BVCC,per_representation_grouped_oof_selected,980,0.2229163683447186,
BVCC,per_representation_grouped_oof_selected,981,0.2160178078103213,
BVCC,per_representation_grouped_oof_selected,982,0.2225248847606128,
BVCC,per_representation_grouped_oof_selected,983,0.2160177965570647,
BVCC,per_representation_grouped_oof_selected,984,0.2191346875153762,
BVCC,per_representation_grouped_oof_selected,985,0.2110141959290704,
BVCC,per_representation_grouped_oof_selected,986,0.213845229335496,
BVCC,per_representation_grouped_oof_selected,987,0.2110141939325911,
BVCC,per_representation_grouped_oof_selected,988,0.2093671644078978,
BVCC,per_representation_grouped_oof_selected,989,0.2073014269525687,
BVCC,per_representation_grouped_oof_selected,990,0.2091109107444191,
BVCC,per_representation_grouped_oof_selected,991,0.2073014296111131,
BVCC,per_representation_grouped_oof_selected,992,0.2382488357873124,
BVCC,per_representation_grouped_oof_selected,993,0.2185951760290328,
BVCC,per_representation_grouped_oof_selected,994,0.2285305747730582,
BVCC,per_representation_grouped_oof_selected,995,0.2185951767121658,
BVCC,per_representation_grouped_oof_selected,996,0.2185160796077186,
BVCC,per_representation_grouped_oof_selected,997,0.2133343309812672,
BVCC,per_representation_grouped_oof_selected,998,0.2183564773967468,
BVCC,per_representation_grouped_oof_selected,999,0.2133343064460752,
BVCC,per_representation_grouped_oof_selected,1000,0.2153497842479678,
BVCC,per_representation_grouped_oof_selected,1001,0.2094280431559342,
BVCC,per_representation_grouped_oof_selected,1002,0.2119313290627692,
BVCC,per_representation_grouped_oof_selected,1003,0.2094280342081618,
BVCC,per_representation_grouped_oof_selected,1004,0.2085770018571619,
BVCC,per_representation_grouped_oof_selected,1005,0.2065052874849084,
BVCC,per_representation_grouped_oof_selected,1006,0.2084068831598474,
BVCC,per_representation_grouped_oof_selected,1007,0.2065053374895335,
BVCC,per_representation_grouped_oof_selected,1008,0.2382488357722258,
BVCC,per_representation_grouped_oof_selected,1009,0.2185951766090361,
BVCC,per_representation_grouped_oof_selected,1010,0.2285305747223283,
BVCC,per_representation_grouped_oof_selected,1011,0.2185951851977302,
BVCC,per_representation_grouped_oof_selected,1012,0.2185160981336173,
BVCC,per_representation_grouped_oof_selected,1013,0.2133343252925673,
BVCC,per_representation_grouped_oof_selected,1014,0.218356459175495,
BVCC,per_representation_grouped_oof_selected,1015,0.2133343010680294,
BVCC,per_representation_grouped_oof_selected,1016,0.215349785394047,
BVCC,per_representation_grouped_oof_selected,1017,0.2094280411517199,
BVCC,per_representation_grouped_oof_selected,1018,0.2119313304149327,
BVCC,per_representation_grouped_oof_selected,1019,0.2094280235502414,
BVCC,per_representation_grouped_oof_selected,1020,0.2085770013738762,
BVCC,per_representation_grouped_oof_selected,1021,0.2065052895734299,
BVCC,per_representation_grouped_oof_selected,1022,0.2084068998289897,
BVCC,per_representation_grouped_oof_selected,1023,0.2065053333710428,
SingMOS,common_alpha_1,1,1.478212356288878,
SingMOS,common_alpha_1,2,0.7364415428452165,
SingMOS,common_alpha_1,3,0.6250146893148292,
SingMOS,common_alpha_1,4,0.6020513954929066,
SingMOS,common_alpha_1,5,0.5492882510357053,
SingMOS,common_alpha_1,6,0.5089907627377616,
SingMOS,common_alpha_1,7,0.4835813209238598,
SingMOS,common_alpha_1,8,0.5749382171176841,
SingMOS,common_alpha_1,9,0.5543968787155736,
SingMOS,common_alpha_1,10,0.4995781654777572,
SingMOS,common_alpha_1,11,0.4825132047717137,
SingMOS,common_alpha_1,12,0.4627024411426128,
SingMOS,common_alpha_1,13,0.4515495596304233,
SingMOS,common_alpha_1,14,0.4404956767547057,
SingMOS,common_alpha_1,15,0.4322132837850114,
SingMOS,common_alpha_1,16,0.5404001108577549,
SingMOS,common_alpha_1,17,0.4841081317509604,
SingMOS,common_alpha_1,18,0.4702967961311834,
SingMOS,common_alpha_1,19,0.4417362841352146,
SingMOS,common_alpha_1,20,0.4440980809811102,
SingMOS,common_alpha_1,21,0.4254565243048835,
SingMOS,common_alpha_1,22,0.4247488424105693,
SingMOS,common_alpha_1,23,0.4113125678663659,
SingMOS,common_alpha_1,24,0.428812348156756,
SingMOS,common_alpha_1,25,0.416148192839084,
SingMOS,common_alpha_1,26,0.4142047911246717,
SingMOS,common_alpha_1,27,0.404424264208872,
SingMOS,common_alpha_1,28,0.4020250009046935,
SingMOS,common_alpha_1,29,0.3945222167209702,
SingMOS,common_alpha_1,30,0.3961572862699366,
SingMOS,common_alpha_1,31,0.3898918137123272,
SingMOS,common_alpha_1,32,0.473849710544471,
SingMOS,common_alpha_1,33,0.4456546825540745,
SingMOS,common_alpha_1,34,0.4434197764502947,
SingMOS,common_alpha_1,35,0.4247475561071835,
SingMOS,common_alpha_1,36,0.4207711163542867,
SingMOS,common_alpha_1,37,0.4080392113384571,
SingMOS,common_alpha_1,38,0.4113037615419774,
SingMOS,common_alpha_1,39,0.4011938092735339,
SingMOS,common_alpha_1,40,0.4082113523352347,
SingMOS,common_alpha_1,41,0.4024080670754683,
SingMOS,common_alpha_1,42,0.4044212842171532,
SingMOS,common_alpha_1,43,0.3978744559332967,
SingMOS,common_alpha_1,44,0.391695876262437,
SingMOS,common_alpha_1,45,0.3866181352062689,
SingMOS,common_alpha_1,46,0.3900000596687369,
SingMOS,common_alpha_1,47,0.3852635596067518,
SingMOS,common_alpha_1,48,0.4437260252124232,
SingMOS,common_alpha_1,49,0.419875344821284,
SingMOS,common_alpha_1,50,0.4224302019515594,
SingMOS,common_alpha_1,51,0.4059910608916149,
SingMOS,common_alpha_1,52,0.4073699897406006,
SingMOS,common_alpha_1,53,0.3955371717099898,
SingMOS,common_alpha_1,54,0.3998256496628662,
SingMOS,common_alpha_1,55,0.3902541756283256,
SingMOS,common_alpha_1,56,0.3942263172975575,
SingMOS,common_alpha_1,57,0.3874668565844328,
SingMOS,common_alpha_1,58,0.3914136624289011,
SingMOS,common_alpha_1,59,0.3848856807256665,
SingMOS,common_alpha_1,60,0.3828199135667915,
SingMOS,common_alpha_1,61,0.3775038032100748,
SingMOS,common_alpha_1,62,0.3815822384465577,
SingMOS,common_alpha_1,63,0.3767372722294945,
SingMOS,common_alpha_1,64,0.5679894942808361,
SingMOS,common_alpha_1,65,0.5182151719158989,
SingMOS,common_alpha_1,66,0.5050222514487375,
SingMOS,common_alpha_1,67,0.4752938477467412,
SingMOS,common_alpha_1,68,0.454256919853669,
SingMOS,common_alpha_1,69,0.4380460526436344,
SingMOS,common_alpha_1,70,0.4402490513290844,
SingMOS,common_alpha_1,71,0.427477439779337,
SingMOS,common_alpha_1,72,0.4391619573144088,
SingMOS,common_alpha_1,73,0.4336468526968128,
SingMOS,common_alpha_1,74,0.4333199085994474,
SingMOS,common_alpha_1,75,0.4253222584791352,
SingMOS,common_alpha_1,76,0.4100294851279923,
SingMOS,common_alpha_1,77,0.4045178718273586,
SingMOS,common_alpha_1,78,0.4076683250188386,
SingMOS,common_alpha_1,79,0.4023583046201353,
SingMOS,common_alpha_1,80,0.5256794243266117,
SingMOS,common_alpha_1,81,0.4775341699550474,
SingMOS,common_alpha_1,82,0.4681929584314594,
SingMOS,common_alpha_1,83,0.4409655157566715,
SingMOS,common_alpha_1,84,0.4405371760808909,
SingMOS,common_alpha_1,85,0.4233516078262949,
SingMOS,common_alpha_1,86,0.4241379855922412,
SingMOS,common_alpha_1,87,0.4110543893896896,
SingMOS,common_alpha_1,88,0.4251517191689444,
SingMOS,common_alpha_1,89,0.414258130578794,
SingMOS,common_alpha_1,90,0.4137108101810255,
SingMOS,common_alpha_1,91,0.4042671674309155,
SingMOS,common_alpha_1,92,0.4008306698408365,
SingMOS,common_alpha_1,93,0.3938175795418659,
SingMOS,common_alpha_1,94,0.3961033423803342,
SingMOS,common_alpha_1,95,0.3898917892579457,
SingMOS,common_alpha_1,96,0.4524289757855992,
SingMOS,common_alpha_1,97,0.4312833902732801,
SingMOS,common_alpha_1,98,0.4350922447904773,
SingMOS,common_alpha_1,99,0.4187543989739287,
SingMOS,common_alpha_1,100,0.4122825506771667,
SingMOS,common_alpha_1,101,0.4014031698785341,
SingMOS,common_alpha_1,102,0.4069412953942693,
SingMOS,common_alpha_1,103,0.3976815745786385,
SingMOS,common_alpha_1,104,0.4001603929692759,
SingMOS,common_alpha_1,105,0.3958133753040144,
SingMOS,common_alpha_1,106,0.4004354461099482,
SingMOS,common_alpha_1,107,0.3946055839793901,
SingMOS,common_alpha_1,108,0.3874382797982031,
SingMOS,common_alpha_1,109,0.3829550934129213,
SingMOS,common_alpha_1,110,0.3876493835907875,
SingMOS,common_alpha_1,111,0.3832200482786763,
SingMOS,common_alpha_1,112,0.443726025212423,
SingMOS,common_alpha_1,113,0.4198753785417212,
SingMOS,common_alpha_1,114,0.4224302551613393,
SingMOS,common_alpha_1,115,0.4059911023483689,
SingMOS,common_alpha_1,116,0.4073700042332437,
SingMOS,common_alpha_1,117,0.3955371615631109,
SingMOS,common_alpha_1,118,0.3998256703751067,
SingMOS,common_alpha_1,119,0.3902541924991712,
SingMOS,common_alpha_1,120,0.3942263479054445,
SingMOS,common_alpha_1,121,0.3874668833292124,
SingMOS,common_alpha_1,122,0.3914136914178415,
SingMOS,common_alpha_1,123,0.3848856984119745,
SingMOS,common_alpha_1,124,0.3828199796397259,
SingMOS,common_alpha_1,125,0.3775038530479503,
SingMOS,common_alpha_1,126,0.3815822597543133,
SingMOS,common_alpha_1,127,0.3767372849719118,
SingMOS,common_alpha_1,128,0.6616983346184874,
SingMOS,common_alpha_1,129,0.6371992923801431,
SingMOS,common_alpha_1,130,0.5543220021034618,
SingMOS,common_alpha_1,131,0.5109600278277628,
SingMOS,common_alpha_1,132,0.4999134589782012,
SingMOS,common_alpha_1,133,0.4716486026288285,
SingMOS,common_alpha_1,134,0.46298903893906,
SingMOS,common_alpha_1,135,0.4447573998693211,
SingMOS,common_alpha_1,136,0.4674468552026615,
SingMOS,common_alpha_1,137,0.4676875247959858,
SingMOS,common_alpha_1,138,0.4533546319647361,
SingMOS,common_alpha_1,139,0.4436230741478582,
SingMOS,common_alpha_1,140,0.4291253470121761,
SingMOS,common_alpha_1,141,0.4212887547714892,
SingMOS,common_alpha_1,142,0.4200007889388299,
SingMOS,common_alpha_1,143,0.4131304869042828,
SingMOS,common_alpha_1,144,0.5320455590116128,
SingMOS,common_alpha_1,145,0.4788833941884426,
SingMOS,common_alpha_1,146,0.4672538968450886,
SingMOS,common_alpha_1,147,0.4394190378217855,
SingMOS,common_alpha_1,148,0.4408999850990943,
SingMOS,common_alpha_1,149,0.422798338535716,
SingMOS,common_alpha_1,150,0.4231075994324397,
SingMOS,common_alpha_1,151,0.4098261657859871,
SingMOS,common_alpha_1,152,0.425944004944143,
SingMOS,common_alpha_1,153,0.4138927998066124,
SingMOS,common_alpha_1,154,0.4127791980506143,
SingMOS,common_alpha_1,155,0.4031776594753996,
SingMOS,common_alpha_1,156,0.4004074426213964,
SingMOS,common_alpha_1,157,0.3930556715735474,
SingMOS,common_alpha_1,158,0.3952940106646544,
SingMOS,common_alpha_1,159,0.3890461592632138,
SingMOS,common_alpha_1,160,0.4564963544825067,
SingMOS,common_alpha_1,161,0.4326863256656338,
SingMOS,common_alpha_1,162,0.4339128405765394,
SingMOS,common_alpha_1,163,0.416900273815284,
SingMOS,common_alpha_1,164,0.412796720422645,
SingMOS,common_alpha_1,165,0.401065691207139,
SingMOS,common_alpha_1,166,0.4058762538072527,
SingMOS,common_alpha_1,167,0.3962091188713481,
SingMOS,common_alpha_1,168,0.4006982596874734,
SingMOS,common_alpha_1,169,0.395745931387521,
SingMOS,common_alpha_1,170,0.3993937205434901,
SingMOS,common_alpha_1,171,0.3932717543431456,
SingMOS,common_alpha_1,172,0.3871907817038653,
SingMOS,common_alpha_1,173,0.3823650722559248,
SingMOS,common_alpha_1,174,0.3867569881764194,
SingMOS,common_alpha_1,175,0.3821078540941898,
SingMOS,common_alpha_1,176,0.4419900766824357,
SingMOS,common_alpha_1,177,0.4186668658788421,
SingMOS,common_alpha_1,178,0.4216076549787854,
SingMOS,common_alpha_1,179,0.4053000646038262,
SingMOS,common_alpha_1,180,0.406285811629316,
SingMOS,common_alpha_1,181,0.3945999035417397,
SingMOS,common_alpha_1,182,0.3992742946574142,
SingMOS,common_alpha_1,183,0.3897176093601215,
SingMOS,common_alpha_1,184,0.3933677642918154,
SingMOS,common_alpha_1,185,0.3867626053390555,
SingMOS,common_alpha_1,186,0.3909956731658921,
SingMOS,common_alpha_1,187,0.3844796053495911,
SingMOS,common_alpha_1,188,0.3822041635799941,
SingMOS,common_alpha_1,189,0.3769251884262402,
SingMOS,common_alpha_1,190,0.3813168132942559,
SingMOS,common_alpha_1,191,0.3764445713486202,
SingMOS,common_alpha_1,192,0.5506525899670619,
SingMOS,common_alpha_1,193,0.5053474926306553,
SingMOS,common_alpha_1,194,0.494886825052346,
SingMOS,common_alpha_1,195,0.4668594985687425,
SingMOS,common_alpha_1,196,0.4480089223917204,
SingMOS,common_alpha_1,197,0.4323421105040709,
SingMOS,common_alpha_1,198,0.4354075765195147,
SingMOS,common_alpha_1,199,0.4228619536339832,
SingMOS,common_alpha_1,200,0.4331076037389916,
SingMOS,common_alpha_1,201,0.4280198791798428,
SingMOS,common_alpha_1,202,0.4285862992896818,
SingMOS,common_alpha_1,203,0.4208548839605453,
SingMOS,common_alpha_1,204,0.4065976170012676,
SingMOS,common_alpha_1,205,0.4011425141675372,
SingMOS,common_alpha_1,206,0.4048337646410758,
SingMOS,common_alpha_1,207,0.3995033404450532,
SingMOS,common_alpha_1,208,0.5215810735098942,
SingMOS,common_alpha_1,209,0.4745578288555197,
SingMOS,common_alpha_1,210,0.4660152413532824,
SingMOS,common_alpha_1,211,0.4390914899274102,
SingMOS,common_alpha_1,212,0.4385727944503456,
SingMOS,common_alpha_1,213,0.4215662261943136,
SingMOS,common_alpha_1,214,0.4228348093770449,
SingMOS,common_alpha_1,215,0.4097754337941632,
SingMOS,common_alpha_1,216,0.4234634372420787,
SingMOS,common_alpha_1,217,0.4127531017075077,
SingMOS,common_alpha_1,218,0.4125622004958321,
SingMOS,common_alpha_1,219,0.4031512659190892,
SingMOS,common_alpha_1,220,0.3997010687925133,
SingMOS,common_alpha_1,221,0.3927093028188623,
SingMOS,common_alpha_1,222,0.395293991725493,
SingMOS,common_alpha_1,223,0.3890461636177458,
SingMOS,common_alpha_1,224,0.4474140754014092,
SingMOS,common_alpha_1,225,0.4269859241556655,
SingMOS,common_alpha_1,226,0.4309687526143189,
SingMOS,common_alpha_1,227,0.4150370810362547,
SingMOS,common_alpha_1,228,0.4092384356228873,
SingMOS,common_alpha_1,229,0.3985254120975314,
SingMOS,common_alpha_1,230,0.4043067784253744,
SingMOS,common_alpha_1,231,0.3951004984184901,
SingMOS,common_alpha_1,232,0.3974025116365143,
SingMOS,common_alpha_1,233,0.3931422027773947,
SingMOS,common_alpha_1,234,0.3979588856788584,
SingMOS,common_alpha_1,235,0.392180409101605,
SingMOS,common_alpha_1,236,0.3854373432148745,
SingMOS,common_alpha_1,237,0.3809531379680488,
SingMOS,common_alpha_1,238,0.3858978134078163,
SingMOS,common_alpha_1,239,0.3814252440743623,
SingMOS,common_alpha_1,240,0.4419900899502912,
SingMOS,common_alpha_1,241,0.4186669120715965,
SingMOS,common_alpha_1,242,0.4216076669345009,
SingMOS,common_alpha_1,243,0.4053000663482783,
SingMOS,common_alpha_1,244,0.4062858203415324,
SingMOS,common_alpha_1,245,0.3945998885109659,
SingMOS,common_alpha_1,246,0.3992742898713091,
SingMOS,common_alpha_1,247,0.3897175968482763,
SingMOS,common_alpha_1,248,0.3933677733701196,
SingMOS,common_alpha_1,249,0.3867626155745934,
SingMOS,common_alpha_1,250,0.3909956870290708,
SingMOS,common_alpha_1,251,0.3844795995152026,
SingMOS,common_alpha_1,252,0.3822041654339036,
SingMOS,common_alpha_1,253,0.3769252183892703,
SingMOS,common_alpha_1,254,0.3813168113564573,
SingMOS,common_alpha_1,255,0.3764446024315158,
SingMOS,common_alpha_1,256,0.4184080248765914,
SingMOS,common_alpha_1,257,0.4086870266130467,
SingMOS,common_alpha_1,258,0.4086345356408707,
SingMOS,common_alpha_1,259,0.3985351488453528,
SingMOS,common_alpha_1,260,0.3805259188721283,
SingMOS,common_alpha_1,261,0.3751070237576014,
SingMOS,common_alpha_1,262,0.380195147338574,
SingMOS,common_alpha_1,263,0.3748363809499936,
SingMOS,common_alpha_1,264,0.3953677619943435,
SingMOS,common_alpha_1,265,0.392493299641594,
SingMOS,common_alpha_1,266,0.3929700988020859,
SingMOS,common_alpha_1,267,0.3879657036156586,
SingMOS,common_alpha_1,268,0.3731264193617491,
SingMOS,common_alpha_1,269,0.3702867668845859,
SingMOS,common_alpha_1,270,0.3738822190761823,
SingMOS,common_alpha_1,271,0.3706965955541666,
SingMOS,common_alpha_1,272,0.3805314365702152,
SingMOS,common_alpha_1,273,0.372008172111461,
SingMOS,common_alpha_1,274,0.3782970668825428,
SingMOS,common_alpha_1,275,0.3705771162002238,
SingMOS,common_alpha_1,276,0.3641092054286546,
SingMOS,common_alpha_1,277,0.3587199438827047,
SingMOS,common_alpha_1,278,0.3647256459217002,
SingMOS,common_alpha_1,279,0.35973007823585,
SingMOS,common_alpha_1,280,0.3673044999596085,
SingMOS,common_alpha_1,281,0.3640066676722752,
SingMOS,common_alpha_1,282,0.3694062925294938,
SingMOS,common_alpha_1,283,0.3652633414204198,
SingMOS,common_alpha_1,284,0.3584486340430847,
SingMOS,common_alpha_1,285,0.3553778779289453,
SingMOS,common_alpha_1,286,0.360424708803176,
SingMOS,common_alpha_1,287,0.3572772188932512,
SingMOS,common_alpha_1,288,0.366011188731395,
SingMOS,common_alpha_1,289,0.3620823754203001,
SingMOS,common_alpha_1,290,0.3703448720613449,
SingMOS,common_alpha_1,291,0.3650055686650305,
SingMOS,common_alpha_1,292,0.3561509698518511,
SingMOS,common_alpha_1,293,0.3525521177395616,
SingMOS,common_alpha_1,294,0.3596990499415144,
SingMOS,common_alpha_1,295,0.3558452970560689,
SingMOS,common_alpha_1,296,0.3595395056902008,
SingMOS,common_alpha_1,297,0.3583945460645136,
SingMOS,common_alpha_1,298,0.3648145085468687,
SingMOS,common_alpha_1,299,0.3619416429340142,
SingMOS,common_alpha_1,300,0.3537429833973072,
SingMOS,common_alpha_1,301,0.3516902059258203,
SingMOS,common_alpha_1,302,0.3573585685292865,
SingMOS,common_alpha_1,303,0.3549044083712923,
SingMOS,common_alpha_1,304,0.3624067373583966,
SingMOS,common_alpha_1,305,0.3572900241369755,
SingMOS,common_alpha_1,306,0.3652572236927836,
SingMOS,common_alpha_1,307,0.3596723040947429,
SingMOS,common_alpha_1,308,0.3542382151692958,
SingMOS,common_alpha_1,309,0.3501128378977866,
SingMOS,common_alpha_1,310,0.356814810971571,
SingMOS,common_alpha_1,311,0.35271122909851,
SingMOS,common_alpha_1,312,0.3551757706242003,
SingMOS,common_alpha_1,313,0.3532749203583479,
SingMOS,common_alpha_1,314,0.3598874627980969,
SingMOS,common_alpha_1,315,0.3568133697889605,
SingMOS,common_alpha_1,316,0.3510502280284679,
SingMOS,common_alpha_1,317,0.3486354497523422,
SingMOS,common_alpha_1,318,0.3542593201184091,
SingMOS,common_alpha_1,319,0.3516094171906391,
SingMOS,common_alpha_1,320,0.3868288568474991,
SingMOS,common_alpha_1,321,0.3814214862178447,
SingMOS,common_alpha_1,322,0.3888455217005166,
SingMOS,common_alpha_1,323,0.3819273013954523,
SingMOS,common_alpha_1,324,0.3673002967992882,
SingMOS,common_alpha_1,325,0.3633316112610509,
SingMOS,common_alpha_1,326,0.3704185785970674,
SingMOS,common_alpha_1,327,0.3661238241911341,
SingMOS,common_alpha_1,328,0.3741750289215033,
SingMOS,common_alpha_1,329,0.3728845329577207,
SingMOS,common_alpha_1,330,0.3787571156394776,
SingMOS,common_alpha_1,331,0.3753148826704398,
SingMOS,common_alpha_1,332,0.3626217877564964,
SingMOS,common_alpha_1,333,0.3605223505900006,
SingMOS,common_alpha_1,334,0.3661626351415347,
SingMOS,common_alpha_1,335,0.3635570020848082,
SingMOS,common_alpha_1,336,0.3797202411705112,
SingMOS,common_alpha_1,337,0.3717835128958498,
SingMOS,common_alpha_1,338,0.3782825887917397,
SingMOS,common_alpha_1,339,0.3705770895490903,
SingMOS,common_alpha_1,340,0.3639081816598192,
SingMOS,common_alpha_1,341,0.358674076257682,
SingMOS,common_alpha_1,342,0.3647255915459848,
SingMOS,common_alpha_1,343,0.3597300673177827,
SingMOS,common_alpha_1,344,0.3670054240888895,
SingMOS,common_alpha_1,345,0.3639415017496858,
SingMOS,common_alpha_1,346,0.3694062391852315,
SingMOS,common_alpha_1,347,0.3652632918773486,
SingMOS,common_alpha_1,348,0.3584153567254748,
SingMOS,common_alpha_1,349,0.3553778307078261,
SingMOS,common_alpha_1,350,0.3604247215842616,
SingMOS,common_alpha_1,351,0.3572772241858974,
SingMOS,common_alpha_1,352,0.3646297098998824,
SingMOS,common_alpha_1,353,0.3610125349718962,
SingMOS,common_alpha_1,354,0.3695889922651857,
SingMOS,common_alpha_1,355,0.3644605043547889,
SingMOS,common_alpha_1,356,0.3554331850485785,
SingMOS,common_alpha_1,357,0.3520094043599144,
SingMOS,common_alpha_1,358,0.3592942290980854,
SingMOS,common_alpha_1,359,0.3555409755226403,
SingMOS,common_alpha_1,360,0.3583378586533,
SingMOS,common_alpha_1,361,0.3573936441045999,
SingMOS,common_alpha_1,362,0.3642319580715101,
SingMOS,common_alpha_1,363,0.3614990766884339,
SingMOS,common_alpha_1,364,0.3531026733271329,
SingMOS,common_alpha_1,365,0.3511619334549217,
SingMOS,common_alpha_1,366,0.3570841395990222,
SingMOS,common_alpha_1,367,0.3546927027081603,
SingMOS,common_alpha_1,368,0.3624067694642862,
SingMOS,common_alpha_1,369,0.3572900256681676,
SingMOS,common_alpha_1,370,0.3652572360903068,
SingMOS,common_alpha_1,371,0.359672348941243,
SingMOS,common_alpha_1,372,0.3542382736052562,
SingMOS,common_alpha_1,373,0.3501128463079881,
SingMOS,common_alpha_1,374,0.3568148496689322,
SingMOS,common_alpha_1,375,0.3527112508713499,
SingMOS,common_alpha_1,376,0.3551757831833353,
SingMOS,common_alpha_1,377,0.3532749233840864,
SingMOS,common_alpha_1,378,0.3598875212178305,
SingMOS,common_alpha_1,379,0.3568133742859029,
SingMOS,common_alpha_1,380,0.3510502354448653,
SingMOS,common_alpha_1,381,0.348635431470029,
SingMOS,common_alpha_1,382,0.3542593054519102,
SingMOS,common_alpha_1,383,0.3516094017355879,
SingMOS,common_alpha_1,384,0.3933290129720828,
SingMOS,common_alpha_1,385,0.3887233703244969,
SingMOS,common_alpha_1,386,0.3951947571030932,
SingMOS,common_alpha_1,387,0.3872176656637386,
SingMOS,common_alpha_1,388,0.3708125050535502,
SingMOS,common_alpha_1,389,0.366331682009915,
SingMOS,common_alpha_1,390,0.373703795967122,
SingMOS,common_alpha_1,391,0.3687944319619344,
SingMOS,common_alpha_1,392,0.3805646457472547,
SingMOS,common_alpha_1,393,0.3796369506196672,
SingMOS,common_alpha_1,394,0.3844500799196261,
SingMOS,common_alpha_1,395,0.3803251581376193,
SingMOS,common_alpha_1,396,0.3664008524536055,
SingMOS,common_alpha_1,397,0.3639472845667051,
SingMOS,common_alpha_1,398,0.3694357107108942,
SingMOS,common_alpha_1,399,0.3664038548614813,
SingMOS,common_alpha_1,400,0.3796063937269113,
SingMOS,common_alpha_1,401,0.3712589748413545,
SingMOS,common_alpha_1,402,0.3781881021325839,
SingMOS,common_alpha_1,403,0.3704174195326694,
SingMOS,common_alpha_1,404,0.3637188505056908,
SingMOS,common_alpha_1,405,0.3583415544768505,
SingMOS,common_alpha_1,406,0.3647256205244474,
SingMOS,common_alpha_1,407,0.3597300807861053,
SingMOS,common_alpha_1,408,0.3667493705802166,
SingMOS,common_alpha_1,409,0.3635141670440866,
SingMOS,common_alpha_1,410,0.369406294572798,
SingMOS,common_alpha_1,411,0.3652591482752179,
SingMOS,common_alpha_1,412,0.3582485046092907,
SingMOS,common_alpha_1,413,0.3551600919341215,
SingMOS,common_alpha_1,414,0.3604247085390242,
SingMOS,common_alpha_1,415,0.3572772162164551,
SingMOS,common_alpha_1,416,0.3631221050064826,
SingMOS,common_alpha_1,417,0.3595546288383664,
SingMOS,common_alpha_1,418,0.3686117137217667,
SingMOS,common_alpha_1,419,0.3633944882519634,
SingMOS,common_alpha_1,420,0.3545236923617973,
SingMOS,common_alpha_1,421,0.3510112147748401,
SingMOS,common_alpha_1,422,0.3586822544463375,
SingMOS,common_alpha_1,423,0.354825031047342,
SingMOS,common_alpha_1,424,0.3574819868761338,
SingMOS,common_alpha_1,425,0.3564936204228537,
SingMOS,common_alpha_1,426,0.3637133560169679,
SingMOS,common_alpha_1,427,0.3608492501412786,
SingMOS,common_alpha_1,428,0.3525591469268928,
SingMOS,common_alpha_1,429,0.3505233605753919,
SingMOS,common_alpha_1,430,0.3567411321766289,
SingMOS,common_alpha_1,431,0.3542434179514896,
SingMOS,common_alpha_1,432,0.3621901352667604,
SingMOS,common_alpha_1,433,0.3570873534880818,
SingMOS,common_alpha_1,434,0.3652572419740599,
SingMOS,common_alpha_1,435,0.3596723246050957,
SingMOS,common_alpha_1,436,0.3541884503547136,
SingMOS,common_alpha_1,437,0.3500353409759431,
SingMOS,common_alpha_1,438,0.3568148730751782,
SingMOS,common_alpha_1,439,0.3527112296193735,
SingMOS,common_alpha_1,440,0.3550827561628526,
SingMOS,common_alpha_1,441,0.3531642431385708,
SingMOS,common_alpha_1,442,0.3598875306576649,
SingMOS,common_alpha_1,443,0.3568133710080016,
SingMOS,common_alpha_1,444,0.3510502356613868,
SingMOS,common_alpha_1,445,0.348635457488309,
SingMOS,common_alpha_1,446,0.354259348747746,
SingMOS,common_alpha_1,447,0.3516093896208048,
SingMOS,common_alpha_1,448,0.3843761378745758,
SingMOS,common_alpha_1,449,0.3791292406892683,
SingMOS,common_alpha_1,450,0.3873177497030895,
SingMOS,common_alpha_1,451,0.3803653262364344,
SingMOS,common_alpha_1,452,0.3659949734763632,
SingMOS,common_alpha_1,453,0.3619955385322553,
SingMOS,common_alpha_1,454,0.3695286636850384,
SingMOS,common_alpha_1,455,0.3651470665884546,
SingMOS,common_alpha_1,456,0.3725157578365331,
SingMOS,common_alpha_1,457,0.3712363443892669,
SingMOS,common_alpha_1,458,0.3777829027789782,
SingMOS,common_alpha_1,459,0.374241776072622,
SingMOS,common_alpha_1,460,0.3616779344797355,
SingMOS,common_alpha_1,461,0.3595190790824002,
SingMOS,common_alpha_1,462,0.3655816993046917,
SingMOS,common_alpha_1,463,0.3628790753630446,
SingMOS,common_alpha_1,464,0.3791407424227059,
SingMOS,common_alpha_1,465,0.3712057568167767,
SingMOS,common_alpha_1,466,0.3782028364051873,
SingMOS,common_alpha_1,467,0.3704174058079055,
SingMOS,common_alpha_1,468,0.3636109643241567,
SingMOS,common_alpha_1,469,0.3583327753914404,
SingMOS,common_alpha_1,470,0.3647255980151463,
SingMOS,common_alpha_1,471,0.3597300163580841,
SingMOS,common_alpha_1,472,0.3666364705390149,
SingMOS,common_alpha_1,473,0.3635347293822847,
SingMOS,common_alpha_1,474,0.3694062551517217,
SingMOS,common_alpha_1,475,0.3652591253486081,
SingMOS,common_alpha_1,476,0.3582390579694571,
SingMOS,common_alpha_1,477,0.3551601492130069,
SingMOS,common_alpha_1,478,0.3604247251238012,
SingMOS,common_alpha_1,479,0.3572772223957136,
SingMOS,common_alpha_1,480,0.3632937689951169,
SingMOS,common_alpha_1,481,0.3596994144603833,
SingMOS,common_alpha_1,482,0.3686861082783926,
SingMOS,common_alpha_1,483,0.363490380837917,
SingMOS,common_alpha_1,484,0.3545884843087935,
SingMOS,common_alpha_1,485,0.3511242873990979,
SingMOS,common_alpha_1,486,0.358708141117825,
SingMOS,common_alpha_1,487,0.3548756427516666,
SingMOS,common_alpha_1,488,0.3573430057392234,
SingMOS,common_alpha_1,489,0.3563679456331464,
SingMOS,common_alpha_1,490,0.3636325949549382,
SingMOS,common_alpha_1,491,0.3608032848988334,
SingMOS,common_alpha_1,492,0.3524610869881872,
SingMOS,common_alpha_1,493,0.3504648493322981,
SingMOS,common_alpha_1,494,0.3566976862651124,
SingMOS,common_alpha_1,495,0.3542212909458858,
SingMOS,common_alpha_1,496,0.3621901385453923,
SingMOS,common_alpha_1,497,0.3570873569135008,
SingMOS,common_alpha_1,498,0.3652572917183571,
SingMOS,common_alpha_1,499,0.3596722967028739,
SingMOS,common_alpha_1,500,0.354188442011333,
SingMOS,common_alpha_1,501,0.3500353465709557,
SingMOS,common_alpha_1,502,0.3568148534333048,
SingMOS,common_alpha_1,503,0.3527112502073379,
SingMOS,common_alpha_1,504,0.3550827772046949,
SingMOS,common_alpha_1,505,0.3531642743262442,
SingMOS,common_alpha_1,506,0.3598875333701984,
SingMOS,common_alpha_1,507,0.3568133723773557,
SingMOS,common_alpha_1,508,0.3510502251902037,
SingMOS,common_alpha_1,509,0.3486354986654463,
SingMOS,common_alpha_1,510,0.354259296269742,
SingMOS,common_alpha_1,511,0.3516093951648639,
SingMOS,common_alpha_1,512,0.4044292619777661,
SingMOS,common_alpha_1,513,0.3934580632147061,
SingMOS,common_alpha_1,514,0.390093890918458,
SingMOS,common_alpha_1,515,0.3816847495213282,
SingMOS,common_alpha_1,516,0.3727032855216438,
SingMOS,common_alpha_1,517,0.3672155079303937,
SingMOS,common_alpha_1,518,0.3698997605735228,
SingMOS,common_alpha_1,519,0.3647395342974646,
SingMOS,common_alpha_1,520,0.3699957083272627,
SingMOS,common_alpha_1,521,0.3687170195857316,
SingMOS,common_alpha_1,522,0.3684470808197458,
SingMOS,common_alpha_1,523,0.3657913110010076,
SingMOS,common_alpha_1,524,0.3577079164320235,
SingMOS,common_alpha_1,525,0.3557427751090111,
SingMOS,common_alpha_1,526,0.358428480661291,
SingMOS,common_alpha_1,527,0.3560078378911858,
SingMOS,common_alpha_1,528,0.4077676762125712,
SingMOS,common_alpha_1,529,0.3935086012135173,
SingMOS,common_alpha_1,530,0.3916312674175407,
SingMOS,common_alpha_1,531,0.3817445790919874,
SingMOS,common_alpha_1,532,0.3760273635066054,
SingMOS,common_alpha_1,533,0.3689686770462823,
SingMOS,common_alpha_1,534,0.3716554943807408,
SingMOS,common_alpha_1,535,0.3656572439522396,
SingMOS,common_alpha_1,536,0.3711159161194922,
SingMOS,common_alpha_1,537,0.3685269047215489,
SingMOS,common_alpha_1,538,0.3686791598530251,
SingMOS,common_alpha_1,539,0.3655707273229225,
SingMOS,common_alpha_1,540,0.3586868518260045,
SingMOS,common_alpha_1,541,0.3561445380578149,
SingMOS,common_alpha_1,542,0.3587775728798736,
SingMOS,common_alpha_1,543,0.3561125377880709,
SingMOS,common_alpha_1,544,0.3844868964666488,
SingMOS,common_alpha_1,545,0.3763244004107569,
SingMOS,common_alpha_1,546,0.3782225188247008,
SingMOS,common_alpha_1,547,0.3711300664209127,
SingMOS,common_alpha_1,548,0.3650852497418876,
SingMOS,common_alpha_1,549,0.3600634978781438,
SingMOS,common_alpha_1,550,0.3641849405142939,
SingMOS,common_alpha_1,551,0.3593822825036363,
SingMOS,common_alpha_1,552,0.3614508161254796,
SingMOS,common_alpha_1,553,0.3599680806016657,
SingMOS,common_alpha_1,554,0.3620993958379397,
SingMOS,common_alpha_1,555,0.3595606040724685,
SingMOS,common_alpha_1,556,0.3534050311365157,
SingMOS,common_alpha_1,557,0.351382702983371,
SingMOS,common_alpha_1,558,0.3548580126469166,
SingMOS,common_alpha_1,559,0.3524851697056667,
SingMOS,common_alpha_1,560,0.3859718311699918,
SingMOS,common_alpha_1,561,0.3768868421859473,
SingMOS,common_alpha_1,562,0.3787014645435361,
SingMOS,common_alpha_1,563,0.3712755021440068,
SingMOS,common_alpha_1,564,0.3661586194687253,
SingMOS,common_alpha_1,565,0.3606383196361263,
SingMOS,common_alpha_1,566,0.364552121041626,
SingMOS,common_alpha_1,567,0.3595238647680158,
SingMOS,common_alpha_1,568,0.3615425961442484,
SingMOS,common_alpha_1,569,0.359968124870348,
SingMOS,common_alpha_1,570,0.362099391952711,
SingMOS,common_alpha_1,571,0.359560609659922,
SingMOS,common_alpha_1,572,0.3534050129326939,
SingMOS,common_alpha_1,573,0.3513827276206223,
SingMOS,common_alpha_1,574,0.354858080013649,
SingMOS,common_alpha_1,575,0.3524851715864809,
SingMOS,common_alpha_1,576,0.4049279594369114,
SingMOS,common_alpha_1,577,0.3935068414455299,
SingMOS,common_alpha_1,578,0.3904056770234398,
SingMOS,common_alpha_1,579,0.3816847587485033,
SingMOS,common_alpha_1,580,0.3731833829269562,
SingMOS,common_alpha_1,581,0.3673732981314199,
SingMOS,common_alpha_1,582,0.3698997586995782,
SingMOS,common_alpha_1,583,0.364739537829706,
SingMOS,common_alpha_1,584,0.3701676859278512,
SingMOS,common_alpha_1,585,0.3687170092889646,
SingMOS,common_alpha_1,586,0.3684470866095901,
SingMOS,common_alpha_1,587,0.3657913266389124,
SingMOS,common_alpha_1,588,0.3577079163884563,
SingMOS,common_alpha_1,589,0.3557427802959843,
SingMOS,common_alpha_1,590,0.3584284635096124,
SingMOS,common_alpha_1,591,0.3560078231018191,
SingMOS,common_alpha_1,592,0.4077676762125711,
SingMOS,common_alpha_1,593,0.3935086028873044,
SingMOS,common_alpha_1,594,0.3916312721469266,
SingMOS,common_alpha_1,595,0.3817446007921128,
SingMOS,common_alpha_1,596,0.3760273615563662,
SingMOS,common_alpha_1,597,0.36896866982452,
SingMOS,common_alpha_1,598,0.371655459623545,
SingMOS,common_alpha_1,599,0.365657258192275,
SingMOS,common_alpha_1,600,0.3711159149300266,
SingMOS,common_alpha_1,601,0.3685268667764873,
SingMOS,common_alpha_1,602,0.3686791634116861,
SingMOS,common_alpha_1,603,0.3655707226522254,
SingMOS,common_alpha_1,604,0.3586868222982164,
SingMOS,common_alpha_1,605,0.3561445367741722,
SingMOS,common_alpha_1,606,0.3587775803490803,
SingMOS,common_alpha_1,607,0.3561125337306964,
SingMOS,common_alpha_1,608,0.3844868964666489,
SingMOS,common_alpha_1,609,0.3763243950642893,
SingMOS,common_alpha_1,610,0.3782225168096565,
SingMOS,common_alpha_1,611,0.3711300708074023,
SingMOS,common_alpha_1,612,0.3650852490969877,
SingMOS,common_alpha_1,613,0.3600635089233732,
SingMOS,common_alpha_1,614,0.3641849467098143,
SingMOS,common_alpha_1,615,0.3593823192095604,
SingMOS,common_alpha_1,616,0.3614508162296955,
SingMOS,common_alpha_1,617,0.3599681049906312,
SingMOS,common_alpha_1,618,0.3620994393503282,
SingMOS,common_alpha_1,619,0.359560602950942,
SingMOS,common_alpha_1,620,0.3534050004335104,
SingMOS,common_alpha_1,621,0.3513827093996351,
SingMOS,common_alpha_1,622,0.3548580080450575,
SingMOS,common_alpha_1,623,0.3524851561170404,
SingMOS,common_alpha_1,624,0.3859718291656893,
SingMOS,common_alpha_1,625,0.3768868634764853,
SingMOS,common_alpha_1,626,0.3787014679622359,
SingMOS,common_alpha_1,627,0.3712754931419063,
SingMOS,common_alpha_1,628,0.36615862346372,
SingMOS,common_alpha_1,629,0.3606383010255065,
SingMOS,common_alpha_1,630,0.3645521393229187,
SingMOS,common_alpha_1,631,0.3595238658190382,
SingMOS,common_alpha_1,632,0.3615425763469269,
SingMOS,common_alpha_1,633,0.3599681197826647,
SingMOS,common_alpha_1,634,0.3620993843513249,
SingMOS,common_alpha_1,635,0.3595606006997038,
SingMOS,common_alpha_1,636,0.3534049849140054,
SingMOS,common_alpha_1,637,0.3513826706704854,
SingMOS,common_alpha_1,638,0.3548580579467004,
SingMOS,common_alpha_1,639,0.352485139541405,
SingMOS,common_alpha_1,640,0.4002283702157156,
SingMOS,common_alpha_1,641,0.3901189815441344,
SingMOS,common_alpha_1,642,0.3879871110295476,
SingMOS,common_alpha_1,643,0.3799473532748216,
SingMOS,common_alpha_1,644,0.3709943940533556,
SingMOS,common_alpha_1,645,0.3657028493584174,
SingMOS,common_alpha_1,646,0.3688314475957697,
SingMOS,common_alpha_1,647,0.3637768172819786,
SingMOS,common_alpha_1,648,0.368279601136504,
SingMOS,common_alpha_1,649,0.367176126255058,
SingMOS,common_alpha_1,650,0.3675610736278632,
SingMOS,common_alpha_1,651,0.365002810656333,
SingMOS,common_alpha_1,652,0.356864994746456,
SingMOS,common_alpha_1,653,0.3549501311432899,
SingMOS,common_alpha_1,654,0.3579948829206529,
SingMOS,common_alpha_1,655,0.355592155771945,
SingMOS,common_alpha_1,656,0.4053924354930757,
SingMOS,common_alpha_1,657,0.3917358457586599,
SingMOS,common_alpha_1,658,0.390569082939204,
SingMOS,common_alpha_1,659,0.3808502047373772,
SingMOS,common_alpha_1,660,0.3747938815473552,
SingMOS,common_alpha_1,661,0.3679037754001965,
SingMOS,common_alpha_1,662,0.3710250169368312,
SingMOS,common_alpha_1,663,0.3650599175913365,
SingMOS,common_alpha_1,664,0.3699876511337021,
SingMOS,common_alpha_1,665,0.3675734234670361,
SingMOS,common_alpha_1,666,0.3681842163491455,
SingMOS,common_alpha_1,667,0.3650990661006462,
SingMOS,common_alpha_1,668,0.3580269413213114,
SingMOS,common_alpha_1,669,0.3555293805064146,
SingMOS,common_alpha_1,670,0.3585041810795906,
SingMOS,common_alpha_1,671,0.3558174048745171,
SingMOS,common_alpha_1,672,0.3836663436382927,
SingMOS,common_alpha_1,673,0.375637702079086,
SingMOS,common_alpha_1,674,0.3778327177345711,
SingMOS,common_alpha_1,675,0.370783913474137,
SingMOS,common_alpha_1,676,0.3646496532456889,
SingMOS,common_alpha_1,677,0.3596698970826921,
SingMOS,common_alpha_1,678,0.3639706969863266,
SingMOS,common_alpha_1,679,0.3591729046029273,
SingMOS,common_alpha_1,680,0.3610842001687576,
SingMOS,common_alpha_1,681,0.3596293283861821,
SingMOS,common_alpha_1,682,0.3620442127931351,
SingMOS,common_alpha_1,683,0.3594892943865296,
SingMOS,common_alpha_1,684,0.3532152005888183,
SingMOS,common_alpha_1,685,0.3511956278587141,
SingMOS,common_alpha_1,686,0.3548580456207952,
SingMOS,common_alpha_1,687,0.3524851590497896,
SingMOS,common_alpha_1,688,0.3850134481079509,
SingMOS,common_alpha_1,689,0.3761273519853862,
SingMOS,common_alpha_1,690,0.3782961706047711,
SingMOS,common_alpha_1,691,0.3708944876040865,
SingMOS,common_alpha_1,692,0.3655617930725257,
SingMOS,common_alpha_1,693,0.3601014309909304,
SingMOS,common_alpha_1,694,0.3642994941533247,
SingMOS,common_alpha_1,695,0.3592541092234596,
SingMOS,common_alpha_1,696,0.3610841970352006,
SingMOS,common_alpha_1,697,0.3596293109546765,
SingMOS,common_alpha_1,698,0.3620441618979017,
SingMOS,common_alpha_1,699,0.3594893330460819,
SingMOS,common_alpha_1,700,0.3532151816933097,
SingMOS,common_alpha_1,701,0.351195633867438,
SingMOS,common_alpha_1,702,0.3548580160876609,
SingMOS,common_alpha_1,703,0.3524851712846621,
SingMOS,common_alpha_1,704,0.4013287194966507,
SingMOS,common_alpha_1,705,0.3903466398161901,
SingMOS,common_alpha_1,706,0.3879871360592008,
SingMOS,common_alpha_1,707,0.379947397325951,
SingMOS,common_alpha_1,708,0.3711585926439341,
SingMOS,common_alpha_1,709,0.3657028461171432,
SingMOS,common_alpha_1,710,0.3688314482498022,
SingMOS,common_alpha_1,711,0.3637768152613348,
SingMOS,common_alpha_1,712,0.3682795967031763,
SingMOS,common_alpha_1,713,0.3671761265183362,
SingMOS,common_alpha_1,714,0.3675610841829476,
SingMOS,common_alpha_1,715,0.3650028348629996,
SingMOS,common_alpha_1,716,0.3568649776590602,
SingMOS,common_alpha_1,717,0.3549501543880924,
SingMOS,common_alpha_1,718,0.3579948194941649,
SingMOS,common_alpha_1,719,0.3555921394641729,
SingMOS,common_alpha_1,720,0.4053924259148,
SingMOS,common_alpha_1,721,0.3917358420905062,
SingMOS,common_alpha_1,722,0.390569082994159,
SingMOS,common_alpha_1,723,0.3808501966095082,
SingMOS,common_alpha_1,724,0.3747938294432006,
SingMOS,common_alpha_1,725,0.3679037503495177,
SingMOS,common_alpha_1,726,0.3710250451527471,
SingMOS,common_alpha_1,727,0.3650599180199377,
SingMOS,common_alpha_1,728,0.3699876458022608,
SingMOS,common_alpha_1,729,0.3675734208556794,
SingMOS,common_alpha_1,730,0.3681842378586615,
SingMOS,common_alpha_1,731,0.3650990726783991,
SingMOS,common_alpha_1,732,0.3580269413496706,
SingMOS,common_alpha_1,733,0.3555293775759187,
SingMOS,common_alpha_1,734,0.3585041915117274,
SingMOS,common_alpha_1,735,0.3558174276248843,
SingMOS,common_alpha_1,736,0.383666342846818,
SingMOS,common_alpha_1,737,0.3756377159341533,
SingMOS,common_alpha_1,738,0.3778327184300873,
SingMOS,common_alpha_1,739,0.3707839081440192,
SingMOS,common_alpha_1,740,0.3646496528778354,
SingMOS,common_alpha_1,741,0.3596698946756064,
SingMOS,common_alpha_1,742,0.3639706555685446,
SingMOS,common_alpha_1,743,0.35917291053336,
SingMOS,common_alpha_1,744,0.3610842001320916,
SingMOS,common_alpha_1,745,0.3596293239876296,
SingMOS,common_alpha_1,746,0.3620441987105932,
SingMOS,common_alpha_1,747,0.3594893028286581,
SingMOS,common_alpha_1,748,0.3532152029431162,
SingMOS,common_alpha_1,749,0.3511956249606167,
SingMOS,common_alpha_1,750,0.3548580414547829,
SingMOS,common_alpha_1,751,0.352485160890914,
SingMOS,common_alpha_1,752,0.3850134479846334,
SingMOS,common_alpha_1,753,0.3761273459130632,
SingMOS,common_alpha_1,754,0.3782961717176861,
SingMOS,common_alpha_1,755,0.3708944905824967,
SingMOS,common_alpha_1,756,0.3655617600505051,
SingMOS,common_alpha_1,757,0.3601014201656197,
SingMOS,common_alpha_1,758,0.3642994921232623,
SingMOS,common_alpha_1,759,0.3592541103081035,
SingMOS,common_alpha_1,760,0.3610841986782854,
SingMOS,common_alpha_1,761,0.3596293100170424,
SingMOS,common_alpha_1,762,0.3620441722572703,
SingMOS,common_alpha_1,763,0.3594892877395362,
SingMOS,common_alpha_1,764,0.3532151688492774,
SingMOS,common_alpha_1,765,0.3511956225423179,
SingMOS,common_alpha_1,766,0.3548580396912858,
SingMOS,common_alpha_1,767,0.3524851529378071,
SingMOS,common_alpha_1,768,0.345291760898138,
SingMOS,common_alpha_1,769,0.3441288264162419,
SingMOS,common_alpha_1,770,0.3482646415643253,
SingMOS,common_alpha_1,771,0.3455275171028318,
SingMOS,common_alpha_1,772,0.3367045713997573,
SingMOS,common_alpha_1,773,0.3352233131040714,
SingMOS,common_alpha_1,774,0.3401496241124155,
SingMOS,common_alpha_1,775,0.3379591618557626,
SingMOS,common_alpha_1,776,0.3407387994484961,
SingMOS,common_alpha_1,777,0.3411058453238919,
SingMOS,common_alpha_1,778,0.3446138269217965,
SingMOS,common_alpha_1,779,0.3433110610466669,
SingMOS,common_alpha_1,780,0.3356273378451664,
SingMOS,common_alpha_1,781,0.3349002029749442,
SingMOS,common_alpha_1,782,0.3390053152854542,
SingMOS,common_alpha_1,783,0.337606894541829,
SingMOS,common_alpha_1,784,0.3464547262161568,
SingMOS,common_alpha_1,785,0.3444164842871733,
SingMOS,common_alpha_1,786,0.3485157716832199,
SingMOS,common_alpha_1,787,0.3455508594918318,
SingMOS,common_alpha_1,788,0.33740697529187,
SingMOS,common_alpha_1,789,0.3354916641520284,
SingMOS,common_alpha_1,790,0.3402362609872795,
SingMOS,common_alpha_1,791,0.3379591396432594,
SingMOS,common_alpha_1,792,0.3409231220823203,
SingMOS,common_alpha_1,793,0.341108513986202,
SingMOS,common_alpha_1,794,0.3446138021043864,
SingMOS,common_alpha_1,795,0.3433110618353001,
SingMOS,common_alpha_1,796,0.3356273335451884,
SingMOS,common_alpha_1,797,0.3349001752149053,
SingMOS,common_alpha_1,798,0.3390053351292454,
SingMOS,common_alpha_1,799,0.3376068818472161,
SingMOS,common_alpha_1,800,0.3411547584516651,
SingMOS,common_alpha_1,801,0.3399298495241968,
SingMOS,common_alpha_1,802,0.3449023638398387,
SingMOS,common_alpha_1,803,0.3423716404806251,
SingMOS,common_alpha_1,804,0.3350078320386742,
SingMOS,common_alpha_1,805,0.3334165387287994,
SingMOS,common_alpha_1,806,0.3385560945457811,
SingMOS,common_alpha_1,807,0.3363946184797293,
SingMOS,common_alpha_1,808,0.3377299651041543,
SingMOS,common_alpha_1,809,0.337978572472781,
SingMOS,common_alpha_1,810,0.3421044636146174,
SingMOS,common_alpha_1,811,0.3409233572201255,
SingMOS,common_alpha_1,812,0.3342076997093336,
SingMOS,common_alpha_1,813,0.3334262864628807,
SingMOS,common_alpha_1,814,0.3377397490293403,
SingMOS,common_alpha_1,815,0.3363804503244589,
SingMOS,common_alpha_1,816,0.3411547589565455,
SingMOS,common_alpha_1,817,0.3399298383012321,
SingMOS,common_alpha_1,818,0.3449023618834132,
SingMOS,common_alpha_1,819,0.3423716430299637,
SingMOS,common_alpha_1,820,0.3350078318509087,
SingMOS,common_alpha_1,821,0.3334165156499322,
SingMOS,common_alpha_1,822,0.3385561576764181,
SingMOS,common_alpha_1,823,0.3363946252361989,
SingMOS,common_alpha_1,824,0.3377299478826906,
SingMOS,common_alpha_1,825,0.337978578352952,
SingMOS,common_alpha_1,826,0.3421045426136569,
SingMOS,common_alpha_1,827,0.340923377864431,
SingMOS,common_alpha_1,828,0.3342077565664942,
SingMOS,common_alpha_1,829,0.3334262987861474,
SingMOS,common_alpha_1,830,0.337739742540934,
SingMOS,common_alpha_1,831,0.3363804424921049,
SingMOS,common_alpha_1,832,0.345291760898138,
SingMOS,common_alpha_1,833,0.3441288293003757,
SingMOS,common_alpha_1,834,0.3482646442699895,
SingMOS,common_alpha_1,835,0.3455275300520185,
SingMOS,common_alpha_1,836,0.3367045742304181,
SingMOS,common_alpha_1,837,0.3352233265905809,
SingMOS,common_alpha_1,838,0.3401496127192207,
SingMOS,common_alpha_1,839,0.3379591245453087,
SingMOS,common_alpha_1,840,0.3407387994875259,
SingMOS,common_alpha_1,841,0.341105853406094,
SingMOS,common_alpha_1,842,0.3446137647146636,
SingMOS,common_alpha_1,843,0.3433110465618403,
SingMOS,common_alpha_1,844,0.335627336911874,
SingMOS,common_alpha_1,845,0.3349001924235825,
SingMOS,common_alpha_1,846,0.3390053438226276,
SingMOS,common_alpha_1,847,0.3376069093345368,
SingMOS,common_alpha_1,848,0.3464547262300532,
SingMOS,common_alpha_1,849,0.3444164813635574,
SingMOS,common_alpha_1,850,0.348515770093174,
SingMOS,common_alpha_1,851,0.3455508389576219,
SingMOS,common_alpha_1,852,0.3374069747899758,
SingMOS,common_alpha_1,853,0.3354916647284674,
SingMOS,common_alpha_1,854,0.3402362787345175,
SingMOS,common_alpha_1,855,0.3379590938010446,
SingMOS,common_alpha_1,856,0.3409231326555652,
SingMOS,common_alpha_1,857,0.3411085296984395,
SingMOS,common_alpha_1,858,0.3446137558405876,
SingMOS,common_alpha_1,859,0.3433110524138608,
SingMOS,common_alpha_1,860,0.3356273288939335,
SingMOS,common_alpha_1,861,0.3349001794770118,
SingMOS,common_alpha_1,862,0.3390053220690713,
SingMOS,common_alpha_1,863,0.337606842336411,
SingMOS,common_alpha_1,864,0.3411547631257707,
SingMOS,common_alpha_1,865,0.3399298347049301,
SingMOS,common_alpha_1,866,0.3449023979265845,
SingMOS,common_alpha_1,867,0.3423716383040804,
SingMOS,common_alpha_1,868,0.3350078408067,
SingMOS,common_alpha_1,869,0.3334165337716485,
SingMOS,common_alpha_1,870,0.3385561180391906,
SingMOS,common_alpha_1,871,0.3363946141636172,
SingMOS,common_alpha_1,872,0.3377299671398144,
SingMOS,common_alpha_1,873,0.3379785876948706,
SingMOS,common_alpha_1,874,0.3421044877890642,
SingMOS,common_alpha_1,875,0.3409233485710711,
SingMOS,common_alpha_1,876,0.3342076983506751,
SingMOS,common_alpha_1,877,0.3334262530140031,
SingMOS,common_alpha_1,878,0.3377397424669465,
SingMOS,common_alpha_1,879,0.3363804128242058,
SingMOS,common_alpha_1,880,0.3411547608272785,
SingMOS,common_alpha_1,881,0.3399298325264062,
SingMOS,common_alpha_1,882,0.3449023621745671,
SingMOS,common_alpha_1,883,0.3423716358423097,
SingMOS,common_alpha_1,884,0.3350078345953892,
SingMOS,common_alpha_1,885,0.3334165003354944,
SingMOS,common_alpha_1,886,0.338556137493412,
SingMOS,common_alpha_1,887,0.3363946302882457,
SingMOS,common_alpha_1,888,0.3377299746289437,
SingMOS,common_alpha_1,889,0.3379785473498607,
SingMOS,common_alpha_1,890,0.3421045030544057,
SingMOS,common_alpha_1,891,0.3409233674472674,
SingMOS,common_alpha_1,892,0.334207714846748,
SingMOS,common_alpha_1,893,0.3334262866341164,
SingMOS,common_alpha_1,894,0.3377397173608402,
SingMOS,common_alpha_1,895,0.3363804559413202,
SingMOS,common_alpha_1,896,0.3448005729058476,
SingMOS,common_alpha_1,897,0.343744863248887,
SingMOS,common_alpha_1,898,0.3482646693539983,
SingMOS,common_alpha_1,899,0.3455275140769355,
SingMOS,common_alpha_1,900,0.3365684934771438,
SingMOS,common_alpha_1,901,0.3351120473505563,
SingMOS,common_alpha_1,902,0.3401496243675609,
SingMOS,common_alpha_1,903,0.3379591623081384,
SingMOS,common_alpha_1,904,0.3405664704175536,
SingMOS,common_alpha_1,905,0.3409869857091479,
SingMOS,common_alpha_1,906,0.3446138181749628,
SingMOS,common_alpha_1,907,0.3433111015539754,
SingMOS,common_alpha_1,908,0.3356273685102225,
SingMOS,common_alpha_1,909,0.3349001964064105,
SingMOS,common_alpha_1,910,0.3390053090454327,
SingMOS,common_alpha_1,911,0.337606889121309,
SingMOS,common_alpha_1,912,0.3461576782499685,
SingMOS,common_alpha_1,913,0.3441587508020933,
SingMOS,common_alpha_1,914,0.3485157779767511,
SingMOS,common_alpha_1,915,0.34555085899622,
SingMOS,common_alpha_1,916,0.337342389608095,
SingMOS,common_alpha_1,917,0.3354079937842469,
SingMOS,common_alpha_1,918,0.3402362801324968,
SingMOS,common_alpha_1,919,0.3379591161901097,
SingMOS,common_alpha_1,920,0.3408077275881604,
SingMOS,common_alpha_1,921,0.340988521948804,
SingMOS,common_alpha_1,922,0.3446137907929862,
SingMOS,common_alpha_1,923,0.3433110311873986,
SingMOS,common_alpha_1,924,0.3356273300438008,
SingMOS,common_alpha_1,925,0.3349001963802924,
SingMOS,common_alpha_1,926,0.339005321229984,
SingMOS,common_alpha_1,927,0.337606875045017,
SingMOS,common_alpha_1,928,0.3411547582929515,
SingMOS,common_alpha_1,929,0.3399298327482306,
SingMOS,common_alpha_1,930,0.3449023571233824,
SingMOS,common_alpha_1,931,0.3423716345093143,
SingMOS,common_alpha_1,932,0.3350078311661026,
SingMOS,common_alpha_1,933,0.3334165300939879,
SingMOS,common_alpha_1,934,0.3385560495178183,
SingMOS,common_alpha_1,935,0.3363946176567501,
SingMOS,common_alpha_1,936,0.3377299650815809,
SingMOS,common_alpha_1,937,0.3379785679467,
SingMOS,common_alpha_1,938,0.3421044665831203,
SingMOS,common_alpha_1,939,0.3409233570288613,
SingMOS,common_alpha_1,940,0.334207722235514,
SingMOS,common_alpha_1,941,0.3334263006554205,
SingMOS,common_alpha_1,942,0.3377397456878937,
SingMOS,common_alpha_1,943,0.3363804527135867,
SingMOS,common_alpha_1,944,0.3411547584464212,
SingMOS,common_alpha_1,945,0.339929855270208,
SingMOS,common_alpha_1,946,0.3449023639396871,
SingMOS,common_alpha_1,947,0.3423716393807757,
SingMOS,common_alpha_1,948,0.3350078301509214,
SingMOS,common_alpha_1,949,0.3334165289870708,
SingMOS,common_alpha_1,950,0.3385561892492662,
SingMOS,common_alpha_1,951,0.3363946433016295,
SingMOS,common_alpha_1,952,0.337729964168079,
SingMOS,common_alpha_1,953,0.3379785658959696,
SingMOS,common_alpha_1,954,0.3421044901606015,
SingMOS,common_alpha_1,955,0.3409233789472474,
SingMOS,common_alpha_1,956,0.3342077266921543,
SingMOS,common_alpha_1,957,0.3334262988610161,
SingMOS,common_alpha_1,958,0.3377396900586433,
SingMOS,common_alpha_1,959,0.3363804062337012,
SingMOS,common_alpha_1,960,0.3448005721318041,
SingMOS,common_alpha_1,961,0.3437448864654089,
SingMOS,common_alpha_1,962,0.3482646533432889,
SingMOS,common_alpha_1,963,0.3455275132517252,
SingMOS,common_alpha_1,964,0.3365684888833406,
SingMOS,common_alpha_1,965,0.3351120422544882,
SingMOS,common_alpha_1,966,0.3401496114544355,
SingMOS,common_alpha_1,967,0.3379591306180949,
SingMOS,common_alpha_1,968,0.3405664863168331,
SingMOS,common_alpha_1,969,0.3409870107879845,
SingMOS,common_alpha_1,970,0.3446138043114533,
SingMOS,common_alpha_1,971,0.3433110384709846,
SingMOS,common_alpha_1,972,0.3356273364746007,
SingMOS,common_alpha_1,973,0.3349001895279828,
SingMOS,common_alpha_1,974,0.33900533296627,
SingMOS,common_alpha_1,975,0.3376068920448464,
SingMOS,common_alpha_1,976,0.346157720499433,
SingMOS,common_alpha_1,977,0.3441587697946754,
SingMOS,common_alpha_1,978,0.3485157672651693,
SingMOS,common_alpha_1,979,0.3455508415466874,
SingMOS,common_alpha_1,980,0.3373423885862449,
SingMOS,common_alpha_1,981,0.3354080021236335,
SingMOS,common_alpha_1,982,0.3402362612530361,
SingMOS,common_alpha_1,983,0.3379590890382207,
SingMOS,common_alpha_1,984,0.3408077432630618,
SingMOS,common_alpha_1,985,0.3409885307643383,
SingMOS,common_alpha_1,986,0.3446137918367897,
SingMOS,common_alpha_1,987,0.3433110455772227,
SingMOS,common_alpha_1,988,0.3356273174556913,
SingMOS,common_alpha_1,989,0.3349001800287299,
SingMOS,common_alpha_1,990,0.3390053350679246,
SingMOS,common_alpha_1,991,0.3376068694911673,
SingMOS,common_alpha_1,992,0.34115475814101,
SingMOS,common_alpha_1,993,0.3399298322090815,
SingMOS,common_alpha_1,994,0.344902373945873,
SingMOS,common_alpha_1,995,0.3423716353136818,
SingMOS,common_alpha_1,996,0.3350078317297886,
SingMOS,common_alpha_1,997,0.3334165294509028,
SingMOS,common_alpha_1,998,0.3385561147247679,
SingMOS,common_alpha_1,999,0.3363946084134511,
SingMOS,common_alpha_1,1000,0.3377299658344455,
SingMOS,common_alpha_1,1001,0.3379785630155688,
SingMOS,common_alpha_1,1002,0.342104484093098,
SingMOS,common_alpha_1,1003,0.34092334762663,
SingMOS,common_alpha_1,1004,0.334207714515189,
SingMOS,common_alpha_1,1005,0.3334262771197402,
SingMOS,common_alpha_1,1006,0.3377397194184128,
SingMOS,common_alpha_1,1007,0.33638042594452,
SingMOS,common_alpha_1,1008,0.3411547674882321,
SingMOS,common_alpha_1,1009,0.3399298475306692,
SingMOS,common_alpha_1,1010,0.3449023655084015,
SingMOS,common_alpha_1,1011,0.3423716367789009,
SingMOS,common_alpha_1,1012,0.3350078186574597,
SingMOS,common_alpha_1,1013,0.3334165389516632,
SingMOS,common_alpha_1,1014,0.3385561529945414,
SingMOS,common_alpha_1,1015,0.336394680113308,
SingMOS,common_alpha_1,1016,0.3377299595975568,
SingMOS,common_alpha_1,1017,0.3379785591914025,
SingMOS,common_alpha_1,1018,0.3421044691915714,
SingMOS,common_alpha_1,1019,0.340923355621537,
SingMOS,common_alpha_1,1020,0.334207748901565,
SingMOS,common_alpha_1,1021,0.3334262882779162,
SingMOS,common_alpha_1,1022,0.3377397511164072,
SingMOS,common_alpha_1,1023,0.3363804630944019,
SingMOS,common_alpha_10,1,0.8118412620007138,
SingMOS,common_alpha_10,2,0.6687388344262604,
SingMOS,common_alpha_10,3,0.530693191762237,
SingMOS,common_alpha_10,4,0.4986820774991582,
SingMOS,common_alpha_10,5,0.4482417392369016,
SingMOS,common_alpha_10,6,0.4588050930104704,
SingMOS,common_alpha_10,7,0.4270488738355385,
SingMOS,common_alpha_10,8,0.4785483503842564,
SingMOS,common_alpha_10,9,0.4591318611473943,
SingMOS,common_alpha_10,10,0.4428575259978763,
SingMOS,common_alpha_10,11,0.4248289649970357,
SingMOS,common_alpha_10,12,0.4056321471769408,
SingMOS,common_alpha_10,13,0.3934875028240928,
SingMOS,common_alpha_10,14,0.3989330332791158,
SingMOS,common_alpha_10,15,0.3884763683300292,
SingMOS,common_alpha_10,16,0.5350269902563953,
SingMOS,common_alpha_10,17,0.4539737590662195,
SingMOS,common_alpha_10,18,0.4608018205816691,
SingMOS,common_alpha_10,19,0.4221320988156517,
SingMOS,common_alpha_10,20,0.423966773596115,
SingMOS,common_alpha_10,21,0.3986819546251922,
SingMOS,common_alpha_10,22,0.4118855391184674,
SingMOS,common_alpha_10,23,0.3922854732196387,
SingMOS,common_alpha_10,24,0.4004256999932467,
SingMOS,common_alpha_10,25,0.3927967617644768,
SingMOS,common_alpha_10,26,0.3946242297839408,
SingMOS,common_alpha_10,27,0.38564069715068,
SingMOS,common_alpha_10,28,0.3813378121011079,
SingMOS,common_alpha_10,29,0.3724231629219375,
SingMOS,common_alpha_10,30,0.379753084810387,
SingMOS,common_alpha_10,31,0.3715510275656357,
SingMOS,common_alpha_10,32,0.4716102482730502,
SingMOS,common_alpha_10,33,0.4318926713655413,
SingMOS,common_alpha_10,34,0.4401815599916354,
SingMOS,common_alpha_10,35,0.4124072219149341,
SingMOS,common_alpha_10,36,0.4100124838990848,
SingMOS,common_alpha_10,37,0.3902280405710808,
SingMOS,common_alpha_10,38,0.4037103531332887,
SingMOS,common_alpha_10,39,0.3870755006708947,
SingMOS,common_alpha_10,40,0.3878138547596602,
SingMOS,common_alpha_10,41,0.3857999376219737,
SingMOS,common_alpha_10,42,0.3889621003704867,
SingMOS,common_alpha_10,43,0.3821182204658174,
SingMOS,common_alpha_10,44,0.3761587980420773,
SingMOS,common_alpha_10,45,0.3690000578690908,
SingMOS,common_alpha_10,46,0.3764900305553993,
SingMOS,common_alpha_10,47,0.3693416104754251,
SingMOS,common_alpha_10,48,0.4417121550292016,
SingMOS,common_alpha_10,49,0.409512469177322,
SingMOS,common_alpha_10,50,0.4202028548435663,
SingMOS,common_alpha_10,51,0.3973502693471821,
SingMOS,common_alpha_10,52,0.4006464692980606,
SingMOS,common_alpha_10,53,0.3826422742060976,
SingMOS,common_alpha_10,54,0.3955790907830901,
SingMOS,common_alpha_10,55,0.380288657647408,
SingMOS,common_alpha_10,56,0.3779945695994759,
SingMOS,common_alpha_10,57,0.3754700290972563,
SingMOS,common_alpha_10,58,0.3798618383596115,
SingMOS,common_alpha_10,59,0.3739169121609187,
SingMOS,common_alpha_10,60,0.3715161290027809,
SingMOS,common_alpha_10,61,0.3645199578400055,
SingMOS,common_alpha_10,62,0.3721041622877601,
SingMOS,common_alpha_10,63,0.3652003990012268,
SingMOS,common_alpha_10,64,0.5676173800203644,
SingMOS,common_alpha_10,65,0.4882908000589364,
SingMOS,common_alpha_10,66,0.498141594692339,
SingMOS,common_alpha_10,67,0.451056770330267,
SingMOS,common_alpha_10,68,0.43418555070755,
SingMOS,common_alpha_10,69,0.4089794438327689,
SingMOS,common_alpha_10,70,0.4252099899677186,
SingMOS,common_alpha_10,71,0.4041960942671321,
SingMOS,common_alpha_10,72,0.4101275022441118,
SingMOS,common_alpha_10,73,0.4076433429759282,
SingMOS,common_alpha_10,74,0.4099893020556414,
SingMOS,common_alpha_10,75,0.4006898609988822,
SingMOS,common_alpha_10,76,0.387522165770982,
SingMOS,common_alpha_10,77,0.3793940752784371,
SingMOS,common_alpha_10,78,0.3876591547126032,
SingMOS,common_alpha_10,79,0.379465409212018,
SingMOS,common_alpha_10,80,0.523803673600473,
SingMOS,common_alpha_10,81,0.4518167320444943,
SingMOS,common_alpha_10,82,0.4603743152811929,
SingMOS,common_alpha_10,83,0.4221320795690041,
SingMOS,common_alpha_10,84,0.4237151916298245,
SingMOS,common_alpha_10,85,0.3986819178475967,
SingMOS,common_alpha_10,86,0.4118855298293108,
SingMOS,common_alpha_10,87,0.3922854733377914,
SingMOS,common_alpha_10,88,0.3991177860795326,
SingMOS,common_alpha_10,89,0.3925483370321228,
SingMOS,common_alpha_10,90,0.3946243064484187,
SingMOS,common_alpha_10,91,0.3856406855451136,
SingMOS,common_alpha_10,92,0.3813378043885233,
SingMOS,common_alpha_10,93,0.3724231626558582,
SingMOS,common_alpha_10,94,0.3797530809223627,
SingMOS,common_alpha_10,95,0.3715510333724731,
SingMOS,common_alpha_10,96,0.4515795999069882,
SingMOS,common_alpha_10,97,0.4222621101772668,
SingMOS,common_alpha_10,98,0.4339747760162312,
SingMOS,common_alpha_10,99,0.4091129132363754,
SingMOS,common_alpha_10,100,0.4056514291232883,
SingMOS,common_alpha_10,101,0.3876543532129011,
SingMOS,common_alpha_10,102,0.4018751912103581,
SingMOS,common_alpha_10,103,0.3859780954781243,
SingMOS,common_alpha_10,104,0.3832889754205879,
SingMOS,common_alpha_10,105,0.382764213188301,
SingMOS,common_alpha_10,106,0.3872959552600737,
SingMOS,common_alpha_10,107,0.381176551566706,
SingMOS,common_alpha_10,108,0.3749768584115445,
SingMOS,common_alpha_10,109,0.3682767176188581,
SingMOS,common_alpha_10,110,0.376280340759961,
SingMOS,common_alpha_10,111,0.3693262213564159,
SingMOS,common_alpha_10,112,0.4417121550292018,
SingMOS,common_alpha_10,113,0.4095125079520703,
SingMOS,common_alpha_10,114,0.4202028592598253,
SingMOS,common_alpha_10,115,0.3973503591372576,
SingMOS,common_alpha_10,116,0.4006464794012401,
SingMOS,common_alpha_10,117,0.382642281074635,
SingMOS,common_alpha_10,118,0.395579024094735,
SingMOS,common_alpha_10,119,0.3802886376914209,
SingMOS,common_alpha_10,120,0.3779945822708701,
SingMOS,common_alpha_10,121,0.3754700381852696,
SingMOS,common_alpha_10,122,0.3798618661476091,
SingMOS,common_alpha_10,123,0.3739168828425183,
SingMOS,common_alpha_10,124,0.37151619165275,
SingMOS,common_alpha_10,125,0.3645199864152469,
SingMOS,common_alpha_10,126,0.3721041386026613,
SingMOS,common_alpha_10,127,0.3652003883096844,
SingMOS,common_alpha_10,128,0.6449921993534529,
SingMOS,common_alpha_10,129,0.522606413656111,
SingMOS,common_alpha_10,130,0.5003714033708067,
SingMOS,common_alpha_10,131,0.4541939301403991,
SingMOS,common_alpha_10,132,0.4374105330263543,
SingMOS,common_alpha_10,133,0.4097656724444998,
SingMOS,common_alpha_10,134,0.4232945451019156,
SingMOS,common_alpha_10,135,0.4016888183481255,
SingMOS,common_alpha_10,136,0.4146289626090706,
SingMOS,common_alpha_10,137,0.4134233120183712,
SingMOS,common_alpha_10,138,0.4086223398962097,
SingMOS,common_alpha_10,139,0.4000464109782996,
SingMOS,common_alpha_10,140,0.3867852541056613,
SingMOS,common_alpha_10,141,0.3782760759255989,
SingMOS,common_alpha_10,142,0.3856498366921698,
SingMOS,common_alpha_10,143,0.3772224736741499,
SingMOS,common_alpha_10,144,0.5207871436794831,
SingMOS,common_alpha_10,145,0.4482191185410026,
SingMOS,common_alpha_10,146,0.4551665247914973,
SingMOS,common_alpha_10,147,0.4189953012159741,
SingMOS,common_alpha_10,148,0.4193176662725689,
SingMOS,common_alpha_10,149,0.395487992220944,
SingMOS,common_alpha_10,150,0.4091240470347849,
SingMOS,common_alpha_10,151,0.3901008284773306,
SingMOS,common_alpha_10,152,0.3970434354497621,
SingMOS,common_alpha_10,153,0.3904686102074406,
SingMOS,common_alpha_10,154,0.3923425200387944,
SingMOS,common_alpha_10,155,0.3839665786825552,
SingMOS,common_alpha_10,156,0.3792722206226674,
SingMOS,common_alpha_10,157,0.3707434041436867,
SingMOS,common_alpha_10,158,0.3784969734045375,
SingMOS,common_alpha_10,159,0.370388546778335,
SingMOS,common_alpha_10,160,0.4482765571354629,
SingMOS,common_alpha_10,161,0.4181831873371396,
SingMOS,common_alpha_10,162,0.4259959849990098,
SingMOS,common_alpha_10,163,0.4033380849289719,
SingMOS,common_alpha_10,164,0.4006512928724283,
SingMOS,common_alpha_10,165,0.3834835064610566,
SingMOS,common_alpha_10,166,0.3968037807438774,
SingMOS,common_alpha_10,167,0.3816484743410142,
SingMOS,common_alpha_10,168,0.3802124724691882,
SingMOS,common_alpha_10,169,0.3795895663679755,
SingMOS,common_alpha_10,170,0.3829359266783513,
SingMOS,common_alpha_10,171,0.377370920372262,
SingMOS,common_alpha_10,172,0.3718181814607859,
SingMOS,common_alpha_10,173,0.3653360319109095,
SingMOS,common_alpha_10,174,0.373196629891089,
SingMOS,common_alpha_10,175,0.3663916974261074,
SingMOS,common_alpha_10,176,0.4390614618621681,
SingMOS,common_alpha_10,177,0.4082532184372712,
SingMOS,common_alpha_10,178,0.4183099414059758,
SingMOS,common_alpha_10,179,0.3962151746344465,
SingMOS,common_alpha_10,180,0.3985867460571515,
SingMOS,common_alpha_10,181,0.3811608691542079,
SingMOS,common_alpha_10,182,0.3943161533201771,
SingMOS,common_alpha_10,183,0.3792099272212195,
SingMOS,common_alpha_10,184,0.3768248497662743,
SingMOS,common_alpha_10,185,0.3746609171787721,
SingMOS,common_alpha_10,186,0.3788866589606846,
SingMOS,common_alpha_10,187,0.3731601197450469,
SingMOS,common_alpha_10,188,0.3704637758746914,
SingMOS,common_alpha_10,189,0.3636301947728464,
SingMOS,common_alpha_10,190,0.3715172254951001,
SingMOS,common_alpha_10,191,0.3645938434691609,
SingMOS,common_alpha_10,192,0.5399757255112839,
SingMOS,common_alpha_10,193,0.4730726319741316,
SingMOS,common_alpha_10,194,0.479143596690958,
SingMOS,common_alpha_10,195,0.4393677646350502,
SingMOS,common_alpha_10,196,0.4249722642186462,
SingMOS,common_alpha_10,197,0.4019815224865744,
SingMOS,common_alpha_10,198,0.4172066510090452,
SingMOS,common_alpha_10,199,0.3976376659018393,
SingMOS,common_alpha_10,200,0.4028755252351956,
SingMOS,common_alpha_10,201,0.401442394588292,
SingMOS,common_alpha_10,202,0.4027909775295472,
SingMOS,common_alpha_10,203,0.3948527024647989,
SingMOS,common_alpha_10,204,0.3830264583067363,
SingMOS,common_alpha_10,205,0.3753759366651357,
SingMOS,common_alpha_10,206,0.3835077112306223,
SingMOS,common_alpha_10,207,0.3756001232726257,
SingMOS,common_alpha_10,208,0.5164688902444449,
SingMOS,common_alpha_10,209,0.4481383331319767,
SingMOS,common_alpha_10,210,0.455166525625728,
SingMOS,common_alpha_10,211,0.4189953826615968,
SingMOS,common_alpha_10,212,0.4193176669810397,
SingMOS,common_alpha_10,213,0.3954880133254148,
SingMOS,common_alpha_10,214,0.4091240942342642,
SingMOS,common_alpha_10,215,0.3901008364010689,
SingMOS,common_alpha_10,216,0.3967595555144267,
SingMOS,common_alpha_10,217,0.3904685908540928,
SingMOS,common_alpha_10,218,0.3923425403326741,
SingMOS,common_alpha_10,219,0.3839665534030878,
SingMOS,common_alpha_10,220,0.3792722281882613,
SingMOS,common_alpha_10,221,0.3707433208471013,
SingMOS,common_alpha_10,222,0.3784969592698256,
SingMOS,common_alpha_10,223,0.3703885303985783,
SingMOS,common_alpha_10,224,0.4443422441969231,
SingMOS,common_alpha_10,225,0.4167519668180882,
SingMOS,common_alpha_10,226,0.4256607948759551,
SingMOS,common_alpha_10,227,0.4032475330640648,
SingMOS,common_alpha_10,228,0.4003015805644845,
SingMOS,common_alpha_10,229,0.3834036560363741,
SingMOS,common_alpha_10,230,0.3968007509952999,
SingMOS,common_alpha_10,231,0.3816484715036906,
SingMOS,common_alpha_10,232,0.3796507443367012,
SingMOS,common_alpha_10,233,0.3794028882906473,
SingMOS,common_alpha_10,234,0.3829307124036888,
SingMOS,common_alpha_10,235,0.3773709390183977,
SingMOS,common_alpha_10,236,0.3718182152811217,
SingMOS,common_alpha_10,237,0.3653360076448343,
SingMOS,common_alpha_10,238,0.3731965769703707,
SingMOS,common_alpha_10,239,0.3663916541211429,
SingMOS,common_alpha_10,240,0.4390614634712365,
SingMOS,common_alpha_10,241,0.4082532420717562,
SingMOS,common_alpha_10,242,0.418309952073057,
SingMOS,common_alpha_10,243,0.3962151430754689,
SingMOS,common_alpha_10,244,0.3985867216249231,
SingMOS,common_alpha_10,245,0.3811608246002497,
SingMOS,common_alpha_10,246,0.3943161373779416,
SingMOS,common_alpha_10,247,0.379209916314733,
SingMOS,common_alpha_10,248,0.3768248769286471,
SingMOS,common_alpha_10,249,0.374660803395435,
SingMOS,common_alpha_10,250,0.3788866321289068,
SingMOS,common_alpha_10,251,0.3731600518960579,
SingMOS,common_alpha_10,252,0.3704637186831722,
SingMOS,common_alpha_10,253,0.3636302494247237,
SingMOS,common_alpha_10,254,0.3715172414325315,
SingMOS,common_alpha_10,255,0.3645938678448689,
SingMOS,common_alpha_10,256,0.404323443532765,
SingMOS,common_alpha_10,257,0.3914526544860214,
SingMOS,common_alpha_10,258,0.396958153197,
SingMOS,common_alpha_10,259,0.3827687755574771,
SingMOS,common_alpha_10,260,0.3689570561391811,
SingMOS,common_alpha_10,261,0.3607508541300863,
SingMOS,common_alpha_10,262,0.3697977193899741,
SingMOS,common_alpha_10,263,0.361520127750746,
SingMOS,common_alpha_10,264,0.3777166976665783,
SingMOS,common_alpha_10,265,0.3747310571029278,
SingMOS,common_alpha_10,266,0.3777593314477789,
SingMOS,common_alpha_10,267,0.3711216647351875,
SingMOS,common_alpha_10,268,0.3594556538212731,
SingMOS,common_alpha_10,269,0.3549172170445822,
SingMOS,common_alpha_10,270,0.3610773676870713,
SingMOS,common_alpha_10,271,0.3560474275212879,
SingMOS,common_alpha_10,272,0.3759395459007786,
SingMOS,common_alpha_10,273,0.3677377422748994,
SingMOS,common_alpha_10,274,0.3759400477608005,
SingMOS,common_alpha_10,275,0.3663099420367993,
SingMOS,common_alpha_10,276,0.3605406226298592,
SingMOS,common_alpha_10,277,0.3531212153514815,
SingMOS,common_alpha_10,278,0.3620710305463551,
SingMOS,common_alpha_10,279,0.354686206368525,
SingMOS,common_alpha_10,280,0.3599250928473619,
SingMOS,common_alpha_10,281,0.3587693157716839,
SingMOS,common_alpha_10,282,0.3640662154896998,
SingMOS,common_alpha_10,283,0.3596544335228805,
SingMOS,common_alpha_10,284,0.3532168081189732,
SingMOS,common_alpha_10,285,0.3490827660136103,
SingMOS,common_alpha_10,286,0.3556645476862618,
SingMOS,common_alpha_10,287,0.3510855365329867,
SingMOS,common_alpha_10,288,0.3626319869918628,
SingMOS,common_alpha_10,289,0.3601346640295705,
SingMOS,common_alpha_10,290,0.3687702082065429,
SingMOS,common_alpha_10,291,0.3617124629214046,
SingMOS,common_alpha_10,292,0.3551041537572784,
SingMOS,common_alpha_10,293,0.3493402748751104,
SingMOS,common_alpha_10,294,0.358418782015905,
SingMOS,common_alpha_10,295,0.3520378973802307,
SingMOS,common_alpha_10,296,0.3533151891283215,
SingMOS,common_alpha_10,297,0.3543249934543262,
SingMOS,common_alpha_10,298,0.3599523316630118,
SingMOS,common_alpha_10,299,0.3566864336517166,
SingMOS,common_alpha_10,300,0.3501272694417572,
SingMOS,common_alpha_10,301,0.3468045220840305,
SingMOS,common_alpha_10,302,0.3534327165511482,
SingMOS,common_alpha_10,303,0.3493761033770046,
SingMOS,common_alpha_10,304,0.3599906874935061,
SingMOS,common_alpha_10,305,0.3565280872927756,
SingMOS,common_alpha_10,306,0.3651064019826515,
SingMOS,common_alpha_10,307,0.3583636934445828,
SingMOS,common_alpha_10,308,0.3541340878036199,
SingMOS,common_alpha_10,309,0.3481215149457897,
SingMOS,common_alpha_10,310,0.3569899929172675,
SingMOS,common_alpha_10,311,0.3506018777724073,
SingMOS,common_alpha_10,312,0.3504796027907441,
SingMOS,common_alpha_10,313,0.3512068494722139,
SingMOS,common_alpha_10,314,0.3570520657784109,
SingMOS,common_alpha_10,315,0.3540448608322239,
SingMOS,common_alpha_10,316,0.3489909774597475,
SingMOS,common_alpha_10,317,0.345574424890572,
SingMOS,common_alpha_10,318,0.3522358254444904,
SingMOS,common_alpha_10,319,0.3481904115974922,
SingMOS,common_alpha_10,320,0.3819064909127935,
SingMOS,common_alpha_10,321,0.3755804497193887,
SingMOS,common_alpha_10,322,0.3850224564829871,
SingMOS,common_alpha_10,323,0.3747307090595077,
SingMOS,common_alpha_10,324,0.3632158330769753,
SingMOS,common_alpha_10,325,0.3564708424669952,
SingMOS,common_alpha_10,326,0.366223366713591,
SingMOS,common_alpha_10,327,0.3588994876713704,
SingMOS,common_alpha_10,328,0.3654172288765472,
SingMOS,common_alpha_10,329,0.3652408039958507,
SingMOS,common_alpha_10,330,0.3710660006052296,
SingMOS,common_alpha_10,331,0.3664035432384709,
SingMOS,common_alpha_10,332,0.3560914222670422,
SingMOS,common_alpha_10,333,0.3523595557127135,
SingMOS,common_alpha_10,334,0.3593752938630484,
SingMOS,common_alpha_10,335,0.3548680463030277,
SingMOS,common_alpha_10,336,0.3756114884239789,
SingMOS,common_alpha_10,337,0.3677377408723098,
SingMOS,common_alpha_10,338,0.3759400537298358,
SingMOS,common_alpha_10,339,0.3663099396404185,
SingMOS,common_alpha_10,340,0.3605406225874715,
SingMOS,common_alpha_10,341,0.3531212253757012,
SingMOS,common_alpha_10,342,0.362071047977178,
SingMOS,common_alpha_10,343,0.3546862624557926,
SingMOS,common_alpha_10,344,0.3598827637689524,
SingMOS,common_alpha_10,345,0.3587693323872783,
SingMOS,common_alpha_10,346,0.3640662907222532,
SingMOS,common_alpha_10,347,0.3596544856944287,
SingMOS,common_alpha_10,348,0.3532168062027195,
SingMOS,common_alpha_10,349,0.3490827537774757,
SingMOS,common_alpha_10,350,0.355664497018346,
SingMOS,common_alpha_10,351,0.3510855271768623,
SingMOS,common_alpha_10,352,0.361975682402018,
SingMOS,common_alpha_10,353,0.3596633001545997,
SingMOS,common_alpha_10,354,0.3685999871959717,
SingMOS,common_alpha_10,355,0.3617124354478208,
SingMOS,common_alpha_10,356,0.3549963309445489,
SingMOS,common_alpha_10,357,0.3493275367313422,
SingMOS,common_alpha_10,358,0.3584188939030882,
SingMOS,common_alpha_10,359,0.3520379218611234,
SingMOS,common_alpha_10,360,0.3528683130518599,
SingMOS,common_alpha_10,361,0.3541066101355525,
SingMOS,common_alpha_10,362,0.3599523219188529,
SingMOS,common_alpha_10,363,0.356686422340185,
SingMOS,common_alpha_10,364,0.3501272830576811,
SingMOS,common_alpha_10,365,0.3468045007009535,
SingMOS,common_alpha_10,366,0.3534327424178907,
SingMOS,common_alpha_10,367,0.3493760680344541,
SingMOS,common_alpha_10,368,0.3599906871083441,
SingMOS,common_alpha_10,369,0.3565281062828206,
SingMOS,common_alpha_10,370,0.3651064019241914,
SingMOS,common_alpha_10,371,0.3583637130549075,
SingMOS,common_alpha_10,372,0.3541341334410704,
SingMOS,common_alpha_10,373,0.3481215365082475,
SingMOS,common_alpha_10,374,0.356990006217496,
SingMOS,common_alpha_10,375,0.350601889398297,
SingMOS,common_alpha_10,376,0.3504796244109106,
SingMOS,common_alpha_10,377,0.3512067232972982,
SingMOS,common_alpha_10,378,0.3570520440728568,
SingMOS,common_alpha_10,379,0.3540448311253012,
SingMOS,common_alpha_10,380,0.3489909829716138,
SingMOS,common_alpha_10,381,0.3455745078884136,
SingMOS,common_alpha_10,382,0.3522358522162485,
SingMOS,common_alpha_10,383,0.3481904222722549,
SingMOS,common_alpha_10,384,0.3779496590318443,
SingMOS,common_alpha_10,385,0.3747032574041368,
SingMOS,common_alpha_10,386,0.3825575056208602,
SingMOS,common_alpha_10,387,0.3728420881475626,
SingMOS,common_alpha_10,388,0.3612785150782707,
SingMOS,common_alpha_10,389,0.3546729355463689,
SingMOS,common_alpha_10,390,0.3646965661328641,
SingMOS,common_alpha_10,391,0.3572172018584441,
SingMOS,common_alpha_10,392,0.3636750784026092,
SingMOS,common_alpha_10,393,0.3645176204960583,
SingMOS,common_alpha_10,394,0.3697450925667296,
SingMOS,common_alpha_10,395,0.3650044276422145,
SingMOS,common_alpha_10,396,0.3548813921933168,
SingMOS,common_alpha_10,397,0.3510304652139722,
SingMOS,common_alpha_10,398,0.358324256445287,
SingMOS,common_alpha_10,399,0.3535459630552186,
SingMOS,common_alpha_10,400,0.373780023916049,
SingMOS,common_alpha_10,401,0.3663482813787642,
SingMOS,common_alpha_10,402,0.3753899115428315,
SingMOS,common_alpha_10,403,0.3657487377887862,
SingMOS,common_alpha_10,404,0.3599517374465803,
SingMOS,common_alpha_10,405,0.3525484877812549,
SingMOS,common_alpha_10,406,0.3620710222186303,
SingMOS,common_alpha_10,407,0.3546520242116407,
SingMOS,common_alpha_10,408,0.3586356847164377,
SingMOS,common_alpha_10,409,0.3578231738563217,
SingMOS,common_alpha_10,410,0.3638705820430019,
SingMOS,common_alpha_10,411,0.3593490780343759,
SingMOS,common_alpha_10,412,0.3529418348519175,
SingMOS,common_alpha_10,413,0.3487543797246605,
SingMOS,common_alpha_10,414,0.3556645088277916,
SingMOS,common_alpha_10,415,0.3510855180536437,
SingMOS,common_alpha_10,416,0.3584842226829511,
SingMOS,common_alpha_10,417,0.3571605926374512,
SingMOS,common_alpha_10,418,0.3662705186083302,
SingMOS,common_alpha_10,419,0.3597520834472891,
SingMOS,common_alpha_10,420,0.3533525977948985,
SingMOS,common_alpha_10,421,0.3478554520591315,
SingMOS,common_alpha_10,422,0.3575086969551537,
SingMOS,common_alpha_10,423,0.3511285802824084,
SingMOS,common_alpha_10,424,0.3506240019153617,
SingMOS,common_alpha_10,425,0.3522198059044074,
SingMOS,common_alpha_10,426,0.3585848477689768,
SingMOS,common_alpha_10,427,0.3554806954593842,
SingMOS,common_alpha_10,428,0.3490999111484955,
SingMOS,common_alpha_10,429,0.345853148517421,
SingMOS,common_alpha_10,430,0.3531483387249751,
SingMOS,common_alpha_10,431,0.3489813649915262,
SingMOS,common_alpha_10,432,0.3592144993999415,
SingMOS,common_alpha_10,433,0.355966106035964,
SingMOS,common_alpha_10,434,0.3651064361271313,
SingMOS,common_alpha_10,435,0.358264000038083,
SingMOS,common_alpha_10,436,0.3540212756689752,
SingMOS,common_alpha_10,437,0.3479171913536195,
SingMOS,common_alpha_10,438,0.3569900092475363,
SingMOS,common_alpha_10,439,0.3506018903842613,
SingMOS,common_alpha_10,440,0.3499930197055724,
SingMOS,common_alpha_10,441,0.3508026189752807,
SingMOS,common_alpha_10,442,0.3570520649531171,
SingMOS,common_alpha_10,443,0.3540449132120566,
SingMOS,common_alpha_10,444,0.3489910276414659,
SingMOS,common_alpha_10,445,0.3454900527413077,
SingMOS,common_alpha_10,446,0.3522358320677791,
SingMOS,common_alpha_10,447,0.3481903728123613,
SingMOS,common_alpha_10,448,0.3769274213450493,
SingMOS,common_alpha_10,449,0.3717701840145331,
SingMOS,common_alpha_10,450,0.3814786315182762,
SingMOS,common_alpha_10,451,0.3716165752488682,
SingMOS,common_alpha_10,452,0.3609040807719976,
SingMOS,common_alpha_10,453,0.3542673342601577,
SingMOS,common_alpha_10,454,0.3644035802875939,
SingMOS,common_alpha_10,455,0.3569913314239128,
SingMOS,common_alpha_10,456,0.3622314172989753,
SingMOS,common_alpha_10,457,0.3625002013549314,
SingMOS,common_alpha_10,458,0.3687492313467526,
SingMOS,common_alpha_10,459,0.3641528205902022,
SingMOS,common_alpha_10,460,0.3544548562163471,
SingMOS,common_alpha_10,461,0.350695433960207,
SingMOS,common_alpha_10,462,0.358118680827148,
SingMOS,common_alpha_10,463,0.353456851391528,
SingMOS,common_alpha_10,464,0.3737698026034004,
SingMOS,common_alpha_10,465,0.366348276244447,
SingMOS,common_alpha_10,466,0.375389917788486,
SingMOS,common_alpha_10,467,0.3657487325436671,
SingMOS,common_alpha_10,468,0.3599518355803991,
SingMOS,common_alpha_10,469,0.3525484449864822,
SingMOS,common_alpha_10,470,0.3620711206366893,
SingMOS,common_alpha_10,471,0.3546520459395939,
SingMOS,common_alpha_10,472,0.3586356988329693,
SingMOS,common_alpha_10,473,0.3578231412345464,
SingMOS,common_alpha_10,474,0.3638705469829627,
SingMOS,common_alpha_10,475,0.359349058821701,
SingMOS,common_alpha_10,476,0.3529417907704537,
SingMOS,common_alpha_10,477,0.348754415508867,
SingMOS,common_alpha_10,478,0.3556644995745926,
SingMOS,common_alpha_10,479,0.3510855203567298,
SingMOS,common_alpha_10,480,0.3589729439131626,
SingMOS,common_alpha_10,481,0.3571896099233231,
SingMOS,common_alpha_10,482,0.366270535862179,
SingMOS,common_alpha_10,483,0.3597520834588596,
SingMOS,common_alpha_10,484,0.3533526112052791,
SingMOS,common_alpha_10,485,0.3478554384207812,
SingMOS,common_alpha_10,486,0.3575086713762292,
SingMOS,common_alpha_10,487,0.3511285496211643,
SingMOS,common_alpha_10,488,0.350709599743891,
SingMOS,common_alpha_10,489,0.3522196766032487,
SingMOS,common_alpha_10,490,0.3585847772976844,
SingMOS,common_alpha_10,491,0.3554806571144486,
SingMOS,common_alpha_10,492,0.349099828924415,
SingMOS,common_alpha_10,493,0.3458532126813542,
SingMOS,common_alpha_10,494,0.3531483222887561,
SingMOS,common_alpha_10,495,0.3489813765976669,
SingMOS,common_alpha_10,496,0.3592145119249815,
SingMOS,common_alpha_10,497,0.3559660831189115,
SingMOS,common_alpha_10,498,0.3651064405086116,
SingMOS,common_alpha_10,499,0.3582639832245411,
SingMOS,common_alpha_10,500,0.3540212452494953,
SingMOS,common_alpha_10,501,0.3479171774880349,
SingMOS,common_alpha_10,502,0.3569900134968865,
SingMOS,common_alpha_10,503,0.3506019036805403,
SingMOS,common_alpha_10,504,0.3499929896250809,
SingMOS,common_alpha_10,505,0.3508027134281872,
SingMOS,common_alpha_10,506,0.3570520576137967,
SingMOS,common_alpha_10,507,0.3540449111783864,
SingMOS,common_alpha_10,508,0.3489909838192298,
SingMOS,common_alpha_10,509,0.3454900094894995,
SingMOS,common_alpha_10,510,0.3522358629925057,
SingMOS,common_alpha_10,511,0.3481903849163488,
SingMOS,common_alpha_10,512,0.4030244344942227,
SingMOS,common_alpha_10,513,0.3850988886723479,
SingMOS,common_alpha_10,514,0.388474141166266,
SingMOS,common_alpha_10,515,0.3747374955006127,
SingMOS,common_alpha_10,516,0.3715722592594996,
SingMOS,common_alpha_10,517,0.3603662482984134,
SingMOS,common_alpha_10,518,0.3698897124463036,
SingMOS,common_alpha_10,519,0.3594370488899165,
SingMOS,common_alpha_10,520,0.3576001723608891,
SingMOS,common_alpha_10,521,0.3581661025147719,
SingMOS,common_alpha_10,522,0.3595473017145017,
SingMOS,common_alpha_10,523,0.3564430779861471,
SingMOS,common_alpha_10,524,0.3519923299130291,
SingMOS,common_alpha_10,525,0.3477471056469798,
SingMOS,common_alpha_10,526,0.3536312462802756,
SingMOS,common_alpha_10,527,0.3487627404085343,
SingMOS,common_alpha_10,528,0.4069820138189877,
SingMOS,common_alpha_10,529,0.3849624569571933,
SingMOS,common_alpha_10,530,0.3898580062626189,
SingMOS,common_alpha_10,531,0.3747502737903697,
SingMOS,common_alpha_10,532,0.373693500367977,
SingMOS,common_alpha_10,533,0.3610454373909889,
SingMOS,common_alpha_10,534,0.3708236789994698,
SingMOS,common_alpha_10,535,0.3596773653924327,
SingMOS,common_alpha_10,536,0.3582691140846545,
SingMOS,common_alpha_10,537,0.3581484225248882,
SingMOS,common_alpha_10,538,0.3595804600372539,
SingMOS,common_alpha_10,539,0.3564430177741697,
SingMOS,common_alpha_10,540,0.3520259345027715,
SingMOS,common_alpha_10,541,0.3477471256864527,
SingMOS,common_alpha_10,542,0.3536313034233093,
SingMOS,common_alpha_10,543,0.3487627988236063,
SingMOS,common_alpha_10,544,0.3841282644859362,
SingMOS,common_alpha_10,545,0.3722455428252524,
SingMOS,common_alpha_10,546,0.3783605320866745,
SingMOS,common_alpha_10,547,0.3672728822209425,
SingMOS,common_alpha_10,548,0.3662189939476548,
SingMOS,common_alpha_10,549,0.3562781503815791,
SingMOS,common_alpha_10,550,0.3659301859641994,
SingMOS,common_alpha_10,551,0.3563769562471525,
SingMOS,common_alpha_10,552,0.3521153797487334,
SingMOS,common_alpha_10,553,0.3529968426537018,
SingMOS,common_alpha_10,554,0.3555972762120254,
SingMOS,common_alpha_10,555,0.3530762639599271,
SingMOS,common_alpha_10,556,0.3498730060484635,
SingMOS,common_alpha_10,557,0.3459360323520534,
SingMOS,common_alpha_10,558,0.3519565674612645,
SingMOS,common_alpha_10,559,0.3473951601198729,
SingMOS,common_alpha_10,560,0.3851508161623345,
SingMOS,common_alpha_10,561,0.3722455432224804,
SingMOS,common_alpha_10,562,0.378360518754083,
SingMOS,common_alpha_10,563,0.3672728859621307,
SingMOS,common_alpha_10,564,0.3664327834022846,
SingMOS,common_alpha_10,565,0.3562781652153822,
SingMOS,common_alpha_10,566,0.3659303019737496,
SingMOS,common_alpha_10,567,0.3563768735862965,
SingMOS,common_alpha_10,568,0.3521153799182661,
SingMOS,common_alpha_10,569,0.3529968765031389,
SingMOS,common_alpha_10,570,0.3555972509148738,
SingMOS,common_alpha_10,571,0.3530762043095554,
SingMOS,common_alpha_10,572,0.3498730836160699,
SingMOS,common_alpha_10,573,0.345935967146649,
SingMOS,common_alpha_10,574,0.3519565715901397,
SingMOS,common_alpha_10,575,0.3473951255659813,
SingMOS,common_alpha_10,576,0.4035951096519965,
SingMOS,common_alpha_10,577,0.3850988886723479,
SingMOS,common_alpha_10,578,0.3884741411662661,
SingMOS,common_alpha_10,579,0.3747374088409007,
SingMOS,common_alpha_10,580,0.3715722592595001,
SingMOS,common_alpha_10,581,0.3603662371202029,
SingMOS,common_alpha_10,582,0.3698897095075133,
SingMOS,common_alpha_10,583,0.3594370636860696,
SingMOS,common_alpha_10,584,0.3576001723608891,
SingMOS,common_alpha_10,585,0.35816609796047,
SingMOS,common_alpha_10,586,0.359547323899793,
SingMOS,common_alpha_10,587,0.3564430748735488,
SingMOS,common_alpha_10,588,0.3519923291149392,
SingMOS,common_alpha_10,589,0.34774710954687,
SingMOS,common_alpha_10,590,0.3536312767574823,
SingMOS,common_alpha_10,591,0.3487627243515234,
SingMOS,common_alpha_10,592,0.4069820138189881,
SingMOS,common_alpha_10,593,0.3849624468449817,
SingMOS,common_alpha_10,594,0.3898580099440444,
SingMOS,common_alpha_10,595,0.3747502801895068,
SingMOS,common_alpha_10,596,0.3736934929263653,
SingMOS,common_alpha_10,597,0.3610455185198921,
SingMOS,common_alpha_10,598,0.3708237286566726,
SingMOS,common_alpha_10,599,0.3596773928371729,
SingMOS,common_alpha_10,600,0.3582691227871025,
SingMOS,common_alpha_10,601,0.3581484441529207,
SingMOS,common_alpha_10,602,0.3595804989002182,
SingMOS,common_alpha_10,603,0.3564430689307258,
SingMOS,common_alpha_10,604,0.3520259602677961,
SingMOS,common_alpha_10,605,0.3477471147634218,
SingMOS,common_alpha_10,606,0.3536312729780949,
SingMOS,common_alpha_10,607,0.3487627563986099,
SingMOS,common_alpha_10,608,0.3841282644859362,
SingMOS,common_alpha_10,609,0.3722455439672714,
SingMOS,common_alpha_10,610,0.3783605155508782,
SingMOS,common_alpha_10,611,0.3672729232948555,
SingMOS,common_alpha_10,612,0.3662189893835128,
SingMOS,common_alpha_10,613,0.3562781591633482,
SingMOS,common_alpha_10,614,0.3659302977222037,
SingMOS,common_alpha_10,615,0.3563769445185465,
SingMOS,common_alpha_10,616,0.352115379809855,
SingMOS,common_alpha_10,617,0.3529968494866237,
SingMOS,common_alpha_10,618,0.3555972888464258,
SingMOS,common_alpha_10,619,0.3530763158926077,
SingMOS,common_alpha_10,620,0.3498730265844517,
SingMOS,common_alpha_10,621,0.3459360361393088,
SingMOS,common_alpha_10,622,0.3519565620762616,
SingMOS,common_alpha_10,623,0.3473951284897817,
SingMOS,common_alpha_10,624,0.3851508143844582,
SingMOS,common_alpha_10,625,0.3722455376957914,
SingMOS,common_alpha_10,626,0.3783605296553172,
SingMOS,common_alpha_10,627,0.3672728884872343,
SingMOS,common_alpha_10,628,0.3664327738021586,
SingMOS,common_alpha_10,629,0.3562781646861319,
SingMOS,common_alpha_10,630,0.3659302676712935,
SingMOS,common_alpha_10,631,0.3563769520394036,
SingMOS,common_alpha_10,632,0.3521153797994516,
SingMOS,common_alpha_10,633,0.3529969455855463,
SingMOS,common_alpha_10,634,0.3555972999423463,
SingMOS,common_alpha_10,635,0.3530762676980022,
SingMOS,common_alpha_10,636,0.3498730916945064,
SingMOS,common_alpha_10,637,0.345936012525495,
SingMOS,common_alpha_10,638,0.3519565243713434,
SingMOS,common_alpha_10,639,0.3473951109300265,
SingMOS,common_alpha_10,640,0.3979597273303118,
SingMOS,common_alpha_10,641,0.3818789918462042,
SingMOS,common_alpha_10,642,0.3855059107552049,
SingMOS,common_alpha_10,643,0.3729120956446759,
SingMOS,common_alpha_10,644,0.3695811361605374,
SingMOS,common_alpha_10,645,0.3590399394500612,
SingMOS,common_alpha_10,646,0.3685490063594106,
SingMOS,common_alpha_10,647,0.3584967152185416,
SingMOS,common_alpha_10,648,0.3560665939493661,
SingMOS,common_alpha_10,649,0.3569388197042913,
SingMOS,common_alpha_10,650,0.3585769182191421,
SingMOS,common_alpha_10,651,0.3557888903603781,
SingMOS,common_alpha_10,652,0.3513038125216354,
SingMOS,common_alpha_10,653,0.3472397686258046,
SingMOS,common_alpha_10,654,0.3533791541986276,
SingMOS,common_alpha_10,655,0.3485783590625427,
SingMOS,common_alpha_10,656,0.4020859622243488,
SingMOS,common_alpha_10,657,0.3823003707343188,
SingMOS,common_alpha_10,658,0.3872269189994102,
SingMOS,common_alpha_10,659,0.3730577326438793,
SingMOS,common_alpha_10,660,0.3713207180898008,
SingMOS,common_alpha_10,661,0.3593442716755444,
SingMOS,common_alpha_10,662,0.3693718031380749,
SingMOS,common_alpha_10,663,0.358496712702276,
SingMOS,common_alpha_10,664,0.3563422062400343,
SingMOS,common_alpha_10,665,0.3569388258080884,
SingMOS,common_alpha_10,666,0.358576918069952,
SingMOS,common_alpha_10,667,0.355788880054314,
SingMOS,common_alpha_10,668,0.3513038379230262,
SingMOS,common_alpha_10,669,0.3472397591189829,
SingMOS,common_alpha_10,670,0.3533791112516892,
SingMOS,common_alpha_10,671,0.3485783448764018,
SingMOS,common_alpha_10,672,0.3832660419877651,
SingMOS,common_alpha_10,673,0.3716573812953997,
SingMOS,common_alpha_10,674,0.3776078071154795,
SingMOS,common_alpha_10,675,0.3668130274789465,
SingMOS,common_alpha_10,676,0.3655629170880914,
SingMOS,common_alpha_10,677,0.3558518723883343,
SingMOS,common_alpha_10,678,0.3655452077502147,
SingMOS,common_alpha_10,679,0.3560864848736482,
SingMOS,common_alpha_10,680,0.3517349341488353,
SingMOS,common_alpha_10,681,0.3526988989230991,
SingMOS,common_alpha_10,682,0.3554394150769105,
SingMOS,common_alpha_10,683,0.3529568713814475,
SingMOS,common_alpha_10,684,0.3496767011601354,
SingMOS,common_alpha_10,685,0.3457852780884597,
SingMOS,common_alpha_10,686,0.3519565735870003,
SingMOS,common_alpha_10,687,0.3473951009262125,
SingMOS,common_alpha_10,688,0.3832660381458095,
SingMOS,common_alpha_10,689,0.3716573810553166,
SingMOS,common_alpha_10,690,0.3776077779451879,
SingMOS,common_alpha_10,691,0.3668130256634866,
SingMOS,common_alpha_10,692,0.365563020180265,
SingMOS,common_alpha_10,693,0.3558518366196427,
SingMOS,common_alpha_10,694,0.3655451697053267,
SingMOS,common_alpha_10,695,0.3560864954048832,
SingMOS,common_alpha_10,696,0.3517349344398816,
SingMOS,common_alpha_10,697,0.352698894248157,
SingMOS,common_alpha_10,698,0.3554393969038529,
SingMOS,common_alpha_10,699,0.3529567778520781,
SingMOS,common_alpha_10,700,0.3496766800662529,
SingMOS,common_alpha_10,701,0.3457853239321192,
SingMOS,common_alpha_10,702,0.3519564587293784,
SingMOS,common_alpha_10,703,0.3473951207321556,
SingMOS,common_alpha_10,704,0.3979597273303119,
SingMOS,common_alpha_10,705,0.3818790378310397,
SingMOS,common_alpha_10,706,0.3855059276391196,
SingMOS,common_alpha_10,707,0.3729121030478892,
SingMOS,common_alpha_10,708,0.3695811349479054,
SingMOS,common_alpha_10,709,0.3590400226279511,
SingMOS,common_alpha_10,710,0.368549066527342,
SingMOS,common_alpha_10,711,0.3584967327386166,
SingMOS,common_alpha_10,712,0.3560665948078738,
SingMOS,common_alpha_10,713,0.3569388209538426,
SingMOS,common_alpha_10,714,0.3585769129683512,
SingMOS,common_alpha_10,715,0.3557889187354916,
SingMOS,common_alpha_10,716,0.3513038312212843,
SingMOS,common_alpha_10,717,0.3472397665933274,
SingMOS,common_alpha_10,718,0.3533791415239402,
SingMOS,common_alpha_10,719,0.3485783230411443,
SingMOS,common_alpha_10,720,0.4020858920689229,
SingMOS,common_alpha_10,721,0.3823003855503278,
SingMOS,common_alpha_10,722,0.3872268977221234,
SingMOS,common_alpha_10,723,0.3730577144571305,
SingMOS,common_alpha_10,724,0.3713207247059339,
SingMOS,common_alpha_10,725,0.3593442031665074,
SingMOS,common_alpha_10,726,0.3693717589351991,
SingMOS,common_alpha_10,727,0.358496703730715,
SingMOS,common_alpha_10,728,0.3563422085462347,
SingMOS,common_alpha_10,729,0.3569387113912323,
SingMOS,common_alpha_10,730,0.3585768870362187,
SingMOS,common_alpha_10,731,0.3557888798713707,
SingMOS,common_alpha_10,732,0.3513038542780262,
SingMOS,common_alpha_10,733,0.3472397919175491,
SingMOS,common_alpha_10,734,0.3533791479760911,
SingMOS,common_alpha_10,735,0.3485783892905792,
SingMOS,common_alpha_10,736,0.383266040498215,
SingMOS,common_alpha_10,737,0.3716573833094007,
SingMOS,common_alpha_10,738,0.3776078329415496,
SingMOS,common_alpha_10,739,0.3668130281187491,
SingMOS,common_alpha_10,740,0.365562921263688,
SingMOS,common_alpha_10,741,0.3558518844558662,
SingMOS,common_alpha_10,742,0.3655451952779869,
SingMOS,common_alpha_10,743,0.3560864691109581,
SingMOS,common_alpha_10,744,0.3517349337851095,
SingMOS,common_alpha_10,745,0.3526988717514666,
SingMOS,common_alpha_10,746,0.3554393812552955,
SingMOS,common_alpha_10,747,0.3529567881848687,
SingMOS,common_alpha_10,748,0.3496767443819648,
SingMOS,common_alpha_10,749,0.3457852885613047,
SingMOS,common_alpha_10,750,0.3519565905267143,
SingMOS,common_alpha_10,751,0.3473951062924912,
SingMOS,common_alpha_10,752,0.38326603677115,
SingMOS,common_alpha_10,753,0.3716572756664849,
SingMOS,common_alpha_10,754,0.377607794869868,
SingMOS,common_alpha_10,755,0.3668130231104057,
SingMOS,common_alpha_10,756,0.3655629393001361,
SingMOS,common_alpha_10,757,0.3558518835872363,
SingMOS,common_alpha_10,758,0.3655451692944299,
SingMOS,common_alpha_10,759,0.3560864894516769,
SingMOS,common_alpha_10,760,0.3517349425193058,
SingMOS,common_alpha_10,761,0.3526988853512308,
SingMOS,common_alpha_10,762,0.3554394016429795,
SingMOS,common_alpha_10,763,0.3529568084886578,
SingMOS,common_alpha_10,764,0.3496766440757053,
SingMOS,common_alpha_10,765,0.3457852831162115,
SingMOS,common_alpha_10,766,0.3519566022494566,
SingMOS,common_alpha_10,767,0.3473951409601586,
SingMOS,common_alpha_10,768,0.3451971526908011,
SingMOS,common_alpha_10,769,0.3441782285187927,
SingMOS,common_alpha_10,770,0.3496498190718613,
SingMOS,common_alpha_10,771,0.3451465325865718,
SingMOS,common_alpha_10,772,0.3401034946891202,
SingMOS,common_alpha_10,773,0.3361710725317378,
SingMOS,common_alpha_10,774,0.3433913717002504,
SingMOS,common_alpha_10,775,0.3385128036530044,
SingMOS,common_alpha_10,776,0.33782656373724,
SingMOS,common_alpha_10,777,0.3394436128031243,
SingMOS,common_alpha_10,778,0.3431799197579846,
SingMOS,common_alpha_10,779,0.3413110912469337,
SingMOS,common_alpha_10,780,0.3366836303526838,
SingMOS,common_alpha_10,781,0.3343894823777417,
SingMOS,common_alpha_10,782,0.3398857441983815,
SingMOS,common_alpha_10,783,0.3366708819924382,
SingMOS,common_alpha_10,784,0.3455599365313185,
SingMOS,common_alpha_10,785,0.3441782289472361,
SingMOS,common_alpha_10,786,0.3496497560070785,
SingMOS,common_alpha_10,787,0.345146520572642,
SingMOS,common_alpha_10,788,0.340103500964175,
SingMOS,common_alpha_10,789,0.3361710776108565,
SingMOS,common_alpha_10,790,0.3433914078890075,
SingMOS,common_alpha_10,791,0.3385128253179393,
SingMOS,common_alpha_10,792,0.3378265678953875,
SingMOS,common_alpha_10,793,0.3394435167806547,
SingMOS,common_alpha_10,794,0.3431799166819097,
SingMOS,common_alpha_10,795,0.3413111829844513,
SingMOS,common_alpha_10,796,0.3366837491587743,
SingMOS,common_alpha_10,797,0.3343894829546735,
SingMOS,common_alpha_10,798,0.3398858708698357,
SingMOS,common_alpha_10,799,0.3366708701399685,
SingMOS,common_alpha_10,800,0.3412128301648542,
SingMOS,common_alpha_10,801,0.3410166213038224,
SingMOS,common_alpha_10,802,0.3467842327056251,
SingMOS,common_alpha_10,803,0.3431131008965414,
SingMOS,common_alpha_10,804,0.3389150711895727,
SingMOS,common_alpha_10,805,0.3352376527220309,
SingMOS,common_alpha_10,806,0.3424433818770744,
SingMOS,common_alpha_10,807,0.3378484809477303,
SingMOS,common_alpha_10,808,0.3355065903705196,
SingMOS,common_alpha_10,809,0.3375827746617331,
SingMOS,common_alpha_10,810,0.3415372420740231,
SingMOS,common_alpha_10,811,0.3402082221704496,
SingMOS,common_alpha_10,812,0.3360346649452195,
SingMOS,common_alpha_10,813,0.3339487850799817,
SingMOS,common_alpha_10,814,0.3394724915516119,
SingMOS,common_alpha_10,815,0.3364765231876077,
SingMOS,common_alpha_10,816,0.3412128260979814,
SingMOS,common_alpha_10,817,0.3410166648410083,
SingMOS,common_alpha_10,818,0.3467843148433924,
SingMOS,common_alpha_10,819,0.3431130826220505,
SingMOS,common_alpha_10,820,0.3389150709179477,
SingMOS,common_alpha_10,821,0.3352375895967611,
SingMOS,common_alpha_10,822,0.3424433064174995,
SingMOS,common_alpha_10,823,0.3378484659830663,
SingMOS,common_alpha_10,824,0.335506593050248,
SingMOS,common_alpha_10,825,0.3375827430681304,
SingMOS,common_alpha_10,826,0.3415371677757937,
SingMOS,common_alpha_10,827,0.3402082513281897,
SingMOS,common_alpha_10,828,0.3360346563605342,
SingMOS,common_alpha_10,829,0.3339488478905979,
SingMOS,common_alpha_10,830,0.3394724688135341,
SingMOS,common_alpha_10,831,0.3364765393820683,
SingMOS,common_alpha_10,832,0.3451971526908011,
SingMOS,common_alpha_10,833,0.3441782524937465,
SingMOS,common_alpha_10,834,0.3496498130125022,
SingMOS,common_alpha_10,835,0.3451465688532171,
SingMOS,common_alpha_10,836,0.3401034640234102,
SingMOS,common_alpha_10,837,0.3361710895187706,
SingMOS,common_alpha_10,838,0.343391375074372,
SingMOS,common_alpha_10,839,0.3385127682753577,
SingMOS,common_alpha_10,840,0.3378265636916344,
SingMOS,common_alpha_10,841,0.3394435285032215,
SingMOS,common_alpha_10,842,0.3431799082115333,
SingMOS,common_alpha_10,843,0.341311099795285,
SingMOS,common_alpha_10,844,0.3366836860966942,
SingMOS,common_alpha_10,845,0.3343894855245669,
SingMOS,common_alpha_10,846,0.3398858657326553,
SingMOS,common_alpha_10,847,0.3366708709063427,
SingMOS,common_alpha_10,848,0.3455599270788018,
SingMOS,common_alpha_10,849,0.3441782368175989,
SingMOS,common_alpha_10,850,0.3496498132876195,
SingMOS,common_alpha_10,851,0.3451465151714361,
SingMOS,common_alpha_10,852,0.3401034954527426,
SingMOS,common_alpha_10,853,0.3361710681730998,
SingMOS,common_alpha_10,854,0.3433913762295877,
SingMOS,common_alpha_10,855,0.3385127105794748,
SingMOS,common_alpha_10,856,0.3378265507436037,
SingMOS,common_alpha_10,857,0.339443522486318,
SingMOS,common_alpha_10,858,0.3431799085877378,
SingMOS,common_alpha_10,859,0.3413111037787265,
SingMOS,common_alpha_10,860,0.3366836519549702,
SingMOS,common_alpha_10,861,0.3343894578777298,
SingMOS,common_alpha_10,862,0.3398858468196611,
SingMOS,common_alpha_10,863,0.3366708637346799,
SingMOS,common_alpha_10,864,0.3412128234339981,
SingMOS,common_alpha_10,865,0.3410166159645257,
SingMOS,common_alpha_10,866,0.3467842049507298,
SingMOS,common_alpha_10,867,0.3431131249168747,
SingMOS,common_alpha_10,868,0.3389150878000087,
SingMOS,common_alpha_10,869,0.3352376511321084,
SingMOS,common_alpha_10,870,0.3424433878593779,
SingMOS,common_alpha_10,871,0.3378484584793824,
SingMOS,common_alpha_10,872,0.3355065884920676,
SingMOS,common_alpha_10,873,0.3375827330434055,
SingMOS,common_alpha_10,874,0.3415372137173513,
SingMOS,common_alpha_10,875,0.3402082074392861,
SingMOS,common_alpha_10,876,0.3360346633544445,
SingMOS,common_alpha_10,877,0.3339488044274863,
SingMOS,common_alpha_10,878,0.3394725135004171,
SingMOS,common_alpha_10,879,0.336476544803128,
SingMOS,common_alpha_10,880,0.3412128234963532,
SingMOS,common_alpha_10,881,0.341016612177586,
SingMOS,common_alpha_10,882,0.3467842336830454,
SingMOS,common_alpha_10,883,0.3431131116211465,
SingMOS,common_alpha_10,884,0.3389150757400411,
SingMOS,common_alpha_10,885,0.3352376309506916,
SingMOS,common_alpha_10,886,0.3424433758478153,
SingMOS,common_alpha_10,887,0.3378484638075972,
SingMOS,common_alpha_10,888,0.3355065923478162,
SingMOS,common_alpha_10,889,0.3375827546641798,
SingMOS,common_alpha_10,890,0.3415372193092266,
SingMOS,common_alpha_10,891,0.3402081919153442,
SingMOS,common_alpha_10,892,0.3360346612598623,
SingMOS,common_alpha_10,893,0.3339488381000842,
SingMOS,common_alpha_10,894,0.339472479581732,
SingMOS,common_alpha_10,895,0.3364765906784672,
SingMOS,common_alpha_10,896,0.3443862229457259,
SingMOS,common_alpha_10,897,0.3437865118517103,
SingMOS,common_alpha_10,898,0.3496498169468747,
SingMOS,common_alpha_10,899,0.3451465421985277,
SingMOS,common_alpha_10,900,0.3401034934465619,
SingMOS,common_alpha_10,901,0.3361710763704706,
SingMOS,common_alpha_10,902,0.3433913916294767,
SingMOS,common_alpha_10,903,0.3385128196621599,
SingMOS,common_alpha_10,904,0.3376056164660907,
SingMOS,common_alpha_10,905,0.3394200905053656,
SingMOS,common_alpha_10,906,0.3431799130646182,
SingMOS,common_alpha_10,907,0.3413111128287141,
SingMOS,common_alpha_10,908,0.3366836541888678,
SingMOS,common_alpha_10,909,0.3343894818184473,
SingMOS,common_alpha_10,910,0.3398858671727596,
SingMOS,common_alpha_10,911,0.3366708700477743,
SingMOS,common_alpha_10,912,0.3444732010344034,
SingMOS,common_alpha_10,913,0.34378649330151,
SingMOS,common_alpha_10,914,0.3496498101992725,
SingMOS,common_alpha_10,915,0.3451465058961567,
SingMOS,common_alpha_10,916,0.3401034897092689,
SingMOS,common_alpha_10,917,0.3361710783648937,
SingMOS,common_alpha_10,918,0.3433913772674304,
SingMOS,common_alpha_10,919,0.3385128350252132,
SingMOS,common_alpha_10,920,0.3376056178551401,
SingMOS,common_alpha_10,921,0.3394200334807525,
SingMOS,common_alpha_10,922,0.3431799813274846,
SingMOS,common_alpha_10,923,0.3413110879551816,
SingMOS,common_alpha_10,924,0.3366837381777796,
SingMOS,common_alpha_10,925,0.334389496337923,
SingMOS,common_alpha_10,926,0.3398858978554094,
SingMOS,common_alpha_10,927,0.3366708896381049,
SingMOS,common_alpha_10,928,0.3411605137863331,
SingMOS,common_alpha_10,929,0.3410166003774843,
SingMOS,common_alpha_10,930,0.346784212954504,
SingMOS,common_alpha_10,931,0.3431131030481122,
SingMOS,common_alpha_10,932,0.3389150861796023,
SingMOS,common_alpha_10,933,0.3352376495331195,
SingMOS,common_alpha_10,934,0.3424433907811249,
SingMOS,common_alpha_10,935,0.3378484712771211,
SingMOS,common_alpha_10,936,0.3355065913922357,
SingMOS,common_alpha_10,937,0.3375827462489378,
SingMOS,common_alpha_10,938,0.3415372286737169,
SingMOS,common_alpha_10,939,0.3402082141200984,
SingMOS,common_alpha_10,940,0.3360346826980425,
SingMOS,common_alpha_10,941,0.3339488128040981,
SingMOS,common_alpha_10,942,0.3394725144862155,
SingMOS,common_alpha_10,943,0.3364765349308158,
SingMOS,common_alpha_10,944,0.3411605170177142,
SingMOS,common_alpha_10,945,0.3410166195460777,
SingMOS,common_alpha_10,946,0.3467842437373788,
SingMOS,common_alpha_10,947,0.3431130770513452,
SingMOS,common_alpha_10,948,0.3389150783091539,
SingMOS,common_alpha_10,949,0.3352376416702326,
SingMOS,common_alpha_10,950,0.3424433270271989,
SingMOS,common_alpha_10,951,0.337848466217051,
SingMOS,common_alpha_10,952,0.3355065926253147,
SingMOS,common_alpha_10,953,0.3375827370913235,
SingMOS,common_alpha_10,954,0.3415372243543764,
SingMOS,common_alpha_10,955,0.3402081914509668,
SingMOS,common_alpha_10,956,0.3360346527871725,
SingMOS,common_alpha_10,957,0.3339488359836086,
SingMOS,common_alpha_10,958,0.3394724811049451,
SingMOS,common_alpha_10,959,0.3364765604609316,
SingMOS,common_alpha_10,960,0.3443862104328083,
SingMOS,common_alpha_10,961,0.343786539168178,
SingMOS,common_alpha_10,962,0.3496498217754646,
SingMOS,common_alpha_10,963,0.3451465994914783,
SingMOS,common_alpha_10,964,0.3401034765976274,
SingMOS,common_alpha_10,965,0.3361710972319009,
SingMOS,common_alpha_10,966,0.3433913785209483,
SingMOS,common_alpha_10,967,0.3385127899532077,
SingMOS,common_alpha_10,968,0.3376056187137483,
SingMOS,common_alpha_10,969,0.3394200466332067,
SingMOS,common_alpha_10,970,0.3431799067729006,
SingMOS,common_alpha_10,971,0.3413110842451937,
SingMOS,common_alpha_10,972,0.3366836605729253,
SingMOS,common_alpha_10,973,0.3343894802977248,
SingMOS,common_alpha_10,974,0.3398858627611118,
SingMOS,common_alpha_10,975,0.3366708585273807,
SingMOS,common_alpha_10,976,0.344473185683703,
SingMOS,common_alpha_10,977,0.3437865074326077,
SingMOS,common_alpha_10,978,0.3496498104735192,
SingMOS,common_alpha_10,979,0.3451465282702196,
SingMOS,common_alpha_10,980,0.3401034944809694,
SingMOS,common_alpha_10,981,0.3361710963450454,
SingMOS,common_alpha_10,982,0.3433913779122017,
SingMOS,common_alpha_10,983,0.3385128070775096,
SingMOS,common_alpha_10,984,0.3376056419421896,
SingMOS,common_alpha_10,985,0.3394201129323964,
SingMOS,common_alpha_10,986,0.343179920819048,
SingMOS,common_alpha_10,987,0.3413110787590627,
SingMOS,common_alpha_10,988,0.3366836496538784,
SingMOS,common_alpha_10,989,0.3343894857398072,
SingMOS,common_alpha_10,990,0.3398858021475898,
SingMOS,common_alpha_10,991,0.3366708762384586,
SingMOS,common_alpha_10,992,0.3411605149771892,
SingMOS,common_alpha_10,993,0.341016602922676,
SingMOS,common_alpha_10,994,0.3467842319169596,
SingMOS,common_alpha_10,995,0.3431131236527053,
SingMOS,common_alpha_10,996,0.3389150814519931,
SingMOS,common_alpha_10,997,0.335237656462485,
SingMOS,common_alpha_10,998,0.3424433983720767,
SingMOS,common_alpha_10,999,0.3378484778734625,
SingMOS,common_alpha_10,1000,0.3355065911634952,
SingMOS,common_alpha_10,1001,0.3375827433038902,
SingMOS,common_alpha_10,1002,0.3415372786350176,
SingMOS,common_alpha_10,1003,0.3402082036036088,
SingMOS,common_alpha_10,1004,0.3360346369669947,
SingMOS,common_alpha_10,1005,0.3339487586035474,
SingMOS,common_alpha_10,1006,0.3394724486799189,
SingMOS,common_alpha_10,1007,0.3364765163231363,
SingMOS,common_alpha_10,1008,0.3411605152100107,
SingMOS,common_alpha_10,1009,0.3410166182038347,
SingMOS,common_alpha_10,1010,0.3467842180702137,
SingMOS,common_alpha_10,1011,0.3431131909996062,
SingMOS,common_alpha_10,1012,0.3389150768926118,
SingMOS,common_alpha_10,1013,0.3352377303945069,
SingMOS,common_alpha_10,1014,0.3424433548260875,
SingMOS,common_alpha_10,1015,0.3378484782511349,
SingMOS,common_alpha_10,1016,0.3355065934592008,
SingMOS,common_alpha_10,1017,0.337582650147999,
SingMOS,common_alpha_10,1018,0.3415371571305457,
SingMOS,common_alpha_10,1019,0.3402081288545836,
SingMOS,common_alpha_10,1020,0.3360346754764585,
SingMOS,common_alpha_10,1021,0.3339487616774687,
SingMOS,common_alpha_10,1022,0.3394725390111737,
SingMOS,common_alpha_10,1023,0.3364765317307449,
SingMOS,common_alpha_100,1,0.4832969719719313,
SingMOS,common_alpha_100,2,0.5243081276738487,
SingMOS,common_alpha_100,3,0.4231601460160618,
SingMOS,common_alpha_100,4,0.4269731276848066,
SingMOS,common_alpha_100,5,0.3900911905140239,
SingMOS,common_alpha_100,6,0.4105602489123778,
SingMOS,common_alpha_100,7,0.3844001893899024,
SingMOS,common_alpha_100,8,0.3774613332992637,
SingMOS,common_alpha_100,9,0.3673564865385425,
SingMOS,common_alpha_100,10,0.3711675856947253,
SingMOS,common_alpha_100,11,0.3613165512506978,
SingMOS,common_alpha_100,12,0.3525170239862514,
SingMOS,common_alpha_100,13,0.349613924979426,
SingMOS,common_alpha_100,14,0.3542144417594021,
SingMOS,common_alpha_100,15,0.3498969715240969,
SingMOS,common_alpha_100,16,0.52964463238348,
SingMOS,common_alpha_100,17,0.4168380360933901,
SingMOS,common_alpha_100,18,0.4375873561425197,
SingMOS,common_alpha_100,19,0.3974408965658191,
SingMOS,common_alpha_100,20,0.4052522378950618,
SingMOS,common_alpha_100,21,0.380048682824758,
SingMOS,common_alpha_100,22,0.3965065334681716,
SingMOS,common_alpha_100,23,0.3770409323758817,
SingMOS,common_alpha_100,24,0.3618994577523704,
SingMOS,common_alpha_100,25,0.360570977612353,
SingMOS,common_alpha_100,26,0.3637544991332043,
SingMOS,common_alpha_100,27,0.358320622291617,
SingMOS,common_alpha_100,28,0.350645820831711,
SingMOS,common_alpha_100,29,0.3487366048040652,
SingMOS,common_alpha_100,30,0.3533402466140017,
SingMOS,common_alpha_100,31,0.3497289550866772,
SingMOS,common_alpha_100,32,0.4559059106045793,
SingMOS,common_alpha_100,33,0.4004909040771361,
SingMOS,common_alpha_100,34,0.4227973762099678,
SingMOS,common_alpha_100,35,0.3893081063333405,
SingMOS,common_alpha_100,36,0.3923116734976944,
SingMOS,common_alpha_100,37,0.3734554035131978,
SingMOS,common_alpha_100,38,0.3898859730689405,
SingMOS,common_alpha_100,39,0.3727130154655941,
SingMOS,common_alpha_100,40,0.3551776053172235,
SingMOS,common_alpha_100,41,0.3570287949865346,
SingMOS,common_alpha_100,42,0.3610373166305502,
SingMOS,common_alpha_100,43,0.3564245696177744,
SingMOS,common_alpha_100,44,0.3487316217794212,
SingMOS,common_alpha_100,45,0.347715850340936,
SingMOS,common_alpha_100,46,0.3524309632428521,
SingMOS,common_alpha_100,47,0.349198570847776,
SingMOS,common_alpha_100,48,0.4381732835873272,
SingMOS,common_alpha_100,49,0.3951572484104162,
SingMOS,common_alpha_100,50,0.4124396996740968,
SingMOS,common_alpha_100,51,0.3859313677124614,
SingMOS,common_alpha_100,52,0.3911992509946173,
SingMOS,common_alpha_100,53,0.372887664729941,
SingMOS,common_alpha_100,54,0.3880436550811697,
SingMOS,common_alpha_100,55,0.3719138437475741,
SingMOS,common_alpha_100,56,0.3535062482382261,
SingMOS,common_alpha_100,57,0.3562283937360466,
SingMOS,common_alpha_100,58,0.3596791704783792,
SingMOS,common_alpha_100,59,0.3560071113228407,
SingMOS,common_alpha_100,60,0.348654471744611,
SingMOS,common_alpha_100,61,0.3476715914908251,
SingMOS,common_alpha_100,62,0.3523410613392049,
SingMOS,common_alpha_100,63,0.3491985557995265,
SingMOS,common_alpha_100,64,0.5657415690462414,
SingMOS,common_alpha_100,65,0.433886306015027,
SingMOS,common_alpha_100,66,0.4686661492944472,
SingMOS,common_alpha_100,67,0.4113312691998856,
SingMOS,common_alpha_100,68,0.4116232477841336,
SingMOS,common_alpha_100,69,0.3855260712985494,
SingMOS,common_alpha_100,70,0.4054870444100784,
SingMOS,common_alpha_100,71,0.3831832336165183,
SingMOS,common_alpha_100,72,0.3663545410275002,
SingMOS,common_alpha_100,73,0.3652035359115241,
SingMOS,common_alpha_100,74,0.3700818976596609,
SingMOS,common_alpha_100,75,0.3613165756469969,
SingMOS,common_alpha_100,76,0.3525170239862514,
SingMOS,common_alpha_100,77,0.3496139253000973,
SingMOS,common_alpha_100,78,0.3542144417586017,
SingMOS,common_alpha_100,79,0.3498970312287786,
SingMOS,common_alpha_100,80,0.5241269296534298,
SingMOS,common_alpha_100,81,0.4168380360933899,
SingMOS,common_alpha_100,82,0.4375873561425197,
SingMOS,common_alpha_100,83,0.3974408940314689,
SingMOS,common_alpha_100,84,0.4052522378950619,
SingMOS,common_alpha_100,85,0.380048681967787,
SingMOS,common_alpha_100,86,0.3965065336479628,
SingMOS,common_alpha_100,87,0.3770409309721653,
SingMOS,common_alpha_100,88,0.3618994577523704,
SingMOS,common_alpha_100,89,0.360570976871195,
SingMOS,common_alpha_100,90,0.3637544744202066,
SingMOS,common_alpha_100,91,0.3583206230904073,
SingMOS,common_alpha_100,92,0.3506458202521101,
SingMOS,common_alpha_100,93,0.3487366037190801,
SingMOS,common_alpha_100,94,0.3533402458058579,
SingMOS,common_alpha_100,95,0.3497288910323983,
SingMOS,common_alpha_100,96,0.4452484744742207,
SingMOS,common_alpha_100,97,0.4000829105885204,
SingMOS,common_alpha_100,98,0.422653487020563,
SingMOS,common_alpha_100,99,0.3893080798274343,
SingMOS,common_alpha_100,100,0.3923116734976947,
SingMOS,common_alpha_100,101,0.3734554078675928,
SingMOS,common_alpha_100,102,0.3898859730750632,
SingMOS,common_alpha_100,103,0.3727130132568461,
SingMOS,common_alpha_100,104,0.3550910716425239,
SingMOS,common_alpha_100,105,0.3570287847620632,
SingMOS,common_alpha_100,106,0.3610373117716752,
SingMOS,common_alpha_100,107,0.3564246621214361,
SingMOS,common_alpha_100,108,0.348731626819122,
SingMOS,common_alpha_100,109,0.3477158423762248,
SingMOS,common_alpha_100,110,0.3524309423855173,
SingMOS,common_alpha_100,111,0.3491985647845527,
SingMOS,common_alpha_100,112,0.4381732835873271,
SingMOS,common_alpha_100,113,0.3951572483676439,
SingMOS,common_alpha_100,114,0.4124396859626527,
SingMOS,common_alpha_100,115,0.3859314042673681,
SingMOS,common_alpha_100,116,0.391199305639706,
SingMOS,common_alpha_100,117,0.3728876392556491,
SingMOS,common_alpha_100,118,0.3880436939235174,
SingMOS,common_alpha_100,119,0.3719138035163831,
SingMOS,common_alpha_100,120,0.3535062497269047,
SingMOS,common_alpha_100,121,0.3562284536460601,
SingMOS,common_alpha_100,122,0.3596792064413856,
SingMOS,common_alpha_100,123,0.3560070452848983,
SingMOS,common_alpha_100,124,0.34865451336344,
SingMOS,common_alpha_100,125,0.3476715973484923,
SingMOS,common_alpha_100,126,0.3523410672619692,
SingMOS,common_alpha_100,127,0.3491985513776857,
SingMOS,common_alpha_100,128,0.5936239628802794,
SingMOS,common_alpha_100,129,0.4285670023966022,
SingMOS,common_alpha_100,130,0.4506555534096944,
SingMOS,common_alpha_100,131,0.4029614040275068,
SingMOS,common_alpha_100,132,0.4016707793041654,
SingMOS,common_alpha_100,133,0.3794656701024393,
SingMOS,common_alpha_100,134,0.3956922834063509,
SingMOS,common_alpha_100,135,0.3768741819108285,
SingMOS,common_alpha_100,136,0.3651627248118169,
SingMOS,common_alpha_100,137,0.3624854160156227,
SingMOS,common_alpha_100,138,0.3666482277942846,
SingMOS,common_alpha_100,139,0.3594440944992973,
SingMOS,common_alpha_100,140,0.3504737913177342,
SingMOS,common_alpha_100,141,0.3486407049298257,
SingMOS,common_alpha_100,142,0.3538608076790236,
SingMOS,common_alpha_100,143,0.3497694709216472,
SingMOS,common_alpha_100,144,0.5132309150026287,
SingMOS,common_alpha_100,145,0.4132028424625105,
SingMOS,common_alpha_100,146,0.4328543392046448,
SingMOS,common_alpha_100,147,0.3954954393376783,
SingMOS,common_alpha_100,148,0.4004160200344479,
SingMOS,common_alpha_100,149,0.3778190103881328,
SingMOS,common_alpha_100,150,0.3938301653735847,
SingMOS,common_alpha_100,151,0.3754378699852514,
SingMOS,common_alpha_100,152,0.3609871969495132,
SingMOS,common_alpha_100,153,0.3600811573114554,
SingMOS,common_alpha_100,154,0.3636814907169312,
SingMOS,common_alpha_100,155,0.3581616772907555,
SingMOS,common_alpha_100,156,0.3502432886044611,
SingMOS,common_alpha_100,157,0.3484518275975727,
SingMOS,common_alpha_100,158,0.3533402403130938,
SingMOS,common_alpha_100,159,0.3497123523611389,
SingMOS,common_alpha_100,160,0.439655681622888,
SingMOS,common_alpha_100,161,0.395971617468747,
SingMOS,common_alpha_100,162,0.4136132722150141,
SingMOS,common_alpha_100,163,0.3862456204447206,
SingMOS,common_alpha_100,164,0.3872182937342888,
SingMOS,common_alpha_100,165,0.3714147988414666,
SingMOS,common_alpha_100,166,0.3861119372559122,
SingMOS,common_alpha_100,167,0.370879011359092,
SingMOS,common_alpha_100,168,0.3536375220065103,
SingMOS,common_alpha_100,169,0.3563805517702216,
SingMOS,common_alpha_100,170,0.3604733595785568,
SingMOS,common_alpha_100,171,0.3561626907089919,
SingMOS,common_alpha_100,172,0.3482514550204695,
SingMOS,common_alpha_100,173,0.3474929771190259,
SingMOS,common_alpha_100,174,0.3524309062276921,
SingMOS,common_alpha_100,175,0.3491985646382144,
SingMOS,common_alpha_100,176,0.4362205168354717,
SingMOS,common_alpha_100,177,0.3943338416010843,
SingMOS,common_alpha_100,178,0.4107256952014447,
SingMOS,common_alpha_100,179,0.38519449099978,
SingMOS,common_alpha_100,180,0.3887902699207158,
SingMOS,common_alpha_100,181,0.37179167242288,
SingMOS,common_alpha_100,182,0.3866058553812601,
SingMOS,common_alpha_100,183,0.3710270349646513,
SingMOS,common_alpha_100,184,0.3532414442524356,
SingMOS,common_alpha_100,185,0.3560808520013953,
SingMOS,common_alpha_100,186,0.3596792103970573,
SingMOS,common_alpha_100,187,0.3559714860111833,
SingMOS,common_alpha_100,188,0.3484623351446558,
SingMOS,common_alpha_100,189,0.3475102131315875,
SingMOS,common_alpha_100,190,0.3523409322957824,
SingMOS,common_alpha_100,191,0.3491985310756977,
SingMOS,common_alpha_100,192,0.5341471529748144,
SingMOS,common_alpha_100,193,0.4248935858429066,
SingMOS,common_alpha_100,194,0.4482608893685162,
SingMOS,common_alpha_100,195,0.4029613963981798,
SingMOS,common_alpha_100,196,0.4014464672101238,
SingMOS,common_alpha_100,197,0.379465670599141,
SingMOS,common_alpha_100,198,0.3956922879982357,
SingMOS,common_alpha_100,199,0.3768741767717073,
SingMOS,common_alpha_100,200,0.3637268485812399,
SingMOS,common_alpha_100,201,0.3624853853528989,
SingMOS,common_alpha_100,202,0.3666482320738313,
SingMOS,common_alpha_100,203,0.3594440933553491,
SingMOS,common_alpha_100,204,0.3504737676281563,
SingMOS,common_alpha_100,205,0.3486406875291587,
SingMOS,common_alpha_100,206,0.3538608452805837,
SingMOS,common_alpha_100,207,0.3497694307549029,
SingMOS,common_alpha_100,208,0.5132309150026287,
SingMOS,common_alpha_100,209,0.4132027914436656,
SingMOS,common_alpha_100,210,0.4328543418608664,
SingMOS,common_alpha_100,211,0.3954953470619337,
SingMOS,common_alpha_100,212,0.4004160623345827,
SingMOS,common_alpha_100,213,0.3778189702075438,
SingMOS,common_alpha_100,214,0.3938301122002431,
SingMOS,common_alpha_100,215,0.3754378839520843,
SingMOS,common_alpha_100,216,0.3609871901898928,
SingMOS,common_alpha_100,217,0.3600811883165736,
SingMOS,common_alpha_100,218,0.3636815012661377,
SingMOS,common_alpha_100,219,0.358161670653442,
SingMOS,common_alpha_100,220,0.3502432906743216,
SingMOS,common_alpha_100,221,0.3484517673609925,
SingMOS,common_alpha_100,222,0.3533402475854698,
SingMOS,common_alpha_100,223,0.3497125014227534,
SingMOS,common_alpha_100,224,0.439655681622888,
SingMOS,common_alpha_100,225,0.3959717253208916,
SingMOS,common_alpha_100,226,0.4136132400434313,
SingMOS,common_alpha_100,227,0.3862455870345113,
SingMOS,common_alpha_100,228,0.3872183595737553,
SingMOS,common_alpha_100,229,0.3714148119664606,
SingMOS,common_alpha_100,230,0.3861119313373092,
SingMOS,common_alpha_100,231,0.3708790034416469,
SingMOS,common_alpha_100,232,0.3536375215577466,
SingMOS,common_alpha_100,233,0.3563806133640461,
SingMOS,common_alpha_100,234,0.3604733959446698,
SingMOS,common_alpha_100,235,0.3561626835397099,
SingMOS,common_alpha_100,236,0.3482514690241579,
SingMOS,common_alpha_100,237,0.3474929424487634,
SingMOS,common_alpha_100,238,0.3524309650523651,
SingMOS,common_alpha_100,239,0.3491985887167611,
SingMOS,common_alpha_100,240,0.4362205222612633,
SingMOS,common_alpha_100,241,0.3943337553425238,
SingMOS,common_alpha_100,242,0.4107257005152183,
SingMOS,common_alpha_100,243,0.3851945119937117,
SingMOS,common_alpha_100,244,0.3887902846999547,
SingMOS,common_alpha_100,245,0.3717916552170059,
SingMOS,common_alpha_100,246,0.3866058374102485,
SingMOS,common_alpha_100,247,0.3710268857502825,
SingMOS,common_alpha_100,248,0.3532414414215216,
SingMOS,common_alpha_100,249,0.3560808468749124,
SingMOS,common_alpha_100,250,0.3596792018963761,
SingMOS,common_alpha_100,251,0.3559715881648602,
SingMOS,common_alpha_100,252,0.348462320308625,
SingMOS,common_alpha_100,253,0.3475103051901967,
SingMOS,common_alpha_100,254,0.352341042954349,
SingMOS,common_alpha_100,255,0.3491985405548733,
SingMOS,common_alpha_100,256,0.3794825982557362,
SingMOS,common_alpha_100,257,0.3648314773623728,
SingMOS,common_alpha_100,258,0.3713931956935796,
SingMOS,common_alpha_100,259,0.3597046698101788,
SingMOS,common_alpha_100,260,0.3531006604362951,
SingMOS,common_alpha_100,261,0.3492220315626715,
SingMOS,common_alpha_100,262,0.3547623652146697,
SingMOS,common_alpha_100,263,0.3494772883559499,
SingMOS,common_alpha_100,264,0.3510767659695129,
SingMOS,common_alpha_100,265,0.3496483073981051,
SingMOS,common_alpha_100,266,0.3521688369650586,
SingMOS,common_alpha_100,267,0.3478721852988287,
SingMOS,common_alpha_100,268,0.3401546152952254,
SingMOS,common_alpha_100,269,0.340132080837542,
SingMOS,common_alpha_100,270,0.3428391032917098,
SingMOS,common_alpha_100,271,0.3409799442194263,
SingMOS,common_alpha_100,272,0.369213534057744,
SingMOS,common_alpha_100,273,0.362084583148827,
SingMOS,common_alpha_100,274,0.367858276582139,
SingMOS,common_alpha_100,275,0.3593361170578905,
SingMOS,common_alpha_100,276,0.3525690466994408,
SingMOS,common_alpha_100,277,0.3492220250074609,
SingMOS,common_alpha_100,278,0.3547623645848692,
SingMOS,common_alpha_100,279,0.3494772836676352,
SingMOS,common_alpha_100,280,0.34757803167424,
SingMOS,common_alpha_100,281,0.3493200026152862,
SingMOS,common_alpha_100,282,0.3519773431861097,
SingMOS,common_alpha_100,283,0.3478721718027044,
SingMOS,common_alpha_100,284,0.3401546188091228,
SingMOS,common_alpha_100,285,0.3401321287015153,
SingMOS,common_alpha_100,286,0.3428391152092585,
SingMOS,common_alpha_100,287,0.3409798943290416,
SingMOS,common_alpha_100,288,0.3589620267351935,
SingMOS,common_alpha_100,289,0.3577770242636013,
SingMOS,common_alpha_100,290,0.3632223031727034,
SingMOS,common_alpha_100,291,0.3568628379424781,
SingMOS,common_alpha_100,292,0.3501673313648593,
SingMOS,common_alpha_100,293,0.3483688104850388,
SingMOS,common_alpha_100,294,0.3537654527281602,
SingMOS,common_alpha_100,295,0.3494773019282616,
SingMOS,common_alpha_100,296,0.3435371808111415,
SingMOS,common_alpha_100,297,0.3474462854092092,
SingMOS,common_alpha_100,298,0.3498741224245194,
SingMOS,common_alpha_100,299,0.3478721707629217,
SingMOS,common_alpha_100,300,0.3400414827922378,
SingMOS,common_alpha_100,301,0.3401321601357376,
SingMOS,common_alpha_100,302,0.3428391044910023,
SingMOS,common_alpha_100,303,0.34097990920879,
SingMOS,common_alpha_100,304,0.3585416682296978,
SingMOS,common_alpha_100,305,0.357697089867606,
SingMOS,common_alpha_100,306,0.3630417149113747,
SingMOS,common_alpha_100,307,0.3568628433334602,
SingMOS,common_alpha_100,308,0.3501672931278545,
SingMOS,common_alpha_100,309,0.3483688042563678,
SingMOS,common_alpha_100,310,0.3537654668333848,
SingMOS,common_alpha_100,311,0.3494772932230511,
SingMOS,common_alpha_100,312,0.3433161084798679,
SingMOS,common_alpha_100,313,0.3474463297048679,
SingMOS,common_alpha_100,314,0.3498740774502337,
SingMOS,common_alpha_100,315,0.3478721623527193,
SingMOS,common_alpha_100,316,0.3400414769470339,
SingMOS,common_alpha_100,317,0.3401321319310411,
SingMOS,common_alpha_100,318,0.342839111346862,
SingMOS,common_alpha_100,319,0.3409799440080641,
SingMOS,common_alpha_100,320,0.3734030878841262,
SingMOS,common_alpha_100,321,0.3648314773623725,
SingMOS,common_alpha_100,322,0.3713931956935796,
SingMOS,common_alpha_100,323,0.3597046796902844,
SingMOS,common_alpha_100,324,0.3531006604362951,
SingMOS,common_alpha_100,325,0.3492220262821169,
SingMOS,common_alpha_100,326,0.3547623544660553,
SingMOS,common_alpha_100,327,0.3494772950713099,
SingMOS,common_alpha_100,328,0.3500117058519845,
SingMOS,common_alpha_100,329,0.3496483069560392,
SingMOS,common_alpha_100,330,0.3521688367028923,
SingMOS,common_alpha_100,331,0.3478721343160756,
SingMOS,common_alpha_100,332,0.3401546223927864,
SingMOS,common_alpha_100,333,0.3401321419880355,
SingMOS,common_alpha_100,334,0.3428391182595561,
SingMOS,common_alpha_100,335,0.340979901421116,
SingMOS,common_alpha_100,336,0.369213534057744,
SingMOS,common_alpha_100,337,0.3620845438174834,
SingMOS,common_alpha_100,338,0.3678582369758221,
SingMOS,common_alpha_100,339,0.3593361263942018,
SingMOS,common_alpha_100,340,0.3525690050826345,
SingMOS,common_alpha_100,341,0.3492220277879278,
SingMOS,common_alpha_100,342,0.3547623660182289,
SingMOS,common_alpha_100,343,0.3494773148251544,
SingMOS,common_alpha_100,344,0.3475780346959436,
SingMOS,common_alpha_100,345,0.3493200792247762,
SingMOS,common_alpha_100,346,0.3519773401210465,
SingMOS,common_alpha_100,347,0.3478721956304987,
SingMOS,common_alpha_100,348,0.3401546185362065,
SingMOS,common_alpha_100,349,0.3401321265197748,
SingMOS,common_alpha_100,350,0.3428391066942797,
SingMOS,common_alpha_100,351,0.3409799185692264,
SingMOS,common_alpha_100,352,0.3589620267351934,
SingMOS,common_alpha_100,353,0.3577769935650529,
SingMOS,common_alpha_100,354,0.3632223032324096,
SingMOS,common_alpha_100,355,0.3568628553906586,
SingMOS,common_alpha_100,356,0.3501673269929727,
SingMOS,common_alpha_100,357,0.3483688050976859,
SingMOS,common_alpha_100,358,0.3537654529876798,
SingMOS,common_alpha_100,359,0.3494773407702546,
SingMOS,common_alpha_100,360,0.3435371926983364,
SingMOS,common_alpha_100,361,0.3474463240182324,
SingMOS,common_alpha_100,362,0.3498740677366609,
SingMOS,common_alpha_100,363,0.347872169333926,
SingMOS,common_alpha_100,364,0.3400414787632633,
SingMOS,common_alpha_100,365,0.3401321310547166,
SingMOS,common_alpha_100,366,0.3428391071129693,
SingMOS,common_alpha_100,367,0.3409798735510956,
SingMOS,common_alpha_100,368,0.3585416687567025,
SingMOS,common_alpha_100,369,0.3576970998276778,
SingMOS,common_alpha_100,370,0.3630417192722088,
SingMOS,common_alpha_100,371,0.3568628426866894,
SingMOS,common_alpha_100,372,0.3501673294343009,
SingMOS,common_alpha_100,373,0.3483688209689918,
SingMOS,common_alpha_100,374,0.3537654783305787,
SingMOS,common_alpha_100,375,0.3494772842878464,
SingMOS,common_alpha_100,376,0.3433161046297689,
SingMOS,common_alpha_100,377,0.3474463532636921,
SingMOS,common_alpha_100,378,0.3498740803226731,
SingMOS,common_alpha_100,379,0.3478722418905353,
SingMOS,common_alpha_100,380,0.3400414800293063,
SingMOS,common_alpha_100,381,0.3401321330687655,
SingMOS,common_alpha_100,382,0.3428391092051262,
SingMOS,common_alpha_100,383,0.3409798860620781,
SingMOS,common_alpha_100,384,0.3685591033387836,
SingMOS,common_alpha_100,385,0.3624080361677071,
SingMOS,common_alpha_100,386,0.3697943975440099,
SingMOS,common_alpha_100,387,0.3597046789877553,
SingMOS,common_alpha_100,388,0.3523221128348793,
SingMOS,common_alpha_100,389,0.3492220787379672,
SingMOS,common_alpha_100,390,0.3547623618491043,
SingMOS,common_alpha_100,391,0.3494772793379546,
SingMOS,common_alpha_100,392,0.3484395038847586,
SingMOS,common_alpha_100,393,0.3495440171436064,
SingMOS,common_alpha_100,394,0.3521688361681128,
SingMOS,common_alpha_100,395,0.3478721638800915,
SingMOS,common_alpha_100,396,0.3401546129639946,
SingMOS,common_alpha_100,397,0.3401321241127344,
SingMOS,common_alpha_100,398,0.3428391096143434,
SingMOS,common_alpha_100,399,0.3409798884336242,
SingMOS,common_alpha_100,400,0.3678044065563555,
SingMOS,common_alpha_100,401,0.3616205184986475,
SingMOS,common_alpha_100,402,0.3678582422527676,
SingMOS,common_alpha_100,403,0.3593361281778747,
SingMOS,common_alpha_100,404,0.3525428375894403,
SingMOS,common_alpha_100,405,0.3492220748540132,
SingMOS,common_alpha_100,406,0.3547623698158049,
SingMOS,common_alpha_100,407,0.3494773194452751,
SingMOS,common_alpha_100,408,0.3475621428470979,
SingMOS,common_alpha_100,409,0.349320118325388,
SingMOS,common_alpha_100,410,0.3519773385000798,
SingMOS,common_alpha_100,411,0.3478721616939194,
SingMOS,common_alpha_100,412,0.34015462162929,
SingMOS,common_alpha_100,413,0.3401321272564921,
SingMOS,common_alpha_100,414,0.3428391043110958,
SingMOS,common_alpha_100,415,0.340979910844824,
SingMOS,common_alpha_100,416,0.3575436026326558,
SingMOS,common_alpha_100,417,0.3575454756982442,
SingMOS,common_alpha_100,418,0.3632223043883141,
SingMOS,common_alpha_100,419,0.3568628422223248,
SingMOS,common_alpha_100,420,0.350167322641409,
SingMOS,common_alpha_100,421,0.3483688040545788,
SingMOS,common_alpha_100,422,0.3537654564038548,
SingMOS,common_alpha_100,423,0.349477280192102,
SingMOS,common_alpha_100,424,0.3434823095441146,
SingMOS,common_alpha_100,425,0.3474463136321451,
SingMOS,common_alpha_100,426,0.3498740906215605,
SingMOS,common_alpha_100,427,0.3478721619824121,
SingMOS,common_alpha_100,428,0.3400414824918602,
SingMOS,common_alpha_100,429,0.3401321277369091,
SingMOS,common_alpha_100,430,0.3428391084259265,
SingMOS,common_alpha_100,431,0.340979910808567,
SingMOS,common_alpha_100,432,0.3582405075706162,
SingMOS,common_alpha_100,433,0.3575578202983208,
SingMOS,common_alpha_100,434,0.3630417286029606,
SingMOS,common_alpha_100,435,0.3568628490986016,
SingMOS,common_alpha_100,436,0.3501673542914461,
SingMOS,common_alpha_100,437,0.3483688324111486,
SingMOS,common_alpha_100,438,0.3537654654370078,
SingMOS,common_alpha_100,439,0.3494772835035497,
SingMOS,common_alpha_100,440,0.3433161018790268,
SingMOS,common_alpha_100,441,0.3474463640675949,
SingMOS,common_alpha_100,442,0.3498740742490683,
SingMOS,common_alpha_100,443,0.3478721867877064,
SingMOS,common_alpha_100,444,0.3400414783220996,
SingMOS,common_alpha_100,445,0.3401320555977212,
SingMOS,common_alpha_100,446,0.3428391127537887,
SingMOS,common_alpha_100,447,0.3409799151539306,
SingMOS,common_alpha_100,448,0.3689120850099943,
SingMOS,common_alpha_100,449,0.3624080392101351,
SingMOS,common_alpha_100,450,0.3697944091582977,
SingMOS,common_alpha_100,451,0.3597046132980644,
SingMOS,common_alpha_100,452,0.3523220759642377,
SingMOS,common_alpha_100,453,0.3492220312429129,
SingMOS,common_alpha_100,454,0.3547623736470696,
SingMOS,common_alpha_100,455,0.3494773108106285,
SingMOS,common_alpha_100,456,0.3484394952903596,
SingMOS,common_alpha_100,457,0.3495439684527788,
SingMOS,common_alpha_100,458,0.3521688361481012,
SingMOS,common_alpha_100,459,0.3478721312725401,
SingMOS,common_alpha_100,460,0.3401546202263969,
SingMOS,common_alpha_100,461,0.3401321221687007,
SingMOS,common_alpha_100,462,0.3428391050954105,
SingMOS,common_alpha_100,463,0.34097990794205,
SingMOS,common_alpha_100,464,0.3678043786731879,
SingMOS,common_alpha_100,465,0.3616205299174898,
SingMOS,common_alpha_100,466,0.3678581559875689,
SingMOS,common_alpha_100,467,0.3593361438986118,
SingMOS,common_alpha_100,468,0.3525428671519167,
SingMOS,common_alpha_100,469,0.349222023685901,
SingMOS,common_alpha_100,470,0.3547623692530406,
SingMOS,common_alpha_100,471,0.3494773104761567,
SingMOS,common_alpha_100,472,0.3475621442527229,
SingMOS,common_alpha_100,473,0.3493200647060454,
SingMOS,common_alpha_100,474,0.3519773485942435,
SingMOS,common_alpha_100,475,0.3478721556591775,
SingMOS,common_alpha_100,476,0.3401546185364464,
SingMOS,common_alpha_100,477,0.3401321339324933,
SingMOS,common_alpha_100,478,0.3428391365048738,
SingMOS,common_alpha_100,479,0.3409799198567209,
SingMOS,common_alpha_100,480,0.3575435986984676,
SingMOS,common_alpha_100,481,0.3575454527088782,
SingMOS,common_alpha_100,482,0.3632222972194674,
SingMOS,common_alpha_100,483,0.3568628435365867,
SingMOS,common_alpha_100,484,0.3501673247803943,
SingMOS,common_alpha_100,485,0.3483688316865115,
SingMOS,common_alpha_100,486,0.3537654530014993,
SingMOS,common_alpha_100,487,0.3494773056946644,
SingMOS,common_alpha_100,488,0.3434822963988299,
SingMOS,common_alpha_100,489,0.3474463063729193,
SingMOS,common_alpha_100,490,0.3498740696223877,
SingMOS,common_alpha_100,491,0.3478721939098339,
SingMOS,common_alpha_100,492,0.340041481762082,
SingMOS,common_alpha_100,493,0.3401321771228346,
SingMOS,common_alpha_100,494,0.3428391037825478,
SingMOS,common_alpha_100,495,0.3409799111259627,
SingMOS,common_alpha_100,496,0.3582405159375395,
SingMOS,common_alpha_100,497,0.3575578138629313,
SingMOS,common_alpha_100,498,0.3630417372681421,
SingMOS,common_alpha_100,499,0.3568629152101745,
SingMOS,common_alpha_100,500,0.3501673330839163,
SingMOS,common_alpha_100,501,0.348368825110732,
SingMOS,common_alpha_100,502,0.3537654675990712,
SingMOS,common_alpha_100,503,0.3494772814907007,
SingMOS,common_alpha_100,504,0.3433161039078579,
SingMOS,common_alpha_100,505,0.3474463285585643,
SingMOS,common_alpha_100,506,0.3498740920315739,
SingMOS,common_alpha_100,507,0.3478722219211964,
SingMOS,common_alpha_100,508,0.3400414627548316,
SingMOS,common_alpha_100,509,0.3401321996462489,
SingMOS,common_alpha_100,510,0.342839106472673,
SingMOS,common_alpha_100,511,0.3409799206264004,
SingMOS,common_alpha_100,512,0.404885060035944,
SingMOS,common_alpha_100,513,0.3744071029486685,
SingMOS,common_alpha_100,514,0.3891450928778386,
SingMOS,common_alpha_100,515,0.3685964988284583,
SingMOS,common_alpha_100,516,0.371011574010938,
SingMOS,common_alpha_100,517,0.3586905867876059,
SingMOS,common_alpha_100,518,0.3712026644185679,
SingMOS,common_alpha_100,519,0.3587971297600915,
SingMOS,common_alpha_100,520,0.340725248506915,
SingMOS,common_alpha_100,521,0.3444607708414131,
SingMOS,common_alpha_100,522,0.3473036623015851,
SingMOS,common_alpha_100,523,0.3450207790193178,
SingMOS,common_alpha_100,524,0.3393219701315707,
SingMOS,common_alpha_100,525,0.3393776177042175,
SingMOS,common_alpha_100,526,0.3431999376953957,
SingMOS,common_alpha_100,527,0.340909676958371,
SingMOS,common_alpha_100,528,0.4082236070283261,
SingMOS,common_alpha_100,529,0.3744071029486684,
SingMOS,common_alpha_100,530,0.3891450928778386,
SingMOS,common_alpha_100,531,0.3685964789946667,
SingMOS,common_alpha_100,532,0.3710116233162172,
SingMOS,common_alpha_100,533,0.3586905994410554,
SingMOS,common_alpha_100,534,0.3712026659031231,
SingMOS,common_alpha_100,535,0.3587971202870252,
SingMOS,common_alpha_100,536,0.340725248506915,
SingMOS,common_alpha_100,537,0.3444606567438865,
SingMOS,common_alpha_100,538,0.3473036108182226,
SingMOS,common_alpha_100,539,0.3450207556907442,
SingMOS,common_alpha_100,540,0.3393219043114083,
SingMOS,common_alpha_100,541,0.33937770372997,
SingMOS,common_alpha_100,542,0.3431998301892442,
SingMOS,common_alpha_100,543,0.3409096703615168,
SingMOS,common_alpha_100,544,0.3863518825892714,
SingMOS,common_alpha_100,545,0.3691233664412031,
SingMOS,common_alpha_100,546,0.3821727700267958,
SingMOS,common_alpha_100,547,0.3661072403706467,
SingMOS,common_alpha_100,548,0.3679218930820102,
SingMOS,common_alpha_100,549,0.3574642701672111,
SingMOS,common_alpha_100,550,0.3694357395241313,
SingMOS,common_alpha_100,551,0.358171538738214,
SingMOS,common_alpha_100,552,0.3392331231566413,
SingMOS,common_alpha_100,553,0.3444276017848736,
SingMOS,common_alpha_100,554,0.3471067889930267,
SingMOS,common_alpha_100,555,0.3450207546720272,
SingMOS,common_alpha_100,556,0.3393219686722482,
SingMOS,common_alpha_100,557,0.3393776661627397,
SingMOS,common_alpha_100,558,0.3431999111471241,
SingMOS,common_alpha_100,559,0.3409096615482259,
SingMOS,common_alpha_100,560,0.3863518825892714,
SingMOS,common_alpha_100,561,0.3691233941243886,
SingMOS,common_alpha_100,562,0.382172788504626,
SingMOS,common_alpha_100,563,0.366107292062275,
SingMOS,common_alpha_100,564,0.3679219022572011,
SingMOS,common_alpha_100,565,0.3574642924331914,
SingMOS,common_alpha_100,566,0.3694357512453351,
SingMOS,common_alpha_100,567,0.3581715439527282,
SingMOS,common_alpha_100,568,0.3392331125315706,
SingMOS,common_alpha_100,569,0.3444276014896102,
SingMOS,common_alpha_100,570,0.3471068249914071,
SingMOS,common_alpha_100,571,0.3450207682753125,
SingMOS,common_alpha_100,572,0.3393219701306423,
SingMOS,common_alpha_100,573,0.3393777110038884,
SingMOS,common_alpha_100,574,0.3431999056080437,
SingMOS,common_alpha_100,575,0.3409096604450561,
SingMOS,common_alpha_100,576,0.404885060035944,
SingMOS,common_alpha_100,577,0.3744071029486683,
SingMOS,common_alpha_100,578,0.3891450928778387,
SingMOS,common_alpha_100,579,0.3685964936322167,
SingMOS,common_alpha_100,580,0.3710115740109383,
SingMOS,common_alpha_100,581,0.3586905867218363,
SingMOS,common_alpha_100,582,0.3712026640436526,
SingMOS,common_alpha_100,583,0.3587971114765672,
SingMOS,common_alpha_100,584,0.3407252485069148,
SingMOS,common_alpha_100,585,0.3444606610581384,
SingMOS,common_alpha_100,586,0.3473036613697415,
SingMOS,common_alpha_100,587,0.3450207516351734,
SingMOS,common_alpha_100,588,0.3393219701315896,
SingMOS,common_alpha_100,589,0.3393776353176552,
SingMOS,common_alpha_100,590,0.3431999672395738,
SingMOS,common_alpha_100,591,0.3409097182455541,
SingMOS,common_alpha_100,592,0.408223607028326,
SingMOS,common_alpha_100,593,0.3744071029486683,
SingMOS,common_alpha_100,594,0.3891450928778386,
SingMOS,common_alpha_100,595,0.3685964035805997,
SingMOS,common_alpha_100,596,0.3710115740109381,
SingMOS,common_alpha_100,597,0.3586905713064038,
SingMOS,common_alpha_100,598,0.3712026612215495,
SingMOS,common_alpha_100,599,0.3587971122798851,
SingMOS,common_alpha_100,600,0.3407252485069149,
SingMOS,common_alpha_100,601,0.3444606593960818,
SingMOS,common_alpha_100,602,0.347303640901557,
SingMOS,common_alpha_100,603,0.3450207600401637,
SingMOS,common_alpha_100,604,0.3393219699066116,
SingMOS,common_alpha_100,605,0.3393776447880858,
SingMOS,common_alpha_100,606,0.3431999220286303,
SingMOS,common_alpha_100,607,0.3409096562764712,
SingMOS,common_alpha_100,608,0.3863518825892714,
SingMOS,common_alpha_100,609,0.3691233385122877,
SingMOS,common_alpha_100,610,0.3821727617378667,
SingMOS,common_alpha_100,611,0.3661073083154899,
SingMOS,common_alpha_100,612,0.3679219050104169,
SingMOS,common_alpha_100,613,0.3574642811518651,
SingMOS,common_alpha_100,614,0.3694357571176886,
SingMOS,common_alpha_100,615,0.3581714962929654,
SingMOS,common_alpha_100,616,0.3392331364616338,
SingMOS,common_alpha_100,617,0.3444276174576608,
SingMOS,common_alpha_100,618,0.347106777237013,
SingMOS,common_alpha_100,619,0.3450208149034301,
SingMOS,common_alpha_100,620,0.3393219585490105,
SingMOS,common_alpha_100,621,0.3393776788449578,
SingMOS,common_alpha_100,622,0.3431999366174081,
SingMOS,common_alpha_100,623,0.3409096056605713,
SingMOS,common_alpha_100,624,0.3863518825892714,
SingMOS,common_alpha_100,625,0.369123347851932,
SingMOS,common_alpha_100,626,0.3821727850027345,
SingMOS,common_alpha_100,627,0.3661073082358242,
SingMOS,common_alpha_100,628,0.3679218896425336,
SingMOS,common_alpha_100,629,0.3574643474105661,
SingMOS,common_alpha_100,630,0.3694357635750868,
SingMOS,common_alpha_100,631,0.3581714991398164,
SingMOS,common_alpha_100,632,0.3392331197557513,
SingMOS,common_alpha_100,633,0.3444276186193434,
SingMOS,common_alpha_100,634,0.3471068664230022,
SingMOS,common_alpha_100,635,0.3450208171161483,
SingMOS,common_alpha_100,636,0.3393219693824785,
SingMOS,common_alpha_100,637,0.3393776617257899,
SingMOS,common_alpha_100,638,0.3431999302202898,
SingMOS,common_alpha_100,639,0.3409096375509204,
SingMOS,common_alpha_100,640,0.4014856293474956,
SingMOS,common_alpha_100,641,0.3738429357602992,
SingMOS,common_alpha_100,642,0.387312652966842,
SingMOS,common_alpha_100,643,0.3682839296309996,
SingMOS,common_alpha_100,644,0.3700207046866742,
SingMOS,common_alpha_100,645,0.3585297411462505,
SingMOS,common_alpha_100,646,0.3706868047546707,
SingMOS,common_alpha_100,647,0.3586883268642483,
SingMOS,common_alpha_100,648,0.3406937015877729,
SingMOS,common_alpha_100,649,0.3444606613477146,
SingMOS,common_alpha_100,650,0.347303656064267,
SingMOS,common_alpha_100,651,0.3450207772058593,
SingMOS,common_alpha_100,652,0.3393219701387577,
SingMOS,common_alpha_100,653,0.3393776517439444,
SingMOS,common_alpha_100,654,0.343199903522596,
SingMOS,common_alpha_100,655,0.3409096501704259,
SingMOS,common_alpha_100,656,0.4017598432342788,
SingMOS,common_alpha_100,657,0.3738429353280968,
SingMOS,common_alpha_100,658,0.3873126649171927,
SingMOS,common_alpha_100,659,0.3682840022970634,
SingMOS,common_alpha_100,660,0.3700207012042574,
SingMOS,common_alpha_100,661,0.3585297669193459,
SingMOS,common_alpha_100,662,0.3706868349866511,
SingMOS,common_alpha_100,663,0.3586883179176759,
SingMOS,common_alpha_100,664,0.3406936702670003,
SingMOS,common_alpha_100,665,0.3444606170331777,
SingMOS,common_alpha_100,666,0.3473036586370736,
SingMOS,common_alpha_100,667,0.3450207556286669,
SingMOS,common_alpha_100,668,0.3393219707310666,
SingMOS,common_alpha_100,669,0.3393776779604737,
SingMOS,common_alpha_100,670,0.3431999054657524,
SingMOS,common_alpha_100,671,0.3409096746828579,
SingMOS,common_alpha_100,672,0.3866734011726678,
SingMOS,common_alpha_100,673,0.3694368436330272,
SingMOS,common_alpha_100,674,0.3818379789836558,
SingMOS,common_alpha_100,675,0.3661047749840105,
SingMOS,common_alpha_100,676,0.3676865063979254,
SingMOS,common_alpha_100,677,0.3575512351089644,
SingMOS,common_alpha_100,678,0.3693201523710728,
SingMOS,common_alpha_100,679,0.3581579061792629,
SingMOS,common_alpha_100,680,0.3392331337613786,
SingMOS,common_alpha_100,681,0.3444276152778988,
SingMOS,common_alpha_100,682,0.3471067968445338,
SingMOS,common_alpha_100,683,0.3450208094433956,
SingMOS,common_alpha_100,684,0.3393219688855886,
SingMOS,common_alpha_100,685,0.339377684146029,
SingMOS,common_alpha_100,686,0.3431999031837378,
SingMOS,common_alpha_100,687,0.3409096943363398,
SingMOS,common_alpha_100,688,0.3866733964916106,
SingMOS,common_alpha_100,689,0.3694369026019753,
SingMOS,common_alpha_100,690,0.3818379726402273,
SingMOS,common_alpha_100,691,0.3661046515036222,
SingMOS,common_alpha_100,692,0.3676864942906504,
SingMOS,common_alpha_100,693,0.3575512432171249,
SingMOS,common_alpha_100,694,0.3693201271462228,
SingMOS,common_alpha_100,695,0.3581579075201977,
SingMOS,common_alpha_100,696,0.3392331197764776,
SingMOS,common_alpha_100,697,0.3444276349390246,
SingMOS,common_alpha_100,698,0.3471068102302397,
SingMOS,common_alpha_100,699,0.3450207847754212,
SingMOS,common_alpha_100,700,0.3393219576008461,
SingMOS,common_alpha_100,701,0.3393776644797808,
SingMOS,common_alpha_100,702,0.3431999351185399,
SingMOS,common_alpha_100,703,0.3409096020323541,
SingMOS,common_alpha_100,704,0.4014856293474957,
SingMOS,common_alpha_100,705,0.3738427886982819,
SingMOS,common_alpha_100,706,0.3873126595046028,
SingMOS,common_alpha_100,707,0.3682839678887436,
SingMOS,common_alpha_100,708,0.3700207455309603,
SingMOS,common_alpha_100,709,0.358529838908383,
SingMOS,common_alpha_100,710,0.370686809138445,
SingMOS,common_alpha_100,711,0.3586883058178207,
SingMOS,common_alpha_100,712,0.3406936863693313,
SingMOS,common_alpha_100,713,0.3444606592132705,
SingMOS,common_alpha_100,714,0.3473036546492468,
SingMOS,common_alpha_100,715,0.345020759246269,
SingMOS,common_alpha_100,716,0.3393219685797914,
SingMOS,common_alpha_100,717,0.3393776766091618,
SingMOS,common_alpha_100,718,0.3431999173540493,
SingMOS,common_alpha_100,719,0.3409096897549132,
SingMOS,common_alpha_100,720,0.4017598132208851,
SingMOS,common_alpha_100,721,0.3738429320967421,
SingMOS,common_alpha_100,722,0.3873126602654999,
SingMOS,common_alpha_100,723,0.368284039083132,
SingMOS,common_alpha_100,724,0.3700207018179127,
SingMOS,common_alpha_100,725,0.3585297585566301,
SingMOS,common_alpha_100,726,0.3706867980100427,
SingMOS,common_alpha_100,727,0.3586883245045445,
SingMOS,common_alpha_100,728,0.3406936665901324,
SingMOS,common_alpha_100,729,0.3444606453128094,
SingMOS,common_alpha_100,730,0.3473036596663273,
SingMOS,common_alpha_100,731,0.3450207698967989,
SingMOS,common_alpha_100,732,0.3393219701831915,
SingMOS,common_alpha_100,733,0.3393776562738775,
SingMOS,common_alpha_100,734,0.3431999113914448,
SingMOS,common_alpha_100,735,0.3409096150817833,
SingMOS,common_alpha_100,736,0.3866733988309356,
SingMOS,common_alpha_100,737,0.3694369239623693,
SingMOS,common_alpha_100,738,0.3818380165712416,
SingMOS,common_alpha_100,739,0.3661047521972903,
SingMOS,common_alpha_100,740,0.3676865458709958,
SingMOS,common_alpha_100,741,0.3575512600227614,
SingMOS,common_alpha_100,742,0.3693201296799411,
SingMOS,common_alpha_100,743,0.3581578354422057,
SingMOS,common_alpha_100,744,0.3392331201631282,
SingMOS,common_alpha_100,745,0.3444276185213277,
SingMOS,common_alpha_100,746,0.3471067946913961,
SingMOS,common_alpha_100,747,0.3450207658026887,
SingMOS,common_alpha_100,748,0.3393219519751686,
SingMOS,common_alpha_100,749,0.3393776661474867,
SingMOS,common_alpha_100,750,0.3431999594716438,
SingMOS,common_alpha_100,751,0.3409096121536946,
SingMOS,common_alpha_100,752,0.3866733983051062,
SingMOS,common_alpha_100,753,0.3694369037592434,
SingMOS,common_alpha_100,754,0.3818379634178632,
SingMOS,common_alpha_100,755,0.3661047173979123,
SingMOS,common_alpha_100,756,0.3676865417573615,
SingMOS,common_alpha_100,757,0.3575512771750551,
SingMOS,common_alpha_100,758,0.3693201532811901,
SingMOS,common_alpha_100,759,0.3581578403664948,
SingMOS,common_alpha_100,760,0.3392331216582416,
SingMOS,common_alpha_100,761,0.3444276220145881,
SingMOS,common_alpha_100,762,0.3471068238558814,
SingMOS,common_alpha_100,763,0.3450207751908669,
SingMOS,common_alpha_100,764,0.3393219634450514,
SingMOS,common_alpha_100,765,0.3393776617274648,
SingMOS,common_alpha_100,766,0.3431999170859393,
SingMOS,common_alpha_100,767,0.3409096406099591,
SingMOS,common_alpha_100,768,0.351719700245344,
SingMOS,common_alpha_100,769,0.3497451611121657,
SingMOS,common_alpha_100,770,0.3548824706990625,
SingMOS,common_alpha_100,771,0.3492829416147815,
SingMOS,common_alpha_100,772,0.344559505725192,
SingMOS,common_alpha_100,773,0.3428987066323586,
SingMOS,common_alpha_100,774,0.3479508879532201,
SingMOS,common_alpha_100,775,0.3441189407650611,
SingMOS,common_alpha_100,776,0.3359599950821012,
SingMOS,common_alpha_100,777,0.3399448623005168,
SingMOS,common_alpha_100,778,0.3419882455176691,
SingMOS,common_alpha_100,779,0.3408634440447037,
SingMOS,common_alpha_100,780,0.3347348372286881,
SingMOS,common_alpha_100,781,0.335896390853687,
SingMOS,common_alpha_100,782,0.33855060803298,
SingMOS,common_alpha_100,783,0.3374145141973708,
SingMOS,common_alpha_100,784,0.351719700245344,
SingMOS,common_alpha_100,785,0.3497451622482813,
SingMOS,common_alpha_100,786,0.3548824437540385,
SingMOS,common_alpha_100,787,0.3492829545408534,
SingMOS,common_alpha_100,788,0.344559500112963,
SingMOS,common_alpha_100,789,0.3428986549005271,
SingMOS,common_alpha_100,790,0.3479509280401924,
SingMOS,common_alpha_100,791,0.3441189719226482,
SingMOS,common_alpha_100,792,0.3359599731061732,
SingMOS,common_alpha_100,793,0.3399449293514245,
SingMOS,common_alpha_100,794,0.3419882460795809,
SingMOS,common_alpha_100,795,0.3408634372334207,
SingMOS,common_alpha_100,796,0.3347348295287922,
SingMOS,common_alpha_100,797,0.3358964134851243,
SingMOS,common_alpha_100,798,0.3385506188639247,
SingMOS,common_alpha_100,799,0.3374144686786585,
SingMOS,common_alpha_100,800,0.3484661406967412,
SingMOS,common_alpha_100,801,0.3495709730939316,
SingMOS,common_alpha_100,802,0.3541945256143969,
SingMOS,common_alpha_100,803,0.3492830253456325,
SingMOS,common_alpha_100,804,0.3445595218950991,
SingMOS,common_alpha_100,805,0.342898694997519,
SingMOS,common_alpha_100,806,0.347950889413362,
SingMOS,common_alpha_100,807,0.3441189263752576,
SingMOS,common_alpha_100,808,0.3354584694971408,
SingMOS,common_alpha_100,809,0.3399449414331292,
SingMOS,common_alpha_100,810,0.3419883580490907,
SingMOS,common_alpha_100,811,0.3408634601040272,
SingMOS,common_alpha_100,812,0.334734824039476,
SingMOS,common_alpha_100,813,0.33589644740841,
SingMOS,common_alpha_100,814,0.3385505836570137,
SingMOS,common_alpha_100,815,0.3374145356177682,
SingMOS,common_alpha_100,816,0.3484661400818488,
SingMOS,common_alpha_100,817,0.3495709689761888,
SingMOS,common_alpha_100,818,0.3541945536858386,
SingMOS,common_alpha_100,819,0.3492829609422056,
SingMOS,common_alpha_100,820,0.3445594882142312,
SingMOS,common_alpha_100,821,0.342898723285245,
SingMOS,common_alpha_100,822,0.3479508858313825,
SingMOS,common_alpha_100,823,0.3441188423422572,
SingMOS,common_alpha_100,824,0.3354584699557367,
SingMOS,common_alpha_100,825,0.3399449043869741,
SingMOS,common_alpha_100,826,0.3419882536591797,
SingMOS,common_alpha_100,827,0.3408634301211722,
SingMOS,common_alpha_100,828,0.3347348189417019,
SingMOS,common_alpha_100,829,0.3358963883444009,
SingMOS,common_alpha_100,830,0.3385506248308159,
SingMOS,common_alpha_100,831,0.3374145779151097,
SingMOS,common_alpha_100,832,0.351719700245344,
SingMOS,common_alpha_100,833,0.3497451401335917,
SingMOS,common_alpha_100,834,0.3548824536164661,
SingMOS,common_alpha_100,835,0.3492829778775363,
SingMOS,common_alpha_100,836,0.3445595200204697,
SingMOS,common_alpha_100,837,0.3428986987604164,
SingMOS,common_alpha_100,838,0.3479508879249604,
SingMOS,common_alpha_100,839,0.3441189692944605,
SingMOS,common_alpha_100,840,0.3359599995094925,
SingMOS,common_alpha_100,841,0.339944899214319,
SingMOS,common_alpha_100,842,0.3419882888844412,
SingMOS,common_alpha_100,843,0.3408633670832264,
SingMOS,common_alpha_100,844,0.3347348389159292,
SingMOS,common_alpha_100,845,0.3358963949254202,
SingMOS,common_alpha_100,846,0.3385506135469593,
SingMOS,common_alpha_100,847,0.3374144869069607,
SingMOS,common_alpha_100,848,0.3517197002453441,
SingMOS,common_alpha_100,849,0.3497451483241926,
SingMOS,common_alpha_100,850,0.3548824369377238,
SingMOS,common_alpha_100,851,0.3492830061287892,
SingMOS,common_alpha_100,852,0.3445595194199706,
SingMOS,common_alpha_100,853,0.3428986956119545,
SingMOS,common_alpha_100,854,0.34795085988657,
SingMOS,common_alpha_100,855,0.3441189440971311,
SingMOS,common_alpha_100,856,0.335959997635375,
SingMOS,common_alpha_100,857,0.3399448982306345,
SingMOS,common_alpha_100,858,0.3419882349256355,
SingMOS,common_alpha_100,859,0.3408633337678161,
SingMOS,common_alpha_100,860,0.3347348309430788,
SingMOS,common_alpha_100,861,0.3358964091867474,
SingMOS,common_alpha_100,862,0.3385506161672659,
SingMOS,common_alpha_100,863,0.3374144964784778,
SingMOS,common_alpha_100,864,0.3484661398432759,
SingMOS,common_alpha_100,865,0.3495709862791356,
SingMOS,common_alpha_100,866,0.3541945564085485,
SingMOS,common_alpha_100,867,0.3492829559634432,
SingMOS,common_alpha_100,868,0.3445595188768781,
SingMOS,common_alpha_100,869,0.3428987033136506,
SingMOS,common_alpha_100,870,0.3479508871020726,
SingMOS,common_alpha_100,871,0.3441188979179852,
SingMOS,common_alpha_100,872,0.3354584729367449,
SingMOS,common_alpha_100,873,0.3399449814660494,
SingMOS,common_alpha_100,874,0.3419882604863273,
SingMOS,common_alpha_100,875,0.3408633775619908,
SingMOS,common_alpha_100,876,0.3347348350491621,
SingMOS,common_alpha_100,877,0.3358964322064558,
SingMOS,common_alpha_100,878,0.3385506195153004,
SingMOS,common_alpha_100,879,0.3374145023493749,
SingMOS,common_alpha_100,880,0.3484661505903337,
SingMOS,common_alpha_100,881,0.3495710041355908,
SingMOS,common_alpha_100,882,0.3541945468247744,
SingMOS,common_alpha_100,883,0.349282984108305,
SingMOS,common_alpha_100,884,0.3445595064358105,
SingMOS,common_alpha_100,885,0.3428987019582105,
SingMOS,common_alpha_100,886,0.3479508710118552,
SingMOS,common_alpha_100,887,0.3441188937125947,
SingMOS,common_alpha_100,888,0.3354584737354203,
SingMOS,common_alpha_100,889,0.3399450152068405,
SingMOS,common_alpha_100,890,0.3419882568499468,
SingMOS,common_alpha_100,891,0.3408634474963262,
SingMOS,common_alpha_100,892,0.334734834059596,
SingMOS,common_alpha_100,893,0.3358963893311747,
SingMOS,common_alpha_100,894,0.3385506198546488,
SingMOS,common_alpha_100,895,0.337414437974614,
SingMOS,common_alpha_100,896,0.351719700245344,
SingMOS,common_alpha_100,897,0.3497451545047281,
SingMOS,common_alpha_100,898,0.3548824536537774,
SingMOS,common_alpha_100,899,0.3492830251650192,
SingMOS,common_alpha_100,900,0.3445595233071849,
SingMOS,common_alpha_100,901,0.3428986908314512,
SingMOS,common_alpha_100,902,0.3479508841834379,
SingMOS,common_alpha_100,903,0.3441189139610625,
SingMOS,common_alpha_100,904,0.3359599951219056,
SingMOS,common_alpha_100,905,0.3399448983109578,
SingMOS,common_alpha_100,906,0.3419882472502994,
SingMOS,common_alpha_100,907,0.3408634478926182,
SingMOS,common_alpha_100,908,0.3347348372365143,
SingMOS,common_alpha_100,909,0.3358964925399414,
SingMOS,common_alpha_100,910,0.3385506089764544,
SingMOS,common_alpha_100,911,0.3374144952589749,
SingMOS,common_alpha_100,912,0.351719700245344,
SingMOS,common_alpha_100,913,0.3497451635552873,
SingMOS,common_alpha_100,914,0.3548824612159508,
SingMOS,common_alpha_100,915,0.3492829547052868,
SingMOS,common_alpha_100,916,0.3445595148978925,
SingMOS,common_alpha_100,917,0.342898697139655,
SingMOS,common_alpha_100,918,0.3479508904432576,
SingMOS,common_alpha_100,919,0.3441189273184574,
SingMOS,common_alpha_100,920,0.3359599969338597,
SingMOS,common_alpha_100,921,0.3399449028160678,
SingMOS,common_alpha_100,922,0.3419883234198635,
SingMOS,common_alpha_100,923,0.3408634321872424,
SingMOS,common_alpha_100,924,0.3347348414234772,
SingMOS,common_alpha_100,925,0.3358964047429988,
SingMOS,common_alpha_100,926,0.3385506008806474,
SingMOS,common_alpha_100,927,0.3374145150533117,
SingMOS,common_alpha_100,928,0.3484661501457813,
SingMOS,common_alpha_100,929,0.3495709981102352,
SingMOS,common_alpha_100,930,0.3541945624167406,
SingMOS,common_alpha_100,931,0.3492830600369924,
SingMOS,common_alpha_100,932,0.3445595209823905,
SingMOS,common_alpha_100,933,0.3428986902196101,
SingMOS,common_alpha_100,934,0.3479508840398306,
SingMOS,common_alpha_100,935,0.3441188871677655,
SingMOS,common_alpha_100,936,0.3354584722450854,
SingMOS,common_alpha_100,937,0.3399449399040854,
SingMOS,common_alpha_100,938,0.341988254854866,
SingMOS,common_alpha_100,939,0.3408634343726824,
SingMOS,common_alpha_100,940,0.3347348375507828,
SingMOS,common_alpha_100,941,0.3358964511272441,
SingMOS,common_alpha_100,942,0.338550610836265,
SingMOS,common_alpha_100,943,0.3374144552849545,
SingMOS,common_alpha_100,944,0.348466136761035,
SingMOS,common_alpha_100,945,0.3495709794773294,
SingMOS,common_alpha_100,946,0.354194514263728,
SingMOS,common_alpha_100,947,0.3492830337751853,
SingMOS,common_alpha_100,948,0.3445595030826285,
SingMOS,common_alpha_100,949,0.3428987032723032,
SingMOS,common_alpha_100,950,0.3479508385705869,
SingMOS,common_alpha_100,951,0.3441189026917927,
SingMOS,common_alpha_100,952,0.3354584732650382,
SingMOS,common_alpha_100,953,0.33994494841934,
SingMOS,common_alpha_100,954,0.341988251485439,
SingMOS,common_alpha_100,955,0.3408634507916817,
SingMOS,common_alpha_100,956,0.334734833734568,
SingMOS,common_alpha_100,957,0.3358964212685652,
SingMOS,common_alpha_100,958,0.3385506198430487,
SingMOS,common_alpha_100,959,0.3374145021989824,
SingMOS,common_alpha_100,960,0.3517196966675313,
SingMOS,common_alpha_100,961,0.3497451626649752,
SingMOS,common_alpha_100,962,0.3548824542272499,
SingMOS,common_alpha_100,963,0.3492829082204144,
SingMOS,common_alpha_100,964,0.3445594664240641,
SingMOS,common_alpha_100,965,0.3428987081396265,
SingMOS,common_alpha_100,966,0.3479508830746765,
SingMOS,common_alpha_100,967,0.3441189583098251,
SingMOS,common_alpha_100,968,0.3359600062023612,
SingMOS,common_alpha_100,969,0.3399448831431108,
SingMOS,common_alpha_100,970,0.3419882495853066,
SingMOS,common_alpha_100,971,0.3408634032635433,
SingMOS,common_alpha_100,972,0.3347348375223154,
SingMOS,common_alpha_100,973,0.3358963993410332,
SingMOS,common_alpha_100,974,0.3385505771848426,
SingMOS,common_alpha_100,975,0.3374144944069006,
SingMOS,common_alpha_100,976,0.3517197002453441,
SingMOS,common_alpha_100,977,0.3497451534181439,
SingMOS,common_alpha_100,978,0.3548824535153989,
SingMOS,common_alpha_100,979,0.3492829840886574,
SingMOS,common_alpha_100,980,0.344559518376029,
SingMOS,common_alpha_100,981,0.3428987025348777,
SingMOS,common_alpha_100,982,0.3479508846082824,
SingMOS,common_alpha_100,983,0.3441189553439591,
SingMOS,common_alpha_100,984,0.3359599998697588,
SingMOS,common_alpha_100,985,0.3399449028327541,
SingMOS,common_alpha_100,986,0.3419882425485924,
SingMOS,common_alpha_100,987,0.3408633860996283,
SingMOS,common_alpha_100,988,0.3347348294372315,
SingMOS,common_alpha_100,989,0.3358964072637804,
SingMOS,common_alpha_100,990,0.3385506147167876,
SingMOS,common_alpha_100,991,0.3374144650842722,
SingMOS,common_alpha_100,992,0.3484661443046526,
SingMOS,common_alpha_100,993,0.3495709853066585,
SingMOS,common_alpha_100,994,0.3541945574030896,
SingMOS,common_alpha_100,995,0.3492829910361997,
SingMOS,common_alpha_100,996,0.3445595180465414,
SingMOS,common_alpha_100,997,0.3428987024458458,
SingMOS,common_alpha_100,998,0.3479508633959879,
SingMOS,common_alpha_100,999,0.3441189051184149,
SingMOS,common_alpha_100,1000,0.3354584495350817,
SingMOS,common_alpha_100,1001,0.3399449437465068,
SingMOS,common_alpha_100,1002,0.3419882725393661,
SingMOS,common_alpha_100,1003,0.3408633855425034,
SingMOS,common_alpha_100,1004,0.3347347989369952,
SingMOS,common_alpha_100,1005,0.3358964481294801,
SingMOS,common_alpha_100,1006,0.3385506160599185,
SingMOS,common_alpha_100,1007,0.3374145013212634,
SingMOS,common_alpha_100,1008,0.3484661397502562,
SingMOS,common_alpha_100,1009,0.3495709847242774,
SingMOS,common_alpha_100,1010,0.3541945627635738,
SingMOS,common_alpha_100,1011,0.3492829855424895,
SingMOS,common_alpha_100,1012,0.3445595134832724,
SingMOS,common_alpha_100,1013,0.342898703262106,
SingMOS,common_alpha_100,1014,0.3479508669154364,
SingMOS,common_alpha_100,1015,0.3441189083806105,
SingMOS,common_alpha_100,1016,0.3354584734058761,
SingMOS,common_alpha_100,1017,0.3399449451417939,
SingMOS,common_alpha_100,1018,0.3419882527921768,
SingMOS,common_alpha_100,1019,0.340863440845901,
SingMOS,common_alpha_100,1020,0.3347348323435233,
SingMOS,common_alpha_100,1021,0.3358964082615972,
SingMOS,common_alpha_100,1022,0.3385506190038338,
SingMOS,common_alpha_100,1023,0.3374144919442366,
SingMOS,per_representation_grouped_oof_selected,1,0.392835751597486,
SingMOS,per_representation_grouped_oof_selected,2,0.432344976967102,
SingMOS,per_representation_grouped_oof_selected,3,0.3795928588176079,
SingMOS,per_representation_grouped_oof_selected,4,0.407782724262797,
SingMOS,per_representation_grouped_oof_selected,5,0.3733709674926364,
SingMOS,per_representation_grouped_oof_selected,6,0.3946129422407467,
SingMOS,per_representation_grouped_oof_selected,7,0.3718518410975148,
SingMOS,per_representation_grouped_oof_selected,8,0.3491768180617071,
SingMOS,per_representation_grouped_oof_selected,9,0.3435862896685488,
SingMOS,per_representation_grouped_oof_selected,10,0.3473746160884076,
SingMOS,per_representation_grouped_oof_selected,11,0.3431523974818303,
SingMOS,per_representation_grouped_oof_selected,12,0.3428123307301828,
SingMOS,per_representation_grouped_oof_selected,13,0.3425926737372182,
SingMOS,per_representation_grouped_oof_selected,14,0.3440439127916687,
SingMOS,per_representation_grouped_oof_selected,15,0.3427849366807249,
SingMOS,per_representation_grouped_oof_selected,16,0.5260628014799402,
SingMOS,per_representation_grouped_oof_selected,17,0.3865182119118243,
SingMOS,per_representation_grouped_oof_selected,18,0.4144887582225902,
SingMOS,per_representation_grouped_oof_selected,19,0.3789365821321414,
SingMOS,per_representation_grouped_oof_selected,20,0.4038421435973222,
SingMOS,per_representation_grouped_oof_selected,21,0.3733709674926364,
SingMOS,per_representation_grouped_oof_selected,22,0.3934421013918218,
SingMOS,per_representation_grouped_oof_selected,23,0.3718518410938807,
SingMOS,per_representation_grouped_oof_selected,24,0.3490419523756571,
SingMOS,per_representation_grouped_oof_selected,25,0.3435862896685491,
SingMOS,per_representation_grouped_oof_selected,26,0.3473746160884076,
SingMOS,per_representation_grouped_oof_selected,27,0.3431524259408205,
SingMOS,per_representation_grouped_oof_selected,28,0.3428123307301828,
SingMOS,per_representation_grouped_oof_selected,29,0.3425926735914104,
SingMOS,per_representation_grouped_oof_selected,30,0.344043940105663,
SingMOS,per_representation_grouped_oof_selected,31,0.3427849769603658,
SingMOS,per_representation_grouped_oof_selected,32,0.4334666970299941,
SingMOS,per_representation_grouped_oof_selected,33,0.3815336681128874,
SingMOS,per_representation_grouped_oof_selected,34,0.4046981814785298,
SingMOS,per_representation_grouped_oof_selected,35,0.3785605459339695,
SingMOS,per_representation_grouped_oof_selected,36,0.3976323535388033,
SingMOS,per_representation_grouped_oof_selected,37,0.3733709674926363,
SingMOS,per_representation_grouped_oof_selected,38,0.3921319543484265,
SingMOS,per_representation_grouped_oof_selected,39,0.3718518749475235,
SingMOS,per_representation_grouped_oof_selected,40,0.3481086367696256,
SingMOS,per_representation_grouped_oof_selected,41,0.343586289668549,
SingMOS,per_representation_grouped_oof_selected,42,0.3473746160884076,
SingMOS,per_representation_grouped_oof_selected,43,0.3431524044923891,
SingMOS,per_representation_grouped_oof_selected,44,0.3428123307301827,
SingMOS,per_representation_grouped_oof_selected,45,0.3425926735853341,
SingMOS,per_representation_grouped_oof_selected,46,0.3440439579304442,
SingMOS,per_representation_grouped_oof_selected,47,0.3427849666841568,
SingMOS,per_representation_grouped_oof_selected,48,0.4402885140268018,
SingMOS,per_representation_grouped_oof_selected,49,0.3825266177844181,
SingMOS,per_representation_grouped_oof_selected,50,0.4043596528418057,
SingMOS,per_representation_grouped_oof_selected,51,0.3787216104897682,
SingMOS,per_representation_grouped_oof_selected,52,0.3990012554574883,
SingMOS,per_representation_grouped_oof_selected,53,0.3733709674926362,
SingMOS,per_representation_grouped_oof_selected,54,0.3923017825731603,
SingMOS,per_representation_grouped_oof_selected,55,0.371851841096688,
SingMOS,per_representation_grouped_oof_selected,56,0.349041952375657,
SingMOS,per_representation_grouped_oof_selected,57,0.3435862896685489,
SingMOS,per_representation_grouped_oof_selected,58,0.3473746160884076,
SingMOS,per_representation_grouped_oof_selected,59,0.3431523980383221,
SingMOS,per_representation_grouped_oof_selected,60,0.3428123307301827,
SingMOS,per_representation_grouped_oof_selected,61,0.3425926735923058,
SingMOS,per_representation_grouped_oof_selected,62,0.3440439414863303,
SingMOS,per_representation_grouped_oof_selected,63,0.342784958964715,
SingMOS,per_representation_grouped_oof_selected,64,0.5768503811882322,
SingMOS,per_representation_grouped_oof_selected,65,0.3922690296588687,
SingMOS,per_representation_grouped_oof_selected,66,0.4305557726634806,
SingMOS,per_representation_grouped_oof_selected,67,0.3795928588176079,
SingMOS,per_representation_grouped_oof_selected,68,0.407782724262797,
SingMOS,per_representation_grouped_oof_selected,69,0.3733709674926362,
SingMOS,per_representation_grouped_oof_selected,70,0.3946129422407468,
SingMOS,per_representation_grouped_oof_selected,71,0.3718518414231058,
SingMOS,per_representation_grouped_oof_selected,72,0.3491768180617071,
SingMOS,per_representation_grouped_oof_selected,73,0.343586289668549,
SingMOS,per_representation_grouped_oof_selected,74,0.3473746160884076,
SingMOS,per_representation_grouped_oof_selected,75,0.3431524015827347,
SingMOS,per_representation_grouped_oof_selected,76,0.3428123307301828,
SingMOS,per_representation_grouped_oof_selected,77,0.3425926737434199,
SingMOS,per_representation_grouped_oof_selected,78,0.3440439267929754,
SingMOS,per_representation_grouped_oof_selected,79,0.3427850166398417,
SingMOS,per_representation_grouped_oof_selected,80,0.5259168533591795,
SingMOS,per_representation_grouped_oof_selected,81,0.3865182119118246,
SingMOS,per_representation_grouped_oof_selected,82,0.4144887582225902,
SingMOS,per_representation_grouped_oof_selected,83,0.3789365556911653,
SingMOS,per_representation_grouped_oof_selected,84,0.4038421435973222,
SingMOS,per_representation_grouped_oof_selected,85,0.3733709674926364,
SingMOS,per_representation_grouped_oof_selected,86,0.3934421041936093,
SingMOS,per_representation_grouped_oof_selected,87,0.3718518410938602,
SingMOS,per_representation_grouped_oof_selected,88,0.349041952375657,
SingMOS,per_representation_grouped_oof_selected,89,0.3435862896685489,
SingMOS,per_representation_grouped_oof_selected,90,0.3473746160884076,
SingMOS,per_representation_grouped_oof_selected,91,0.3431523929491303,
SingMOS,per_representation_grouped_oof_selected,92,0.3428123307301827,
SingMOS,per_representation_grouped_oof_selected,93,0.3425926736103,
SingMOS,per_representation_grouped_oof_selected,94,0.3440438707311787,
SingMOS,per_representation_grouped_oof_selected,95,0.3427849211277045,
SingMOS,per_representation_grouped_oof_selected,96,0.4338797115365944,
SingMOS,per_representation_grouped_oof_selected,97,0.3815336681128872,
SingMOS,per_representation_grouped_oof_selected,98,0.4046981814785294,
SingMOS,per_representation_grouped_oof_selected,99,0.3785605408023824,
SingMOS,per_representation_grouped_oof_selected,100,0.3976323535388029,
SingMOS,per_representation_grouped_oof_selected,101,0.3733709674926363,
SingMOS,per_representation_grouped_oof_selected,102,0.3921320342682992,
SingMOS,per_representation_grouped_oof_selected,103,0.3718518410987003,
SingMOS,per_representation_grouped_oof_selected,104,0.3481086367696257,
SingMOS,per_representation_grouped_oof_selected,105,0.3435862896685489,
SingMOS,per_representation_grouped_oof_selected,106,0.3473746160884076,
SingMOS,per_representation_grouped_oof_selected,107,0.343152398904169,
SingMOS,per_representation_grouped_oof_selected,108,0.3428123307301828,
SingMOS,per_representation_grouped_oof_selected,109,0.3425926735844468,
SingMOS,per_representation_grouped_oof_selected,110,0.3440439073870285,
SingMOS,per_representation_grouped_oof_selected,111,0.3427849215498708,
SingMOS,per_representation_grouped_oof_selected,112,0.4402885140268016,
SingMOS,per_representation_grouped_oof_selected,113,0.3825266173535592,
SingMOS,per_representation_grouped_oof_selected,114,0.4043595499237319,
SingMOS,per_representation_grouped_oof_selected,115,0.3787216062852255,
SingMOS,per_representation_grouped_oof_selected,116,0.3990013019671202,
SingMOS,per_representation_grouped_oof_selected,117,0.3733709674926362,
SingMOS,per_representation_grouped_oof_selected,118,0.3923018393847289,
SingMOS,per_representation_grouped_oof_selected,119,0.371851841167082,
SingMOS,per_representation_grouped_oof_selected,120,0.3490419523756571,
SingMOS,per_representation_grouped_oof_selected,121,0.3435862896685489,
SingMOS,per_representation_grouped_oof_selected,122,0.3473746160884076,
SingMOS,per_representation_grouped_oof_selected,123,0.3431523988734853,
SingMOS,per_representation_grouped_oof_selected,124,0.3428123307301828,
SingMOS,per_representation_grouped_oof_selected,125,0.3425926735859337,
SingMOS,per_representation_grouped_oof_selected,126,0.3440439129911373,
SingMOS,per_representation_grouped_oof_selected,127,0.3427849243528078,
SingMOS,per_representation_grouped_oof_selected,128,0.5334447236511909,
SingMOS,per_representation_grouped_oof_selected,129,0.3896373439132486,
SingMOS,per_representation_grouped_oof_selected,130,0.4250717607880806,
SingMOS,per_representation_grouped_oof_selected,131,0.3795928588176079,
SingMOS,per_representation_grouped_oof_selected,132,0.4067377376644217,
SingMOS,per_representation_grouped_oof_selected,133,0.3733709674926364,
SingMOS,per_representation_grouped_oof_selected,134,0.3946129422407468,
SingMOS,per_representation_grouped_oof_selected,135,0.3718518411109929,
SingMOS,per_representation_grouped_oof_selected,136,0.3491768180617071,
SingMOS,per_representation_grouped_oof_selected,137,0.343586289668549,
SingMOS,per_representation_grouped_oof_selected,138,0.3473746160884076,
SingMOS,per_representation_grouped_oof_selected,139,0.3431524081351963,
SingMOS,per_representation_grouped_oof_selected,140,0.3428123307301828,
SingMOS,per_representation_grouped_oof_selected,141,0.342592673598897,
SingMOS,per_representation_grouped_oof_selected,142,0.3440439281377408,
SingMOS,per_representation_grouped_oof_selected,143,0.342784984146663,
SingMOS,per_representation_grouped_oof_selected,144,0.517469177067487,
SingMOS,per_representation_grouped_oof_selected,145,0.3865182119118244,
SingMOS,per_representation_grouped_oof_selected,146,0.4144887582225904,
SingMOS,per_representation_grouped_oof_selected,147,0.3789365545597853,
SingMOS,per_representation_grouped_oof_selected,148,0.4038421435973222,
SingMOS,per_representation_grouped_oof_selected,149,0.3733709674926364,
SingMOS,per_representation_grouped_oof_selected,150,0.3934421002697659,
SingMOS,per_representation_grouped_oof_selected,151,0.3718518410938598,
SingMOS,per_representation_grouped_oof_selected,152,0.349041952375657,
SingMOS,per_representation_grouped_oof_selected,153,0.3435862896685489,
SingMOS,per_representation_grouped_oof_selected,154,0.3473746160884074,
SingMOS,per_representation_grouped_oof_selected,155,0.3431523970385722,
SingMOS,per_representation_grouped_oof_selected,156,0.3428123307301828,
SingMOS,per_representation_grouped_oof_selected,157,0.3425926736238164,
SingMOS,per_representation_grouped_oof_selected,158,0.3440439249324674,
SingMOS,per_representation_grouped_oof_selected,159,0.3427849200023681,
SingMOS,per_representation_grouped_oof_selected,160,0.4344802523911906,
SingMOS,per_representation_grouped_oof_selected,161,0.3815336681128872,
SingMOS,per_representation_grouped_oof_selected,162,0.40469818147853,
SingMOS,per_representation_grouped_oof_selected,163,0.3785605474364729,
SingMOS,per_representation_grouped_oof_selected,164,0.3976323535388033,
SingMOS,per_representation_grouped_oof_selected,165,0.3733709674926363,
SingMOS,per_representation_grouped_oof_selected,166,0.3921319550455809,
SingMOS,per_representation_grouped_oof_selected,167,0.37185184109386,
SingMOS,per_representation_grouped_oof_selected,168,0.3481086367696258,
SingMOS,per_representation_grouped_oof_selected,169,0.343586289668549,
SingMOS,per_representation_grouped_oof_selected,170,0.3473746160884076,
SingMOS,per_representation_grouped_oof_selected,171,0.3431523948929593,
SingMOS,per_representation_grouped_oof_selected,172,0.3428123307301828,
SingMOS,per_representation_grouped_oof_selected,173,0.3425926736209113,
SingMOS,per_representation_grouped_oof_selected,174,0.3440438920194978,
SingMOS,per_representation_grouped_oof_selected,175,0.3427849205425718,
SingMOS,per_representation_grouped_oof_selected,176,0.4402885140268016,
SingMOS,per_representation_grouped_oof_selected,177,0.3825266257564685,
SingMOS,per_representation_grouped_oof_selected,178,0.4043595738540918,
SingMOS,per_representation_grouped_oof_selected,179,0.3787216380447723,
SingMOS,per_representation_grouped_oof_selected,180,0.3990012552450251,
SingMOS,per_representation_grouped_oof_selected,181,0.3733709674926364,
SingMOS,per_representation_grouped_oof_selected,182,0.3923018371107823,
SingMOS,per_representation_grouped_oof_selected,183,0.3718518410938598,
SingMOS,per_representation_grouped_oof_selected,184,0.349041952375657,
SingMOS,per_representation_grouped_oof_selected,185,0.343586289668549,
SingMOS,per_representation_grouped_oof_selected,186,0.3473746160884076,
SingMOS,per_representation_grouped_oof_selected,187,0.3431523958593632,
SingMOS,per_representation_grouped_oof_selected,188,0.3428123307301828,
SingMOS,per_representation_grouped_oof_selected,189,0.3425926736118823,
SingMOS,per_representation_grouped_oof_selected,190,0.3440439075138263,
SingMOS,per_representation_grouped_oof_selected,191,0.3427848833265875,
SingMOS,per_representation_grouped_oof_selected,192,0.5334447236511909,
SingMOS,per_representation_grouped_oof_selected,193,0.3896373439132487,
SingMOS,per_representation_grouped_oof_selected,194,0.4250717607880806,
SingMOS,per_representation_grouped_oof_selected,195,0.3795928588176079,
SingMOS,per_representation_grouped_oof_selected,196,0.4067377376644217,
SingMOS,per_representation_grouped_oof_selected,197,0.3733709674926362,
SingMOS,per_representation_grouped_oof_selected,198,0.3946129422407466,
SingMOS,per_representation_grouped_oof_selected,199,0.3718518411014973,
SingMOS,per_representation_grouped_oof_selected,200,0.3491768180617071,
SingMOS,per_representation_grouped_oof_selected,201,0.3435862896685489,
SingMOS,per_representation_grouped_oof_selected,202,0.3473746160884076,
SingMOS,per_representation_grouped_oof_selected,203,0.3431523991818613,
SingMOS,per_representation_grouped_oof_selected,204,0.3428123307301828,
SingMOS,per_representation_grouped_oof_selected,205,0.3425926736554978,
SingMOS,per_representation_grouped_oof_selected,206,0.3440439266498011,
SingMOS,per_representation_grouped_oof_selected,207,0.342784997104291,
SingMOS,per_representation_grouped_oof_selected,208,0.5174691770674869,
SingMOS,per_representation_grouped_oof_selected,209,0.3865182119118246,
SingMOS,per_representation_grouped_oof_selected,210,0.4144887582225902,
SingMOS,per_representation_grouped_oof_selected,211,0.3789365556236242,
SingMOS,per_representation_grouped_oof_selected,212,0.4038421435973221,
SingMOS,per_representation_grouped_oof_selected,213,0.3733709674926362,
SingMOS,per_representation_grouped_oof_selected,214,0.3934421042037557,
SingMOS,per_representation_grouped_oof_selected,215,0.3718518410938602,
SingMOS,per_representation_grouped_oof_selected,216,0.3490419523756571,
SingMOS,per_representation_grouped_oof_selected,217,0.3435862896685489,
SingMOS,per_representation_grouped_oof_selected,218,0.3473746160884075,
SingMOS,per_representation_grouped_oof_selected,219,0.3431523978963267,
SingMOS,per_representation_grouped_oof_selected,220,0.3428123307301828,
SingMOS,per_representation_grouped_oof_selected,221,0.3425926735882666,
SingMOS,per_representation_grouped_oof_selected,222,0.3440438992962265,
SingMOS,per_representation_grouped_oof_selected,223,0.3427848776607823,
SingMOS,per_representation_grouped_oof_selected,224,0.4344802523911905,
SingMOS,per_representation_grouped_oof_selected,225,0.3815336681128873,
SingMOS,per_representation_grouped_oof_selected,226,0.4046981814785297,
SingMOS,per_representation_grouped_oof_selected,227,0.3785605417059186,
SingMOS,per_representation_grouped_oof_selected,228,0.3976323535388033,
SingMOS,per_representation_grouped_oof_selected,229,0.3733709674926364,
SingMOS,per_representation_grouped_oof_selected,230,0.3921319517066828,
SingMOS,per_representation_grouped_oof_selected,231,0.3718518410938661,
SingMOS,per_representation_grouped_oof_selected,232,0.3481086367696256,
SingMOS,per_representation_grouped_oof_selected,233,0.3435862896685489,
SingMOS,per_representation_grouped_oof_selected,234,0.3473746160884076,
SingMOS,per_representation_grouped_oof_selected,235,0.3431523990371249,
SingMOS,per_representation_grouped_oof_selected,236,0.3428123307301828,
SingMOS,per_representation_grouped_oof_selected,237,0.3425927007662239,
SingMOS,per_representation_grouped_oof_selected,238,0.3440439144426257,
SingMOS,per_representation_grouped_oof_selected,239,0.3427849215516746,
SingMOS,per_representation_grouped_oof_selected,240,0.4402885140268018,
SingMOS,per_representation_grouped_oof_selected,241,0.3825266934160254,
SingMOS,per_representation_grouped_oof_selected,242,0.4043595496196634,
SingMOS,per_representation_grouped_oof_selected,243,0.378721641768025,
SingMOS,per_representation_grouped_oof_selected,244,0.3990012705638346,
SingMOS,per_representation_grouped_oof_selected,245,0.3733709674926364,
SingMOS,per_representation_grouped_oof_selected,246,0.3923018394758455,
SingMOS,per_representation_grouped_oof_selected,247,0.3718518411447013,
SingMOS,per_representation_grouped_oof_selected,248,0.349041952375657,
SingMOS,per_representation_grouped_oof_selected,249,0.3435862896685489,
SingMOS,per_representation_grouped_oof_selected,250,0.3473746160884076,
SingMOS,per_representation_grouped_oof_selected,251,0.3431523990232039,
SingMOS,per_representation_grouped_oof_selected,252,0.3428123307301829,
SingMOS,per_representation_grouped_oof_selected,253,0.342592734405001,
SingMOS,per_representation_grouped_oof_selected,254,0.3440439159335914,
SingMOS,per_representation_grouped_oof_selected,255,0.3427849255478331,
SingMOS,per_representation_grouped_oof_selected,256,0.3762141497037646,
SingMOS,per_representation_grouped_oof_selected,257,0.3551016746986393,
SingMOS,per_representation_grouped_oof_selected,258,0.363199506995251,
SingMOS,per_representation_grouped_oof_selected,259,0.3538717617358694,
SingMOS,per_representation_grouped_oof_selected,260,0.3593247176793659,
SingMOS,per_representation_grouped_oof_selected,261,0.3530903261366134,
SingMOS,per_representation_grouped_oof_selected,262,0.3579943813689194,
SingMOS,per_representation_grouped_oof_selected,263,0.3529390409378359,
SingMOS,per_representation_grouped_oof_selected,264,0.3464965510481936,
SingMOS,per_representation_grouped_oof_selected,265,0.3423330488788859,
SingMOS,per_representation_grouped_oof_selected,266,0.344948571503309,
SingMOS,per_representation_grouped_oof_selected,267,0.3420806884444889,
SingMOS,per_representation_grouped_oof_selected,268,0.3416393156194192,
SingMOS,per_representation_grouped_oof_selected,269,0.3419181015078743,
SingMOS,per_representation_grouped_oof_selected,270,0.3426051479455061,
SingMOS,per_representation_grouped_oof_selected,271,0.3420452676933333,
SingMOS,per_representation_grouped_oof_selected,272,0.3757159971360442,
SingMOS,per_representation_grouped_oof_selected,273,0.3551016746986392,
SingMOS,per_representation_grouped_oof_selected,274,0.363199506995251,
SingMOS,per_representation_grouped_oof_selected,275,0.3538717398064336,
SingMOS,per_representation_grouped_oof_selected,276,0.3593247176793659,
SingMOS,per_representation_grouped_oof_selected,277,0.3530903328304681,
SingMOS,per_representation_grouped_oof_selected,278,0.3579943717857983,
SingMOS,per_representation_grouped_oof_selected,279,0.3529390204152143,
SingMOS,per_representation_grouped_oof_selected,280,0.3464965510481935,
SingMOS,per_representation_grouped_oof_selected,281,0.3423330466128648,
SingMOS,per_representation_grouped_oof_selected,282,0.3449485756643274,
SingMOS,per_representation_grouped_oof_selected,283,0.3420806989862732,
SingMOS,per_representation_grouped_oof_selected,284,0.3416393159176163,
SingMOS,per_representation_grouped_oof_selected,285,0.3419181027146533,
SingMOS,per_representation_grouped_oof_selected,286,0.3426051541478778,
SingMOS,per_representation_grouped_oof_selected,287,0.3420452722463683,
SingMOS,per_representation_grouped_oof_selected,288,0.3725094405919216,
SingMOS,per_representation_grouped_oof_selected,289,0.3551016746986393,
SingMOS,per_representation_grouped_oof_selected,290,0.363199506995251,
SingMOS,per_representation_grouped_oof_selected,291,0.3538717435050963,
SingMOS,per_representation_grouped_oof_selected,292,0.3593247176793659,
SingMOS,per_representation_grouped_oof_selected,293,0.3530903303959772,
SingMOS,per_representation_grouped_oof_selected,294,0.3579943767745672,
SingMOS,per_representation_grouped_oof_selected,295,0.3529390570424084,
SingMOS,per_representation_grouped_oof_selected,296,0.3464965510481936,
SingMOS,per_representation_grouped_oof_selected,297,0.3423330444620721,
SingMOS,per_representation_grouped_oof_selected,298,0.344948570488346,
SingMOS,per_representation_grouped_oof_selected,299,0.342080697142057,
SingMOS,per_representation_grouped_oof_selected,300,0.3416393159147172,
SingMOS,per_representation_grouped_oof_selected,301,0.3419180811132973,
SingMOS,per_representation_grouped_oof_selected,302,0.3426051530861129,
SingMOS,per_representation_grouped_oof_selected,303,0.342045271472003,
SingMOS,per_representation_grouped_oof_selected,304,0.3725094405919215,
SingMOS,per_representation_grouped_oof_selected,305,0.3551016746986392,
SingMOS,per_representation_grouped_oof_selected,306,0.363199506995251,
SingMOS,per_representation_grouped_oof_selected,307,0.3538717395222941,
SingMOS,per_representation_grouped_oof_selected,308,0.3593247176793659,
SingMOS,per_representation_grouped_oof_selected,309,0.3530903262381347,
SingMOS,per_representation_grouped_oof_selected,310,0.3579943870326558,
SingMOS,per_representation_grouped_oof_selected,311,0.3529389958337069,
SingMOS,per_representation_grouped_oof_selected,312,0.3464965510481937,
SingMOS,per_representation_grouped_oof_selected,313,0.3423330176703959,
SingMOS,per_representation_grouped_oof_selected,314,0.3449485726636052,
SingMOS,per_representation_grouped_oof_selected,315,0.3420807075835926,
SingMOS,per_representation_grouped_oof_selected,316,0.3416393159147534,
SingMOS,per_representation_grouped_oof_selected,317,0.3419180997212405,
SingMOS,per_representation_grouped_oof_selected,318,0.3426051511279759,
SingMOS,per_representation_grouped_oof_selected,319,0.3420452731542727,
SingMOS,per_representation_grouped_oof_selected,320,0.3762141497037646,
SingMOS,per_representation_grouped_oof_selected,321,0.3551016746986392,
SingMOS,per_representation_grouped_oof_selected,322,0.363199506995251,
SingMOS,per_representation_grouped_oof_selected,323,0.3538717445367754,
SingMOS,per_representation_grouped_oof_selected,324,0.359324717679366,
SingMOS,per_representation_grouped_oof_selected,325,0.3530903276590985,
SingMOS,per_representation_grouped_oof_selected,326,0.3579943879330212,
SingMOS,per_representation_grouped_oof_selected,327,0.3529390249801513,
SingMOS,per_representation_grouped_oof_selected,328,0.3464965510481936,
SingMOS,per_representation_grouped_oof_selected,329,0.3423330513392986,
SingMOS,per_representation_grouped_oof_selected,330,0.3449485787906823,
SingMOS,per_representation_grouped_oof_selected,331,0.3420807146937208,
SingMOS,per_representation_grouped_oof_selected,332,0.3416393159186073,
SingMOS,per_representation_grouped_oof_selected,333,0.3419181046483984,
SingMOS,per_representation_grouped_oof_selected,334,0.3426051438013224,
SingMOS,per_representation_grouped_oof_selected,335,0.3420452621659381,
SingMOS,per_representation_grouped_oof_selected,336,0.3757159971360443,
SingMOS,per_representation_grouped_oof_selected,337,0.3551016746986392,
SingMOS,per_representation_grouped_oof_selected,338,0.363199506995251,
SingMOS,per_representation_grouped_oof_selected,339,0.3538717405036251,
SingMOS,per_representation_grouped_oof_selected,340,0.359324717679366,
SingMOS,per_representation_grouped_oof_selected,341,0.3530903272303161,
SingMOS,per_representation_grouped_oof_selected,342,0.3579943873293461,
SingMOS,per_representation_grouped_oof_selected,343,0.3529390090669726,
SingMOS,per_representation_grouped_oof_selected,344,0.3464965510481937,
SingMOS,per_representation_grouped_oof_selected,345,0.3423330365442001,
SingMOS,per_representation_grouped_oof_selected,346,0.3449485694931725,
SingMOS,per_representation_grouped_oof_selected,347,0.3420807094802851,
SingMOS,per_representation_grouped_oof_selected,348,0.3416393160684169,
SingMOS,per_representation_grouped_oof_selected,349,0.3419180963810082,
SingMOS,per_representation_grouped_oof_selected,350,0.3426051499268973,
SingMOS,per_representation_grouped_oof_selected,351,0.3420452701534497,
SingMOS,per_representation_grouped_oof_selected,352,0.3725094405919216,
SingMOS,per_representation_grouped_oof_selected,353,0.3551016746986393,
SingMOS,per_representation_grouped_oof_selected,354,0.363199506995251,
SingMOS,per_representation_grouped_oof_selected,355,0.3538717387613155,
SingMOS,per_representation_grouped_oof_selected,356,0.3593247176793659,
SingMOS,per_representation_grouped_oof_selected,357,0.3530903259907904,
SingMOS,per_representation_grouped_oof_selected,358,0.3579943941239617,
SingMOS,per_representation_grouped_oof_selected,359,0.3529390136822757,
SingMOS,per_representation_grouped_oof_selected,360,0.3464965510481937,
SingMOS,per_representation_grouped_oof_selected,361,0.3423330525414854,
SingMOS,per_representation_grouped_oof_selected,362,0.3449485707363375,
SingMOS,per_representation_grouped_oof_selected,363,0.3420806374812591,
SingMOS,per_representation_grouped_oof_selected,364,0.3416393159155956,
SingMOS,per_representation_grouped_oof_selected,365,0.3419180985672753,
SingMOS,per_representation_grouped_oof_selected,366,0.3426051311285592,
SingMOS,per_representation_grouped_oof_selected,367,0.3420452453544901,
SingMOS,per_representation_grouped_oof_selected,368,0.3725094405919215,
SingMOS,per_representation_grouped_oof_selected,369,0.3551016746986393,
SingMOS,per_representation_grouped_oof_selected,370,0.3631995069952509,
SingMOS,per_representation_grouped_oof_selected,371,0.3538717387850147,
SingMOS,per_representation_grouped_oof_selected,372,0.3593247176793659,
SingMOS,per_representation_grouped_oof_selected,373,0.353090345017768,
SingMOS,per_representation_grouped_oof_selected,374,0.357994394958233,
SingMOS,per_representation_grouped_oof_selected,375,0.3529390201022087,
SingMOS,per_representation_grouped_oof_selected,376,0.3464965510481936,
SingMOS,per_representation_grouped_oof_selected,377,0.3423330525423436,
SingMOS,per_representation_grouped_oof_selected,378,0.3449485736162633,
SingMOS,per_representation_grouped_oof_selected,379,0.3420807097901585,
SingMOS,per_representation_grouped_oof_selected,380,0.3416393159158074,
SingMOS,per_representation_grouped_oof_selected,381,0.3419180995315288,
SingMOS,per_representation_grouped_oof_selected,382,0.3426051440586504,
SingMOS,per_representation_grouped_oof_selected,383,0.3420452505125435,
SingMOS,per_representation_grouped_oof_selected,384,0.3762141497037646,
SingMOS,per_representation_grouped_oof_selected,385,0.3551016746986393,
SingMOS,per_representation_grouped_oof_selected,386,0.363199506995251,
SingMOS,per_representation_grouped_oof_selected,387,0.3538717569024189,
SingMOS,per_representation_grouped_oof_selected,388,0.3593247176793659,
SingMOS,per_representation_grouped_oof_selected,389,0.3530903289741179,
SingMOS,per_representation_grouped_oof_selected,390,0.3579943879312044,
SingMOS,per_representation_grouped_oof_selected,391,0.3529390165364341,
SingMOS,per_representation_grouped_oof_selected,392,0.3464965510481937,
SingMOS,per_representation_grouped_oof_selected,393,0.3423330488659274,
SingMOS,per_representation_grouped_oof_selected,394,0.3449485812565407,
SingMOS,per_representation_grouped_oof_selected,395,0.3420806668711288,
SingMOS,per_representation_grouped_oof_selected,396,0.3416393159185611,
SingMOS,per_representation_grouped_oof_selected,397,0.3419181047062154,
SingMOS,per_representation_grouped_oof_selected,398,0.3426051101903677,
SingMOS,per_representation_grouped_oof_selected,399,0.342045268626357,
SingMOS,per_representation_grouped_oof_selected,400,0.3757159971360442,
SingMOS,per_representation_grouped_oof_selected,401,0.3551016746986393,
SingMOS,per_representation_grouped_oof_selected,402,0.363199506995251,
SingMOS,per_representation_grouped_oof_selected,403,0.3538717433284867,
SingMOS,per_representation_grouped_oof_selected,404,0.359324717679366,
SingMOS,per_representation_grouped_oof_selected,405,0.3530903260580144,
SingMOS,per_representation_grouped_oof_selected,406,0.3579943682931005,
SingMOS,per_representation_grouped_oof_selected,407,0.3529390104477331,
SingMOS,per_representation_grouped_oof_selected,408,0.3464965510481937,
SingMOS,per_representation_grouped_oof_selected,409,0.3423330404093402,
SingMOS,per_representation_grouped_oof_selected,410,0.3449485814546388,
SingMOS,per_representation_grouped_oof_selected,411,0.3420807062973314,
SingMOS,per_representation_grouped_oof_selected,412,0.3416393159194218,
SingMOS,per_representation_grouped_oof_selected,413,0.3419180981801825,
SingMOS,per_representation_grouped_oof_selected,414,0.3426051499388974,
SingMOS,per_representation_grouped_oof_selected,415,0.3420452726970198,
SingMOS,per_representation_grouped_oof_selected,416,0.3725094405919218,
SingMOS,per_representation_grouped_oof_selected,417,0.3551016746986393,
SingMOS,per_representation_grouped_oof_selected,418,0.363199506995251,
SingMOS,per_representation_grouped_oof_selected,419,0.3538717387880229,
SingMOS,per_representation_grouped_oof_selected,420,0.359324717679366,
SingMOS,per_representation_grouped_oof_selected,421,0.3530903260819831,
SingMOS,per_representation_grouped_oof_selected,422,0.3579943877588247,
SingMOS,per_representation_grouped_oof_selected,423,0.3529390110851377,
SingMOS,per_representation_grouped_oof_selected,424,0.3464965510481937,
SingMOS,per_representation_grouped_oof_selected,425,0.3423330398092507,
SingMOS,per_representation_grouped_oof_selected,426,0.3449485732750108,
SingMOS,per_representation_grouped_oof_selected,427,0.3420807102082079,
SingMOS,per_representation_grouped_oof_selected,428,0.3416393159275029,
SingMOS,per_representation_grouped_oof_selected,429,0.3419181003261468,
SingMOS,per_representation_grouped_oof_selected,430,0.3426051537879523,
SingMOS,per_representation_grouped_oof_selected,431,0.3420452564253932,
SingMOS,per_representation_grouped_oof_selected,432,0.3725094405919215,
SingMOS,per_representation_grouped_oof_selected,433,0.3551016746986392,
SingMOS,per_representation_grouped_oof_selected,434,0.3631995069952509,
SingMOS,per_representation_grouped_oof_selected,435,0.3538717388067485,
SingMOS,per_representation_grouped_oof_selected,436,0.359324717679366,
SingMOS,per_representation_grouped_oof_selected,437,0.3530903259079783,
SingMOS,per_representation_grouped_oof_selected,438,0.3579943879342693,
SingMOS,per_representation_grouped_oof_selected,439,0.3529390111393264,
SingMOS,per_representation_grouped_oof_selected,440,0.3464965510481936,
SingMOS,per_representation_grouped_oof_selected,441,0.3423330520636043,
SingMOS,per_representation_grouped_oof_selected,442,0.3449485744869707,
SingMOS,per_representation_grouped_oof_selected,443,0.342080709577673,
SingMOS,per_representation_grouped_oof_selected,444,0.3416393159213411,
SingMOS,per_representation_grouped_oof_selected,445,0.341918100526993,
SingMOS,per_representation_grouped_oof_selected,446,0.3426051498462085,
SingMOS,per_representation_grouped_oof_selected,447,0.3420452464633337,
SingMOS,per_representation_grouped_oof_selected,448,0.3762141497037646,
SingMOS,per_representation_grouped_oof_selected,449,0.3551016746986393,
SingMOS,per_representation_grouped_oof_selected,450,0.363199506995251,
SingMOS,per_representation_grouped_oof_selected,451,0.3538717579790226,
SingMOS,per_representation_grouped_oof_selected,452,0.3593247176793659,
SingMOS,per_representation_grouped_oof_selected,453,0.3530903263145645,
SingMOS,per_representation_grouped_oof_selected,454,0.3579943839929577,
SingMOS,per_representation_grouped_oof_selected,455,0.3529390211688494,
SingMOS,per_representation_grouped_oof_selected,456,0.3464965510481937,
SingMOS,per_representation_grouped_oof_selected,457,0.3423330351098925,
SingMOS,per_representation_grouped_oof_selected,458,0.3449485808694545,
SingMOS,per_representation_grouped_oof_selected,459,0.3420806859137512,
SingMOS,per_representation_grouped_oof_selected,460,0.3416393159175008,
SingMOS,per_representation_grouped_oof_selected,461,0.3419181029146219,
SingMOS,per_representation_grouped_oof_selected,462,0.3426051334632558,
SingMOS,per_representation_grouped_oof_selected,463,0.3420452634926586,
SingMOS,per_representation_grouped_oof_selected,464,0.3757159971360443,
SingMOS,per_representation_grouped_oof_selected,465,0.3551016746986393,
SingMOS,per_representation_grouped_oof_selected,466,0.363199506995251,
SingMOS,per_representation_grouped_oof_selected,467,0.3538717389874845,
SingMOS,per_representation_grouped_oof_selected,468,0.3593247176793659,
SingMOS,per_representation_grouped_oof_selected,469,0.3530903260238524,
SingMOS,per_representation_grouped_oof_selected,470,0.3579943875585207,
SingMOS,per_representation_grouped_oof_selected,471,0.352938996341476,
SingMOS,per_representation_grouped_oof_selected,472,0.3464965510481937,
SingMOS,per_representation_grouped_oof_selected,473,0.3423330524971407,
SingMOS,per_representation_grouped_oof_selected,474,0.3449485900569897,
SingMOS,per_representation_grouped_oof_selected,475,0.3420807083775499,
SingMOS,per_representation_grouped_oof_selected,476,0.3416393159501922,
SingMOS,per_representation_grouped_oof_selected,477,0.3419180967927874,
SingMOS,per_representation_grouped_oof_selected,478,0.342605152697006,
SingMOS,per_representation_grouped_oof_selected,479,0.3420452722566486,
SingMOS,per_representation_grouped_oof_selected,480,0.3725094405919215,
SingMOS,per_representation_grouped_oof_selected,481,0.3551016746986392,
SingMOS,per_representation_grouped_oof_selected,482,0.363199506995251,
SingMOS,per_representation_grouped_oof_selected,483,0.3538717387618408,
SingMOS,per_representation_grouped_oof_selected,484,0.3593247176793659,
SingMOS,per_representation_grouped_oof_selected,485,0.3530903571767126,
SingMOS,per_representation_grouped_oof_selected,486,0.3579943879635608,
SingMOS,per_representation_grouped_oof_selected,487,0.3529390180908425,
SingMOS,per_representation_grouped_oof_selected,488,0.3464965510481936,
SingMOS,per_representation_grouped_oof_selected,489,0.3423330460895546,
SingMOS,per_representation_grouped_oof_selected,490,0.3449485714064392,
SingMOS,per_representation_grouped_oof_selected,491,0.34208071050323,
SingMOS,per_representation_grouped_oof_selected,492,0.3416393159151231,
SingMOS,per_representation_grouped_oof_selected,493,0.3419180881794079,
SingMOS,per_representation_grouped_oof_selected,494,0.3426051530848062,
SingMOS,per_representation_grouped_oof_selected,495,0.3420452462977309,
SingMOS,per_representation_grouped_oof_selected,496,0.3725094405919215,
SingMOS,per_representation_grouped_oof_selected,497,0.3551016746986392,
SingMOS,per_representation_grouped_oof_selected,498,0.363199506995251,
SingMOS,per_representation_grouped_oof_selected,499,0.3538717465625244,
SingMOS,per_representation_grouped_oof_selected,500,0.3593247176793659,
SingMOS,per_representation_grouped_oof_selected,501,0.3530903311606241,
SingMOS,per_representation_grouped_oof_selected,502,0.3579943879513329,
SingMOS,per_representation_grouped_oof_selected,503,0.3529390195075451,
SingMOS,per_representation_grouped_oof_selected,504,0.3464965510481936,
SingMOS,per_representation_grouped_oof_selected,505,0.3423330143298513,
SingMOS,per_representation_grouped_oof_selected,506,0.3449485740565783,
SingMOS,per_representation_grouped_oof_selected,507,0.3420807079175793,
SingMOS,per_representation_grouped_oof_selected,508,0.3416393159155116,
SingMOS,per_representation_grouped_oof_selected,509,0.3419180987445674,
SingMOS,per_representation_grouped_oof_selected,510,0.3426051457553404,
SingMOS,per_representation_grouped_oof_selected,511,0.342045246459166,
SingMOS,per_representation_grouped_oof_selected,512,0.4044292619777661,
SingMOS,per_representation_grouped_oof_selected,513,0.355083713035194,
SingMOS,per_representation_grouped_oof_selected,514,0.3715303408896559,
SingMOS,per_representation_grouped_oof_selected,515,0.3536468304413931,
SingMOS,per_representation_grouped_oof_selected,516,0.3690536631542624,
SingMOS,per_representation_grouped_oof_selected,517,0.3528468875613532,
SingMOS,per_representation_grouped_oof_selected,518,0.3648971040043136,
SingMOS,per_representation_grouped_oof_selected,519,0.352621994387412,
SingMOS,per_representation_grouped_oof_selected,520,0.3346855238654069,
SingMOS,per_representation_grouped_oof_selected,521,0.3353213734702158,
SingMOS,per_representation_grouped_oof_selected,522,0.3366910854528341,
SingMOS,per_representation_grouped_oof_selected,523,0.3354326575539846,
SingMOS,per_representation_grouped_oof_selected,524,0.3343427084695605,
SingMOS,per_representation_grouped_oof_selected,525,0.3353213547279315,
SingMOS,per_representation_grouped_oof_selected,526,0.3359261258896962,
SingMOS,per_representation_grouped_oof_selected,527,0.3354326142569308,
SingMOS,per_representation_grouped_oof_selected,528,0.407617430800554,
SingMOS,per_representation_grouped_oof_selected,529,0.3550837130351941,
SingMOS,per_representation_grouped_oof_selected,530,0.371530340889656,
SingMOS,per_representation_grouped_oof_selected,531,0.353646852149069,
SingMOS,per_representation_grouped_oof_selected,532,0.3690536631542625,
SingMOS,per_representation_grouped_oof_selected,533,0.3528469606615138,
SingMOS,per_representation_grouped_oof_selected,534,0.3648971499617375,
SingMOS,per_representation_grouped_oof_selected,535,0.3526218963983213,
SingMOS,per_representation_grouped_oof_selected,536,0.3346855238654069,
SingMOS,per_representation_grouped_oof_selected,537,0.3353213507582891,
SingMOS,per_representation_grouped_oof_selected,538,0.3366911300773558,
SingMOS,per_representation_grouped_oof_selected,539,0.3354326577508026,
SingMOS,per_representation_grouped_oof_selected,540,0.334342695995696,
SingMOS,per_representation_grouped_oof_selected,541,0.3353213843211008,
SingMOS,per_representation_grouped_oof_selected,542,0.3359261107287717,
SingMOS,per_representation_grouped_oof_selected,543,0.3354326285116978,
SingMOS,per_representation_grouped_oof_selected,544,0.386328703332066,
SingMOS,per_representation_grouped_oof_selected,545,0.355083713035194,
SingMOS,per_representation_grouped_oof_selected,546,0.3715303408896558,
SingMOS,per_representation_grouped_oof_selected,547,0.3536468051031336,
SingMOS,per_representation_grouped_oof_selected,548,0.3690536631542625,
SingMOS,per_representation_grouped_oof_selected,549,0.352846943356585,
SingMOS,per_representation_grouped_oof_selected,550,0.3648971074709011,
SingMOS,per_representation_grouped_oof_selected,551,0.3526220004756588,
SingMOS,per_representation_grouped_oof_selected,552,0.3346855238654069,
SingMOS,per_representation_grouped_oof_selected,553,0.3353213516331939,
SingMOS,per_representation_grouped_oof_selected,554,0.3366911297559655,
SingMOS,per_representation_grouped_oof_selected,555,0.3354326669916682,
SingMOS,per_representation_grouped_oof_selected,556,0.3343427039832402,
SingMOS,per_representation_grouped_oof_selected,557,0.3353213767541918,
SingMOS,per_representation_grouped_oof_selected,558,0.3359260997689035,
SingMOS,per_representation_grouped_oof_selected,559,0.3354326277165944,
SingMOS,per_representation_grouped_oof_selected,560,0.3863287033320659,
SingMOS,per_representation_grouped_oof_selected,561,0.3550837130351941,
SingMOS,per_representation_grouped_oof_selected,562,0.371530340889656,
SingMOS,per_representation_grouped_oof_selected,563,0.3536468580571243,
SingMOS,per_representation_grouped_oof_selected,564,0.3690536631542625,
SingMOS,per_representation_grouped_oof_selected,565,0.3528469710965771,
SingMOS,per_representation_grouped_oof_selected,566,0.3648971361368004,
SingMOS,per_representation_grouped_oof_selected,567,0.3526220575406076,
SingMOS,per_representation_grouped_oof_selected,568,0.3346855238654069,
SingMOS,per_representation_grouped_oof_selected,569,0.335321350925191,
SingMOS,per_representation_grouped_oof_selected,570,0.3366911249893236,
SingMOS,per_representation_grouped_oof_selected,571,0.3354326603056147,
SingMOS,per_representation_grouped_oof_selected,572,0.334342697477004,
SingMOS,per_representation_grouped_oof_selected,573,0.3353213412027268,
SingMOS,per_representation_grouped_oof_selected,574,0.3359260963834183,
SingMOS,per_representation_grouped_oof_selected,575,0.3354326306729438,
SingMOS,per_representation_grouped_oof_selected,576,0.4057674539369069,
SingMOS,per_representation_grouped_oof_selected,577,0.355083713035194,
SingMOS,per_representation_grouped_oof_selected,578,0.371530340889656,
SingMOS,per_representation_grouped_oof_selected,579,0.3536468477486568,
SingMOS,per_representation_grouped_oof_selected,580,0.3690536631542623,
SingMOS,per_representation_grouped_oof_selected,581,0.3528469624490421,
SingMOS,per_representation_grouped_oof_selected,582,0.3648971053249433,
SingMOS,per_representation_grouped_oof_selected,583,0.3526220040298647,
SingMOS,per_representation_grouped_oof_selected,584,0.334685523865407,
SingMOS,per_representation_grouped_oof_selected,585,0.3353213507524148,
SingMOS,per_representation_grouped_oof_selected,586,0.3366911241663312,
SingMOS,per_representation_grouped_oof_selected,587,0.3354326600520785,
SingMOS,per_representation_grouped_oof_selected,588,0.3343427017710096,
SingMOS,per_representation_grouped_oof_selected,589,0.3353213562778431,
SingMOS,per_representation_grouped_oof_selected,590,0.3359260967038824,
SingMOS,per_representation_grouped_oof_selected,591,0.3354326245561285,
SingMOS,per_representation_grouped_oof_selected,592,0.4075308708146978,
SingMOS,per_representation_grouped_oof_selected,593,0.3550837130351937,
SingMOS,per_representation_grouped_oof_selected,594,0.371530340889656,
SingMOS,per_representation_grouped_oof_selected,595,0.3536467800670712,
SingMOS,per_representation_grouped_oof_selected,596,0.3690536631542624,
SingMOS,per_representation_grouped_oof_selected,597,0.3528469102793712,
SingMOS,per_representation_grouped_oof_selected,598,0.3648971196930414,
SingMOS,per_representation_grouped_oof_selected,599,0.3526220339878952,
SingMOS,per_representation_grouped_oof_selected,600,0.3346855238654069,
SingMOS,per_representation_grouped_oof_selected,601,0.3353213507526138,
SingMOS,per_representation_grouped_oof_selected,602,0.336691125992081,
SingMOS,per_representation_grouped_oof_selected,603,0.3354326612324106,
SingMOS,per_representation_grouped_oof_selected,604,0.3343426976707928,
SingMOS,per_representation_grouped_oof_selected,605,0.335321314849917,
SingMOS,per_representation_grouped_oof_selected,606,0.3359260940106882,
SingMOS,per_representation_grouped_oof_selected,607,0.3354326268675622,
SingMOS,per_representation_grouped_oof_selected,608,0.386328703332066,
SingMOS,per_representation_grouped_oof_selected,609,0.3550837130351938,
SingMOS,per_representation_grouped_oof_selected,610,0.3715303408896559,
SingMOS,per_representation_grouped_oof_selected,611,0.3536468586801503,
SingMOS,per_representation_grouped_oof_selected,612,0.3690536631542625,
SingMOS,per_representation_grouped_oof_selected,613,0.3528469680994666,
SingMOS,per_representation_grouped_oof_selected,614,0.3648971072094161,
SingMOS,per_representation_grouped_oof_selected,615,0.3526220108629467,
SingMOS,per_representation_grouped_oof_selected,616,0.3346855238654069,
SingMOS,per_representation_grouped_oof_selected,617,0.3353213513955195,
SingMOS,per_representation_grouped_oof_selected,618,0.3366911340722026,
SingMOS,per_representation_grouped_oof_selected,619,0.3354326702949244,
SingMOS,per_representation_grouped_oof_selected,620,0.3343427157422773,
SingMOS,per_representation_grouped_oof_selected,621,0.3353213624277493,
SingMOS,per_representation_grouped_oof_selected,622,0.3359260935741149,
SingMOS,per_representation_grouped_oof_selected,623,0.3354326181002534,
SingMOS,per_representation_grouped_oof_selected,624,0.386328703332066,
SingMOS,per_representation_grouped_oof_selected,625,0.355083713035194,
SingMOS,per_representation_grouped_oof_selected,626,0.371530340889656,
SingMOS,per_representation_grouped_oof_selected,627,0.3536467836473298,
SingMOS,per_representation_grouped_oof_selected,628,0.3690536631542623,
SingMOS,per_representation_grouped_oof_selected,629,0.3528469660160566,
SingMOS,per_representation_grouped_oof_selected,630,0.3648971092583957,
SingMOS,per_representation_grouped_oof_selected,631,0.3526220241560024,
SingMOS,per_representation_grouped_oof_selected,632,0.334685523865407,
SingMOS,per_representation_grouped_oof_selected,633,0.3353213508752997,
SingMOS,per_representation_grouped_oof_selected,634,0.3366911322031133,
SingMOS,per_representation_grouped_oof_selected,635,0.3354326568848071,
SingMOS,per_representation_grouped_oof_selected,636,0.3343427124875517,
SingMOS,per_representation_grouped_oof_selected,637,0.335321362477479,
SingMOS,per_representation_grouped_oof_selected,638,0.3359260927593265,
SingMOS,per_representation_grouped_oof_selected,639,0.335432642567852,
SingMOS,per_representation_grouped_oof_selected,640,0.4039289099223013,
SingMOS,per_representation_grouped_oof_selected,641,0.3550837130351943,
SingMOS,per_representation_grouped_oof_selected,642,0.371530340889656,
SingMOS,per_representation_grouped_oof_selected,643,0.3536468539487196,
SingMOS,per_representation_grouped_oof_selected,644,0.3690536631542624,
SingMOS,per_representation_grouped_oof_selected,645,0.352846937209501,
SingMOS,per_representation_grouped_oof_selected,646,0.3648971072095051,
SingMOS,per_representation_grouped_oof_selected,647,0.3526220288710254,
SingMOS,per_representation_grouped_oof_selected,648,0.3346855238654069,
SingMOS,per_representation_grouped_oof_selected,649,0.3353213507831216,
SingMOS,per_representation_grouped_oof_selected,650,0.3366911183867058,
SingMOS,per_representation_grouped_oof_selected,651,0.3354326858454928,
SingMOS,per_representation_grouped_oof_selected,652,0.3343426716210328,
SingMOS,per_representation_grouped_oof_selected,653,0.3353214247318888,
SingMOS,per_representation_grouped_oof_selected,654,0.3359261042984194,
SingMOS,per_representation_grouped_oof_selected,655,0.3354326313443719,
SingMOS,per_representation_grouped_oof_selected,656,0.4058756080811085,
SingMOS,per_representation_grouped_oof_selected,657,0.355083713035194,
SingMOS,per_representation_grouped_oof_selected,658,0.3715303408896559,
SingMOS,per_representation_grouped_oof_selected,659,0.3536468429674309,
SingMOS,per_representation_grouped_oof_selected,660,0.3690536631542625,
SingMOS,per_representation_grouped_oof_selected,661,0.3528469565877209,
SingMOS,per_representation_grouped_oof_selected,662,0.3648971072993304,
SingMOS,per_representation_grouped_oof_selected,663,0.352622005308997,
SingMOS,per_representation_grouped_oof_selected,664,0.3346855238654069,
SingMOS,per_representation_grouped_oof_selected,665,0.3353213507644657,
SingMOS,per_representation_grouped_oof_selected,666,0.3366911222674882,
SingMOS,per_representation_grouped_oof_selected,667,0.3354326754605284,
SingMOS,per_representation_grouped_oof_selected,668,0.3343426951824344,
SingMOS,per_representation_grouped_oof_selected,669,0.3353213076830744,
SingMOS,per_representation_grouped_oof_selected,670,0.3359260951908949,
SingMOS,per_representation_grouped_oof_selected,671,0.3354326329527381,
SingMOS,per_representation_grouped_oof_selected,672,0.386328703332066,
SingMOS,per_representation_grouped_oof_selected,673,0.355083713035194,
SingMOS,per_representation_grouped_oof_selected,674,0.371530340889656,
SingMOS,per_representation_grouped_oof_selected,675,0.3536468586367253,
SingMOS,per_representation_grouped_oof_selected,676,0.3690536631542624,
SingMOS,per_representation_grouped_oof_selected,677,0.3528469553822658,
SingMOS,per_representation_grouped_oof_selected,678,0.3648971045880678,
SingMOS,per_representation_grouped_oof_selected,679,0.3526220435728742,
SingMOS,per_representation_grouped_oof_selected,680,0.3346855238654069,
SingMOS,per_representation_grouped_oof_selected,681,0.3353213414170577,
SingMOS,per_representation_grouped_oof_selected,682,0.336691131883763,
SingMOS,per_representation_grouped_oof_selected,683,0.3354326699935107,
SingMOS,per_representation_grouped_oof_selected,684,0.3343427096791063,
SingMOS,per_representation_grouped_oof_selected,685,0.3353213886001082,
SingMOS,per_representation_grouped_oof_selected,686,0.3359260975691992,
SingMOS,per_representation_grouped_oof_selected,687,0.3354326261589541,
SingMOS,per_representation_grouped_oof_selected,688,0.386328703332066,
SingMOS,per_representation_grouped_oof_selected,689,0.355083713035194,
SingMOS,per_representation_grouped_oof_selected,690,0.371530340889656,
SingMOS,per_representation_grouped_oof_selected,691,0.3536468854532625,
SingMOS,per_representation_grouped_oof_selected,692,0.3690536631542624,
SingMOS,per_representation_grouped_oof_selected,693,0.3528469697022117,
SingMOS,per_representation_grouped_oof_selected,694,0.3648971141093091,
SingMOS,per_representation_grouped_oof_selected,695,0.3526220191801748,
SingMOS,per_representation_grouped_oof_selected,696,0.3346855238654069,
SingMOS,per_representation_grouped_oof_selected,697,0.335321445820081,
SingMOS,per_representation_grouped_oof_selected,698,0.3366911302216143,
SingMOS,per_representation_grouped_oof_selected,699,0.3354326592579696,
SingMOS,per_representation_grouped_oof_selected,700,0.3343427099092866,
SingMOS,per_representation_grouped_oof_selected,701,0.335321362273323,
SingMOS,per_representation_grouped_oof_selected,702,0.3359261090918935,
SingMOS,per_representation_grouped_oof_selected,703,0.3354326284643283,
SingMOS,per_representation_grouped_oof_selected,704,0.4039289099223014,
SingMOS,per_representation_grouped_oof_selected,705,0.3550837130351938,
SingMOS,per_representation_grouped_oof_selected,706,0.371530340889656,
SingMOS,per_representation_grouped_oof_selected,707,0.3536468204524071,
SingMOS,per_representation_grouped_oof_selected,708,0.3690536631542623,
SingMOS,per_representation_grouped_oof_selected,709,0.3528468870849603,
SingMOS,per_representation_grouped_oof_selected,710,0.3648971196772576,
SingMOS,per_representation_grouped_oof_selected,711,0.3526220066376156,
SingMOS,per_representation_grouped_oof_selected,712,0.334685523865407,
SingMOS,per_representation_grouped_oof_selected,713,0.335321350754297,
SingMOS,per_representation_grouped_oof_selected,714,0.336691131895456,
SingMOS,per_representation_grouped_oof_selected,715,0.3354326595807203,
SingMOS,per_representation_grouped_oof_selected,716,0.3343426737510422,
SingMOS,per_representation_grouped_oof_selected,717,0.3353214275276418,
SingMOS,per_representation_grouped_oof_selected,718,0.3359260981439599,
SingMOS,per_representation_grouped_oof_selected,719,0.3354326263896339,
SingMOS,per_representation_grouped_oof_selected,720,0.4058756109739345,
SingMOS,per_representation_grouped_oof_selected,721,0.355083713035194,
SingMOS,per_representation_grouped_oof_selected,722,0.3715303408896561,
SingMOS,per_representation_grouped_oof_selected,723,0.3536468384261472,
SingMOS,per_representation_grouped_oof_selected,724,0.3690536631542623,
SingMOS,per_representation_grouped_oof_selected,725,0.3528469587312718,
SingMOS,per_representation_grouped_oof_selected,726,0.364897111299012,
SingMOS,per_representation_grouped_oof_selected,727,0.3526220148604478,
SingMOS,per_representation_grouped_oof_selected,728,0.3346855238654069,
SingMOS,per_representation_grouped_oof_selected,729,0.3353213507538747,
SingMOS,per_representation_grouped_oof_selected,730,0.3366910678897972,
SingMOS,per_representation_grouped_oof_selected,731,0.3354326684614503,
SingMOS,per_representation_grouped_oof_selected,732,0.334342684710727,
SingMOS,per_representation_grouped_oof_selected,733,0.3353213843975955,
SingMOS,per_representation_grouped_oof_selected,734,0.3359261065076786,
SingMOS,per_representation_grouped_oof_selected,735,0.3354326274943502,
SingMOS,per_representation_grouped_oof_selected,736,0.386328703332066,
SingMOS,per_representation_grouped_oof_selected,737,0.355083713035194,
SingMOS,per_representation_grouped_oof_selected,738,0.3715303408896559,
SingMOS,per_representation_grouped_oof_selected,739,0.3536468541344005,
SingMOS,per_representation_grouped_oof_selected,740,0.3690536631542623,
SingMOS,per_representation_grouped_oof_selected,741,0.3528469719790716,
SingMOS,per_representation_grouped_oof_selected,742,0.3648971072082513,
SingMOS,per_representation_grouped_oof_selected,743,0.3526220063752738,
SingMOS,per_representation_grouped_oof_selected,744,0.3346855238654069,
SingMOS,per_representation_grouped_oof_selected,745,0.3353213509896662,
SingMOS,per_representation_grouped_oof_selected,746,0.3366911338880853,
SingMOS,per_representation_grouped_oof_selected,747,0.3354326683127432,
SingMOS,per_representation_grouped_oof_selected,748,0.3343427131598048,
SingMOS,per_representation_grouped_oof_selected,749,0.3353213798596055,
SingMOS,per_representation_grouped_oof_selected,750,0.3359260946727153,
SingMOS,per_representation_grouped_oof_selected,751,0.3354326292526413,
SingMOS,per_representation_grouped_oof_selected,752,0.386328703332066,
SingMOS,per_representation_grouped_oof_selected,753,0.3550837130351938,
SingMOS,per_representation_grouped_oof_selected,754,0.3715303408896559,
SingMOS,per_representation_grouped_oof_selected,755,0.3536468473040016,
SingMOS,per_representation_grouped_oof_selected,756,0.3690536631542625,
SingMOS,per_representation_grouped_oof_selected,757,0.3528469307741562,
SingMOS,per_representation_grouped_oof_selected,758,0.3648971328600015,
SingMOS,per_representation_grouped_oof_selected,759,0.3526220225539209,
SingMOS,per_representation_grouped_oof_selected,760,0.3346855238654069,
SingMOS,per_representation_grouped_oof_selected,761,0.3353213508227676,
SingMOS,per_representation_grouped_oof_selected,762,0.3366911327250629,
SingMOS,per_representation_grouped_oof_selected,763,0.335432666351884,
SingMOS,per_representation_grouped_oof_selected,764,0.3343427120877583,
SingMOS,per_representation_grouped_oof_selected,765,0.3353213623313829,
SingMOS,per_representation_grouped_oof_selected,766,0.3359260946184272,
SingMOS,per_representation_grouped_oof_selected,767,0.3354326451036055,
SingMOS,per_representation_grouped_oof_selected,768,0.3570429308699631,
SingMOS,per_representation_grouped_oof_selected,769,0.3462015252645078,
SingMOS,per_representation_grouped_oof_selected,770,0.3520997682279206,
SingMOS,per_representation_grouped_oof_selected,771,0.3459611309799839,
SingMOS,per_representation_grouped_oof_selected,772,0.3506633401972314,
SingMOS,per_representation_grouped_oof_selected,773,0.3458822482672898,
SingMOS,per_representation_grouped_oof_selected,774,0.3500841629018446,
SingMOS,per_representation_grouped_oof_selected,775,0.3458838672520178,
SingMOS,per_representation_grouped_oof_selected,776,0.3357083397338117,
SingMOS,per_representation_grouped_oof_selected,777,0.3356567381584551,
SingMOS,per_representation_grouped_oof_selected,778,0.3368292423442492,
SingMOS,per_representation_grouped_oof_selected,779,0.33570435029367,
SingMOS,per_representation_grouped_oof_selected,780,0.3348769534250485,
SingMOS,per_representation_grouped_oof_selected,781,0.3356566795918899,
SingMOS,per_representation_grouped_oof_selected,782,0.3361262901252524,
SingMOS,per_representation_grouped_oof_selected,783,0.3357043822087349,
SingMOS,per_representation_grouped_oof_selected,784,0.357042930869963,
SingMOS,per_representation_grouped_oof_selected,785,0.3462015254493027,
SingMOS,per_representation_grouped_oof_selected,786,0.3520997641764574,
SingMOS,per_representation_grouped_oof_selected,787,0.3459611372855257,
SingMOS,per_representation_grouped_oof_selected,788,0.3506633380380977,
SingMOS,per_representation_grouped_oof_selected,789,0.3458822486548596,
SingMOS,per_representation_grouped_oof_selected,790,0.350084157809973,
SingMOS,per_representation_grouped_oof_selected,791,0.3458838656868704,
SingMOS,per_representation_grouped_oof_selected,792,0.3357083083412487,
SingMOS,per_representation_grouped_oof_selected,793,0.3356567136926455,
SingMOS,per_representation_grouped_oof_selected,794,0.3368292369964047,
SingMOS,per_representation_grouped_oof_selected,795,0.3357043973370587,
SingMOS,per_representation_grouped_oof_selected,796,0.3348769337840355,
SingMOS,per_representation_grouped_oof_selected,797,0.3356566429236208,
SingMOS,per_representation_grouped_oof_selected,798,0.3361263043854106,
SingMOS,per_representation_grouped_oof_selected,799,0.3357043956213905,
SingMOS,per_representation_grouped_oof_selected,800,0.3570429308699629,
SingMOS,per_representation_grouped_oof_selected,801,0.3462015252544437,
SingMOS,per_representation_grouped_oof_selected,802,0.3520997683398373,
SingMOS,per_representation_grouped_oof_selected,803,0.3459611311068583,
SingMOS,per_representation_grouped_oof_selected,804,0.3506633382531776,
SingMOS,per_representation_grouped_oof_selected,805,0.345882247319402,
SingMOS,per_representation_grouped_oof_selected,806,0.3500841367613237,
SingMOS,per_representation_grouped_oof_selected,807,0.3458838657926721,
SingMOS,per_representation_grouped_oof_selected,808,0.3357083385750581,
SingMOS,per_representation_grouped_oof_selected,809,0.3356567144788282,
SingMOS,per_representation_grouped_oof_selected,810,0.3368292384985175,
SingMOS,per_representation_grouped_oof_selected,811,0.3357043983397265,
SingMOS,per_representation_grouped_oof_selected,812,0.3348769379345543,
SingMOS,per_representation_grouped_oof_selected,813,0.3356566524417921,
SingMOS,per_representation_grouped_oof_selected,814,0.3361262999018541,
SingMOS,per_representation_grouped_oof_selected,815,0.3357043854403451,
SingMOS,per_representation_grouped_oof_selected,816,0.3570429308699631,
SingMOS,per_representation_grouped_oof_selected,817,0.3462015252554343,
SingMOS,per_representation_grouped_oof_selected,818,0.3520997666432,
SingMOS,per_representation_grouped_oof_selected,819,0.345961127667777,
SingMOS,per_representation_grouped_oof_selected,820,0.3506633193439232,
SingMOS,per_representation_grouped_oof_selected,821,0.3458822545524627,
SingMOS,per_representation_grouped_oof_selected,822,0.3500841440472049,
SingMOS,per_representation_grouped_oof_selected,823,0.3458838640723995,
SingMOS,per_representation_grouped_oof_selected,824,0.3357082973625845,
SingMOS,per_representation_grouped_oof_selected,825,0.335656715458354,
SingMOS,per_representation_grouped_oof_selected,826,0.3368292362127792,
SingMOS,per_representation_grouped_oof_selected,827,0.3357043963236224,
SingMOS,per_representation_grouped_oof_selected,828,0.3348769337290759,
SingMOS,per_representation_grouped_oof_selected,829,0.3356566536582412,
SingMOS,per_representation_grouped_oof_selected,830,0.3361263006080675,
SingMOS,per_representation_grouped_oof_selected,831,0.335704353481593,
SingMOS,per_representation_grouped_oof_selected,832,0.3570429308699631,
SingMOS,per_representation_grouped_oof_selected,833,0.3462015252844615,
SingMOS,per_representation_grouped_oof_selected,834,0.3520997586626688,
SingMOS,per_representation_grouped_oof_selected,835,0.3459611378575327,
SingMOS,per_representation_grouped_oof_selected,836,0.3506633374368755,
SingMOS,per_representation_grouped_oof_selected,837,0.3458822497064309,
SingMOS,per_representation_grouped_oof_selected,838,0.3500841470333102,
SingMOS,per_representation_grouped_oof_selected,839,0.3458838623556981,
SingMOS,per_representation_grouped_oof_selected,840,0.3357083236148555,
SingMOS,per_representation_grouped_oof_selected,841,0.3356567087227596,
SingMOS,per_representation_grouped_oof_selected,842,0.3368292416725738,
SingMOS,per_representation_grouped_oof_selected,843,0.3357043945290973,
SingMOS,per_representation_grouped_oof_selected,844,0.3348769380440689,
SingMOS,per_representation_grouped_oof_selected,845,0.3356567134249946,
SingMOS,per_representation_grouped_oof_selected,846,0.336126277983743,
SingMOS,per_representation_grouped_oof_selected,847,0.3357044051364027,
SingMOS,per_representation_grouped_oof_selected,848,0.357042930869963,
SingMOS,per_representation_grouped_oof_selected,849,0.3462015252786468,
SingMOS,per_representation_grouped_oof_selected,850,0.3520997573576562,
SingMOS,per_representation_grouped_oof_selected,851,0.3459611312692885,
SingMOS,per_representation_grouped_oof_selected,852,0.3506633403160449,
SingMOS,per_representation_grouped_oof_selected,853,0.3458822512812097,
SingMOS,per_representation_grouped_oof_selected,854,0.3500841497002708,
SingMOS,per_representation_grouped_oof_selected,855,0.3458838613048733,
SingMOS,per_representation_grouped_oof_selected,856,0.335708334111587,
SingMOS,per_representation_grouped_oof_selected,857,0.3356567121093347,
SingMOS,per_representation_grouped_oof_selected,858,0.3368292384281125,
SingMOS,per_representation_grouped_oof_selected,859,0.3357043365621437,
SingMOS,per_representation_grouped_oof_selected,860,0.3348769393248275,
SingMOS,per_representation_grouped_oof_selected,861,0.3356566457219135,
SingMOS,per_representation_grouped_oof_selected,862,0.3361262979180199,
SingMOS,per_representation_grouped_oof_selected,863,0.3357043871142311,
SingMOS,per_representation_grouped_oof_selected,864,0.3570429308699631,
SingMOS,per_representation_grouped_oof_selected,865,0.3462015252581483,
SingMOS,per_representation_grouped_oof_selected,866,0.3520997665854199,
SingMOS,per_representation_grouped_oof_selected,867,0.3459611326233204,
SingMOS,per_representation_grouped_oof_selected,868,0.3506633059119451,
SingMOS,per_representation_grouped_oof_selected,869,0.3458822482742602,
SingMOS,per_representation_grouped_oof_selected,870,0.350084147290275,
SingMOS,per_representation_grouped_oof_selected,871,0.3458838682158611,
SingMOS,per_representation_grouped_oof_selected,872,0.335708334847919,
SingMOS,per_representation_grouped_oof_selected,873,0.3356567144827455,
SingMOS,per_representation_grouped_oof_selected,874,0.3368292371576695,
SingMOS,per_representation_grouped_oof_selected,875,0.3357043448894271,
SingMOS,per_representation_grouped_oof_selected,876,0.334876936968571,
SingMOS,per_representation_grouped_oof_selected,877,0.3356566843674669,
SingMOS,per_representation_grouped_oof_selected,878,0.3361262823878863,
SingMOS,per_representation_grouped_oof_selected,879,0.3357043862767415,
SingMOS,per_representation_grouped_oof_selected,880,0.357042930869963,
SingMOS,per_representation_grouped_oof_selected,881,0.3462015252600368,
SingMOS,per_representation_grouped_oof_selected,882,0.3520997668629428,
SingMOS,per_representation_grouped_oof_selected,883,0.3459611287735528,
SingMOS,per_representation_grouped_oof_selected,884,0.3506633310240445,
SingMOS,per_representation_grouped_oof_selected,885,0.3458822526141156,
SingMOS,per_representation_grouped_oof_selected,886,0.3500841651068303,
SingMOS,per_representation_grouped_oof_selected,887,0.3458838630882519,
SingMOS,per_representation_grouped_oof_selected,888,0.3357083367068338,
SingMOS,per_representation_grouped_oof_selected,889,0.3356567382738059,
SingMOS,per_representation_grouped_oof_selected,890,0.3368292696254922,
SingMOS,per_representation_grouped_oof_selected,891,0.3357043445654628,
SingMOS,per_representation_grouped_oof_selected,892,0.3348769309857398,
SingMOS,per_representation_grouped_oof_selected,893,0.3356567062071923,
SingMOS,per_representation_grouped_oof_selected,894,0.3361262798913454,
SingMOS,per_representation_grouped_oof_selected,895,0.3357043821560057,
SingMOS,per_representation_grouped_oof_selected,896,0.3570429308699631,
SingMOS,per_representation_grouped_oof_selected,897,0.3462015252552241,
SingMOS,per_representation_grouped_oof_selected,898,0.3520997630900276,
SingMOS,per_representation_grouped_oof_selected,899,0.3459611303821671,
SingMOS,per_representation_grouped_oof_selected,900,0.3506633373520311,
SingMOS,per_representation_grouped_oof_selected,901,0.3458822478659362,
SingMOS,per_representation_grouped_oof_selected,902,0.3500841466438154,
SingMOS,per_representation_grouped_oof_selected,903,0.34588386403924,
SingMOS,per_representation_grouped_oof_selected,904,0.3357083254095197,
SingMOS,per_representation_grouped_oof_selected,905,0.3356567123117189,
SingMOS,per_representation_grouped_oof_selected,906,0.3368292912986736,
SingMOS,per_representation_grouped_oof_selected,907,0.3357043970454694,
SingMOS,per_representation_grouped_oof_selected,908,0.3348769294235715,
SingMOS,per_representation_grouped_oof_selected,909,0.3356567132842388,
SingMOS,per_representation_grouped_oof_selected,910,0.3361263014702629,
SingMOS,per_representation_grouped_oof_selected,911,0.3357043685638568,
SingMOS,per_representation_grouped_oof_selected,912,0.357042930869963,
SingMOS,per_representation_grouped_oof_selected,913,0.3462015252580561,
SingMOS,per_representation_grouped_oof_selected,914,0.3520997605484435,
SingMOS,per_representation_grouped_oof_selected,915,0.3459611312670714,
SingMOS,per_representation_grouped_oof_selected,916,0.3506633165648108,
SingMOS,per_representation_grouped_oof_selected,917,0.3458822507823276,
SingMOS,per_representation_grouped_oof_selected,918,0.3500841517542509,
SingMOS,per_representation_grouped_oof_selected,919,0.3458838619284177,
SingMOS,per_representation_grouped_oof_selected,920,0.3357083352172285,
SingMOS,per_representation_grouped_oof_selected,921,0.3356567128357726,
SingMOS,per_representation_grouped_oof_selected,922,0.3368292382953079,
SingMOS,per_representation_grouped_oof_selected,923,0.3357043274221669,
SingMOS,per_representation_grouped_oof_selected,924,0.3348769386020649,
SingMOS,per_representation_grouped_oof_selected,925,0.3356566421907959,
SingMOS,per_representation_grouped_oof_selected,926,0.3361262812195134,
SingMOS,per_representation_grouped_oof_selected,927,0.3357043745628026,
SingMOS,per_representation_grouped_oof_selected,928,0.3570429308699632,
SingMOS,per_representation_grouped_oof_selected,929,0.3462015252556318,
SingMOS,per_representation_grouped_oof_selected,930,0.3520997691535381,
SingMOS,per_representation_grouped_oof_selected,931,0.3459611277862766,
SingMOS,per_representation_grouped_oof_selected,932,0.3506633437678579,
SingMOS,per_representation_grouped_oof_selected,933,0.3458822535931825,
SingMOS,per_representation_grouped_oof_selected,934,0.3500841411840305,
SingMOS,per_representation_grouped_oof_selected,935,0.3458838648931164,
SingMOS,per_representation_grouped_oof_selected,936,0.3357083229222566,
SingMOS,per_representation_grouped_oof_selected,937,0.3356567150183457,
SingMOS,per_representation_grouped_oof_selected,938,0.3368292392238455,
SingMOS,per_representation_grouped_oof_selected,939,0.3357043869345147,
SingMOS,per_representation_grouped_oof_selected,940,0.3348769421486871,
SingMOS,per_representation_grouped_oof_selected,941,0.3356567106979717,
SingMOS,per_representation_grouped_oof_selected,942,0.336126286063764,
SingMOS,per_representation_grouped_oof_selected,943,0.3357043821132855,
SingMOS,per_representation_grouped_oof_selected,944,0.3570429308699631,
SingMOS,per_representation_grouped_oof_selected,945,0.3462015252564913,
SingMOS,per_representation_grouped_oof_selected,946,0.3520997351276909,
SingMOS,per_representation_grouped_oof_selected,947,0.3459611254887378,
SingMOS,per_representation_grouped_oof_selected,948,0.3506633358766594,
SingMOS,per_representation_grouped_oof_selected,949,0.3458822490441121,
SingMOS,per_representation_grouped_oof_selected,950,0.3500841452237326,
SingMOS,per_representation_grouped_oof_selected,951,0.3458838620993254,
SingMOS,per_representation_grouped_oof_selected,952,0.3357083359305178,
SingMOS,per_representation_grouped_oof_selected,953,0.3356567456264724,
SingMOS,per_representation_grouped_oof_selected,954,0.3368292376254845,
SingMOS,per_representation_grouped_oof_selected,955,0.3357043422323812,
SingMOS,per_representation_grouped_oof_selected,956,0.3348769388034721,
SingMOS,per_representation_grouped_oof_selected,957,0.3356566955764009,
SingMOS,per_representation_grouped_oof_selected,958,0.336126280861201,
SingMOS,per_representation_grouped_oof_selected,959,0.3357043836241916,
SingMOS,per_representation_grouped_oof_selected,960,0.3570429308699629,
SingMOS,per_representation_grouped_oof_selected,961,0.3462015252568191,
SingMOS,per_representation_grouped_oof_selected,962,0.3520997662446597,
SingMOS,per_representation_grouped_oof_selected,963,0.3459611354523077,
SingMOS,per_representation_grouped_oof_selected,964,0.3506633399840858,
SingMOS,per_representation_grouped_oof_selected,965,0.3458822490929286,
SingMOS,per_representation_grouped_oof_selected,966,0.3500841465224826,
SingMOS,per_representation_grouped_oof_selected,967,0.3458838616974585,
SingMOS,per_representation_grouped_oof_selected,968,0.335708320012883,
SingMOS,per_representation_grouped_oof_selected,969,0.3356567107834454,
SingMOS,per_representation_grouped_oof_selected,970,0.3368292372944287,
SingMOS,per_representation_grouped_oof_selected,971,0.3357043943894532,
SingMOS,per_representation_grouped_oof_selected,972,0.334876931803148,
SingMOS,per_representation_grouped_oof_selected,973,0.3356567130009147,
SingMOS,per_representation_grouped_oof_selected,974,0.336126295173068,
SingMOS,per_representation_grouped_oof_selected,975,0.3357043860774009,
SingMOS,per_representation_grouped_oof_selected,976,0.357042930869963,
SingMOS,per_representation_grouped_oof_selected,977,0.3462015252596656,
SingMOS,per_representation_grouped_oof_selected,978,0.3520997675481416,
SingMOS,per_representation_grouped_oof_selected,979,0.3459611302675698,
SingMOS,per_representation_grouped_oof_selected,980,0.3506633402757962,
SingMOS,per_representation_grouped_oof_selected,981,0.3458822519270085,
SingMOS,per_representation_grouped_oof_selected,982,0.3500841470611712,
SingMOS,per_representation_grouped_oof_selected,983,0.3458838627454511,
SingMOS,per_representation_grouped_oof_selected,984,0.3357083301761104,
SingMOS,per_representation_grouped_oof_selected,985,0.3356567129414485,
SingMOS,per_representation_grouped_oof_selected,986,0.3368292390686611,
SingMOS,per_representation_grouped_oof_selected,987,0.3357043406159063,
SingMOS,per_representation_grouped_oof_selected,988,0.334876941392274,
SingMOS,per_representation_grouped_oof_selected,989,0.3356566452877834,
SingMOS,per_representation_grouped_oof_selected,990,0.3361262976566129,
SingMOS,per_representation_grouped_oof_selected,991,0.3357043943158951,
SingMOS,per_representation_grouped_oof_selected,992,0.3570429308699629,
SingMOS,per_representation_grouped_oof_selected,993,0.3462015252545652,
SingMOS,per_representation_grouped_oof_selected,994,0.3520997494057014,
SingMOS,per_representation_grouped_oof_selected,995,0.3459611402449646,
SingMOS,per_representation_grouped_oof_selected,996,0.3506633252531579,
SingMOS,per_representation_grouped_oof_selected,997,0.3458822444179657,
SingMOS,per_representation_grouped_oof_selected,998,0.3500841464252174,
SingMOS,per_representation_grouped_oof_selected,999,0.3458838648550065,
SingMOS,per_representation_grouped_oof_selected,1000,0.3357083320398054,
SingMOS,per_representation_grouped_oof_selected,1001,0.3356567315183002,
SingMOS,per_representation_grouped_oof_selected,1002,0.3368292469485952,
SingMOS,per_representation_grouped_oof_selected,1003,0.3357043365676811,
SingMOS,per_representation_grouped_oof_selected,1004,0.3348769586531301,
SingMOS,per_representation_grouped_oof_selected,1005,0.3356567030135175,
SingMOS,per_representation_grouped_oof_selected,1006,0.3361262620297883,
SingMOS,per_representation_grouped_oof_selected,1007,0.3357043920715297,
SingMOS,per_representation_grouped_oof_selected,1008,0.3570429308699631,
SingMOS,per_representation_grouped_oof_selected,1009,0.3462015252555819,
SingMOS,per_representation_grouped_oof_selected,1010,0.3520997670068735,
SingMOS,per_representation_grouped_oof_selected,1011,0.3459611369964961,
SingMOS,per_representation_grouped_oof_selected,1012,0.3506633358431504,
SingMOS,per_representation_grouped_oof_selected,1013,0.3458822487782752,
SingMOS,per_representation_grouped_oof_selected,1014,0.3500841291967935,
SingMOS,per_representation_grouped_oof_selected,1015,0.3458838620259524,
SingMOS,per_representation_grouped_oof_selected,1016,0.335708335377993,
SingMOS,per_representation_grouped_oof_selected,1017,0.3356567295765562,
SingMOS,per_representation_grouped_oof_selected,1018,0.336829266967356,
SingMOS,per_representation_grouped_oof_selected,1019,0.3357043412117804,
SingMOS,per_representation_grouped_oof_selected,1020,0.3348769317762425,
SingMOS,per_representation_grouped_oof_selected,1021,0.3356567032501418,
SingMOS,per_representation_grouped_oof_selected,1022,0.3361262793088444,
SingMOS,per_representation_grouped_oof_selected,1023,0.3357043926849745,
TMHINT-QI,common_alpha_1,1,0.4068119880367542,
TMHINT-QI,common_alpha_1,2,0.4689547977035793,
TMHINT-QI,common_alpha_1,3,0.3711724001785793,
TMHINT-QI,common_alpha_1,4,0.3952574909168465,
TMHINT-QI,common_alpha_1,5,0.3507579602160873,
TMHINT-QI,common_alpha_1,6,0.3755057892361032,
TMHINT-QI,common_alpha_1,7,0.34665116948902,
TMHINT-QI,common_alpha_1,8,0.397993526295929,
TMHINT-QI,common_alpha_1,9,0.3523783693915484,
TMHINT-QI,common_alpha_1,10,0.3702619322418036,
TMHINT-QI,common_alpha_1,11,0.3449932426034968,
TMHINT-QI,common_alpha_1,12,0.3533173431823967,
TMHINT-QI,common_alpha_1,13,0.3372283947795352,
TMHINT-QI,common_alpha_1,14,0.3489340856273523,
TMHINT-QI,common_alpha_1,15,0.335804108497693,
TMHINT-QI,common_alpha_1,16,0.8042248835169217,
TMHINT-QI,common_alpha_1,17,0.4031963136759109,
TMHINT-QI,common_alpha_1,18,0.4572980462269893,
TMHINT-QI,common_alpha_1,19,0.3711509360979829,
TMHINT-QI,common_alpha_1,20,0.3883781803473474,
TMHINT-QI,common_alpha_1,21,0.3509655475546387,
TMHINT-QI,common_alpha_1,22,0.3747315625517387,
TMHINT-QI,common_alpha_1,23,0.3466511693641033,
TMHINT-QI,common_alpha_1,24,0.3928944610634187,
TMHINT-QI,common_alpha_1,25,0.3522934349206044,
TMHINT-QI,common_alpha_1,26,0.3702619322418036,
TMHINT-QI,common_alpha_1,27,0.3449932474091079,
TMHINT-QI,common_alpha_1,28,0.3533173431823966,
TMHINT-QI,common_alpha_1,29,0.3372283919182197,
TMHINT-QI,common_alpha_1,30,0.3489340863742059,
TMHINT-QI,common_alpha_1,31,0.3358040934931657,
TMHINT-QI,common_alpha_1,32,0.5000069893308314,
TMHINT-QI,common_alpha_1,33,0.384026830079211,
TMHINT-QI,common_alpha_1,34,0.4154000574281073,
TMHINT-QI,common_alpha_1,35,0.3648992849645835,
TMHINT-QI,common_alpha_1,36,0.3734051671151435,
TMHINT-QI,common_alpha_1,37,0.3482526751789317,
TMHINT-QI,common_alpha_1,38,0.3654966014961676,
TMHINT-QI,common_alpha_1,39,0.3451571814661954,
TMHINT-QI,common_alpha_1,40,0.3773841462637318,
TMHINT-QI,common_alpha_1,41,0.349382692852787,
TMHINT-QI,common_alpha_1,42,0.3638873800674258,
TMHINT-QI,common_alpha_1,43,0.3439912604633123,
TMHINT-QI,common_alpha_1,44,0.3493251680053045,
TMHINT-QI,common_alpha_1,45,0.3366814108624366,
TMHINT-QI,common_alpha_1,46,0.3468103511295634,
TMHINT-QI,common_alpha_1,47,0.3355211406566624,
TMHINT-QI,common_alpha_1,48,0.4994140064492649,
TMHINT-QI,common_alpha_1,49,0.384026830079211,
TMHINT-QI,common_alpha_1,50,0.4154000574281073,
TMHINT-QI,common_alpha_1,51,0.3648992931969436,
TMHINT-QI,common_alpha_1,52,0.3734051671151435,
TMHINT-QI,common_alpha_1,53,0.3482526740143589,
TMHINT-QI,common_alpha_1,54,0.3654966013919944,
TMHINT-QI,common_alpha_1,55,0.3451572297680557,
TMHINT-QI,common_alpha_1,56,0.3773841462637318,
TMHINT-QI,common_alpha_1,57,0.3493826950136891,
TMHINT-QI,common_alpha_1,58,0.3638873689595496,
TMHINT-QI,common_alpha_1,59,0.3439912588924442,
TMHINT-QI,common_alpha_1,60,0.3493251702512204,
TMHINT-QI,common_alpha_1,61,0.3366813997288785,
TMHINT-QI,common_alpha_1,62,0.346810351652061,
TMHINT-QI,common_alpha_1,63,0.335521157216567,
TMHINT-QI,common_alpha_1,64,0.9650635369766004,
TMHINT-QI,common_alpha_1,65,0.4124052099865317,
TMHINT-QI,common_alpha_1,66,0.4635234244561079,
TMHINT-QI,common_alpha_1,67,0.3718243582540326,
TMHINT-QI,common_alpha_1,68,0.3921879530872542,
TMHINT-QI,common_alpha_1,69,0.3524076552819843,
TMHINT-QI,common_alpha_1,70,0.375289390604848,
TMHINT-QI,common_alpha_1,71,0.3466511684897362,
TMHINT-QI,common_alpha_1,72,0.3935491889660664,
TMHINT-QI,common_alpha_1,73,0.3523845672089188,
TMHINT-QI,common_alpha_1,74,0.3702619322418036,
TMHINT-QI,common_alpha_1,75,0.3449932484521507,
TMHINT-QI,common_alpha_1,76,0.353307628997527,
TMHINT-QI,common_alpha_1,77,0.3372283866264664,
TMHINT-QI,common_alpha_1,78,0.348934087406259,
TMHINT-QI,common_alpha_1,79,0.3358040760118292,
TMHINT-QI,common_alpha_1,80,0.848066147323413,
TMHINT-QI,common_alpha_1,81,0.4087849924278197,
TMHINT-QI,common_alpha_1,82,0.4572980462269892,
TMHINT-QI,common_alpha_1,83,0.3711509303384483,
TMHINT-QI,common_alpha_1,84,0.3901472436997369,
TMHINT-QI,common_alpha_1,85,0.3521298416127543,
TMHINT-QI,common_alpha_1,86,0.3747315634008197,
TMHINT-QI,common_alpha_1,87,0.3466511658659167,
TMHINT-QI,common_alpha_1,88,0.393537560967762,
TMHINT-QI,common_alpha_1,89,0.3523845614398228,
TMHINT-QI,common_alpha_1,90,0.3702619322418036,
TMHINT-QI,common_alpha_1,91,0.3449932432033753,
TMHINT-QI,common_alpha_1,92,0.3533076295913404,
TMHINT-QI,common_alpha_1,93,0.3372283836215586,
TMHINT-QI,common_alpha_1,94,0.3489340922845915,
TMHINT-QI,common_alpha_1,95,0.3358040955710401,
TMHINT-QI,common_alpha_1,96,0.5006831737804388,
TMHINT-QI,common_alpha_1,97,0.384026830079211,
TMHINT-QI,common_alpha_1,98,0.4154000574281073,
TMHINT-QI,common_alpha_1,99,0.3648993036410149,
TMHINT-QI,common_alpha_1,100,0.3734051671151434,
TMHINT-QI,common_alpha_1,101,0.3482526746425216,
TMHINT-QI,common_alpha_1,102,0.3654966013127881,
TMHINT-QI,common_alpha_1,103,0.3451571833794838,
TMHINT-QI,common_alpha_1,104,0.3773841462637318,
TMHINT-QI,common_alpha_1,105,0.3493826937676158,
TMHINT-QI,common_alpha_1,106,0.363887368577808,
TMHINT-QI,common_alpha_1,107,0.3439912588941967,
TMHINT-QI,common_alpha_1,108,0.3493251690242621,
TMHINT-QI,common_alpha_1,109,0.3366813995972995,
TMHINT-QI,common_alpha_1,110,0.3468103520947049,
TMHINT-QI,common_alpha_1,111,0.335521156481555,
TMHINT-QI,common_alpha_1,112,0.4994140064492649,
TMHINT-QI,common_alpha_1,113,0.384026830079211,
TMHINT-QI,common_alpha_1,114,0.4154000574281073,
TMHINT-QI,common_alpha_1,115,0.3648992977358328,
TMHINT-QI,common_alpha_1,116,0.3734051671151435,
TMHINT-QI,common_alpha_1,117,0.3482526752870264,
TMHINT-QI,common_alpha_1,118,0.3654966011147287,
TMHINT-QI,common_alpha_1,119,0.3451572161563226,
TMHINT-QI,common_alpha_1,120,0.3773841462637318,
TMHINT-QI,common_alpha_1,121,0.3493826941715543,
TMHINT-QI,common_alpha_1,122,0.3638873780973058,
TMHINT-QI,common_alpha_1,123,0.343991258025898,
TMHINT-QI,common_alpha_1,124,0.3493251670526922,
TMHINT-QI,common_alpha_1,125,0.3366813919455906,
TMHINT-QI,common_alpha_1,126,0.3468103532815781,
TMHINT-QI,common_alpha_1,127,0.3355211548552798,
TMHINT-QI,common_alpha_1,128,0.9941159272443404,
TMHINT-QI,common_alpha_1,129,0.4026022223803913,
TMHINT-QI,common_alpha_1,130,0.4634075664796632,
TMHINT-QI,common_alpha_1,131,0.3712810852084063,
TMHINT-QI,common_alpha_1,132,0.3911545388460051,
TMHINT-QI,common_alpha_1,133,0.3508963395561223,
TMHINT-QI,common_alpha_1,134,0.3752362686919759,
TMHINT-QI,common_alpha_1,135,0.3466844165605393,
TMHINT-QI,common_alpha_1,136,0.3939050974910305,
TMHINT-QI,common_alpha_1,137,0.3522347341175444,
TMHINT-QI,common_alpha_1,138,0.3702619322418036,
TMHINT-QI,common_alpha_1,139,0.3449932424786229,
TMHINT-QI,common_alpha_1,140,0.353187798521442,
TMHINT-QI,common_alpha_1,141,0.337228385192919,
TMHINT-QI,common_alpha_1,142,0.3489340874370494,
TMHINT-QI,common_alpha_1,143,0.335804100716692,
TMHINT-QI,common_alpha_1,144,0.8024726589420252,
TMHINT-QI,common_alpha_1,145,0.4036017956344442,
TMHINT-QI,common_alpha_1,146,0.4574264523951421,
TMHINT-QI,common_alpha_1,147,0.3712597576965535,
TMHINT-QI,common_alpha_1,148,0.3885323322734677,
TMHINT-QI,common_alpha_1,149,0.3511213509955604,
TMHINT-QI,common_alpha_1,150,0.3747764823996857,
TMHINT-QI,common_alpha_1,151,0.3466844129520838,
TMHINT-QI,common_alpha_1,152,0.3925298380329692,
TMHINT-QI,common_alpha_1,153,0.3522347211009199,
TMHINT-QI,common_alpha_1,154,0.3702619322418036,
TMHINT-QI,common_alpha_1,155,0.344993242852869,
TMHINT-QI,common_alpha_1,156,0.3531877968677909,
TMHINT-QI,common_alpha_1,157,0.3372283835938587,
TMHINT-QI,common_alpha_1,158,0.3489340904643137,
TMHINT-QI,common_alpha_1,159,0.3358040993722526,
TMHINT-QI,common_alpha_1,160,0.5003411280379345,
TMHINT-QI,common_alpha_1,161,0.384026830079211,
TMHINT-QI,common_alpha_1,162,0.4154000574281073,
TMHINT-QI,common_alpha_1,163,0.3648992832096455,
TMHINT-QI,common_alpha_1,164,0.3734051671151435,
TMHINT-QI,common_alpha_1,165,0.3482526632638069,
TMHINT-QI,common_alpha_1,166,0.3654966015073144,
TMHINT-QI,common_alpha_1,167,0.345157202942485,
TMHINT-QI,common_alpha_1,168,0.3773841462637318,
TMHINT-QI,common_alpha_1,169,0.3493826951049631,
TMHINT-QI,common_alpha_1,170,0.3638873708965836,
TMHINT-QI,common_alpha_1,171,0.3439912580544494,
TMHINT-QI,common_alpha_1,172,0.3493251670521304,
TMHINT-QI,common_alpha_1,173,0.3366813890982718,
TMHINT-QI,common_alpha_1,174,0.3468103503849705,
TMHINT-QI,common_alpha_1,175,0.335521159282059,
TMHINT-QI,common_alpha_1,176,0.4997845134027524,
TMHINT-QI,common_alpha_1,177,0.384026830079211,
TMHINT-QI,common_alpha_1,178,0.4154000574281073,
TMHINT-QI,common_alpha_1,179,0.3648992894611632,
TMHINT-QI,common_alpha_1,180,0.3734051671151435,
TMHINT-QI,common_alpha_1,181,0.3482526752606162,
TMHINT-QI,common_alpha_1,182,0.3654966006245982,
TMHINT-QI,common_alpha_1,183,0.3451571919444643,
TMHINT-QI,common_alpha_1,184,0.3773841462637318,
TMHINT-QI,common_alpha_1,185,0.3493826996919857,
TMHINT-QI,common_alpha_1,186,0.3638873707738256,
TMHINT-QI,common_alpha_1,187,0.3439912584903141,
TMHINT-QI,common_alpha_1,188,0.3493251670758793,
TMHINT-QI,common_alpha_1,189,0.3366814003268206,
TMHINT-QI,common_alpha_1,190,0.3468103522395308,
TMHINT-QI,common_alpha_1,191,0.3355211557779378,
TMHINT-QI,common_alpha_1,192,0.9580017488082676,
TMHINT-QI,common_alpha_1,193,0.4121709187538574,
TMHINT-QI,common_alpha_1,194,0.4630075680553051,
TMHINT-QI,common_alpha_1,195,0.3717299601492921,
TMHINT-QI,common_alpha_1,196,0.3920805446189799,
TMHINT-QI,common_alpha_1,197,0.3523776618001261,
TMHINT-QI,common_alpha_1,198,0.3752178501476063,
TMHINT-QI,common_alpha_1,199,0.346684407034073,
TMHINT-QI,common_alpha_1,200,0.3932899205343861,
TMHINT-QI,common_alpha_1,201,0.3523130468767253,
TMHINT-QI,common_alpha_1,202,0.3702619322418036,
TMHINT-QI,common_alpha_1,203,0.3449932432967997,
TMHINT-QI,common_alpha_1,204,0.3531878115847088,
TMHINT-QI,common_alpha_1,205,0.3372283829028316,
TMHINT-QI,common_alpha_1,206,0.3489340927224189,
TMHINT-QI,common_alpha_1,207,0.3358040962183725,
TMHINT-QI,common_alpha_1,208,0.8460618776110477,
TMHINT-QI,common_alpha_1,209,0.4087140597768204,
TMHINT-QI,common_alpha_1,210,0.4574264450678281,
TMHINT-QI,common_alpha_1,211,0.3712597304092694,
TMHINT-QI,common_alpha_1,212,0.3901238579587843,
TMHINT-QI,common_alpha_1,213,0.3521284437356659,
TMHINT-QI,common_alpha_1,214,0.3747764900577604,
TMHINT-QI,common_alpha_1,215,0.3466844034006421,
TMHINT-QI,common_alpha_1,216,0.3932899217443295,
TMHINT-QI,common_alpha_1,217,0.3523130414992461,
TMHINT-QI,common_alpha_1,218,0.3702619322418036,
TMHINT-QI,common_alpha_1,219,0.3449932464673534,
TMHINT-QI,common_alpha_1,220,0.3531877981392308,
TMHINT-QI,common_alpha_1,221,0.3372283822234589,
TMHINT-QI,common_alpha_1,222,0.3489340856353471,
TMHINT-QI,common_alpha_1,223,0.3358040945952035,
TMHINT-QI,common_alpha_1,224,0.5006112735298818,
TMHINT-QI,common_alpha_1,225,0.384026830079211,
TMHINT-QI,common_alpha_1,226,0.4154000574281073,
TMHINT-QI,common_alpha_1,227,0.3648992959703394,
TMHINT-QI,common_alpha_1,228,0.3734051671151435,
TMHINT-QI,common_alpha_1,229,0.3482526754164829,
TMHINT-QI,common_alpha_1,230,0.3654966001485159,
TMHINT-QI,common_alpha_1,231,0.3451572176899602,
TMHINT-QI,common_alpha_1,232,0.3773841462637318,
TMHINT-QI,common_alpha_1,233,0.3493826985568526,
TMHINT-QI,common_alpha_1,234,0.3638873707666784,
TMHINT-QI,common_alpha_1,235,0.3439912585482408,
TMHINT-QI,common_alpha_1,236,0.3493251670790309,
TMHINT-QI,common_alpha_1,237,0.3366814003084836,
TMHINT-QI,common_alpha_1,238,0.3468103528496504,
TMHINT-QI,common_alpha_1,239,0.3355211543593554,
TMHINT-QI,common_alpha_1,240,0.4997845133043624,
TMHINT-QI,common_alpha_1,241,0.3840268287442862,
TMHINT-QI,common_alpha_1,242,0.4154000574281073,
TMHINT-QI,common_alpha_1,243,0.3648993060443297,
TMHINT-QI,common_alpha_1,244,0.3734051671151435,
TMHINT-QI,common_alpha_1,245,0.3482526751588357,
TMHINT-QI,common_alpha_1,246,0.3654966015141053,
TMHINT-QI,common_alpha_1,247,0.3451571820957969,
TMHINT-QI,common_alpha_1,248,0.3773841462637318,
TMHINT-QI,common_alpha_1,249,0.3493826922454728,
TMHINT-QI,common_alpha_1,250,0.363887370728624,
TMHINT-QI,common_alpha_1,251,0.3439912616421973,
TMHINT-QI,common_alpha_1,252,0.3493251670876331,
TMHINT-QI,common_alpha_1,253,0.3366813819726419,
TMHINT-QI,common_alpha_1,254,0.3468103554955741,
TMHINT-QI,common_alpha_1,255,0.3355211438930062,
TMHINT-QI,common_alpha_1,256,0.4031899452115242,
TMHINT-QI,common_alpha_1,257,0.3578771947302058,
TMHINT-QI,common_alpha_1,258,0.3808893358018664,
TMHINT-QI,common_alpha_1,259,0.3521939270271557,
TMHINT-QI,common_alpha_1,260,0.3582514116008285,
TMHINT-QI,common_alpha_1,261,0.3418659440787376,
TMHINT-QI,common_alpha_1,262,0.355641335986201,
TMHINT-QI,common_alpha_1,263,0.3413032775113395,
TMHINT-QI,common_alpha_1,264,0.3659703408020658,
TMHINT-QI,common_alpha_1,265,0.3440869221413375,
TMHINT-QI,common_alpha_1,266,0.3577351420404238,
TMHINT-QI,common_alpha_1,267,0.3413536669451885,
TMHINT-QI,common_alpha_1,268,0.3461511671123034,
TMHINT-QI,common_alpha_1,269,0.3355155095948594,
TMHINT-QI,common_alpha_1,270,0.3448555964201752,
TMHINT-QI,common_alpha_1,271,0.3351695400116828,
TMHINT-QI,common_alpha_1,272,0.4005838982815488,
TMHINT-QI,common_alpha_1,273,0.357888446232753,
TMHINT-QI,common_alpha_1,274,0.3808893358018664,
TMHINT-QI,common_alpha_1,275,0.3521939358943851,
TMHINT-QI,common_alpha_1,276,0.3582514116008283,
TMHINT-QI,common_alpha_1,277,0.3418659515496282,
TMHINT-QI,common_alpha_1,278,0.355641338920984,
TMHINT-QI,common_alpha_1,279,0.3413032523062047,
TMHINT-QI,common_alpha_1,280,0.3659703408020657,
TMHINT-QI,common_alpha_1,281,0.3440869493102798,
TMHINT-QI,common_alpha_1,282,0.3577351419466542,
TMHINT-QI,common_alpha_1,283,0.3413536630525278,
TMHINT-QI,common_alpha_1,284,0.3461511682273154,
TMHINT-QI,common_alpha_1,285,0.3355155095567531,
TMHINT-QI,common_alpha_1,286,0.3448556180069002,
TMHINT-QI,common_alpha_1,287,0.3351695068929168,
TMHINT-QI,common_alpha_1,288,0.3863288530160093,
TMHINT-QI,common_alpha_1,289,0.3558765478729507,
TMHINT-QI,common_alpha_1,290,0.3742322591567993,
TMHINT-QI,common_alpha_1,291,0.3513003838982155,
TMHINT-QI,common_alpha_1,292,0.3554428019466687,
TMHINT-QI,common_alpha_1,293,0.3418771050856203,
TMHINT-QI,common_alpha_1,294,0.3537418611154507,
TMHINT-QI,common_alpha_1,295,0.3412127903640947,
TMHINT-QI,common_alpha_1,296,0.361223293852103,
TMHINT-QI,common_alpha_1,297,0.343523990079538,
TMHINT-QI,common_alpha_1,298,0.3557718972908799,
TMHINT-QI,common_alpha_1,299,0.3411706049954089,
TMHINT-QI,common_alpha_1,300,0.3451484829194914,
TMHINT-QI,common_alpha_1,301,0.3355367483175992,
TMHINT-QI,common_alpha_1,302,0.3442478578081604,
TMHINT-QI,common_alpha_1,303,0.335167549332968,
TMHINT-QI,common_alpha_1,304,0.3863288530160092,
TMHINT-QI,common_alpha_1,305,0.355876571139125,
TMHINT-QI,common_alpha_1,306,0.3742322554451418,
TMHINT-QI,common_alpha_1,307,0.3513003839566554,
TMHINT-QI,common_alpha_1,308,0.3554428306520732,
TMHINT-QI,common_alpha_1,309,0.3418771050753839,
TMHINT-QI,common_alpha_1,310,0.3537418613921876,
TMHINT-QI,common_alpha_1,311,0.3412127907337543,
TMHINT-QI,common_alpha_1,312,0.3612233052385166,
TMHINT-QI,common_alpha_1,313,0.3435239899620251,
TMHINT-QI,common_alpha_1,314,0.3557718954703074,
TMHINT-QI,common_alpha_1,315,0.3411706087714532,
TMHINT-QI,common_alpha_1,316,0.345148487937092,
TMHINT-QI,common_alpha_1,317,0.3355367930351927,
TMHINT-QI,common_alpha_1,318,0.3442478576124569,
TMHINT-QI,common_alpha_1,319,0.3351674956618252,
TMHINT-QI,common_alpha_1,320,0.4014915558190745,
TMHINT-QI,common_alpha_1,321,0.3579997640363792,
TMHINT-QI,common_alpha_1,322,0.3808893358018664,
TMHINT-QI,common_alpha_1,323,0.352193936193309,
TMHINT-QI,common_alpha_1,324,0.3582514116008283,
TMHINT-QI,common_alpha_1,325,0.3418659423004994,
TMHINT-QI,common_alpha_1,326,0.3556413483156874,
TMHINT-QI,common_alpha_1,327,0.3413032420064223,
TMHINT-QI,common_alpha_1,328,0.3659703408020657,
TMHINT-QI,common_alpha_1,329,0.3440869107042727,
TMHINT-QI,common_alpha_1,330,0.3577351420064191,
TMHINT-QI,common_alpha_1,331,0.341353659168788,
TMHINT-QI,common_alpha_1,332,0.346151170118667,
TMHINT-QI,common_alpha_1,333,0.3355155114295219,
TMHINT-QI,common_alpha_1,334,0.3448555905693509,
TMHINT-QI,common_alpha_1,335,0.3351695085986766,
TMHINT-QI,common_alpha_1,336,0.4010329649007844,
TMHINT-QI,common_alpha_1,337,0.3579997362090881,
TMHINT-QI,common_alpha_1,338,0.3808893358018664,
TMHINT-QI,common_alpha_1,339,0.3521939277962486,
TMHINT-QI,common_alpha_1,340,0.3582514116008284,
TMHINT-QI,common_alpha_1,341,0.3418659248506306,
TMHINT-QI,common_alpha_1,342,0.3556413324784775,
TMHINT-QI,common_alpha_1,343,0.3413032623635452,
TMHINT-QI,common_alpha_1,344,0.3659703408020657,
TMHINT-QI,common_alpha_1,345,0.3440869193203294,
TMHINT-QI,common_alpha_1,346,0.3577351426610806,
TMHINT-QI,common_alpha_1,347,0.3413536667379882,
TMHINT-QI,common_alpha_1,348,0.3461511677100065,
TMHINT-QI,common_alpha_1,349,0.3355155101836823,
TMHINT-QI,common_alpha_1,350,0.3448555940677619,
TMHINT-QI,common_alpha_1,351,0.3351695103850234,
TMHINT-QI,common_alpha_1,352,0.3863288530160093,
TMHINT-QI,common_alpha_1,353,0.3558765697701445,
TMHINT-QI,common_alpha_1,354,0.3742322544933369,
TMHINT-QI,common_alpha_1,355,0.351300377506922,
TMHINT-QI,common_alpha_1,356,0.3554428346139472,
TMHINT-QI,common_alpha_1,357,0.3418771050842331,
TMHINT-QI,common_alpha_1,358,0.3537418625577762,
TMHINT-QI,common_alpha_1,359,0.3412128007434493,
TMHINT-QI,common_alpha_1,360,0.3612233045292639,
TMHINT-QI,common_alpha_1,361,0.3435239899512581,
TMHINT-QI,common_alpha_1,362,0.3557718942374126,
TMHINT-QI,common_alpha_1,363,0.3411706043784968,
TMHINT-QI,common_alpha_1,364,0.3451484792947897,
TMHINT-QI,common_alpha_1,365,0.3355367929423253,
TMHINT-QI,common_alpha_1,366,0.3442478580952776,
TMHINT-QI,common_alpha_1,367,0.335167497959479,
TMHINT-QI,common_alpha_1,368,0.3863288530160093,
TMHINT-QI,common_alpha_1,369,0.3558765540327651,
TMHINT-QI,common_alpha_1,370,0.3742322580184912,
TMHINT-QI,common_alpha_1,371,0.3513003823864598,
TMHINT-QI,common_alpha_1,372,0.3554427910854932,
TMHINT-QI,common_alpha_1,373,0.3418771098720619,
TMHINT-QI,common_alpha_1,374,0.3537418652942937,
TMHINT-QI,common_alpha_1,375,0.3412127884580589,
TMHINT-QI,common_alpha_1,376,0.3612233058154186,
TMHINT-QI,common_alpha_1,377,0.3435239899467741,
TMHINT-QI,common_alpha_1,378,0.355771895116362,
TMHINT-QI,common_alpha_1,379,0.3411706077006218,
TMHINT-QI,common_alpha_1,380,0.3451484772359275,
TMHINT-QI,common_alpha_1,381,0.3355367931778971,
TMHINT-QI,common_alpha_1,382,0.3442478556247279,
TMHINT-QI,common_alpha_1,383,0.3351675014247801,
TMHINT-QI,common_alpha_1,384,0.4015348073117954,
TMHINT-QI,common_alpha_1,385,0.3579219361270129,
TMHINT-QI,common_alpha_1,386,0.3808893358018664,
TMHINT-QI,common_alpha_1,387,0.3521939246274612,
TMHINT-QI,common_alpha_1,388,0.3582514116008284,
TMHINT-QI,common_alpha_1,389,0.3418659275136474,
TMHINT-QI,common_alpha_1,390,0.3556413323864712,
TMHINT-QI,common_alpha_1,391,0.3413032768370179,
TMHINT-QI,common_alpha_1,392,0.3659277296237783,
TMHINT-QI,common_alpha_1,393,0.3440869351286226,
TMHINT-QI,common_alpha_1,394,0.3577351430091104,
TMHINT-QI,common_alpha_1,395,0.3413536667900567,
TMHINT-QI,common_alpha_1,396,0.3461511690999381,
TMHINT-QI,common_alpha_1,397,0.3355155099094001,
TMHINT-QI,common_alpha_1,398,0.3448555933321921,
TMHINT-QI,common_alpha_1,399,0.3351694803933797,
TMHINT-QI,common_alpha_1,400,0.40055873210471,
TMHINT-QI,common_alpha_1,401,0.3579219481202746,
TMHINT-QI,common_alpha_1,402,0.3808893358018664,
TMHINT-QI,common_alpha_1,403,0.3521939262376313,
TMHINT-QI,common_alpha_1,404,0.3582514116008284,
TMHINT-QI,common_alpha_1,405,0.3418659256434962,
TMHINT-QI,common_alpha_1,406,0.3556413324520822,
TMHINT-QI,common_alpha_1,407,0.3413032747343824,
TMHINT-QI,common_alpha_1,408,0.3659277268834077,
TMHINT-QI,common_alpha_1,409,0.3440869239476194,
TMHINT-QI,common_alpha_1,410,0.3577351429472679,
TMHINT-QI,common_alpha_1,411,0.3413536570158217,
TMHINT-QI,common_alpha_1,412,0.3461511684941333,
TMHINT-QI,common_alpha_1,413,0.3355155101384404,
TMHINT-QI,common_alpha_1,414,0.3448555915743697,
TMHINT-QI,common_alpha_1,415,0.3351694852595061,
TMHINT-QI,common_alpha_1,416,0.3863288530160093,
TMHINT-QI,common_alpha_1,417,0.3558765547175155,
TMHINT-QI,common_alpha_1,418,0.3742322655649384,
TMHINT-QI,common_alpha_1,419,0.3513003726548201,
TMHINT-QI,common_alpha_1,420,0.3554427914900057,
TMHINT-QI,common_alpha_1,421,0.3418771043559102,
TMHINT-QI,common_alpha_1,422,0.3537418612931733,
TMHINT-QI,common_alpha_1,423,0.3412127988831101,
TMHINT-QI,common_alpha_1,424,0.3612233018279789,
TMHINT-QI,common_alpha_1,425,0.3435239901733037,
TMHINT-QI,common_alpha_1,426,0.3557718888136123,
TMHINT-QI,common_alpha_1,427,0.3411705988335082,
TMHINT-QI,common_alpha_1,428,0.3451484785821788,
TMHINT-QI,common_alpha_1,429,0.3355367918198297,
TMHINT-QI,common_alpha_1,430,0.3442478526273219,
TMHINT-QI,common_alpha_1,431,0.3351674899911262,
TMHINT-QI,common_alpha_1,432,0.3863288530160093,
TMHINT-QI,common_alpha_1,433,0.3558765717397381,
TMHINT-QI,common_alpha_1,434,0.3742322601540801,
TMHINT-QI,common_alpha_1,435,0.3513003778421179,
TMHINT-QI,common_alpha_1,436,0.3554427914051875,
TMHINT-QI,common_alpha_1,437,0.3418771238346021,
TMHINT-QI,common_alpha_1,438,0.3537418632292117,
TMHINT-QI,common_alpha_1,439,0.3412127924777542,
TMHINT-QI,common_alpha_1,440,0.3612232937848055,
TMHINT-QI,common_alpha_1,441,0.3435239900117336,
TMHINT-QI,common_alpha_1,442,0.3557718888474229,
TMHINT-QI,common_alpha_1,443,0.341170606369106,
TMHINT-QI,common_alpha_1,444,0.3451484713746682,
TMHINT-QI,common_alpha_1,445,0.3355367885038303,
TMHINT-QI,common_alpha_1,446,0.3442478523421451,
TMHINT-QI,common_alpha_1,447,0.3351675085173662,
TMHINT-QI,common_alpha_1,448,0.4014215751883688,
TMHINT-QI,common_alpha_1,449,0.3579846173578197,
TMHINT-QI,common_alpha_1,450,0.3808893358018664,
TMHINT-QI,common_alpha_1,451,0.3521939286717829,
TMHINT-QI,common_alpha_1,452,0.3582514116008284,
TMHINT-QI,common_alpha_1,453,0.3418659248748802,
TMHINT-QI,common_alpha_1,454,0.355641332536206,
TMHINT-QI,common_alpha_1,455,0.3413032624161812,
TMHINT-QI,common_alpha_1,456,0.3659277328415664,
TMHINT-QI,common_alpha_1,457,0.3440869286173587,
TMHINT-QI,common_alpha_1,458,0.3577351437535279,
TMHINT-QI,common_alpha_1,459,0.3413536533721641,
TMHINT-QI,common_alpha_1,460,0.3461511693706904,
TMHINT-QI,common_alpha_1,461,0.3355155101192286,
TMHINT-QI,common_alpha_1,462,0.3448555933853446,
TMHINT-QI,common_alpha_1,463,0.3351695091445958,
TMHINT-QI,common_alpha_1,464,0.4009969671270288,
TMHINT-QI,common_alpha_1,465,0.3579846206972358,
TMHINT-QI,common_alpha_1,466,0.3808893358018664,
TMHINT-QI,common_alpha_1,467,0.3521939448667612,
TMHINT-QI,common_alpha_1,468,0.3582514116008284,
TMHINT-QI,common_alpha_1,469,0.3418659239324811,
TMHINT-QI,common_alpha_1,470,0.3556413326064754,
TMHINT-QI,common_alpha_1,471,0.3413032615390777,
TMHINT-QI,common_alpha_1,472,0.3659277296553429,
TMHINT-QI,common_alpha_1,473,0.3440869224797277,
TMHINT-QI,common_alpha_1,474,0.3577351436275635,
TMHINT-QI,common_alpha_1,475,0.3413536665139371,
TMHINT-QI,common_alpha_1,476,0.346151168827836,
TMHINT-QI,common_alpha_1,477,0.3355155102042053,
TMHINT-QI,common_alpha_1,478,0.3448555935217305,
TMHINT-QI,common_alpha_1,479,0.3351695180807209,
TMHINT-QI,common_alpha_1,480,0.3863288530160093,
TMHINT-QI,common_alpha_1,481,0.3558765676313283,
TMHINT-QI,common_alpha_1,482,0.3742322602268506,
TMHINT-QI,common_alpha_1,483,0.3513003790131533,
TMHINT-QI,common_alpha_1,484,0.355442791451005,
TMHINT-QI,common_alpha_1,485,0.3418771234375188,
TMHINT-QI,common_alpha_1,486,0.3537418643458472,
TMHINT-QI,common_alpha_1,487,0.3412127915074516,
TMHINT-QI,common_alpha_1,488,0.3612232938043224,
TMHINT-QI,common_alpha_1,489,0.3435239899610682,
TMHINT-QI,common_alpha_1,490,0.3557718888282883,
TMHINT-QI,common_alpha_1,491,0.3411705980495828,
TMHINT-QI,common_alpha_1,492,0.3451484668038659,
TMHINT-QI,common_alpha_1,493,0.335536786478019,
TMHINT-QI,common_alpha_1,494,0.3442478509143954,
TMHINT-QI,common_alpha_1,495,0.3351675138578946,
TMHINT-QI,common_alpha_1,496,0.3863288530160093,
TMHINT-QI,common_alpha_1,497,0.355876542839749,
TMHINT-QI,common_alpha_1,498,0.3742322584360317,
TMHINT-QI,common_alpha_1,499,0.3513003894862491,
TMHINT-QI,common_alpha_1,500,0.3554427911503432,
TMHINT-QI,common_alpha_1,501,0.3418770844961795,
TMHINT-QI,common_alpha_1,502,0.3537418729168398,
TMHINT-QI,common_alpha_1,503,0.3412127870780148,
TMHINT-QI,common_alpha_1,504,0.3612232939763223,
TMHINT-QI,common_alpha_1,505,0.3435239899301314,
TMHINT-QI,common_alpha_1,506,0.3557718889152524,
TMHINT-QI,common_alpha_1,507,0.3411706054839616,
TMHINT-QI,common_alpha_1,508,0.3451484786799281,
TMHINT-QI,common_alpha_1,509,0.3355367933957282,
TMHINT-QI,common_alpha_1,510,0.3442478505570479,
TMHINT-QI,common_alpha_1,511,0.3351675093101355,
TMHINT-QI,common_alpha_1,512,0.5072025734059401,
TMHINT-QI,common_alpha_1,513,0.3826922098945073,
TMHINT-QI,common_alpha_1,514,0.4273355121641622,
TMHINT-QI,common_alpha_1,515,0.3671597051299078,
TMHINT-QI,common_alpha_1,516,0.3792706623962084,
TMHINT-QI,common_alpha_1,517,0.3496377172558427,
TMHINT-QI,common_alpha_1,518,0.3710418757550717,
TMHINT-QI,common_alpha_1,519,0.3468977160107687,
TMHINT-QI,common_alpha_1,520,0.3811992806036077,
TMHINT-QI,common_alpha_1,521,0.3499861960410678,
TMHINT-QI,common_alpha_1,522,0.3672574089320717,
TMHINT-QI,common_alpha_1,523,0.344792211145093,
TMHINT-QI,common_alpha_1,524,0.351636958632397,
TMHINT-QI,common_alpha_1,525,0.3373030735909381,
TMHINT-QI,common_alpha_1,526,0.3486346803252109,
TMHINT-QI,common_alpha_1,527,0.3359843998837072,
TMHINT-QI,common_alpha_1,528,0.5072025734059401,
TMHINT-QI,common_alpha_1,529,0.3826922098945072,
TMHINT-QI,common_alpha_1,530,0.4273355121641622,
TMHINT-QI,common_alpha_1,531,0.3671597380790924,
TMHINT-QI,common_alpha_1,532,0.3792706623962084,
TMHINT-QI,common_alpha_1,533,0.3496377130824384,
TMHINT-QI,common_alpha_1,534,0.3710419067024987,
TMHINT-QI,common_alpha_1,535,0.3468977278409565,
TMHINT-QI,common_alpha_1,536,0.3811992806036077,
TMHINT-QI,common_alpha_1,537,0.3499862050567059,
TMHINT-QI,common_alpha_1,538,0.3672574075821821,
TMHINT-QI,common_alpha_1,539,0.3447922070132927,
TMHINT-QI,common_alpha_1,540,0.3516369614085673,
TMHINT-QI,common_alpha_1,541,0.3373030930962598,
TMHINT-QI,common_alpha_1,542,0.3486346736050048,
TMHINT-QI,common_alpha_1,543,0.3359843971901053,
TMHINT-QI,common_alpha_1,544,0.4441288939275883,
TMHINT-QI,common_alpha_1,545,0.3749389187745588,
TMHINT-QI,common_alpha_1,546,0.4068238292422876,
TMHINT-QI,common_alpha_1,547,0.3633995563076025,
TMHINT-QI,common_alpha_1,548,0.3696910371344466,
TMHINT-QI,common_alpha_1,549,0.3475447162674975,
TMHINT-QI,common_alpha_1,550,0.3646603189833339,
TMHINT-QI,common_alpha_1,551,0.3453302634215355,
TMHINT-QI,common_alpha_1,552,0.3730817124630894,
TMHINT-QI,common_alpha_1,553,0.3484182603960289,
TMHINT-QI,common_alpha_1,554,0.3632695319830746,
TMHINT-QI,common_alpha_1,555,0.3439961894127815,
TMHINT-QI,common_alpha_1,556,0.349025470030176,
TMHINT-QI,common_alpha_1,557,0.3367339839358465,
TMHINT-QI,common_alpha_1,558,0.3468368857156799,
TMHINT-QI,common_alpha_1,559,0.3355910562269352,
TMHINT-QI,common_alpha_1,560,0.4441288939275882,
TMHINT-QI,common_alpha_1,561,0.3749389158957697,
TMHINT-QI,common_alpha_1,562,0.4068238123488367,
TMHINT-QI,common_alpha_1,563,0.3633995710002213,
TMHINT-QI,common_alpha_1,564,0.3696910371023019,
TMHINT-QI,common_alpha_1,565,0.3475447229734166,
TMHINT-QI,common_alpha_1,566,0.3646603233338001,
TMHINT-QI,common_alpha_1,567,0.3453302553576967,
TMHINT-QI,common_alpha_1,568,0.373081710537062,
TMHINT-QI,common_alpha_1,569,0.3484182600373727,
TMHINT-QI,common_alpha_1,570,0.3632695396081378,
TMHINT-QI,common_alpha_1,571,0.343996203246493,
TMHINT-QI,common_alpha_1,572,0.3490254731878594,
TMHINT-QI,common_alpha_1,573,0.336733983754581,
TMHINT-QI,common_alpha_1,574,0.346836882971513,
TMHINT-QI,common_alpha_1,575,0.3355910584590182,
TMHINT-QI,common_alpha_1,576,0.5072025734059401,
TMHINT-QI,common_alpha_1,577,0.3826922098945074,
TMHINT-QI,common_alpha_1,578,0.4273355121641622,
TMHINT-QI,common_alpha_1,579,0.3671597380396034,
TMHINT-QI,common_alpha_1,580,0.3792706623962084,
TMHINT-QI,common_alpha_1,581,0.3496377118013574,
TMHINT-QI,common_alpha_1,582,0.3710419066244134,
TMHINT-QI,common_alpha_1,583,0.3468977226075241,
TMHINT-QI,common_alpha_1,584,0.3811992806036077,
TMHINT-QI,common_alpha_1,585,0.3499861992910122,
TMHINT-QI,common_alpha_1,586,0.3672574086758348,
TMHINT-QI,common_alpha_1,587,0.3447922052940226,
TMHINT-QI,common_alpha_1,588,0.3516369863628985,
TMHINT-QI,common_alpha_1,589,0.337303090489109,
TMHINT-QI,common_alpha_1,590,0.348634673918566,
TMHINT-QI,common_alpha_1,591,0.3359843976853673,
TMHINT-QI,common_alpha_1,592,0.5072025734059401,
TMHINT-QI,common_alpha_1,593,0.3826922098945072,
TMHINT-QI,common_alpha_1,594,0.4273355121641622,
TMHINT-QI,common_alpha_1,595,0.3671597394056494,
TMHINT-QI,common_alpha_1,596,0.3792706623962085,
TMHINT-QI,common_alpha_1,597,0.349637717199049,
TMHINT-QI,common_alpha_1,598,0.3710419054092836,
TMHINT-QI,common_alpha_1,599,0.3468977204878087,
TMHINT-QI,common_alpha_1,600,0.3811992806036077,
TMHINT-QI,common_alpha_1,601,0.3499861960282254,
TMHINT-QI,common_alpha_1,602,0.3672574079112912,
TMHINT-QI,common_alpha_1,603,0.3447922017543143,
TMHINT-QI,common_alpha_1,604,0.3516369634039036,
TMHINT-QI,common_alpha_1,605,0.3373030763058022,
TMHINT-QI,common_alpha_1,606,0.3486346749815507,
TMHINT-QI,common_alpha_1,607,0.3359843934889861,
TMHINT-QI,common_alpha_1,608,0.4441288939275883,
TMHINT-QI,common_alpha_1,609,0.3749389179156013,
TMHINT-QI,common_alpha_1,610,0.4068238154403733,
TMHINT-QI,common_alpha_1,611,0.363399568451775,
TMHINT-QI,common_alpha_1,612,0.3696910367313249,
TMHINT-QI,common_alpha_1,613,0.3475447257384698,
TMHINT-QI,common_alpha_1,614,0.3646603236424416,
TMHINT-QI,common_alpha_1,615,0.3453302314479,
TMHINT-QI,common_alpha_1,616,0.3730817107063598,
TMHINT-QI,common_alpha_1,617,0.3484182599146882,
TMHINT-QI,common_alpha_1,618,0.3632695402565404,
TMHINT-QI,common_alpha_1,619,0.3439962034067282,
TMHINT-QI,common_alpha_1,620,0.3490254748700499,
TMHINT-QI,common_alpha_1,621,0.3367339838748378,
TMHINT-QI,common_alpha_1,622,0.3468368847898233,
TMHINT-QI,common_alpha_1,623,0.3355910576410342,
TMHINT-QI,common_alpha_1,624,0.4441288939275883,
TMHINT-QI,common_alpha_1,625,0.3749389190076411,
TMHINT-QI,common_alpha_1,626,0.4068238185727971,
TMHINT-QI,common_alpha_1,627,0.3633995585166852,
TMHINT-QI,common_alpha_1,628,0.3696910370998634,
TMHINT-QI,common_alpha_1,629,0.3475447401824475,
TMHINT-QI,common_alpha_1,630,0.3646603218966796,
TMHINT-QI,common_alpha_1,631,0.3453302664098666,
TMHINT-QI,common_alpha_1,632,0.3730817112963943,
TMHINT-QI,common_alpha_1,633,0.3484182572510061,
TMHINT-QI,common_alpha_1,634,0.3632695359933642,
TMHINT-QI,common_alpha_1,635,0.3439962040368379,
TMHINT-QI,common_alpha_1,636,0.3490254724582957,
TMHINT-QI,common_alpha_1,637,0.3367339842744398,
TMHINT-QI,common_alpha_1,638,0.3468368819188773,
TMHINT-QI,common_alpha_1,639,0.3355910510565197,
TMHINT-QI,common_alpha_1,640,0.5072025734059401,
TMHINT-QI,common_alpha_1,641,0.3826922098945072,
TMHINT-QI,common_alpha_1,642,0.4273355121641622,
TMHINT-QI,common_alpha_1,643,0.3671597393027546,
TMHINT-QI,common_alpha_1,644,0.3792706623962085,
TMHINT-QI,common_alpha_1,645,0.3496377173455566,
TMHINT-QI,common_alpha_1,646,0.3710419069531793,
TMHINT-QI,common_alpha_1,647,0.3468977335279058,
TMHINT-QI,common_alpha_1,648,0.3811992806036078,
TMHINT-QI,common_alpha_1,649,0.3499862027517468,
TMHINT-QI,common_alpha_1,650,0.3672574094054733,
TMHINT-QI,common_alpha_1,651,0.3447922041880595,
TMHINT-QI,common_alpha_1,652,0.3516369604454097,
TMHINT-QI,common_alpha_1,653,0.3373030731061112,
TMHINT-QI,common_alpha_1,654,0.3486346749638832,
TMHINT-QI,common_alpha_1,655,0.3359843980593571,
TMHINT-QI,common_alpha_1,656,0.5072025734059401,
TMHINT-QI,common_alpha_1,657,0.3826922098945072,
TMHINT-QI,common_alpha_1,658,0.4273355121641622,
TMHINT-QI,common_alpha_1,659,0.3671597380264029,
TMHINT-QI,common_alpha_1,660,0.3792706623962085,
TMHINT-QI,common_alpha_1,661,0.3496377171267176,
TMHINT-QI,common_alpha_1,662,0.3710419023511445,
TMHINT-QI,common_alpha_1,663,0.3468977335304835,
TMHINT-QI,common_alpha_1,664,0.3811992806036077,
TMHINT-QI,common_alpha_1,665,0.3499861960149371,
TMHINT-QI,common_alpha_1,666,0.3672574094085388,
TMHINT-QI,common_alpha_1,667,0.3447922034815858,
TMHINT-QI,common_alpha_1,668,0.3516369670630071,
TMHINT-QI,common_alpha_1,669,0.3373031050736415,
TMHINT-QI,common_alpha_1,670,0.3486346753810375,
TMHINT-QI,common_alpha_1,671,0.3359843934723848,
TMHINT-QI,common_alpha_1,672,0.4441288939275883,
TMHINT-QI,common_alpha_1,673,0.3749388881677869,
TMHINT-QI,common_alpha_1,674,0.4068238291508333,
TMHINT-QI,common_alpha_1,675,0.3633995801374223,
TMHINT-QI,common_alpha_1,676,0.3696910365395414,
TMHINT-QI,common_alpha_1,677,0.3475447144251744,
TMHINT-QI,common_alpha_1,678,0.3646603386052077,
TMHINT-QI,common_alpha_1,679,0.3453302733001329,
TMHINT-QI,common_alpha_1,680,0.373081712200524,
TMHINT-QI,common_alpha_1,681,0.3484182598199067,
TMHINT-QI,common_alpha_1,682,0.3632695395650762,
TMHINT-QI,common_alpha_1,683,0.3439962015230652,
TMHINT-QI,common_alpha_1,684,0.3490254771741874,
TMHINT-QI,common_alpha_1,685,0.3367339837407613,
TMHINT-QI,common_alpha_1,686,0.3468368711134739,
TMHINT-QI,common_alpha_1,687,0.3355910525720952,
TMHINT-QI,common_alpha_1,688,0.4441288939275883,
TMHINT-QI,common_alpha_1,689,0.3749389190475113,
TMHINT-QI,common_alpha_1,690,0.4068238190175772,
TMHINT-QI,common_alpha_1,691,0.3633995677480549,
TMHINT-QI,common_alpha_1,692,0.3696910369976611,
TMHINT-QI,common_alpha_1,693,0.34754471956893,
TMHINT-QI,common_alpha_1,694,0.3646603322961954,
TMHINT-QI,common_alpha_1,695,0.3453302548618452,
TMHINT-QI,common_alpha_1,696,0.3730817111623681,
TMHINT-QI,common_alpha_1,697,0.3484182589376252,
TMHINT-QI,common_alpha_1,698,0.3632695365784786,
TMHINT-QI,common_alpha_1,699,0.3439962050193056,
TMHINT-QI,common_alpha_1,700,0.3490254757878762,
TMHINT-QI,common_alpha_1,701,0.3367339843685818,
TMHINT-QI,common_alpha_1,702,0.3468368761567931,
TMHINT-QI,common_alpha_1,703,0.3355910574756464,
TMHINT-QI,common_alpha_1,704,0.5072025734059401,
TMHINT-QI,common_alpha_1,705,0.3826922098945072,
TMHINT-QI,common_alpha_1,706,0.4273355121641622,
TMHINT-QI,common_alpha_1,707,0.3671597236353562,
TMHINT-QI,common_alpha_1,708,0.3792706623962085,
TMHINT-QI,common_alpha_1,709,0.349637717161836,
TMHINT-QI,common_alpha_1,710,0.3710418975979225,
TMHINT-QI,common_alpha_1,711,0.3468977392532554,
TMHINT-QI,common_alpha_1,712,0.3811992806036077,
TMHINT-QI,common_alpha_1,713,0.3499861960489981,
TMHINT-QI,common_alpha_1,714,0.3672574094197454,
TMHINT-QI,common_alpha_1,715,0.3447922020410358,
TMHINT-QI,common_alpha_1,716,0.3516369659718678,
TMHINT-QI,common_alpha_1,717,0.3373030731177372,
TMHINT-QI,common_alpha_1,718,0.3486346760195644,
TMHINT-QI,common_alpha_1,719,0.3359843928882495,
TMHINT-QI,common_alpha_1,720,0.5072025734059401,
TMHINT-QI,common_alpha_1,721,0.3826922098945072,
TMHINT-QI,common_alpha_1,722,0.4273355121641622,
TMHINT-QI,common_alpha_1,723,0.3671597457628471,
TMHINT-QI,common_alpha_1,724,0.3792706623962085,
TMHINT-QI,common_alpha_1,725,0.349637717235195,
TMHINT-QI,common_alpha_1,726,0.3710418979128461,
TMHINT-QI,common_alpha_1,727,0.3468977149606389,
TMHINT-QI,common_alpha_1,728,0.3811992806036077,
TMHINT-QI,common_alpha_1,729,0.3499861965761993,
TMHINT-QI,common_alpha_1,730,0.3672574094153962,
TMHINT-QI,common_alpha_1,731,0.3447922046149578,
TMHINT-QI,common_alpha_1,732,0.3516369586314739,
TMHINT-QI,common_alpha_1,733,0.3373030737176702,
TMHINT-QI,common_alpha_1,734,0.3486346771924473,
TMHINT-QI,common_alpha_1,735,0.3359843746820382,
TMHINT-QI,common_alpha_1,736,0.4441288939275883,
TMHINT-QI,common_alpha_1,737,0.3749389189935149,
TMHINT-QI,common_alpha_1,738,0.4068238245382877,
TMHINT-QI,common_alpha_1,739,0.3633995589539854,
TMHINT-QI,common_alpha_1,740,0.3696910366901474,
TMHINT-QI,common_alpha_1,741,0.3475447207072674,
TMHINT-QI,common_alpha_1,742,0.3646603282149592,
TMHINT-QI,common_alpha_1,743,0.3453302674110122,
TMHINT-QI,common_alpha_1,744,0.3730817116065883,
TMHINT-QI,common_alpha_1,745,0.3484182588600863,
TMHINT-QI,common_alpha_1,746,0.3632695404313923,
TMHINT-QI,common_alpha_1,747,0.3439962051155024,
TMHINT-QI,common_alpha_1,748,0.3490254771425141,
TMHINT-QI,common_alpha_1,749,0.3367339844895767,
TMHINT-QI,common_alpha_1,750,0.3468368768882371,
TMHINT-QI,common_alpha_1,751,0.3355910569868011,
TMHINT-QI,common_alpha_1,752,0.4441288939275883,
TMHINT-QI,common_alpha_1,753,0.374938909523684,
TMHINT-QI,common_alpha_1,754,0.4068238178924477,
TMHINT-QI,common_alpha_1,755,0.3633995717956667,
TMHINT-QI,common_alpha_1,756,0.3696910369338043,
TMHINT-QI,common_alpha_1,757,0.3475447038564159,
TMHINT-QI,common_alpha_1,758,0.3646603214151899,
TMHINT-QI,common_alpha_1,759,0.3453302585449532,
TMHINT-QI,common_alpha_1,760,0.3730817111036412,
TMHINT-QI,common_alpha_1,761,0.3484182602583258,
TMHINT-QI,common_alpha_1,762,0.3632695365865193,
TMHINT-QI,common_alpha_1,763,0.3439962054236773,
TMHINT-QI,common_alpha_1,764,0.3490254773143333,
TMHINT-QI,common_alpha_1,765,0.3367339793580666,
TMHINT-QI,common_alpha_1,766,0.3468368755160566,
TMHINT-QI,common_alpha_1,767,0.3355910514900045,
TMHINT-QI,common_alpha_1,768,0.3912808161347285,
TMHINT-QI,common_alpha_1,769,0.3564693231715566,
TMHINT-QI,common_alpha_1,770,0.378184391335594,
TMHINT-QI,common_alpha_1,771,0.3520141933711028,
TMHINT-QI,common_alpha_1,772,0.3575347438499577,
TMHINT-QI,common_alpha_1,773,0.3421415424982703,
TMHINT-QI,common_alpha_1,774,0.35550279632274,
TMHINT-QI,common_alpha_1,775,0.3414339451747568,
TMHINT-QI,common_alpha_1,776,0.3635802376824469,
TMHINT-QI,common_alpha_1,777,0.3438910565232933,
TMHINT-QI,common_alpha_1,778,0.3574026022600227,
TMHINT-QI,common_alpha_1,779,0.3413575783819867,
TMHINT-QI,common_alpha_1,780,0.3460990260011439,
TMHINT-QI,common_alpha_1,781,0.3355215715543215,
TMHINT-QI,common_alpha_1,782,0.3448555786443901,
TMHINT-QI,common_alpha_1,783,0.3351695246443996,
TMHINT-QI,common_alpha_1,784,0.3912808161347285,
TMHINT-QI,common_alpha_1,785,0.3564693510439483,
TMHINT-QI,common_alpha_1,786,0.378184391029893,
TMHINT-QI,common_alpha_1,787,0.3520141908743136,
TMHINT-QI,common_alpha_1,788,0.3575347718634215,
TMHINT-QI,common_alpha_1,789,0.3421415688140572,
TMHINT-QI,common_alpha_1,790,0.3555027977233053,
TMHINT-QI,common_alpha_1,791,0.3414339539084423,
TMHINT-QI,common_alpha_1,792,0.3635802377368485,
TMHINT-QI,common_alpha_1,793,0.3438910566152336,
TMHINT-QI,common_alpha_1,794,0.357402591494209,
TMHINT-QI,common_alpha_1,795,0.3413575319262454,
TMHINT-QI,common_alpha_1,796,0.3460989933212213,
TMHINT-QI,common_alpha_1,797,0.3355215915569781,
TMHINT-QI,common_alpha_1,798,0.3448555848283566,
TMHINT-QI,common_alpha_1,799,0.3351695399624895,
TMHINT-QI,common_alpha_1,800,0.3832337296771907,
TMHINT-QI,common_alpha_1,801,0.3552008384587036,
TMHINT-QI,common_alpha_1,802,0.3737254812402982,
TMHINT-QI,common_alpha_1,803,0.3512512753960273,
TMHINT-QI,common_alpha_1,804,0.3553343031404875,
TMHINT-QI,common_alpha_1,805,0.3418967389899703,
TMHINT-QI,common_alpha_1,806,0.3537418613431117,
TMHINT-QI,common_alpha_1,807,0.3412127962055086,
TMHINT-QI,common_alpha_1,808,0.3607248250567431,
TMHINT-QI,common_alpha_1,809,0.343477308865094,
TMHINT-QI,common_alpha_1,810,0.3557719007059825,
TMHINT-QI,common_alpha_1,811,0.3411706211126872,
TMHINT-QI,common_alpha_1,812,0.3451484768177297,
TMHINT-QI,common_alpha_1,813,0.3355367941721956,
TMHINT-QI,common_alpha_1,814,0.3442479033675937,
TMHINT-QI,common_alpha_1,815,0.3351674855155491,
TMHINT-QI,common_alpha_1,816,0.3832337283674852,
TMHINT-QI,common_alpha_1,817,0.3552008377490246,
TMHINT-QI,common_alpha_1,818,0.3737254803265029,
TMHINT-QI,common_alpha_1,819,0.3512512795217588,
TMHINT-QI,common_alpha_1,820,0.355334303349723,
TMHINT-QI,common_alpha_1,821,0.3418967374624822,
TMHINT-QI,common_alpha_1,822,0.3537418655840639,
TMHINT-QI,common_alpha_1,823,0.3412128256337197,
TMHINT-QI,common_alpha_1,824,0.3607248239201033,
TMHINT-QI,common_alpha_1,825,0.3434773097346041,
TMHINT-QI,common_alpha_1,826,0.355771889630856,
TMHINT-QI,common_alpha_1,827,0.3411706137421727,
TMHINT-QI,common_alpha_1,828,0.3451484777654565,
TMHINT-QI,common_alpha_1,829,0.335536803672056,
TMHINT-QI,common_alpha_1,830,0.3442478901640013,
TMHINT-QI,common_alpha_1,831,0.3351674890585052,
TMHINT-QI,common_alpha_1,832,0.3912808161347285,
TMHINT-QI,common_alpha_1,833,0.3564693421775621,
TMHINT-QI,common_alpha_1,834,0.3781843909482812,
TMHINT-QI,common_alpha_1,835,0.3520141910673979,
TMHINT-QI,common_alpha_1,836,0.3575347647950702,
TMHINT-QI,common_alpha_1,837,0.3421415677291059,
TMHINT-QI,common_alpha_1,838,0.3555027984376196,
TMHINT-QI,common_alpha_1,839,0.3414339533414178,
TMHINT-QI,common_alpha_1,840,0.3635802478633358,
TMHINT-QI,common_alpha_1,841,0.3438910566181777,
TMHINT-QI,common_alpha_1,842,0.3574026024007013,
TMHINT-QI,common_alpha_1,843,0.3413575736934809,
TMHINT-QI,common_alpha_1,844,0.3460989931331806,
TMHINT-QI,common_alpha_1,845,0.3355215909620741,
TMHINT-QI,common_alpha_1,846,0.344855586744821,
TMHINT-QI,common_alpha_1,847,0.3351695400005801,
TMHINT-QI,common_alpha_1,848,0.3912808161347285,
TMHINT-QI,common_alpha_1,849,0.3564693227589907,
TMHINT-QI,common_alpha_1,850,0.378184391212025,
TMHINT-QI,common_alpha_1,851,0.3520141798020886,
TMHINT-QI,common_alpha_1,852,0.3575347427094758,
TMHINT-QI,common_alpha_1,853,0.3421415364716667,
TMHINT-QI,common_alpha_1,854,0.355502800637376,
TMHINT-QI,common_alpha_1,855,0.3414339212715132,
TMHINT-QI,common_alpha_1,856,0.3635802414331582,
TMHINT-QI,common_alpha_1,857,0.3438910562165317,
TMHINT-QI,common_alpha_1,858,0.3574025890423501,
TMHINT-QI,common_alpha_1,859,0.3413575879187503,
TMHINT-QI,common_alpha_1,860,0.346098990752213,
TMHINT-QI,common_alpha_1,861,0.3355216038137112,
TMHINT-QI,common_alpha_1,862,0.3448555764803622,
TMHINT-QI,common_alpha_1,863,0.3351695151901671,
TMHINT-QI,common_alpha_1,864,0.3832337282621038,
TMHINT-QI,common_alpha_1,865,0.3552008375143503,
TMHINT-QI,common_alpha_1,866,0.37372548055813,
TMHINT-QI,common_alpha_1,867,0.3512512790539779,
TMHINT-QI,common_alpha_1,868,0.3553343054632386,
TMHINT-QI,common_alpha_1,869,0.3418967365167904,
TMHINT-QI,common_alpha_1,870,0.3537418612718343,
TMHINT-QI,common_alpha_1,871,0.3412128155774483,
TMHINT-QI,common_alpha_1,872,0.3607248239689246,
TMHINT-QI,common_alpha_1,873,0.3434773099407061,
TMHINT-QI,common_alpha_1,874,0.3557718915262196,
TMHINT-QI,common_alpha_1,875,0.3411706326379947,
TMHINT-QI,common_alpha_1,876,0.34514847642834,
TMHINT-QI,common_alpha_1,877,0.3355368002831224,
TMHINT-QI,common_alpha_1,878,0.3442478835619766,
TMHINT-QI,common_alpha_1,879,0.3351674884071057,
TMHINT-QI,common_alpha_1,880,0.3832337298126261,
TMHINT-QI,common_alpha_1,881,0.3552008359966616,
TMHINT-QI,common_alpha_1,882,0.3737254801029619,
TMHINT-QI,common_alpha_1,883,0.3512512771292809,
TMHINT-QI,common_alpha_1,884,0.355334282198962,
TMHINT-QI,common_alpha_1,885,0.3418967414054601,
TMHINT-QI,common_alpha_1,886,0.3537418965150104,
TMHINT-QI,common_alpha_1,887,0.3412127988820806,
TMHINT-QI,common_alpha_1,888,0.3607248242348838,
TMHINT-QI,common_alpha_1,889,0.3434773099457453,
TMHINT-QI,common_alpha_1,890,0.355771890555899,
TMHINT-QI,common_alpha_1,891,0.3411706234719606,
TMHINT-QI,common_alpha_1,892,0.3451484813449428,
TMHINT-QI,common_alpha_1,893,0.3355368397018623,
TMHINT-QI,common_alpha_1,894,0.3442478622286256,
TMHINT-QI,common_alpha_1,895,0.3351674862238026,
TMHINT-QI,common_alpha_1,896,0.3912808161347285,
TMHINT-QI,common_alpha_1,897,0.3564693227765254,
TMHINT-QI,common_alpha_1,898,0.3781843920603759,
TMHINT-QI,common_alpha_1,899,0.352014187350569,
TMHINT-QI,common_alpha_1,900,0.3575347427395372,
TMHINT-QI,common_alpha_1,901,0.3421415278457658,
TMHINT-QI,common_alpha_1,902,0.355502794468638,
TMHINT-QI,common_alpha_1,903,0.3414339481267129,
TMHINT-QI,common_alpha_1,904,0.3635802414944998,
TMHINT-QI,common_alpha_1,905,0.3438910573527796,
TMHINT-QI,common_alpha_1,906,0.35740258923669,
TMHINT-QI,common_alpha_1,907,0.3413575705446118,
TMHINT-QI,common_alpha_1,908,0.3460990015028347,
TMHINT-QI,common_alpha_1,909,0.3355215914423708,
TMHINT-QI,common_alpha_1,910,0.3448555833440437,
TMHINT-QI,common_alpha_1,911,0.3351695527876306,
TMHINT-QI,common_alpha_1,912,0.3912808161347285,
TMHINT-QI,common_alpha_1,913,0.3564693229507626,
TMHINT-QI,common_alpha_1,914,0.3781843914412378,
TMHINT-QI,common_alpha_1,915,0.3520141858060729,
TMHINT-QI,common_alpha_1,916,0.3575347427550482,
TMHINT-QI,common_alpha_1,917,0.342141527585629,
TMHINT-QI,common_alpha_1,918,0.3555028036329097,
TMHINT-QI,common_alpha_1,919,0.3414339456337105,
TMHINT-QI,common_alpha_1,920,0.3635802444538266,
TMHINT-QI,common_alpha_1,921,0.3438910565022862,
TMHINT-QI,common_alpha_1,922,0.3574025931809737,
TMHINT-QI,common_alpha_1,923,0.3413575843894689,
TMHINT-QI,common_alpha_1,924,0.3460989905269842,
TMHINT-QI,common_alpha_1,925,0.335521604911881,
TMHINT-QI,common_alpha_1,926,0.3448555763767454,
TMHINT-QI,common_alpha_1,927,0.3351695700239484,
TMHINT-QI,common_alpha_1,928,0.3832337314061688,
TMHINT-QI,common_alpha_1,929,0.355200837144578,
TMHINT-QI,common_alpha_1,930,0.3737254781792343,
TMHINT-QI,common_alpha_1,931,0.3512512781261507,
TMHINT-QI,common_alpha_1,932,0.3553342838359898,
TMHINT-QI,common_alpha_1,933,0.3418967414155662,
TMHINT-QI,common_alpha_1,934,0.3537418653307779,
TMHINT-QI,common_alpha_1,935,0.3412128202679183,
TMHINT-QI,common_alpha_1,936,0.360724827311468,
TMHINT-QI,common_alpha_1,937,0.3434773088428158,
TMHINT-QI,common_alpha_1,938,0.3557718873305025,
TMHINT-QI,common_alpha_1,939,0.3411706136375275,
TMHINT-QI,common_alpha_1,940,0.3451484747857978,
TMHINT-QI,common_alpha_1,941,0.3355368017458776,
TMHINT-QI,common_alpha_1,942,0.344247887187128,
TMHINT-QI,common_alpha_1,943,0.3351674875096712,
TMHINT-QI,common_alpha_1,944,0.3832337300536942,
TMHINT-QI,common_alpha_1,945,0.3552008378087493,
TMHINT-QI,common_alpha_1,946,0.3737254627252172,
TMHINT-QI,common_alpha_1,947,0.3512512827076173,
TMHINT-QI,common_alpha_1,948,0.3553342826969449,
TMHINT-QI,common_alpha_1,949,0.3418967414674232,
TMHINT-QI,common_alpha_1,950,0.3537418846320426,
TMHINT-QI,common_alpha_1,951,0.3412128011884575,
TMHINT-QI,common_alpha_1,952,0.3607248255564096,
TMHINT-QI,common_alpha_1,953,0.3434773099951467,
TMHINT-QI,common_alpha_1,954,0.3557718916001341,
TMHINT-QI,common_alpha_1,955,0.3411706250731923,
TMHINT-QI,common_alpha_1,956,0.3451484869651915,
TMHINT-QI,common_alpha_1,957,0.3355368367408333,
TMHINT-QI,common_alpha_1,958,0.344247861990847,
TMHINT-QI,common_alpha_1,959,0.3351674855910085,
TMHINT-QI,common_alpha_1,960,0.3912808161347285,
TMHINT-QI,common_alpha_1,961,0.3564693233452802,
TMHINT-QI,common_alpha_1,962,0.3781843914528762,
TMHINT-QI,common_alpha_1,963,0.3520141882609033,
TMHINT-QI,common_alpha_1,964,0.3575347427571996,
TMHINT-QI,common_alpha_1,965,0.3421415276156157,
TMHINT-QI,common_alpha_1,966,0.3555028053454526,
TMHINT-QI,common_alpha_1,967,0.3414339440004181,
TMHINT-QI,common_alpha_1,968,0.3635802463231919,
TMHINT-QI,common_alpha_1,969,0.3438910565102905,
TMHINT-QI,common_alpha_1,970,0.3574025901573066,
TMHINT-QI,common_alpha_1,971,0.3413575795177687,
TMHINT-QI,common_alpha_1,972,0.3460989904482593,
TMHINT-QI,common_alpha_1,973,0.335521603609275,
TMHINT-QI,common_alpha_1,974,0.3448555761598272,
TMHINT-QI,common_alpha_1,975,0.3351695149607888,
TMHINT-QI,common_alpha_1,976,0.3912808161347285,
TMHINT-QI,common_alpha_1,977,0.3564693234504072,
TMHINT-QI,common_alpha_1,978,0.3781843912846371,
TMHINT-QI,common_alpha_1,979,0.3520141918822075,
TMHINT-QI,common_alpha_1,980,0.3575347427651837,
TMHINT-QI,common_alpha_1,981,0.3421415288778349,
TMHINT-QI,common_alpha_1,982,0.3555028055218222,
TMHINT-QI,common_alpha_1,983,0.3414339294634261,
TMHINT-QI,common_alpha_1,984,0.3635802375396451,
TMHINT-QI,common_alpha_1,985,0.3438910400978215,
TMHINT-QI,common_alpha_1,986,0.357402595230255,
TMHINT-QI,common_alpha_1,987,0.3413575675718979,
TMHINT-QI,common_alpha_1,988,0.3460989876494088,
TMHINT-QI,common_alpha_1,989,0.335521602866084,
TMHINT-QI,common_alpha_1,990,0.3448555629260805,
TMHINT-QI,common_alpha_1,991,0.3351695652577766,
TMHINT-QI,common_alpha_1,992,0.383233730596628,
TMHINT-QI,common_alpha_1,993,0.3552008375681783,
TMHINT-QI,common_alpha_1,994,0.3737254648040733,
TMHINT-QI,common_alpha_1,995,0.3512512826055476,
TMHINT-QI,common_alpha_1,996,0.3553342830411589,
TMHINT-QI,common_alpha_1,997,0.3418967417202069,
TMHINT-QI,common_alpha_1,998,0.353741885563555,
TMHINT-QI,common_alpha_1,999,0.3412127990844036,
TMHINT-QI,common_alpha_1,1000,0.3607248276297631,
TMHINT-QI,common_alpha_1,1001,0.3434773104326818,
TMHINT-QI,common_alpha_1,1002,0.3557718877494609,
TMHINT-QI,common_alpha_1,1003,0.3411706209623056,
TMHINT-QI,common_alpha_1,1004,0.3451484788327461,
TMHINT-QI,common_alpha_1,1005,0.3355368322341167,
TMHINT-QI,common_alpha_1,1006,0.3442478619773746,
TMHINT-QI,common_alpha_1,1007,0.3351674858452347,
TMHINT-QI,common_alpha_1,1008,0.3832337300380633,
TMHINT-QI,common_alpha_1,1009,0.35520083746289,
TMHINT-QI,common_alpha_1,1010,0.3737254739895589,
TMHINT-QI,common_alpha_1,1011,0.3512512828576725,
TMHINT-QI,common_alpha_1,1012,0.3553342825088438,
TMHINT-QI,common_alpha_1,1013,0.3418967300597644,
TMHINT-QI,common_alpha_1,1014,0.3537418743780162,
TMHINT-QI,common_alpha_1,1015,0.3412128291916181,
TMHINT-QI,common_alpha_1,1016,0.3607248291069159,
TMHINT-QI,common_alpha_1,1017,0.3434773099681388,
TMHINT-QI,common_alpha_1,1018,0.3557718902836869,
TMHINT-QI,common_alpha_1,1019,0.3411706242293084,
TMHINT-QI,common_alpha_1,1020,0.3451484517282513,
TMHINT-QI,common_alpha_1,1021,0.3355368028621,
TMHINT-QI,common_alpha_1,1022,0.3442478678947104,
TMHINT-QI,common_alpha_1,1023,0.3351674829466449,
TMHINT-QI,common_alpha_10,1,0.4040890760434326,
TMHINT-QI,common_alpha_10,2,0.4681184133108321,
TMHINT-QI,common_alpha_10,3,0.36971439656563,
TMHINT-QI,common_alpha_10,4,0.3881960346235529,
TMHINT-QI,common_alpha_10,5,0.3486687567270655,
TMHINT-QI,common_alpha_10,6,0.3717697200791425,
TMHINT-QI,common_alpha_10,7,0.3448027405015375,
TMHINT-QI,common_alpha_10,8,0.3954371814887847,
TMHINT-QI,common_alpha_10,9,0.3509756507379187,
TMHINT-QI,common_alpha_10,10,0.3691570640711352,
TMHINT-QI,common_alpha_10,11,0.3440370304099797,
TMHINT-QI,common_alpha_10,12,0.3508165584842848,
TMHINT-QI,common_alpha_10,13,0.3357178294007342,
TMHINT-QI,common_alpha_10,14,0.3471297198451095,
TMHINT-QI,common_alpha_10,15,0.3344891639621046,
TMHINT-QI,common_alpha_10,16,0.8082744882677242,
TMHINT-QI,common_alpha_10,17,0.4007801945821264,
TMHINT-QI,common_alpha_10,18,0.4571452257213203,
TMHINT-QI,common_alpha_10,19,0.3697162350631539,
TMHINT-QI,common_alpha_10,20,0.3832669927993144,
TMHINT-QI,common_alpha_10,21,0.3487360079688461,
TMHINT-QI,common_alpha_10,22,0.3714185978056848,
TMHINT-QI,common_alpha_10,23,0.3448027383136349,
TMHINT-QI,common_alpha_10,24,0.3910896385085608,
TMHINT-QI,common_alpha_10,25,0.3509756507379187,
TMHINT-QI,common_alpha_10,26,0.3691570640711352,
TMHINT-QI,common_alpha_10,27,0.3440370280923691,
TMHINT-QI,common_alpha_10,28,0.3508165584842847,
TMHINT-QI,common_alpha_10,29,0.3357178323041227,
TMHINT-QI,common_alpha_10,30,0.3471297198422189,
TMHINT-QI,common_alpha_10,31,0.3344891686261553,
TMHINT-QI,common_alpha_10,32,0.4999928756880101,
TMHINT-QI,common_alpha_10,33,0.3825955167469955,
TMHINT-QI,common_alpha_10,34,0.4151922051106787,
TMHINT-QI,common_alpha_10,35,0.3639103193528291,
TMHINT-QI,common_alpha_10,36,0.370039983879893,
TMHINT-QI,common_alpha_10,37,0.3463620715715532,
TMHINT-QI,common_alpha_10,38,0.3631180924319446,
TMHINT-QI,common_alpha_10,39,0.3435406617705225,
TMHINT-QI,common_alpha_10,40,0.3762543646256117,
TMHINT-QI,common_alpha_10,41,0.3483392817128558,
TMHINT-QI,common_alpha_10,42,0.3632081729362932,
TMHINT-QI,common_alpha_10,43,0.3431865079905988,
TMHINT-QI,common_alpha_10,44,0.347533309392121,
TMHINT-QI,common_alpha_10,45,0.3353052042103067,
TMHINT-QI,common_alpha_10,46,0.3453541156866164,
TMHINT-QI,common_alpha_10,47,0.3342891128482431,
TMHINT-QI,common_alpha_10,48,0.4998703814646495,
TMHINT-QI,common_alpha_10,49,0.3825955167469954,
TMHINT-QI,common_alpha_10,50,0.4151922051106787,
TMHINT-QI,common_alpha_10,51,0.3639103226325277,
TMHINT-QI,common_alpha_10,52,0.370039983879893,
TMHINT-QI,common_alpha_10,53,0.3463620725311189,
TMHINT-QI,common_alpha_10,54,0.3631180894253839,
TMHINT-QI,common_alpha_10,55,0.343540685879907,
TMHINT-QI,common_alpha_10,56,0.3762543646256117,
TMHINT-QI,common_alpha_10,57,0.3483392818821304,
TMHINT-QI,common_alpha_10,58,0.3632081713654776,
TMHINT-QI,common_alpha_10,59,0.3431865078841378,
TMHINT-QI,common_alpha_10,60,0.3475333238409603,
TMHINT-QI,common_alpha_10,61,0.3353051788563734,
TMHINT-QI,common_alpha_10,62,0.3453541087110602,
TMHINT-QI,common_alpha_10,63,0.334289114542191,
TMHINT-QI,common_alpha_10,64,0.9650541178005206,
TMHINT-QI,common_alpha_10,65,0.4093821572050412,
TMHINT-QI,common_alpha_10,66,0.4628442037952185,
TMHINT-QI,common_alpha_10,67,0.3703230942061656,
TMHINT-QI,common_alpha_10,68,0.3857653838596885,
TMHINT-QI,common_alpha_10,69,0.3497113247075282,
TMHINT-QI,common_alpha_10,70,0.3716827651805435,
TMHINT-QI,common_alpha_10,71,0.3448027402814064,
TMHINT-QI,common_alpha_10,72,0.3914674468982638,
TMHINT-QI,common_alpha_10,73,0.3509895405699097,
TMHINT-QI,common_alpha_10,74,0.3691570640711352,
TMHINT-QI,common_alpha_10,75,0.3440370280332754,
TMHINT-QI,common_alpha_10,76,0.3508165584842847,
TMHINT-QI,common_alpha_10,77,0.3357178248065268,
TMHINT-QI,common_alpha_10,78,0.3471297198951577,
TMHINT-QI,common_alpha_10,79,0.3344891728467565,
TMHINT-QI,common_alpha_10,80,0.8589698074498237,
TMHINT-QI,common_alpha_10,81,0.4070719431138579,
TMHINT-QI,common_alpha_10,82,0.4571452312868666,
TMHINT-QI,common_alpha_10,83,0.3698230400578444,
TMHINT-QI,common_alpha_10,84,0.3847143842823294,
TMHINT-QI,common_alpha_10,85,0.3497113206248892,
TMHINT-QI,common_alpha_10,86,0.3714186005139356,
TMHINT-QI,common_alpha_10,87,0.344802739185926,
TMHINT-QI,common_alpha_10,88,0.3914674468982638,
TMHINT-QI,common_alpha_10,89,0.350989574954025,
TMHINT-QI,common_alpha_10,90,0.3691570640711352,
TMHINT-QI,common_alpha_10,91,0.34403702757904,
TMHINT-QI,common_alpha_10,92,0.3508165584842847,
TMHINT-QI,common_alpha_10,93,0.3357178222768998,
TMHINT-QI,common_alpha_10,94,0.3471297197925577,
TMHINT-QI,common_alpha_10,95,0.3344891778031896,
TMHINT-QI,common_alpha_10,96,0.500640051046587,
TMHINT-QI,common_alpha_10,97,0.3825955167469955,
TMHINT-QI,common_alpha_10,98,0.4151922051106787,
TMHINT-QI,common_alpha_10,99,0.3639103123528359,
TMHINT-QI,common_alpha_10,100,0.370039983879893,
TMHINT-QI,common_alpha_10,101,0.3463620720515818,
TMHINT-QI,common_alpha_10,102,0.3631180892406955,
TMHINT-QI,common_alpha_10,103,0.34354066942378,
TMHINT-QI,common_alpha_10,104,0.3762543646256117,
TMHINT-QI,common_alpha_10,105,0.3483392907123044,
TMHINT-QI,common_alpha_10,106,0.3632081724288088,
TMHINT-QI,common_alpha_10,107,0.3431865052954436,
TMHINT-QI,common_alpha_10,108,0.347533310373659,
TMHINT-QI,common_alpha_10,109,0.3353051788603204,
TMHINT-QI,common_alpha_10,110,0.3453541205910518,
TMHINT-QI,common_alpha_10,111,0.3342891134507679,
TMHINT-QI,common_alpha_10,112,0.5006400510465868,
TMHINT-QI,common_alpha_10,113,0.3825955167469955,
TMHINT-QI,common_alpha_10,114,0.4151922051106787,
TMHINT-QI,common_alpha_10,115,0.3639103222411893,
TMHINT-QI,common_alpha_10,116,0.370039983879893,
TMHINT-QI,common_alpha_10,117,0.3463620715261221,
TMHINT-QI,common_alpha_10,118,0.3631180905736425,
TMHINT-QI,common_alpha_10,119,0.3435406946012188,
TMHINT-QI,common_alpha_10,120,0.3762543646256116,
TMHINT-QI,common_alpha_10,121,0.348339280854875,
TMHINT-QI,common_alpha_10,122,0.3632081729166339,
TMHINT-QI,common_alpha_10,123,0.3431865052544104,
TMHINT-QI,common_alpha_10,124,0.3475333128483032,
TMHINT-QI,common_alpha_10,125,0.335305178913685,
TMHINT-QI,common_alpha_10,126,0.345354117701223,
TMHINT-QI,common_alpha_10,127,0.3342891118790297,
TMHINT-QI,common_alpha_10,128,0.965159596425186,
TMHINT-QI,common_alpha_10,129,0.4006946071818054,
TMHINT-QI,common_alpha_10,130,0.4623483764477448,
TMHINT-QI,common_alpha_10,131,0.3699217242671957,
TMHINT-QI,common_alpha_10,132,0.3851722194455405,
TMHINT-QI,common_alpha_10,133,0.3488742039366642,
TMHINT-QI,common_alpha_10,134,0.3716043422596136,
TMHINT-QI,common_alpha_10,135,0.3448027323739301,
TMHINT-QI,common_alpha_10,136,0.3916314463107558,
TMHINT-QI,common_alpha_10,137,0.3509054717376115,
TMHINT-QI,common_alpha_10,138,0.3691570640711352,
TMHINT-QI,common_alpha_10,139,0.3440370280007297,
TMHINT-QI,common_alpha_10,140,0.3507995631001999,
TMHINT-QI,common_alpha_10,141,0.3357178232630327,
TMHINT-QI,common_alpha_10,142,0.3471297197826342,
TMHINT-QI,common_alpha_10,143,0.3344891645893608,
TMHINT-QI,common_alpha_10,144,0.8083440731409609,
TMHINT-QI,common_alpha_10,145,0.4013917337767678,
TMHINT-QI,common_alpha_10,146,0.4573567236159818,
TMHINT-QI,common_alpha_10,147,0.3698892574686254,
TMHINT-QI,common_alpha_10,148,0.3834246351120908,
TMHINT-QI,common_alpha_10,149,0.348913708453911,
TMHINT-QI,common_alpha_10,150,0.3714793028958134,
TMHINT-QI,common_alpha_10,151,0.3448027314544068,
TMHINT-QI,common_alpha_10,152,0.3907450768469403,
TMHINT-QI,common_alpha_10,153,0.3509054664654261,
TMHINT-QI,common_alpha_10,154,0.3691570640711352,
TMHINT-QI,common_alpha_10,155,0.344037027579035,
TMHINT-QI,common_alpha_10,156,0.3507995637743433,
TMHINT-QI,common_alpha_10,157,0.3357178222173639,
TMHINT-QI,common_alpha_10,158,0.3471297197845114,
TMHINT-QI,common_alpha_10,159,0.3344891817078854,
TMHINT-QI,common_alpha_10,160,0.5003627664989105,
TMHINT-QI,common_alpha_10,161,0.3825955167469956,
TMHINT-QI,common_alpha_10,162,0.4151922051106786,
TMHINT-QI,common_alpha_10,163,0.3639103214635907,
TMHINT-QI,common_alpha_10,164,0.370039983879893,
TMHINT-QI,common_alpha_10,165,0.3463620716001058,
TMHINT-QI,common_alpha_10,166,0.3631180925094396,
TMHINT-QI,common_alpha_10,167,0.3435406799662154,
TMHINT-QI,common_alpha_10,168,0.3762543646256117,
TMHINT-QI,common_alpha_10,169,0.3483392881864212,
TMHINT-QI,common_alpha_10,170,0.363208173282709,
TMHINT-QI,common_alpha_10,171,0.3431864972311502,
TMHINT-QI,common_alpha_10,172,0.3475333101887669,
TMHINT-QI,common_alpha_10,173,0.335305178813148,
TMHINT-QI,common_alpha_10,174,0.3453541136478653,
TMHINT-QI,common_alpha_10,175,0.3342891060132629,
TMHINT-QI,common_alpha_10,176,0.5003627664989106,
TMHINT-QI,common_alpha_10,177,0.3825955167469955,
TMHINT-QI,common_alpha_10,178,0.4151922051106786,
TMHINT-QI,common_alpha_10,179,0.3639103226832947,
TMHINT-QI,common_alpha_10,180,0.370039983879893,
TMHINT-QI,common_alpha_10,181,0.3463620715154799,
TMHINT-QI,common_alpha_10,182,0.3631180892196193,
TMHINT-QI,common_alpha_10,183,0.343540660452356,
TMHINT-QI,common_alpha_10,184,0.3762543646256117,
TMHINT-QI,common_alpha_10,185,0.3483392811203817,
TMHINT-QI,common_alpha_10,186,0.3632081730489673,
TMHINT-QI,common_alpha_10,187,0.3431865076808444,
TMHINT-QI,common_alpha_10,188,0.3475333134641259,
TMHINT-QI,common_alpha_10,189,0.335305178950775,
TMHINT-QI,common_alpha_10,190,0.3453541193295751,
TMHINT-QI,common_alpha_10,191,0.3342891146682623,
TMHINT-QI,common_alpha_10,192,0.9567453411627168,
TMHINT-QI,common_alpha_10,193,0.4091734316843734,
TMHINT-QI,common_alpha_10,194,0.4622699415107507,
TMHINT-QI,common_alpha_10,195,0.3702464268928374,
TMHINT-QI,common_alpha_10,196,0.3856547883016258,
TMHINT-QI,common_alpha_10,197,0.3496891888523495,
TMHINT-QI,common_alpha_10,198,0.3716043428410561,
TMHINT-QI,common_alpha_10,199,0.3448027401583903,
TMHINT-QI,common_alpha_10,200,0.3912129855435168,
TMHINT-QI,common_alpha_10,201,0.3509353204010991,
TMHINT-QI,common_alpha_10,202,0.3691570640711352,
TMHINT-QI,common_alpha_10,203,0.3440370275791011,
TMHINT-QI,common_alpha_10,204,0.3507995631271542,
TMHINT-QI,common_alpha_10,205,0.3357178216401862,
TMHINT-QI,common_alpha_10,206,0.3471297197871071,
TMHINT-QI,common_alpha_10,207,0.3344891802013625,
TMHINT-QI,common_alpha_10,208,0.856740962685797,
TMHINT-QI,common_alpha_10,209,0.4070481507558972,
TMHINT-QI,common_alpha_10,210,0.4573567115959131,
TMHINT-QI,common_alpha_10,211,0.3698892562294477,
TMHINT-QI,common_alpha_10,212,0.3846917486169831,
TMHINT-QI,common_alpha_10,213,0.3496891764707258,
TMHINT-QI,common_alpha_10,214,0.3714792878238457,
TMHINT-QI,common_alpha_10,215,0.3448027401878717,
TMHINT-QI,common_alpha_10,216,0.3912129918273792,
TMHINT-QI,common_alpha_10,217,0.3509353098614612,
TMHINT-QI,common_alpha_10,218,0.3691570640711352,
TMHINT-QI,common_alpha_10,219,0.3440370276928426,
TMHINT-QI,common_alpha_10,220,0.3507995635149541,
TMHINT-QI,common_alpha_10,221,0.335717821346766,
TMHINT-QI,common_alpha_10,222,0.3471297198310288,
TMHINT-QI,common_alpha_10,223,0.3344891611938999,
TMHINT-QI,common_alpha_10,224,0.5005606916131786,
TMHINT-QI,common_alpha_10,225,0.3825955167469955,
TMHINT-QI,common_alpha_10,226,0.4151922051106786,
TMHINT-QI,common_alpha_10,227,0.363910319982691,
TMHINT-QI,common_alpha_10,228,0.370039983879893,
TMHINT-QI,common_alpha_10,229,0.3463620715234577,
TMHINT-QI,common_alpha_10,230,0.3631180873175412,
TMHINT-QI,common_alpha_10,231,0.3435406624794697,
TMHINT-QI,common_alpha_10,232,0.3762543646256116,
TMHINT-QI,common_alpha_10,233,0.3483392811205387,
TMHINT-QI,common_alpha_10,234,0.363208173039513,
TMHINT-QI,common_alpha_10,235,0.3431865078237114,
TMHINT-QI,common_alpha_10,236,0.3475333126612746,
TMHINT-QI,common_alpha_10,237,0.3353051789592641,
TMHINT-QI,common_alpha_10,238,0.3453541078515919,
TMHINT-QI,common_alpha_10,239,0.3342891154236238,
TMHINT-QI,common_alpha_10,240,0.5005607142607318,
TMHINT-QI,common_alpha_10,241,0.3825955167469955,
TMHINT-QI,common_alpha_10,242,0.4151922051106786,
TMHINT-QI,common_alpha_10,243,0.3639103234212953,
TMHINT-QI,common_alpha_10,244,0.370039983879893,
TMHINT-QI,common_alpha_10,245,0.3463620732797554,
TMHINT-QI,common_alpha_10,246,0.3631180769465594,
TMHINT-QI,common_alpha_10,247,0.3435406588970269,
TMHINT-QI,common_alpha_10,248,0.3762543646256117,
TMHINT-QI,common_alpha_10,249,0.348339281583239,
TMHINT-QI,common_alpha_10,250,0.3632081729710276,
TMHINT-QI,common_alpha_10,251,0.3431865009628287,
TMHINT-QI,common_alpha_10,252,0.3475333215407301,
TMHINT-QI,common_alpha_10,253,0.3353051887108596,
TMHINT-QI,common_alpha_10,254,0.3453541179263062,
TMHINT-QI,common_alpha_10,255,0.3342891089097329,
TMHINT-QI,common_alpha_10,256,0.4023528402510404,
TMHINT-QI,common_alpha_10,257,0.3568523052634905,
TMHINT-QI,common_alpha_10,258,0.3805930715958318,
TMHINT-QI,common_alpha_10,259,0.3514335192138424,
TMHINT-QI,common_alpha_10,260,0.356359215567511,
TMHINT-QI,common_alpha_10,261,0.3405070887255484,
TMHINT-QI,common_alpha_10,262,0.3540724943852412,
TMHINT-QI,common_alpha_10,263,0.3399920306955293,
TMHINT-QI,common_alpha_10,264,0.3651828535938539,
TMHINT-QI,common_alpha_10,265,0.3432739440682887,
TMHINT-QI,common_alpha_10,266,0.3572772567821224,
TMHINT-QI,common_alpha_10,267,0.3407036320698789,
TMHINT-QI,common_alpha_10,268,0.344800788091731,
TMHINT-QI,common_alpha_10,269,0.3343980773854837,
TMHINT-QI,common_alpha_10,270,0.3436955887213495,
TMHINT-QI,common_alpha_10,271,0.3341060610397084,
TMHINT-QI,common_alpha_10,272,0.4000789946209113,
TMHINT-QI,common_alpha_10,273,0.3568523048512653,
TMHINT-QI,common_alpha_10,274,0.3805930715958318,
TMHINT-QI,common_alpha_10,275,0.3514335020265445,
TMHINT-QI,common_alpha_10,276,0.3563592155675111,
TMHINT-QI,common_alpha_10,277,0.3405070342884873,
TMHINT-QI,common_alpha_10,278,0.3540724948282995,
TMHINT-QI,common_alpha_10,279,0.3399920688584632,
TMHINT-QI,common_alpha_10,280,0.3651828535938539,
TMHINT-QI,common_alpha_10,281,0.3432739503494724,
TMHINT-QI,common_alpha_10,282,0.3572772603141123,
TMHINT-QI,common_alpha_10,283,0.340703617262406,
TMHINT-QI,common_alpha_10,284,0.3448007880897876,
TMHINT-QI,common_alpha_10,285,0.3343980975850859,
TMHINT-QI,common_alpha_10,286,0.3436955733626656,
TMHINT-QI,common_alpha_10,287,0.3341060301386554,
TMHINT-QI,common_alpha_10,288,0.3860083431321311,
TMHINT-QI,common_alpha_10,289,0.3550226124824518,
TMHINT-QI,common_alpha_10,290,0.3741302413763606,
TMHINT-QI,common_alpha_10,291,0.3506308535195271,
TMHINT-QI,common_alpha_10,292,0.3538357882861154,
TMHINT-QI,common_alpha_10,293,0.3404886176559227,
TMHINT-QI,common_alpha_10,294,0.3523692621741188,
TMHINT-QI,common_alpha_10,295,0.3399181117809234,
TMHINT-QI,common_alpha_10,296,0.360729383837193,
TMHINT-QI,common_alpha_10,297,0.3427964377119071,
TMHINT-QI,common_alpha_10,298,0.3554547104146957,
TMHINT-QI,common_alpha_10,299,0.3405610817729441,
TMHINT-QI,common_alpha_10,300,0.3439506709540083,
TMHINT-QI,common_alpha_10,301,0.3344145040906754,
TMHINT-QI,common_alpha_10,302,0.3431868478002218,
TMHINT-QI,common_alpha_10,303,0.3341073157620057,
TMHINT-QI,common_alpha_10,304,0.3860083431321311,
TMHINT-QI,common_alpha_10,305,0.3550226124758998,
TMHINT-QI,common_alpha_10,306,0.3741302349445315,
TMHINT-QI,common_alpha_10,307,0.3506308510492604,
TMHINT-QI,common_alpha_10,308,0.3538357883368381,
TMHINT-QI,common_alpha_10,309,0.3404886174309433,
TMHINT-QI,common_alpha_10,310,0.3523692657045146,
TMHINT-QI,common_alpha_10,311,0.3399181126115984,
TMHINT-QI,common_alpha_10,312,0.3607293840756299,
TMHINT-QI,common_alpha_10,313,0.3427964377566426,
TMHINT-QI,common_alpha_10,314,0.3554547062410491,
TMHINT-QI,common_alpha_10,315,0.3405610740246645,
TMHINT-QI,common_alpha_10,316,0.3439506738335992,
TMHINT-QI,common_alpha_10,317,0.3344145058594397,
TMHINT-QI,common_alpha_10,318,0.3431868398432756,
TMHINT-QI,common_alpha_10,319,0.3341072959899735,
TMHINT-QI,common_alpha_10,320,0.4007414515890097,
TMHINT-QI,common_alpha_10,321,0.3569067801603034,
TMHINT-QI,common_alpha_10,322,0.3805930715958318,
TMHINT-QI,common_alpha_10,323,0.3514335019033476,
TMHINT-QI,common_alpha_10,324,0.356359215567511,
TMHINT-QI,common_alpha_10,325,0.3405070964057939,
TMHINT-QI,common_alpha_10,326,0.3540724953659869,
TMHINT-QI,common_alpha_10,327,0.3399920736955188,
TMHINT-QI,common_alpha_10,328,0.3651828535938539,
TMHINT-QI,common_alpha_10,329,0.3432739562555536,
TMHINT-QI,common_alpha_10,330,0.3572772624284713,
TMHINT-QI,common_alpha_10,331,0.3407036187274574,
TMHINT-QI,common_alpha_10,332,0.3448007883396481,
TMHINT-QI,common_alpha_10,333,0.3343980960623097,
TMHINT-QI,common_alpha_10,334,0.3436955784315402,
TMHINT-QI,common_alpha_10,335,0.3341060633913479,
TMHINT-QI,common_alpha_10,336,0.4005973066534006,
TMHINT-QI,common_alpha_10,337,0.3569067727405461,
TMHINT-QI,common_alpha_10,338,0.3805930715958318,
TMHINT-QI,common_alpha_10,339,0.3514335007255577,
TMHINT-QI,common_alpha_10,340,0.3563592155675111,
TMHINT-QI,common_alpha_10,341,0.3405070592688502,
TMHINT-QI,common_alpha_10,342,0.3540724979009829,
TMHINT-QI,common_alpha_10,343,0.3399920504382005,
TMHINT-QI,common_alpha_10,344,0.3651828535938539,
TMHINT-QI,common_alpha_10,345,0.3432739435652443,
TMHINT-QI,common_alpha_10,346,0.3572772568797846,
TMHINT-QI,common_alpha_10,347,0.3407036352906686,
TMHINT-QI,common_alpha_10,348,0.3448007881912979,
TMHINT-QI,common_alpha_10,349,0.3343981046812334,
TMHINT-QI,common_alpha_10,350,0.3436955715213132,
TMHINT-QI,common_alpha_10,351,0.3341060767657917,
TMHINT-QI,common_alpha_10,352,0.386008343132131,
TMHINT-QI,common_alpha_10,353,0.3550226086376807,
TMHINT-QI,common_alpha_10,354,0.3741302352578786,
TMHINT-QI,common_alpha_10,355,0.3506308524231291,
TMHINT-QI,common_alpha_10,356,0.3538357882829036,
TMHINT-QI,common_alpha_10,357,0.3404886174528362,
TMHINT-QI,common_alpha_10,358,0.3523692670499734,
TMHINT-QI,common_alpha_10,359,0.3399181119684838,
TMHINT-QI,common_alpha_10,360,0.3607293903995812,
TMHINT-QI,common_alpha_10,361,0.3427964377633097,
TMHINT-QI,common_alpha_10,362,0.3554547085492429,
TMHINT-QI,common_alpha_10,363,0.3405611045009555,
TMHINT-QI,common_alpha_10,364,0.3439506751533406,
TMHINT-QI,common_alpha_10,365,0.3344145006822875,
TMHINT-QI,common_alpha_10,366,0.3431868397131996,
TMHINT-QI,common_alpha_10,367,0.3341073000832556,
TMHINT-QI,common_alpha_10,368,0.3860083431321311,
TMHINT-QI,common_alpha_10,369,0.3550226071391065,
TMHINT-QI,common_alpha_10,370,0.37413023975063,
TMHINT-QI,common_alpha_10,371,0.3506308386826913,
TMHINT-QI,common_alpha_10,372,0.3538357877352672,
TMHINT-QI,common_alpha_10,373,0.3404886176629666,
TMHINT-QI,common_alpha_10,374,0.3523692687853327,
TMHINT-QI,common_alpha_10,375,0.3399181169013773,
TMHINT-QI,common_alpha_10,376,0.3607293861818054,
TMHINT-QI,common_alpha_10,377,0.3427964378898279,
TMHINT-QI,common_alpha_10,378,0.3554547000974193,
TMHINT-QI,common_alpha_10,379,0.3405611054788036,
TMHINT-QI,common_alpha_10,380,0.3439506523615561,
TMHINT-QI,common_alpha_10,381,0.3344145292739099,
TMHINT-QI,common_alpha_10,382,0.3431868267975443,
TMHINT-QI,common_alpha_10,383,0.3341073013799107,
TMHINT-QI,common_alpha_10,384,0.4008449743606833,
TMHINT-QI,common_alpha_10,385,0.3569029581034432,
TMHINT-QI,common_alpha_10,386,0.3805930715958318,
TMHINT-QI,common_alpha_10,387,0.3514335020502513,
TMHINT-QI,common_alpha_10,388,0.356359215567511,
TMHINT-QI,common_alpha_10,389,0.3405070671381167,
TMHINT-QI,common_alpha_10,390,0.3540724956698541,
TMHINT-QI,common_alpha_10,391,0.3399920722566453,
TMHINT-QI,common_alpha_10,392,0.3651828535938539,
TMHINT-QI,common_alpha_10,393,0.3432739479227419,
TMHINT-QI,common_alpha_10,394,0.3572772569596945,
TMHINT-QI,common_alpha_10,395,0.3407036148649856,
TMHINT-QI,common_alpha_10,396,0.3448007884266121,
TMHINT-QI,common_alpha_10,397,0.3343980987050812,
TMHINT-QI,common_alpha_10,398,0.3436955725561074,
TMHINT-QI,common_alpha_10,399,0.3341060731535242,
TMHINT-QI,common_alpha_10,400,0.4000944072010034,
TMHINT-QI,common_alpha_10,401,0.3569029613415331,
TMHINT-QI,common_alpha_10,402,0.3805930715958318,
TMHINT-QI,common_alpha_10,403,0.3514335007240317,
TMHINT-QI,common_alpha_10,404,0.3563592155675111,
TMHINT-QI,common_alpha_10,405,0.3405070604383571,
TMHINT-QI,common_alpha_10,406,0.354072497357001,
TMHINT-QI,common_alpha_10,407,0.3399920656383545,
TMHINT-QI,common_alpha_10,408,0.3651828535938539,
TMHINT-QI,common_alpha_10,409,0.3432739447590088,
TMHINT-QI,common_alpha_10,410,0.3572772569352394,
TMHINT-QI,common_alpha_10,411,0.3407036203486683,
TMHINT-QI,common_alpha_10,412,0.3448007883270111,
TMHINT-QI,common_alpha_10,413,0.3343981042703334,
TMHINT-QI,common_alpha_10,414,0.3436955728003271,
TMHINT-QI,common_alpha_10,415,0.3341060526192998,
TMHINT-QI,common_alpha_10,416,0.3860083431321311,
TMHINT-QI,common_alpha_10,417,0.3550226314411842,
TMHINT-QI,common_alpha_10,418,0.3741302472783642,
TMHINT-QI,common_alpha_10,419,0.3506308506286155,
TMHINT-QI,common_alpha_10,420,0.3538357876379974,
TMHINT-QI,common_alpha_10,421,0.3404886176634266,
TMHINT-QI,common_alpha_10,422,0.3523692717509942,
TMHINT-QI,common_alpha_10,423,0.3399181066516523,
TMHINT-QI,common_alpha_10,424,0.3607293852752558,
TMHINT-QI,common_alpha_10,425,0.3427964378424996,
TMHINT-QI,common_alpha_10,426,0.3554547001001378,
TMHINT-QI,common_alpha_10,427,0.3405611046425479,
TMHINT-QI,common_alpha_10,428,0.3439506536722119,
TMHINT-QI,common_alpha_10,429,0.3344145170877922,
TMHINT-QI,common_alpha_10,430,0.3431868425546074,
TMHINT-QI,common_alpha_10,431,0.3341073099672272,
TMHINT-QI,common_alpha_10,432,0.3860083431321311,
TMHINT-QI,common_alpha_10,433,0.3550226078860507,
TMHINT-QI,common_alpha_10,434,0.3741302417299417,
TMHINT-QI,common_alpha_10,435,0.3506308536290279,
TMHINT-QI,common_alpha_10,436,0.3538357878425848,
TMHINT-QI,common_alpha_10,437,0.3404886177312763,
TMHINT-QI,common_alpha_10,438,0.3523692642521728,
TMHINT-QI,common_alpha_10,439,0.3399181107562278,
TMHINT-QI,common_alpha_10,440,0.3607293882027521,
TMHINT-QI,common_alpha_10,441,0.342796437999432,
TMHINT-QI,common_alpha_10,442,0.3554547001159589,
TMHINT-QI,common_alpha_10,443,0.3405611067440852,
TMHINT-QI,common_alpha_10,444,0.343950652227362,
TMHINT-QI,common_alpha_10,445,0.3344145227253203,
TMHINT-QI,common_alpha_10,446,0.3431868399874658,
TMHINT-QI,common_alpha_10,447,0.3341073032544659,
TMHINT-QI,common_alpha_10,448,0.4006945905215482,
TMHINT-QI,common_alpha_10,449,0.3569053683771154,
TMHINT-QI,common_alpha_10,450,0.3805930715958318,
TMHINT-QI,common_alpha_10,451,0.3514335007290018,
TMHINT-QI,common_alpha_10,452,0.3563592155675111,
TMHINT-QI,common_alpha_10,453,0.3405070583849984,
TMHINT-QI,common_alpha_10,454,0.3540724985451902,
TMHINT-QI,common_alpha_10,455,0.3399920520112401,
TMHINT-QI,common_alpha_10,456,0.3651828535938539,
TMHINT-QI,common_alpha_10,457,0.3432739463199381,
TMHINT-QI,common_alpha_10,458,0.3572772571013353,
TMHINT-QI,common_alpha_10,459,0.3407036215391226,
TMHINT-QI,common_alpha_10,460,0.3448007884991174,
TMHINT-QI,common_alpha_10,461,0.3343981046098871,
TMHINT-QI,common_alpha_10,462,0.3436955718885437,
TMHINT-QI,common_alpha_10,463,0.3341060539942706,
TMHINT-QI,common_alpha_10,464,0.40058535309276,
TMHINT-QI,common_alpha_10,465,0.3569053725974958,
TMHINT-QI,common_alpha_10,466,0.3805930715958318,
TMHINT-QI,common_alpha_10,467,0.3514335015529257,
TMHINT-QI,common_alpha_10,468,0.356359215567511,
TMHINT-QI,common_alpha_10,469,0.3405070555853582,
TMHINT-QI,common_alpha_10,470,0.354072500827685,
TMHINT-QI,common_alpha_10,471,0.3399920685341965,
TMHINT-QI,common_alpha_10,472,0.3651828535938539,
TMHINT-QI,common_alpha_10,473,0.3432739445314959,
TMHINT-QI,common_alpha_10,474,0.3572772570591661,
TMHINT-QI,common_alpha_10,475,0.3407036210080567,
TMHINT-QI,common_alpha_10,476,0.3448007884059444,
TMHINT-QI,common_alpha_10,477,0.3343981054701716,
TMHINT-QI,common_alpha_10,478,0.3436955704474407,
TMHINT-QI,common_alpha_10,479,0.3341060649463865,
TMHINT-QI,common_alpha_10,480,0.3860083431321311,
TMHINT-QI,common_alpha_10,481,0.3550226078724258,
TMHINT-QI,common_alpha_10,482,0.3741302418516963,
TMHINT-QI,common_alpha_10,483,0.3506308544029476,
TMHINT-QI,common_alpha_10,484,0.3538357878432108,
TMHINT-QI,common_alpha_10,485,0.3404886177840713,
TMHINT-QI,common_alpha_10,486,0.3523692686274086,
TMHINT-QI,common_alpha_10,487,0.3399181108621368,
TMHINT-QI,common_alpha_10,488,0.3607293906349941,
TMHINT-QI,common_alpha_10,489,0.3427964380275424,
TMHINT-QI,common_alpha_10,490,0.3554547001258064,
TMHINT-QI,common_alpha_10,491,0.3405611041153154,
TMHINT-QI,common_alpha_10,492,0.3439506520940329,
TMHINT-QI,common_alpha_10,493,0.3344145204539226,
TMHINT-QI,common_alpha_10,494,0.3431868388401652,
TMHINT-QI,common_alpha_10,495,0.3341073088815604,
TMHINT-QI,common_alpha_10,496,0.386008343132131,
TMHINT-QI,common_alpha_10,497,0.3550226099013158,
TMHINT-QI,common_alpha_10,498,0.3741302400190222,
TMHINT-QI,common_alpha_10,499,0.3506308541467288,
TMHINT-QI,common_alpha_10,500,0.3538357883766363,
TMHINT-QI,common_alpha_10,501,0.340488623354595,
TMHINT-QI,common_alpha_10,502,0.3523692727192263,
TMHINT-QI,common_alpha_10,503,0.3399181036934794,
TMHINT-QI,common_alpha_10,504,0.3607293838402972,
TMHINT-QI,common_alpha_10,505,0.3427964380059622,
TMHINT-QI,common_alpha_10,506,0.3554547001772513,
TMHINT-QI,common_alpha_10,507,0.3405611066851617,
TMHINT-QI,common_alpha_10,508,0.3439506507355919,
TMHINT-QI,common_alpha_10,509,0.3344145306909736,
TMHINT-QI,common_alpha_10,510,0.3431868270747704,
TMHINT-QI,common_alpha_10,511,0.3341073082739167,
TMHINT-QI,common_alpha_10,512,0.5086081227220033,
TMHINT-QI,common_alpha_10,513,0.3816682519603373,
TMHINT-QI,common_alpha_10,514,0.4275726790843964,
TMHINT-QI,common_alpha_10,515,0.3662674142209337,
TMHINT-QI,common_alpha_10,516,0.3758651443594842,
TMHINT-QI,common_alpha_10,517,0.3478658285643931,
TMHINT-QI,common_alpha_10,518,0.3683173273752801,
TMHINT-QI,common_alpha_10,519,0.3451801620225733,
TMHINT-QI,common_alpha_10,520,0.3802399646912577,
TMHINT-QI,common_alpha_10,521,0.3490128508076844,
TMHINT-QI,common_alpha_10,522,0.3665576718135496,
TMHINT-QI,common_alpha_10,523,0.3439618099360184,
TMHINT-QI,common_alpha_10,524,0.3497007429098545,
TMHINT-QI,common_alpha_10,525,0.33586769915577,
TMHINT-QI,common_alpha_10,526,0.3469854858752786,
TMHINT-QI,common_alpha_10,527,0.3346514859560708,
TMHINT-QI,common_alpha_10,528,0.5086081227220033,
TMHINT-QI,common_alpha_10,529,0.3816682519603372,
TMHINT-QI,common_alpha_10,530,0.4275726790843964,
TMHINT-QI,common_alpha_10,531,0.3662674054248158,
TMHINT-QI,common_alpha_10,532,0.3758651443594842,
TMHINT-QI,common_alpha_10,533,0.3478658292776246,
TMHINT-QI,common_alpha_10,534,0.3683173218389762,
TMHINT-QI,common_alpha_10,535,0.3451801854124464,
TMHINT-QI,common_alpha_10,536,0.3802399646912577,
TMHINT-QI,common_alpha_10,537,0.3490128544459108,
TMHINT-QI,common_alpha_10,538,0.366557672822133,
TMHINT-QI,common_alpha_10,539,0.3439618107964839,
TMHINT-QI,common_alpha_10,540,0.3497007520926508,
TMHINT-QI,common_alpha_10,541,0.3358677079214486,
TMHINT-QI,common_alpha_10,542,0.3469854914654857,
TMHINT-QI,common_alpha_10,543,0.3346514787410636,
TMHINT-QI,common_alpha_10,544,0.4451122311217687,
TMHINT-QI,common_alpha_10,545,0.3742505806079713,
TMHINT-QI,common_alpha_10,546,0.4070963820348339,
TMHINT-QI,common_alpha_10,547,0.3627081999954251,
TMHINT-QI,common_alpha_10,548,0.3673627182838572,
TMHINT-QI,common_alpha_10,549,0.3459784535030452,
TMHINT-QI,common_alpha_10,550,0.3625963749252234,
TMHINT-QI,common_alpha_10,551,0.3438048243316864,
TMHINT-QI,common_alpha_10,552,0.3724570420373857,
TMHINT-QI,common_alpha_10,553,0.3475839975565023,
TMHINT-QI,common_alpha_10,554,0.3627405814338696,
TMHINT-QI,common_alpha_10,555,0.3432509525255778,
TMHINT-QI,common_alpha_10,556,0.3474015018759298,
TMHINT-QI,common_alpha_10,557,0.3353882855188048,
TMHINT-QI,common_alpha_10,558,0.3453906327051403,
TMHINT-QI,common_alpha_10,559,0.3343281312516354,
TMHINT-QI,common_alpha_10,560,0.4451122311217687,
TMHINT-QI,common_alpha_10,561,0.37425058246721,
TMHINT-QI,common_alpha_10,562,0.4070963689653288,
TMHINT-QI,common_alpha_10,563,0.3627081922998935,
TMHINT-QI,common_alpha_10,564,0.3673627177507601,
TMHINT-QI,common_alpha_10,565,0.3459784488629892,
TMHINT-QI,common_alpha_10,566,0.3625963787852703,
TMHINT-QI,common_alpha_10,567,0.3438048122727795,
TMHINT-QI,common_alpha_10,568,0.3724570397378466,
TMHINT-QI,common_alpha_10,569,0.3475839968237321,
TMHINT-QI,common_alpha_10,570,0.3627405760488254,
TMHINT-QI,common_alpha_10,571,0.3432509520828135,
TMHINT-QI,common_alpha_10,572,0.3474014988127485,
TMHINT-QI,common_alpha_10,573,0.3353882842628357,
TMHINT-QI,common_alpha_10,574,0.3453906447545259,
TMHINT-QI,common_alpha_10,575,0.3343281419403539,
TMHINT-QI,common_alpha_10,576,0.5086081227220033,
TMHINT-QI,common_alpha_10,577,0.3816682519603373,
TMHINT-QI,common_alpha_10,578,0.4275726790843964,
TMHINT-QI,common_alpha_10,579,0.3662674122225159,
TMHINT-QI,common_alpha_10,580,0.3758651443594841,
TMHINT-QI,common_alpha_10,581,0.3478658289173905,
TMHINT-QI,common_alpha_10,582,0.3683173222759203,
TMHINT-QI,common_alpha_10,583,0.3451801495778277,
TMHINT-QI,common_alpha_10,584,0.3802399646912577,
TMHINT-QI,common_alpha_10,585,0.3490128758064053,
TMHINT-QI,common_alpha_10,586,0.3665576695321709,
TMHINT-QI,common_alpha_10,587,0.3439618141666425,
TMHINT-QI,common_alpha_10,588,0.3497007459185703,
TMHINT-QI,common_alpha_10,589,0.3358677062227873,
TMHINT-QI,common_alpha_10,590,0.3469854909062539,
TMHINT-QI,common_alpha_10,591,0.3346514606983273,
TMHINT-QI,common_alpha_10,592,0.5086081227220033,
TMHINT-QI,common_alpha_10,593,0.3816682519603372,
TMHINT-QI,common_alpha_10,594,0.4275726790843964,
TMHINT-QI,common_alpha_10,595,0.3662674156866822,
TMHINT-QI,common_alpha_10,596,0.3758651443594842,
TMHINT-QI,common_alpha_10,597,0.3478658291883113,
TMHINT-QI,common_alpha_10,598,0.3683173235245819,
TMHINT-QI,common_alpha_10,599,0.3451801419724102,
TMHINT-QI,common_alpha_10,600,0.3802399646912577,
TMHINT-QI,common_alpha_10,601,0.3490128510295818,
TMHINT-QI,common_alpha_10,602,0.3665576708372561,
TMHINT-QI,common_alpha_10,603,0.3439618090795204,
TMHINT-QI,common_alpha_10,604,0.3497007431066975,
TMHINT-QI,common_alpha_10,605,0.3358676958865567,
TMHINT-QI,common_alpha_10,606,0.3469854796165657,
TMHINT-QI,common_alpha_10,607,0.3346514682932633,
TMHINT-QI,common_alpha_10,608,0.4451122311217688,
TMHINT-QI,common_alpha_10,609,0.3742505786620558,
TMHINT-QI,common_alpha_10,610,0.4070963703126716,
TMHINT-QI,common_alpha_10,611,0.3627081954687259,
TMHINT-QI,common_alpha_10,612,0.3673627111542513,
TMHINT-QI,common_alpha_10,613,0.3459784488451433,
TMHINT-QI,common_alpha_10,614,0.3625963785900236,
TMHINT-QI,common_alpha_10,615,0.3438048356182982,
TMHINT-QI,common_alpha_10,616,0.3724570396457752,
TMHINT-QI,common_alpha_10,617,0.3475839965775478,
TMHINT-QI,common_alpha_10,618,0.3627405791677695,
TMHINT-QI,common_alpha_10,619,0.3432509521210657,
TMHINT-QI,common_alpha_10,620,0.3474015023417672,
TMHINT-QI,common_alpha_10,621,0.3353882840494828,
TMHINT-QI,common_alpha_10,622,0.345390649126606,
TMHINT-QI,common_alpha_10,623,0.3343281413957916,
TMHINT-QI,common_alpha_10,624,0.4451122311217687,
TMHINT-QI,common_alpha_10,625,0.3742505809255336,
TMHINT-QI,common_alpha_10,626,0.4070963726855144,
TMHINT-QI,common_alpha_10,627,0.3627082243262017,
TMHINT-QI,common_alpha_10,628,0.3673627182994985,
TMHINT-QI,common_alpha_10,629,0.3459784548057467,
TMHINT-QI,common_alpha_10,630,0.3625963769799289,
TMHINT-QI,common_alpha_10,631,0.3438047986076278,
TMHINT-QI,common_alpha_10,632,0.3724570407588558,
TMHINT-QI,common_alpha_10,633,0.3475839965662001,
TMHINT-QI,common_alpha_10,634,0.3627405813653495,
TMHINT-QI,common_alpha_10,635,0.3432509543540508,
TMHINT-QI,common_alpha_10,636,0.3474015023543992,
TMHINT-QI,common_alpha_10,637,0.3353882865848833,
TMHINT-QI,common_alpha_10,638,0.3453906466439493,
TMHINT-QI,common_alpha_10,639,0.3343281425379244,
TMHINT-QI,common_alpha_10,640,0.5086081227220033,
TMHINT-QI,common_alpha_10,641,0.3816682519603372,
TMHINT-QI,common_alpha_10,642,0.4275726790843964,
TMHINT-QI,common_alpha_10,643,0.366267416142395,
TMHINT-QI,common_alpha_10,644,0.3758651443594842,
TMHINT-QI,common_alpha_10,645,0.3478658289563036,
TMHINT-QI,common_alpha_10,646,0.3683173273873033,
TMHINT-QI,common_alpha_10,647,0.3451801452143789,
TMHINT-QI,common_alpha_10,648,0.3802399646912577,
TMHINT-QI,common_alpha_10,649,0.3490128507529699,
TMHINT-QI,common_alpha_10,650,0.366557673214581,
TMHINT-QI,common_alpha_10,651,0.3439618096784594,
TMHINT-QI,common_alpha_10,652,0.349700743003026,
TMHINT-QI,common_alpha_10,653,0.3358677011211428,
TMHINT-QI,common_alpha_10,654,0.3469854762149416,
TMHINT-QI,common_alpha_10,655,0.3346514785094885,
TMHINT-QI,common_alpha_10,656,0.5086081227220033,
TMHINT-QI,common_alpha_10,657,0.3816682519603372,
TMHINT-QI,common_alpha_10,658,0.4275726790843964,
TMHINT-QI,common_alpha_10,659,0.3662674119991143,
TMHINT-QI,common_alpha_10,660,0.3758651443594842,
TMHINT-QI,common_alpha_10,661,0.3478658287562023,
TMHINT-QI,common_alpha_10,662,0.3683173187129261,
TMHINT-QI,common_alpha_10,663,0.3451801435464826,
TMHINT-QI,common_alpha_10,664,0.3802399646912577,
TMHINT-QI,common_alpha_10,665,0.3490128540595605,
TMHINT-QI,common_alpha_10,666,0.3665576732348453,
TMHINT-QI,common_alpha_10,667,0.3439618104202356,
TMHINT-QI,common_alpha_10,668,0.3497007431301482,
TMHINT-QI,common_alpha_10,669,0.3358676959020686,
TMHINT-QI,common_alpha_10,670,0.3469854840674253,
TMHINT-QI,common_alpha_10,671,0.3346514687989887,
TMHINT-QI,common_alpha_10,672,0.4451122311217687,
TMHINT-QI,common_alpha_10,673,0.3742505504848492,
TMHINT-QI,common_alpha_10,674,0.4070963795801222,
TMHINT-QI,common_alpha_10,675,0.3627081968670058,
TMHINT-QI,common_alpha_10,676,0.367362718224132,
TMHINT-QI,common_alpha_10,677,0.3459784497467932,
TMHINT-QI,common_alpha_10,678,0.3625963680795209,
TMHINT-QI,common_alpha_10,679,0.343804825880916,
TMHINT-QI,common_alpha_10,680,0.3724570414923635,
TMHINT-QI,common_alpha_10,681,0.3475839967164889,
TMHINT-QI,common_alpha_10,682,0.3627405734992989,
TMHINT-QI,common_alpha_10,683,0.34325095061362,
TMHINT-QI,common_alpha_10,684,0.34740150200527,
TMHINT-QI,common_alpha_10,685,0.3353882857374982,
TMHINT-QI,common_alpha_10,686,0.345390644903177,
TMHINT-QI,common_alpha_10,687,0.3343281421279303,
TMHINT-QI,common_alpha_10,688,0.4451122311217687,
TMHINT-QI,common_alpha_10,689,0.3742505809538759,
TMHINT-QI,common_alpha_10,690,0.407096373037847,
TMHINT-QI,common_alpha_10,691,0.3627082016698852,
TMHINT-QI,common_alpha_10,692,0.3673627182927927,
TMHINT-QI,common_alpha_10,693,0.345978449073798,
TMHINT-QI,common_alpha_10,694,0.3625963896230305,
TMHINT-QI,common_alpha_10,695,0.3438048271620058,
TMHINT-QI,common_alpha_10,696,0.3724570406324439,
TMHINT-QI,common_alpha_10,697,0.3475839974618019,
TMHINT-QI,common_alpha_10,698,0.3627405678446919,
TMHINT-QI,common_alpha_10,699,0.3432509540636132,
TMHINT-QI,common_alpha_10,700,0.3474015022592568,
TMHINT-QI,common_alpha_10,701,0.335388286323526,
TMHINT-QI,common_alpha_10,702,0.3453906558480963,
TMHINT-QI,common_alpha_10,703,0.3343281438456343,
TMHINT-QI,common_alpha_10,704,0.5086081227220033,
TMHINT-QI,common_alpha_10,705,0.3816682519603371,
TMHINT-QI,common_alpha_10,706,0.4275726790843964,
TMHINT-QI,common_alpha_10,707,0.3662674094482588,
TMHINT-QI,common_alpha_10,708,0.3758651443594842,
TMHINT-QI,common_alpha_10,709,0.3478658286349009,
TMHINT-QI,common_alpha_10,710,0.3683173119068589,
TMHINT-QI,common_alpha_10,711,0.3451801540244118,
TMHINT-QI,common_alpha_10,712,0.3802399646912577,
TMHINT-QI,common_alpha_10,713,0.3490128563738842,
TMHINT-QI,common_alpha_10,714,0.3665576732443628,
TMHINT-QI,common_alpha_10,715,0.343961810129015,
TMHINT-QI,common_alpha_10,716,0.349700743073092,
TMHINT-QI,common_alpha_10,717,0.335867695821188,
TMHINT-QI,common_alpha_10,718,0.3469854841769269,
TMHINT-QI,common_alpha_10,719,0.3346514676794867,
TMHINT-QI,common_alpha_10,720,0.5086081227220033,
TMHINT-QI,common_alpha_10,721,0.3816682519603372,
TMHINT-QI,common_alpha_10,722,0.4275726790843964,
TMHINT-QI,common_alpha_10,723,0.366267420956171,
TMHINT-QI,common_alpha_10,724,0.3758651443594842,
TMHINT-QI,common_alpha_10,725,0.3478658279200297,
TMHINT-QI,common_alpha_10,726,0.3683173269848841,
TMHINT-QI,common_alpha_10,727,0.3451801386964768,
TMHINT-QI,common_alpha_10,728,0.3802399646912577,
TMHINT-QI,common_alpha_10,729,0.3490128670666221,
TMHINT-QI,common_alpha_10,730,0.3665576732454897,
TMHINT-QI,common_alpha_10,731,0.3439618076937589,
TMHINT-QI,common_alpha_10,732,0.3497007437963004,
TMHINT-QI,common_alpha_10,733,0.33586769759226,
TMHINT-QI,common_alpha_10,734,0.346985483794627,
TMHINT-QI,common_alpha_10,735,0.3346514633264013,
TMHINT-QI,common_alpha_10,736,0.4451122311217687,
TMHINT-QI,common_alpha_10,737,0.3742505809288408,
TMHINT-QI,common_alpha_10,738,0.4070963754034009,
TMHINT-QI,common_alpha_10,739,0.3627081994526792,
TMHINT-QI,common_alpha_10,740,0.3673627182657709,
TMHINT-QI,common_alpha_10,741,0.3459784489106158,
TMHINT-QI,common_alpha_10,742,0.3625963664187459,
TMHINT-QI,common_alpha_10,743,0.3438048262115545,
TMHINT-QI,common_alpha_10,744,0.3724570409189155,
TMHINT-QI,common_alpha_10,745,0.3475839974258151,
TMHINT-QI,common_alpha_10,746,0.3627405780202333,
TMHINT-QI,common_alpha_10,747,0.3432509539471788,
TMHINT-QI,common_alpha_10,748,0.3474015020367428,
TMHINT-QI,common_alpha_10,749,0.3353882865521658,
TMHINT-QI,common_alpha_10,750,0.3453906842260157,
TMHINT-QI,common_alpha_10,751,0.3343281436982674,
TMHINT-QI,common_alpha_10,752,0.4451122311217687,
TMHINT-QI,common_alpha_10,753,0.3742505812694669,
TMHINT-QI,common_alpha_10,754,0.4070963714628217,
TMHINT-QI,common_alpha_10,755,0.3627082202863427,
TMHINT-QI,common_alpha_10,756,0.3673627182974731,
TMHINT-QI,common_alpha_10,757,0.3459784503761003,
TMHINT-QI,common_alpha_10,758,0.3625963750575212,
TMHINT-QI,common_alpha_10,759,0.3438048300725042,
TMHINT-QI,common_alpha_10,760,0.3724570405174252,
TMHINT-QI,common_alpha_10,761,0.3475839942209635,
TMHINT-QI,common_alpha_10,762,0.3627405667895871,
TMHINT-QI,common_alpha_10,763,0.3432509558424351,
TMHINT-QI,common_alpha_10,764,0.3474015009615808,
TMHINT-QI,common_alpha_10,765,0.3353882869825991,
TMHINT-QI,common_alpha_10,766,0.3453906464711493,
TMHINT-QI,common_alpha_10,767,0.334328150968705,
TMHINT-QI,common_alpha_10,768,0.3912646969045081,
TMHINT-QI,common_alpha_10,769,0.3557094185342075,
TMHINT-QI,common_alpha_10,770,0.3781668702853645,
TMHINT-QI,common_alpha_10,771,0.3513403606858418,
TMHINT-QI,common_alpha_10,772,0.355889921983133,
TMHINT-QI,common_alpha_10,773,0.3407577197886026,
TMHINT-QI,common_alpha_10,774,0.3540139729532043,
TMHINT-QI,common_alpha_10,775,0.3400829833972187,
TMHINT-QI,common_alpha_10,776,0.3631359560413331,
TMHINT-QI,common_alpha_10,777,0.3431596060704788,
TMHINT-QI,common_alpha_10,778,0.3570397195180806,
TMHINT-QI,common_alpha_10,779,0.3407035983374041,
TMHINT-QI,common_alpha_10,780,0.3447934464732486,
TMHINT-QI,common_alpha_10,781,0.3343981005721053,
TMHINT-QI,common_alpha_10,782,0.3436955767446816,
TMHINT-QI,common_alpha_10,783,0.334106118534703,
TMHINT-QI,common_alpha_10,784,0.3912646969045081,
TMHINT-QI,common_alpha_10,785,0.3557094246177071,
TMHINT-QI,common_alpha_10,786,0.3781668694293416,
TMHINT-QI,common_alpha_10,787,0.3513403464761704,
TMHINT-QI,common_alpha_10,788,0.3558899230796208,
TMHINT-QI,common_alpha_10,789,0.3407577172793682,
TMHINT-QI,common_alpha_10,790,0.3540139742616842,
TMHINT-QI,common_alpha_10,791,0.3400829884649458,
TMHINT-QI,common_alpha_10,792,0.3631359703513963,
TMHINT-QI,common_alpha_10,793,0.3431596063201383,
TMHINT-QI,common_alpha_10,794,0.3570397177628685,
TMHINT-QI,common_alpha_10,795,0.3407036005402498,
TMHINT-QI,common_alpha_10,796,0.3447934446508315,
TMHINT-QI,common_alpha_10,797,0.3343980818217504,
TMHINT-QI,common_alpha_10,798,0.3436955753410329,
TMHINT-QI,common_alpha_10,799,0.3341060978767868,
TMHINT-QI,common_alpha_10,800,0.3832391267527987,
TMHINT-QI,common_alpha_10,801,0.3544890018061602,
TMHINT-QI,common_alpha_10,802,0.3737275811833307,
TMHINT-QI,common_alpha_10,803,0.3506152326182549,
TMHINT-QI,common_alpha_10,804,0.3538008593612846,
TMHINT-QI,common_alpha_10,805,0.3405027108171464,
TMHINT-QI,common_alpha_10,806,0.352369277494547,
TMHINT-QI,common_alpha_10,807,0.3399181139309809,
TMHINT-QI,common_alpha_10,808,0.3603532316162232,
TMHINT-QI,common_alpha_10,809,0.3427766974093402,
TMHINT-QI,common_alpha_10,810,0.3554547070398889,
TMHINT-QI,common_alpha_10,811,0.3405611093908966,
TMHINT-QI,common_alpha_10,812,0.3439506439019776,
TMHINT-QI,common_alpha_10,813,0.3344145254814517,
TMHINT-QI,common_alpha_10,814,0.3431868402685903,
TMHINT-QI,common_alpha_10,815,0.3341073428971458,
TMHINT-QI,common_alpha_10,816,0.3832391267963294,
TMHINT-QI,common_alpha_10,817,0.3544890000329796,
TMHINT-QI,common_alpha_10,818,0.3737275794858448,
TMHINT-QI,common_alpha_10,819,0.3506152344377133,
TMHINT-QI,common_alpha_10,820,0.353800858947008,
TMHINT-QI,common_alpha_10,821,0.3405027088370826,
TMHINT-QI,common_alpha_10,822,0.3523692720481693,
TMHINT-QI,common_alpha_10,823,0.3399181160238768,
TMHINT-QI,common_alpha_10,824,0.3603532270323579,
TMHINT-QI,common_alpha_10,825,0.3427767029693818,
TMHINT-QI,common_alpha_10,826,0.3554547074524546,
TMHINT-QI,common_alpha_10,827,0.3405611144199237,
TMHINT-QI,common_alpha_10,828,0.343950651829044,
TMHINT-QI,common_alpha_10,829,0.3344145548683889,
TMHINT-QI,common_alpha_10,830,0.34318684202388,
TMHINT-QI,common_alpha_10,831,0.3341073248926285,
TMHINT-QI,common_alpha_10,832,0.391264696904508,
TMHINT-QI,common_alpha_10,833,0.3557094200427964,
TMHINT-QI,common_alpha_10,834,0.3781668697725858,
TMHINT-QI,common_alpha_10,835,0.3513403628653334,
TMHINT-QI,common_alpha_10,836,0.3558899521026274,
TMHINT-QI,common_alpha_10,837,0.3407577172983291,
TMHINT-QI,common_alpha_10,838,0.3540139749615318,
TMHINT-QI,common_alpha_10,839,0.3400829881858015,
TMHINT-QI,common_alpha_10,840,0.3631359650161406,
TMHINT-QI,common_alpha_10,841,0.3431596063707471,
TMHINT-QI,common_alpha_10,842,0.35703971412679,
TMHINT-QI,common_alpha_10,843,0.3407036049972967,
TMHINT-QI,common_alpha_10,844,0.3447934444658661,
TMHINT-QI,common_alpha_10,845,0.334398077791511,
TMHINT-QI,common_alpha_10,846,0.3436955745477564,
TMHINT-QI,common_alpha_10,847,0.3341060978713151,
TMHINT-QI,common_alpha_10,848,0.3912646969045081,
TMHINT-QI,common_alpha_10,849,0.3557094198617843,
TMHINT-QI,common_alpha_10,850,0.3781668701113451,
TMHINT-QI,common_alpha_10,851,0.3513403577180387,
TMHINT-QI,common_alpha_10,852,0.3558899268641915,
TMHINT-QI,common_alpha_10,853,0.3407577176880713,
TMHINT-QI,common_alpha_10,854,0.3540139781304789,
TMHINT-QI,common_alpha_10,855,0.3400829732113669,
TMHINT-QI,common_alpha_10,856,0.3631359567472811,
TMHINT-QI,common_alpha_10,857,0.3431596067882149,
TMHINT-QI,common_alpha_10,858,0.3570397162764714,
TMHINT-QI,common_alpha_10,859,0.3407036005503204,
TMHINT-QI,common_alpha_10,860,0.3447934469046102,
TMHINT-QI,common_alpha_10,861,0.3343980968958216,
TMHINT-QI,common_alpha_10,862,0.3436955647485566,
TMHINT-QI,common_alpha_10,863,0.3341060960021295,
TMHINT-QI,common_alpha_10,864,0.383239125340307,
TMHINT-QI,common_alpha_10,865,0.3544889995751741,
TMHINT-QI,common_alpha_10,866,0.3737275798874739,
TMHINT-QI,common_alpha_10,867,0.35061523447743,
TMHINT-QI,common_alpha_10,868,0.3538008594609442,
TMHINT-QI,common_alpha_10,869,0.3405027091690955,
TMHINT-QI,common_alpha_10,870,0.3523692749092379,
TMHINT-QI,common_alpha_10,871,0.3399181126938508,
TMHINT-QI,common_alpha_10,872,0.3603532304591034,
TMHINT-QI,common_alpha_10,873,0.3427767031922699,
TMHINT-QI,common_alpha_10,874,0.3554547159146117,
TMHINT-QI,common_alpha_10,875,0.3405611101749812,
TMHINT-QI,common_alpha_10,876,0.3439506470203074,
TMHINT-QI,common_alpha_10,877,0.3344145477156009,
TMHINT-QI,common_alpha_10,878,0.3431868408966286,
TMHINT-QI,common_alpha_10,879,0.3341072999369965,
TMHINT-QI,common_alpha_10,880,0.3832391268423952,
TMHINT-QI,common_alpha_10,881,0.3544890012927852,
TMHINT-QI,common_alpha_10,882,0.37372757907024,
TMHINT-QI,common_alpha_10,883,0.350615237888506,
TMHINT-QI,common_alpha_10,884,0.3538008795997832,
TMHINT-QI,common_alpha_10,885,0.3405027134015953,
TMHINT-QI,common_alpha_10,886,0.3523692807016408,
TMHINT-QI,common_alpha_10,887,0.3399181156278886,
TMHINT-QI,common_alpha_10,888,0.3603532304994168,
TMHINT-QI,common_alpha_10,889,0.3427767037176115,
TMHINT-QI,common_alpha_10,890,0.3554547080890233,
TMHINT-QI,common_alpha_10,891,0.3405611234584801,
TMHINT-QI,common_alpha_10,892,0.3439506558805152,
TMHINT-QI,common_alpha_10,893,0.3344145386786876,
TMHINT-QI,common_alpha_10,894,0.3431868349692247,
TMHINT-QI,common_alpha_10,895,0.3341072889949216,
TMHINT-QI,common_alpha_10,896,0.391264696904508,
TMHINT-QI,common_alpha_10,897,0.355709417824874,
TMHINT-QI,common_alpha_10,898,0.378166870891493,
TMHINT-QI,common_alpha_10,899,0.3513403639794206,
TMHINT-QI,common_alpha_10,900,0.3558899235011908,
TMHINT-QI,common_alpha_10,901,0.3407577273505551,
TMHINT-QI,common_alpha_10,902,0.3540139808803152,
TMHINT-QI,common_alpha_10,903,0.3400829903322525,
TMHINT-QI,common_alpha_10,904,0.3631359568000712,
TMHINT-QI,common_alpha_10,905,0.3431596066995466,
TMHINT-QI,common_alpha_10,906,0.3570397163049083,
TMHINT-QI,common_alpha_10,907,0.3407036023862076,
TMHINT-QI,common_alpha_10,908,0.3447934434824541,
TMHINT-QI,common_alpha_10,909,0.3343980810210515,
TMHINT-QI,common_alpha_10,910,0.3436955748595022,
TMHINT-QI,common_alpha_10,911,0.3341061060484547,
TMHINT-QI,common_alpha_10,912,0.3912646969045081,
TMHINT-QI,common_alpha_10,913,0.3557094329575037,
TMHINT-QI,common_alpha_10,914,0.37816687029766,
TMHINT-QI,common_alpha_10,915,0.351340359097363,
TMHINT-QI,common_alpha_10,916,0.3558899287069867,
TMHINT-QI,common_alpha_10,917,0.3407577181951662,
TMHINT-QI,common_alpha_10,918,0.3540139787546224,
TMHINT-QI,common_alpha_10,919,0.3400829715218819,
TMHINT-QI,common_alpha_10,920,0.3631359572792397,
TMHINT-QI,common_alpha_10,921,0.343159607224772,
TMHINT-QI,common_alpha_10,922,0.3570397230651501,
TMHINT-QI,common_alpha_10,923,0.3407035985373097,
TMHINT-QI,common_alpha_10,924,0.3447934474529135,
TMHINT-QI,common_alpha_10,925,0.334398097499841,
TMHINT-QI,common_alpha_10,926,0.3436955615670454,
TMHINT-QI,common_alpha_10,927,0.334106139098622,
TMHINT-QI,common_alpha_10,928,0.3832391280347016,
TMHINT-QI,common_alpha_10,929,0.354488999870684,
TMHINT-QI,common_alpha_10,930,0.3737275779357025,
TMHINT-QI,common_alpha_10,931,0.3506152353314308,
TMHINT-QI,common_alpha_10,932,0.3538008600393902,
TMHINT-QI,common_alpha_10,933,0.3405027123477987,
TMHINT-QI,common_alpha_10,934,0.352369272702014,
TMHINT-QI,common_alpha_10,935,0.3399181167079692,
TMHINT-QI,common_alpha_10,936,0.3603532308983597,
TMHINT-QI,common_alpha_10,937,0.3427767033067297,
TMHINT-QI,common_alpha_10,938,0.3554547185688792,
TMHINT-QI,common_alpha_10,939,0.3405611136654479,
TMHINT-QI,common_alpha_10,940,0.3439506446609693,
TMHINT-QI,common_alpha_10,941,0.3344145507735859,
TMHINT-QI,common_alpha_10,942,0.3431868417674396,
TMHINT-QI,common_alpha_10,943,0.3341072917010864,
TMHINT-QI,common_alpha_10,944,0.3832391270426949,
TMHINT-QI,common_alpha_10,945,0.3544889995630982,
TMHINT-QI,common_alpha_10,946,0.3737275610572962,
TMHINT-QI,common_alpha_10,947,0.3506152388101018,
TMHINT-QI,common_alpha_10,948,0.3538008602703835,
TMHINT-QI,common_alpha_10,949,0.3405027132207147,
TMHINT-QI,common_alpha_10,950,0.3523692831105663,
TMHINT-QI,common_alpha_10,951,0.3399181142354512,
TMHINT-QI,common_alpha_10,952,0.3603532306694166,
TMHINT-QI,common_alpha_10,953,0.3427767042858909,
TMHINT-QI,common_alpha_10,954,0.3554547013570719,
TMHINT-QI,common_alpha_10,955,0.3405611247181986,
TMHINT-QI,common_alpha_10,956,0.3439506520580218,
TMHINT-QI,common_alpha_10,957,0.3344145380129909,
TMHINT-QI,common_alpha_10,958,0.3431868371784979,
TMHINT-QI,common_alpha_10,959,0.3341072911976074,
TMHINT-QI,common_alpha_10,960,0.3912646969045081,
TMHINT-QI,common_alpha_10,961,0.3557094409844681,
TMHINT-QI,common_alpha_10,962,0.3781668703168929,
TMHINT-QI,common_alpha_10,963,0.3513403589243529,
TMHINT-QI,common_alpha_10,964,0.3558899279153707,
TMHINT-QI,common_alpha_10,965,0.3407577182115314,
TMHINT-QI,common_alpha_10,966,0.3540139805117654,
TMHINT-QI,common_alpha_10,967,0.340082971133865,
TMHINT-QI,common_alpha_10,968,0.3631359577457261,
TMHINT-QI,common_alpha_10,969,0.3431596073035348,
TMHINT-QI,common_alpha_10,970,0.3570397179548479,
TMHINT-QI,common_alpha_10,971,0.3407036034297376,
TMHINT-QI,common_alpha_10,972,0.344793446181782,
TMHINT-QI,common_alpha_10,973,0.3343980973950997,
TMHINT-QI,common_alpha_10,974,0.3436955653813331,
TMHINT-QI,common_alpha_10,975,0.3341060977745722,
TMHINT-QI,common_alpha_10,976,0.3912646969045081,
TMHINT-QI,common_alpha_10,977,0.3557094305949356,
TMHINT-QI,common_alpha_10,978,0.3781668701641045,
TMHINT-QI,common_alpha_10,979,0.3513403563384255,
TMHINT-QI,common_alpha_10,980,0.3558899220439281,
TMHINT-QI,common_alpha_10,981,0.3407577224544922,
TMHINT-QI,common_alpha_10,982,0.3540139837994875,
TMHINT-QI,common_alpha_10,983,0.3400829381369701,
TMHINT-QI,common_alpha_10,984,0.3631359594524019,
TMHINT-QI,common_alpha_10,985,0.3431596059946938,
TMHINT-QI,common_alpha_10,986,0.3570397251648624,
TMHINT-QI,common_alpha_10,987,0.3407036138180569,
TMHINT-QI,common_alpha_10,988,0.3447934462640683,
TMHINT-QI,common_alpha_10,989,0.334398067812137,
TMHINT-QI,common_alpha_10,990,0.3436955515372462,
TMHINT-QI,common_alpha_10,991,0.334106101027069,
TMHINT-QI,common_alpha_10,992,0.3832391273430299,
TMHINT-QI,common_alpha_10,993,0.3544889988984838,
TMHINT-QI,common_alpha_10,994,0.3737275631999744,
TMHINT-QI,common_alpha_10,995,0.3506152390777617,
TMHINT-QI,common_alpha_10,996,0.3538008610406546,
TMHINT-QI,common_alpha_10,997,0.3405027138170449,
TMHINT-QI,common_alpha_10,998,0.3523692780969436,
TMHINT-QI,common_alpha_10,999,0.3399181174886153,
TMHINT-QI,common_alpha_10,1000,0.3603532309439302,
TMHINT-QI,common_alpha_10,1001,0.3427767045506907,
TMHINT-QI,common_alpha_10,1002,0.3554547003946904,
TMHINT-QI,common_alpha_10,1003,0.3405611229730511,
TMHINT-QI,common_alpha_10,1004,0.3439506520147037,
TMHINT-QI,common_alpha_10,1005,0.334414537227924,
TMHINT-QI,common_alpha_10,1006,0.3431868352913209,
TMHINT-QI,common_alpha_10,1007,0.334107289759494,
TMHINT-QI,common_alpha_10,1008,0.3832391269751273,
TMHINT-QI,common_alpha_10,1009,0.354488998782455,
TMHINT-QI,common_alpha_10,1010,0.3737275723462688,
TMHINT-QI,common_alpha_10,1011,0.3506152340025953,
TMHINT-QI,common_alpha_10,1012,0.3538008683803021,
TMHINT-QI,common_alpha_10,1013,0.3405027103796601,
TMHINT-QI,common_alpha_10,1014,0.3523692747033306,
TMHINT-QI,common_alpha_10,1015,0.3399181119456158,
TMHINT-QI,common_alpha_10,1016,0.3603532313892075,
TMHINT-QI,common_alpha_10,1017,0.3427767040845582,
TMHINT-QI,common_alpha_10,1018,0.3554547016856681,
TMHINT-QI,common_alpha_10,1019,0.3405611201957448,
TMHINT-QI,common_alpha_10,1020,0.3439506504500744,
TMHINT-QI,common_alpha_10,1021,0.3344145380350355,
TMHINT-QI,common_alpha_10,1022,0.3431868057255269,
TMHINT-QI,common_alpha_10,1023,0.3341072862528421,
TMHINT-QI,common_alpha_100,1,0.3867337239098297,
TMHINT-QI,common_alpha_100,2,0.4617498436306761,
TMHINT-QI,common_alpha_100,3,0.3606941795866661,
TMHINT-QI,common_alpha_100,4,0.3741619501723456,
TMHINT-QI,common_alpha_100,5,0.3426909158278222,
TMHINT-QI,common_alpha_100,6,0.3652296502182478,
TMHINT-QI,common_alpha_100,7,0.3402976487470575,
TMHINT-QI,common_alpha_100,8,0.3811165137440688,
TMHINT-QI,common_alpha_100,9,0.3429353920505049,
TMHINT-QI,common_alpha_100,10,0.3627824964778701,
TMHINT-QI,common_alpha_100,11,0.3385370483963608,
TMHINT-QI,common_alpha_100,12,0.3450941955916605,
TMHINT-QI,common_alpha_100,13,0.3314288394517116,
TMHINT-QI,common_alpha_100,14,0.3432641506683418,
TMHINT-QI,common_alpha_100,15,0.330868219726247,
TMHINT-QI,common_alpha_100,16,0.8387802075157609,
TMHINT-QI,common_alpha_100,17,0.3861738818840216,
TMHINT-QI,common_alpha_100,18,0.4539539264996196,
TMHINT-QI,common_alpha_100,19,0.3607014300265596,
TMHINT-QI,common_alpha_100,20,0.3732022969610571,
TMHINT-QI,common_alpha_100,21,0.3426909158278223,
TMHINT-QI,common_alpha_100,22,0.3652296502182478,
TMHINT-QI,common_alpha_100,23,0.3402976497982674,
TMHINT-QI,common_alpha_100,24,0.3801936191321607,
TMHINT-QI,common_alpha_100,25,0.3429353920505048,
TMHINT-QI,common_alpha_100,26,0.3627824964778702,
TMHINT-QI,common_alpha_100,27,0.3385370486845786,
TMHINT-QI,common_alpha_100,28,0.3450941955916605,
TMHINT-QI,common_alpha_100,29,0.3314288394664985,
TMHINT-QI,common_alpha_100,30,0.3432641471682184,
TMHINT-QI,common_alpha_100,31,0.3308682189875134,
TMHINT-QI,common_alpha_100,32,0.4998938512455723,
TMHINT-QI,common_alpha_100,33,0.3731435518510897,
TMHINT-QI,common_alpha_100,34,0.4136292055584428,
TMHINT-QI,common_alpha_100,35,0.357540055449853,
TMHINT-QI,common_alpha_100,36,0.3645333502545658,
TMHINT-QI,common_alpha_100,37,0.3417045656140874,
TMHINT-QI,common_alpha_100,38,0.3600518244136045,
TMHINT-QI,common_alpha_100,39,0.3398916904555416,
TMHINT-QI,common_alpha_100,40,0.369562151583539,
TMHINT-QI,common_alpha_100,41,0.3420461757906791,
TMHINT-QI,common_alpha_100,42,0.3592125065083746,
TMHINT-QI,common_alpha_100,43,0.3383675433972474,
TMHINT-QI,common_alpha_100,44,0.3438507318638227,
TMHINT-QI,common_alpha_100,45,0.3314071843314176,
TMHINT-QI,common_alpha_100,46,0.3426014537530295,
TMHINT-QI,common_alpha_100,47,0.330869022362069,
TMHINT-QI,common_alpha_100,48,0.4998938512455723,
TMHINT-QI,common_alpha_100,49,0.3731435518510897,
TMHINT-QI,common_alpha_100,50,0.4136292055584427,
TMHINT-QI,common_alpha_100,51,0.357540054147735,
TMHINT-QI,common_alpha_100,52,0.3645333502545658,
TMHINT-QI,common_alpha_100,53,0.3417045838591354,
TMHINT-QI,common_alpha_100,54,0.360051817821844,
TMHINT-QI,common_alpha_100,55,0.3398916825792271,
TMHINT-QI,common_alpha_100,56,0.369562151583539,
TMHINT-QI,common_alpha_100,57,0.3420461784483468,
TMHINT-QI,common_alpha_100,58,0.3592124988994048,
TMHINT-QI,common_alpha_100,59,0.3383675528801277,
TMHINT-QI,common_alpha_100,60,0.3438507318639292,
TMHINT-QI,common_alpha_100,61,0.3314071785535286,
TMHINT-QI,common_alpha_100,62,0.3426014413593549,
TMHINT-QI,common_alpha_100,63,0.3308690254831635,
TMHINT-QI,common_alpha_100,64,0.9649846880391536,
TMHINT-QI,common_alpha_100,65,0.3904424682767766,
TMHINT-QI,common_alpha_100,66,0.4577300390773439,
TMHINT-QI,common_alpha_100,67,0.3607944816917591,
TMHINT-QI,common_alpha_100,68,0.373732098750583,
TMHINT-QI,common_alpha_100,69,0.3426909158278222,
TMHINT-QI,common_alpha_100,70,0.3652296502182478,
TMHINT-QI,common_alpha_100,71,0.3402976479445209,
TMHINT-QI,common_alpha_100,72,0.3796980036148403,
TMHINT-QI,common_alpha_100,73,0.3429353920505049,
TMHINT-QI,common_alpha_100,74,0.3627824964778702,
TMHINT-QI,common_alpha_100,75,0.3385370546284245,
TMHINT-QI,common_alpha_100,76,0.3450941955916605,
TMHINT-QI,common_alpha_100,77,0.3314288394460837,
TMHINT-QI,common_alpha_100,78,0.3432641488441702,
TMHINT-QI,common_alpha_100,79,0.3308682193187048,
TMHINT-QI,common_alpha_100,80,0.886067577249994,
TMHINT-QI,common_alpha_100,81,0.390442456088747,
TMHINT-QI,common_alpha_100,82,0.4539539285714899,
TMHINT-QI,common_alpha_100,83,0.3607944837698494,
TMHINT-QI,common_alpha_100,84,0.3733339324780368,
TMHINT-QI,common_alpha_100,85,0.3426908976449822,
TMHINT-QI,common_alpha_100,86,0.3652296502182478,
TMHINT-QI,common_alpha_100,87,0.3402976484135603,
TMHINT-QI,common_alpha_100,88,0.3796980036148403,
TMHINT-QI,common_alpha_100,89,0.3429353920505049,
TMHINT-QI,common_alpha_100,90,0.3627824964778702,
TMHINT-QI,common_alpha_100,91,0.3385370527256513,
TMHINT-QI,common_alpha_100,92,0.3450941955916605,
TMHINT-QI,common_alpha_100,93,0.3314288394464639,
TMHINT-QI,common_alpha_100,94,0.3432641502842868,
TMHINT-QI,common_alpha_100,95,0.3308682186290989,
TMHINT-QI,common_alpha_100,96,0.5002527050039424,
TMHINT-QI,common_alpha_100,97,0.3731435518510897,
TMHINT-QI,common_alpha_100,98,0.4136292055584428,
TMHINT-QI,common_alpha_100,99,0.3575400555495817,
TMHINT-QI,common_alpha_100,100,0.3645333502545658,
TMHINT-QI,common_alpha_100,101,0.3417045670115117,
TMHINT-QI,common_alpha_100,102,0.3600518235107955,
TMHINT-QI,common_alpha_100,103,0.3398916827947093,
TMHINT-QI,common_alpha_100,104,0.369562151583539,
TMHINT-QI,common_alpha_100,105,0.3420461760207682,
TMHINT-QI,common_alpha_100,106,0.3592124972079382,
TMHINT-QI,common_alpha_100,107,0.3383675522231835,
TMHINT-QI,common_alpha_100,108,0.3438507310178216,
TMHINT-QI,common_alpha_100,109,0.3314071791734796,
TMHINT-QI,common_alpha_100,110,0.3426014483310763,
TMHINT-QI,common_alpha_100,111,0.3308690133540512,
TMHINT-QI,common_alpha_100,112,0.5002527050039426,
TMHINT-QI,common_alpha_100,113,0.3731435518510897,
TMHINT-QI,common_alpha_100,114,0.4136292055584428,
TMHINT-QI,common_alpha_100,115,0.3575400550340262,
TMHINT-QI,common_alpha_100,116,0.3645333502545658,
TMHINT-QI,common_alpha_100,117,0.3417045735271473,
TMHINT-QI,common_alpha_100,118,0.3600518238419887,
TMHINT-QI,common_alpha_100,119,0.3398916823375328,
TMHINT-QI,common_alpha_100,120,0.369562151583539,
TMHINT-QI,common_alpha_100,121,0.3420461761306275,
TMHINT-QI,common_alpha_100,122,0.3592125026121912,
TMHINT-QI,common_alpha_100,123,0.3383675444979813,
TMHINT-QI,common_alpha_100,124,0.3438507318646037,
TMHINT-QI,common_alpha_100,125,0.3314071796554407,
TMHINT-QI,common_alpha_100,126,0.3426014454894646,
TMHINT-QI,common_alpha_100,127,0.3308690255326895,
TMHINT-QI,common_alpha_100,128,0.9565966815209844,
TMHINT-QI,common_alpha_100,129,0.3877251663817842,
TMHINT-QI,common_alpha_100,130,0.4564756925509403,
TMHINT-QI,common_alpha_100,131,0.360943330019663,
TMHINT-QI,common_alpha_100,132,0.3735368086135523,
TMHINT-QI,common_alpha_100,133,0.3426909158278223,
TMHINT-QI,common_alpha_100,134,0.3652296502182478,
TMHINT-QI,common_alpha_100,135,0.3402976494392044,
TMHINT-QI,common_alpha_100,136,0.3795001413532405,
TMHINT-QI,common_alpha_100,137,0.3429353920505049,
TMHINT-QI,common_alpha_100,138,0.3627824964778702,
TMHINT-QI,common_alpha_100,139,0.3385370522160975,
TMHINT-QI,common_alpha_100,140,0.3450941955916605,
TMHINT-QI,common_alpha_100,141,0.3314288394463608,
TMHINT-QI,common_alpha_100,142,0.3432641508394108,
TMHINT-QI,common_alpha_100,143,0.3308682194594345,
TMHINT-QI,common_alpha_100,144,0.8421131204169819,
TMHINT-QI,common_alpha_100,145,0.38728350354136,
TMHINT-QI,common_alpha_100,146,0.4543895356041875,
TMHINT-QI,common_alpha_100,147,0.3609433328356951,
TMHINT-QI,common_alpha_100,148,0.3733242112573825,
TMHINT-QI,common_alpha_100,149,0.3426909119944937,
TMHINT-QI,common_alpha_100,150,0.3652296502182478,
TMHINT-QI,common_alpha_100,151,0.3402976486502979,
TMHINT-QI,common_alpha_100,152,0.3795001413532405,
TMHINT-QI,common_alpha_100,153,0.3429353920505049,
TMHINT-QI,common_alpha_100,154,0.3627824964778702,
TMHINT-QI,common_alpha_100,155,0.338537052790035,
TMHINT-QI,common_alpha_100,156,0.3450941955916605,
TMHINT-QI,common_alpha_100,157,0.3314288394466,
TMHINT-QI,common_alpha_100,158,0.3432641503125002,
TMHINT-QI,common_alpha_100,159,0.3308682187078554,
TMHINT-QI,common_alpha_100,160,0.5003298375420635,
TMHINT-QI,common_alpha_100,161,0.3731435518510896,
TMHINT-QI,common_alpha_100,162,0.4136292055584429,
TMHINT-QI,common_alpha_100,163,0.357540055152759,
TMHINT-QI,common_alpha_100,164,0.3645333502545658,
TMHINT-QI,common_alpha_100,165,0.341704572873291,
TMHINT-QI,common_alpha_100,166,0.3600518238781293,
TMHINT-QI,common_alpha_100,167,0.3398916831159488,
TMHINT-QI,common_alpha_100,168,0.369562151583539,
TMHINT-QI,common_alpha_100,169,0.3420461760132968,
TMHINT-QI,common_alpha_100,170,0.3592125062415147,
TMHINT-QI,common_alpha_100,171,0.3383675445357486,
TMHINT-QI,common_alpha_100,172,0.3438507318669258,
TMHINT-QI,common_alpha_100,173,0.3314071793226558,
TMHINT-QI,common_alpha_100,174,0.342601444613914,
TMHINT-QI,common_alpha_100,175,0.3308690128233549,
TMHINT-QI,common_alpha_100,176,0.5003298375420634,
TMHINT-QI,common_alpha_100,177,0.3731435518510897,
TMHINT-QI,common_alpha_100,178,0.4136292055584428,
TMHINT-QI,common_alpha_100,179,0.3575400547878425,
TMHINT-QI,common_alpha_100,180,0.3645333502545658,
TMHINT-QI,common_alpha_100,181,0.3417045744044298,
TMHINT-QI,common_alpha_100,182,0.3600518238417581,
TMHINT-QI,common_alpha_100,183,0.339891682298758,
TMHINT-QI,common_alpha_100,184,0.369562151583539,
TMHINT-QI,common_alpha_100,185,0.342046176177379,
TMHINT-QI,common_alpha_100,186,0.3592125032532158,
TMHINT-QI,common_alpha_100,187,0.3383675446296574,
TMHINT-QI,common_alpha_100,188,0.3438507318647628,
TMHINT-QI,common_alpha_100,189,0.3314071797330148,
TMHINT-QI,common_alpha_100,190,0.3426014449086795,
TMHINT-QI,common_alpha_100,191,0.3308690256202133,
TMHINT-QI,common_alpha_100,192,0.9471629680262889,
TMHINT-QI,common_alpha_100,193,0.3903027675373446,
TMHINT-QI,common_alpha_100,194,0.456680048660363,
TMHINT-QI,common_alpha_100,195,0.3609433275516163,
TMHINT-QI,common_alpha_100,196,0.3735784903439668,
TMHINT-QI,common_alpha_100,197,0.3426909353538945,
TMHINT-QI,common_alpha_100,198,0.3652296502182478,
TMHINT-QI,common_alpha_100,199,0.340297648420615,
TMHINT-QI,common_alpha_100,200,0.3794675537628104,
TMHINT-QI,common_alpha_100,201,0.3429353920505049,
TMHINT-QI,common_alpha_100,202,0.3627824964778702,
TMHINT-QI,common_alpha_100,203,0.3385370528163139,
TMHINT-QI,common_alpha_100,204,0.3450941955916605,
TMHINT-QI,common_alpha_100,205,0.3314288394459896,
TMHINT-QI,common_alpha_100,206,0.3432641505348218,
TMHINT-QI,common_alpha_100,207,0.3308682189388547,
TMHINT-QI,common_alpha_100,208,0.8798932279574474,
TMHINT-QI,common_alpha_100,209,0.3903027746943083,
TMHINT-QI,common_alpha_100,210,0.454389529053181,
TMHINT-QI,common_alpha_100,211,0.3609433334218607,
TMHINT-QI,common_alpha_100,212,0.3733241965899636,
TMHINT-QI,common_alpha_100,213,0.3426909262169784,
TMHINT-QI,common_alpha_100,214,0.3652296502182478,
TMHINT-QI,common_alpha_100,215,0.3402976478479286,
TMHINT-QI,common_alpha_100,216,0.3794675562456051,
TMHINT-QI,common_alpha_100,217,0.3429353920505049,
TMHINT-QI,common_alpha_100,218,0.3627824964778702,
TMHINT-QI,common_alpha_100,219,0.3385370524744446,
TMHINT-QI,common_alpha_100,220,0.3450941955916605,
TMHINT-QI,common_alpha_100,221,0.3314288394460717,
TMHINT-QI,common_alpha_100,222,0.3432641502118099,
TMHINT-QI,common_alpha_100,223,0.3308682184301432,
TMHINT-QI,common_alpha_100,224,0.5003298375420634,
TMHINT-QI,common_alpha_100,225,0.3731435518510897,
TMHINT-QI,common_alpha_100,226,0.4136292055584428,
TMHINT-QI,common_alpha_100,227,0.3575400549872694,
TMHINT-QI,common_alpha_100,228,0.3645333502545658,
TMHINT-QI,common_alpha_100,229,0.3417045751146202,
TMHINT-QI,common_alpha_100,230,0.3600518238422863,
TMHINT-QI,common_alpha_100,231,0.3398916825630906,
TMHINT-QI,common_alpha_100,232,0.369562151583539,
TMHINT-QI,common_alpha_100,233,0.342046176205657,
TMHINT-QI,common_alpha_100,234,0.359212503544678,
TMHINT-QI,common_alpha_100,235,0.3383675449822803,
TMHINT-QI,common_alpha_100,236,0.3438507318687285,
TMHINT-QI,common_alpha_100,237,0.3314071788103412,
TMHINT-QI,common_alpha_100,238,0.3426014498475215,
TMHINT-QI,common_alpha_100,239,0.3308690256866036,
TMHINT-QI,common_alpha_100,240,0.5003298375420634,
TMHINT-QI,common_alpha_100,241,0.3731435518510897,
TMHINT-QI,common_alpha_100,242,0.4136292055584428,
TMHINT-QI,common_alpha_100,243,0.3575400544824749,
TMHINT-QI,common_alpha_100,244,0.3645333502545658,
TMHINT-QI,common_alpha_100,245,0.341704571118252,
TMHINT-QI,common_alpha_100,246,0.3600518238426788,
TMHINT-QI,common_alpha_100,247,0.3398916819654213,
TMHINT-QI,common_alpha_100,248,0.369562151583539,
TMHINT-QI,common_alpha_100,249,0.3420461762403852,
TMHINT-QI,common_alpha_100,250,0.3592125022688891,
TMHINT-QI,common_alpha_100,251,0.3383675445623956,
TMHINT-QI,common_alpha_100,252,0.3438507318660033,
TMHINT-QI,common_alpha_100,253,0.3314071791445501,
TMHINT-QI,common_alpha_100,254,0.3426014504829364,
TMHINT-QI,common_alpha_100,255,0.3308690283606844,
TMHINT-QI,common_alpha_100,256,0.3973780799577321,
TMHINT-QI,common_alpha_100,257,0.3504123060387535,
TMHINT-QI,common_alpha_100,258,0.3787833427133327,
TMHINT-QI,common_alpha_100,259,0.3465234335891863,
TMHINT-QI,common_alpha_100,260,0.3528859679285002,
TMHINT-QI,common_alpha_100,261,0.3364998712789167,
TMHINT-QI,common_alpha_100,262,0.3514346433658297,
TMHINT-QI,common_alpha_100,263,0.3361405595916023,
TMHINT-QI,common_alpha_100,264,0.3608410132262014,
TMHINT-QI,common_alpha_100,265,0.3384033824192927,
TMHINT-QI,common_alpha_100,266,0.3547054568112004,
TMHINT-QI,common_alpha_100,267,0.3367250907250831,
TMHINT-QI,common_alpha_100,268,0.3418896657846816,
TMHINT-QI,common_alpha_100,269,0.3308565292227545,
TMHINT-QI,common_alpha_100,270,0.3412717860383537,
TMHINT-QI,common_alpha_100,271,0.330714502743527,
TMHINT-QI,common_alpha_100,272,0.3967525303298056,
TMHINT-QI,common_alpha_100,273,0.3504123060387535,
TMHINT-QI,common_alpha_100,274,0.3787833427133327,
TMHINT-QI,common_alpha_100,275,0.3465234341481031,
TMHINT-QI,common_alpha_100,276,0.3528859679285003,
TMHINT-QI,common_alpha_100,277,0.3364998712475652,
TMHINT-QI,common_alpha_100,278,0.3514346276197864,
TMHINT-QI,common_alpha_100,279,0.3361405598408283,
TMHINT-QI,common_alpha_100,280,0.3608410132262014,
TMHINT-QI,common_alpha_100,281,0.3384034028579325,
TMHINT-QI,common_alpha_100,282,0.3547054474385953,
TMHINT-QI,common_alpha_100,283,0.3367251226125923,
TMHINT-QI,common_alpha_100,284,0.3418896673618193,
TMHINT-QI,common_alpha_100,285,0.3308565043628209,
TMHINT-QI,common_alpha_100,286,0.3412717856645297,
TMHINT-QI,common_alpha_100,287,0.3307145013785686,
TMHINT-QI,common_alpha_100,288,0.3842843559018681,
TMHINT-QI,common_alpha_100,289,0.3495575373308768,
TMHINT-QI,common_alpha_100,290,0.3736531387473759,
TMHINT-QI,common_alpha_100,291,0.3462320658237287,
TMHINT-QI,common_alpha_100,292,0.3513690162030966,
TMHINT-QI,common_alpha_100,293,0.3364899308517922,
TMHINT-QI,common_alpha_100,294,0.350432790000089,
TMHINT-QI,common_alpha_100,295,0.3361395132451594,
TMHINT-QI,common_alpha_100,296,0.3580230949817328,
TMHINT-QI,common_alpha_100,297,0.3383194748432708,
TMHINT-QI,common_alpha_100,298,0.3536947779259514,
TMHINT-QI,common_alpha_100,299,0.3367251072902348,
TMHINT-QI,common_alpha_100,300,0.3415985544747946,
TMHINT-QI,common_alpha_100,301,0.3308565336177398,
TMHINT-QI,common_alpha_100,302,0.341149048257628,
TMHINT-QI,common_alpha_100,303,0.3307145214869341,
TMHINT-QI,common_alpha_100,304,0.3842843559018681,
TMHINT-QI,common_alpha_100,305,0.3495575425643059,
TMHINT-QI,common_alpha_100,306,0.3736531199300038,
TMHINT-QI,common_alpha_100,307,0.3462320760855936,
TMHINT-QI,common_alpha_100,308,0.3513690166470115,
TMHINT-QI,common_alpha_100,309,0.3364899219919782,
TMHINT-QI,common_alpha_100,310,0.3504327797832758,
TMHINT-QI,common_alpha_100,311,0.3361395120576529,
TMHINT-QI,common_alpha_100,312,0.3580230953606436,
TMHINT-QI,common_alpha_100,313,0.3383194762559267,
TMHINT-QI,common_alpha_100,314,0.3536947837119809,
TMHINT-QI,common_alpha_100,315,0.3367251269594083,
TMHINT-QI,common_alpha_100,316,0.3415985518686105,
TMHINT-QI,common_alpha_100,317,0.3308565413096767,
TMHINT-QI,common_alpha_100,318,0.3411490657111217,
TMHINT-QI,common_alpha_100,319,0.3307145046468795,
TMHINT-QI,common_alpha_100,320,0.3966597439594588,
TMHINT-QI,common_alpha_100,321,0.3504123060387536,
TMHINT-QI,common_alpha_100,322,0.3787833427133327,
TMHINT-QI,common_alpha_100,323,0.3465234420522806,
TMHINT-QI,common_alpha_100,324,0.3528859679285003,
TMHINT-QI,common_alpha_100,325,0.3364998712539176,
TMHINT-QI,common_alpha_100,326,0.3514346377196482,
TMHINT-QI,common_alpha_100,327,0.3361405584628466,
TMHINT-QI,common_alpha_100,328,0.3608410132262014,
TMHINT-QI,common_alpha_100,329,0.3384034016142521,
TMHINT-QI,common_alpha_100,330,0.3547054565509403,
TMHINT-QI,common_alpha_100,331,0.3367251230881083,
TMHINT-QI,common_alpha_100,332,0.3418896631467902,
TMHINT-QI,common_alpha_100,333,0.3308565065002861,
TMHINT-QI,common_alpha_100,334,0.3412717842475923,
TMHINT-QI,common_alpha_100,335,0.3307145007398724,
TMHINT-QI,common_alpha_100,336,0.3966597439594588,
TMHINT-QI,common_alpha_100,337,0.3504123060387536,
TMHINT-QI,common_alpha_100,338,0.3787833427133327,
TMHINT-QI,common_alpha_100,339,0.3465234382601528,
TMHINT-QI,common_alpha_100,340,0.3528859679285002,
TMHINT-QI,common_alpha_100,341,0.336499871247429,
TMHINT-QI,common_alpha_100,342,0.3514346424548431,
TMHINT-QI,common_alpha_100,343,0.3361405604875895,
TMHINT-QI,common_alpha_100,344,0.3608410132262014,
TMHINT-QI,common_alpha_100,345,0.3384034255226363,
TMHINT-QI,common_alpha_100,346,0.3547054568582359,
TMHINT-QI,common_alpha_100,347,0.336725124059919,
TMHINT-QI,common_alpha_100,348,0.3418896661301698,
TMHINT-QI,common_alpha_100,349,0.3308565284369386,
TMHINT-QI,common_alpha_100,350,0.3412717857115179,
TMHINT-QI,common_alpha_100,351,0.3307145051351419,
TMHINT-QI,common_alpha_100,352,0.3842843559018681,
TMHINT-QI,common_alpha_100,353,0.349557572131549,
TMHINT-QI,common_alpha_100,354,0.3736531174957253,
TMHINT-QI,common_alpha_100,355,0.3462320759112656,
TMHINT-QI,common_alpha_100,356,0.3513690123166957,
TMHINT-QI,common_alpha_100,357,0.3364899242942181,
TMHINT-QI,common_alpha_100,358,0.3504327805624991,
TMHINT-QI,common_alpha_100,359,0.3361394997032519,
TMHINT-QI,common_alpha_100,360,0.3580230926868207,
TMHINT-QI,common_alpha_100,361,0.3383194762626766,
TMHINT-QI,common_alpha_100,362,0.3536947837637416,
TMHINT-QI,common_alpha_100,363,0.3367250927656134,
TMHINT-QI,common_alpha_100,364,0.3415985515900683,
TMHINT-QI,common_alpha_100,365,0.3308565407168619,
TMHINT-QI,common_alpha_100,366,0.3411490553096608,
TMHINT-QI,common_alpha_100,367,0.3307145041378997,
TMHINT-QI,common_alpha_100,368,0.3842843559018681,
TMHINT-QI,common_alpha_100,369,0.349557540526494,
TMHINT-QI,common_alpha_100,370,0.3736531283016681,
TMHINT-QI,common_alpha_100,371,0.3462320673971845,
TMHINT-QI,common_alpha_100,372,0.3513690169269982,
TMHINT-QI,common_alpha_100,373,0.3364899278040647,
TMHINT-QI,common_alpha_100,374,0.3504327783913177,
TMHINT-QI,common_alpha_100,375,0.3361395077383138,
TMHINT-QI,common_alpha_100,376,0.3580230956142771,
TMHINT-QI,common_alpha_100,377,0.3383194753934004,
TMHINT-QI,common_alpha_100,378,0.3536947786121105,
TMHINT-QI,common_alpha_100,379,0.3367251258740459,
TMHINT-QI,common_alpha_100,380,0.3415985405194917,
TMHINT-QI,common_alpha_100,381,0.3308565139223233,
TMHINT-QI,common_alpha_100,382,0.3411490615209998,
TMHINT-QI,common_alpha_100,383,0.330714510543123,
TMHINT-QI,common_alpha_100,384,0.3966814263476613,
TMHINT-QI,common_alpha_100,385,0.3504123060387537,
TMHINT-QI,common_alpha_100,386,0.3787833427133327,
TMHINT-QI,common_alpha_100,387,0.3465234372325831,
TMHINT-QI,common_alpha_100,388,0.3528859679285003,
TMHINT-QI,common_alpha_100,389,0.3364998712509203,
TMHINT-QI,common_alpha_100,390,0.3514346429905504,
TMHINT-QI,common_alpha_100,391,0.3361405592815686,
TMHINT-QI,common_alpha_100,392,0.3608410132262014,
TMHINT-QI,common_alpha_100,393,0.3384034024892957,
TMHINT-QI,common_alpha_100,394,0.3547054568350682,
TMHINT-QI,common_alpha_100,395,0.3367251251083601,
TMHINT-QI,common_alpha_100,396,0.341889666104098,
TMHINT-QI,common_alpha_100,397,0.3308565081497932,
TMHINT-QI,common_alpha_100,398,0.3412717844523846,
TMHINT-QI,common_alpha_100,399,0.3307145017829957,
TMHINT-QI,common_alpha_100,400,0.3966814263476613,
TMHINT-QI,common_alpha_100,401,0.3504123060387536,
TMHINT-QI,common_alpha_100,402,0.3787833427133327,
TMHINT-QI,common_alpha_100,403,0.3465234382522669,
TMHINT-QI,common_alpha_100,404,0.3528859679285003,
TMHINT-QI,common_alpha_100,405,0.3364998712472772,
TMHINT-QI,common_alpha_100,406,0.3514346424298312,
TMHINT-QI,common_alpha_100,407,0.3361405606725751,
TMHINT-QI,common_alpha_100,408,0.3608410132262014,
TMHINT-QI,common_alpha_100,409,0.338403427131609,
TMHINT-QI,common_alpha_100,410,0.3547054568420418,
TMHINT-QI,common_alpha_100,411,0.3367251256000264,
TMHINT-QI,common_alpha_100,412,0.34188966613644,
TMHINT-QI,common_alpha_100,413,0.3308565278742266,
TMHINT-QI,common_alpha_100,414,0.3412717857842984,
TMHINT-QI,common_alpha_100,415,0.3307145046278161,
TMHINT-QI,common_alpha_100,416,0.3842843559018681,
TMHINT-QI,common_alpha_100,417,0.3495575403972988,
TMHINT-QI,common_alpha_100,418,0.3736531377459116,
TMHINT-QI,common_alpha_100,419,0.3462320671491501,
TMHINT-QI,common_alpha_100,420,0.3513690168334471,
TMHINT-QI,common_alpha_100,421,0.3364899174716859,
TMHINT-QI,common_alpha_100,422,0.3504328007602924,
TMHINT-QI,common_alpha_100,423,0.3361395097314151,
TMHINT-QI,common_alpha_100,424,0.3580230952326276,
TMHINT-QI,common_alpha_100,425,0.3383194762490026,
TMHINT-QI,common_alpha_100,426,0.3536947758970384,
TMHINT-QI,common_alpha_100,427,0.3367251022910767,
TMHINT-QI,common_alpha_100,428,0.3415985508276738,
TMHINT-QI,common_alpha_100,429,0.330856536821952,
TMHINT-QI,common_alpha_100,430,0.3411490517693246,
TMHINT-QI,common_alpha_100,431,0.3307145047745617,
TMHINT-QI,common_alpha_100,432,0.384284355901868,
TMHINT-QI,common_alpha_100,433,0.3495575405607291,
TMHINT-QI,common_alpha_100,434,0.3736531297043969,
TMHINT-QI,common_alpha_100,435,0.3462320676311685,
TMHINT-QI,common_alpha_100,436,0.3513690169241544,
TMHINT-QI,common_alpha_100,437,0.3364899272863021,
TMHINT-QI,common_alpha_100,438,0.350432775325378,
TMHINT-QI,common_alpha_100,439,0.336139505109412,
TMHINT-QI,common_alpha_100,440,0.358023095584753,
TMHINT-QI,common_alpha_100,441,0.3383194753109431,
TMHINT-QI,common_alpha_100,442,0.3536947734767625,
TMHINT-QI,common_alpha_100,443,0.3367251260391964,
TMHINT-QI,common_alpha_100,444,0.3415985398231551,
TMHINT-QI,common_alpha_100,445,0.3308565146628141,
TMHINT-QI,common_alpha_100,446,0.3411490478968841,
TMHINT-QI,common_alpha_100,447,0.3307145110093493,
TMHINT-QI,common_alpha_100,448,0.3966288842307578,
TMHINT-QI,common_alpha_100,449,0.3504123060387535,
TMHINT-QI,common_alpha_100,450,0.3787833427133327,
TMHINT-QI,common_alpha_100,451,0.3465234384844509,
TMHINT-QI,common_alpha_100,452,0.3528859679285003,
TMHINT-QI,common_alpha_100,453,0.3364998712485397,
TMHINT-QI,common_alpha_100,454,0.3514346425737458,
TMHINT-QI,common_alpha_100,455,0.3361405601510663,
TMHINT-QI,common_alpha_100,456,0.3608410132262014,
TMHINT-QI,common_alpha_100,457,0.3384034199166678,
TMHINT-QI,common_alpha_100,458,0.3547054568350053,
TMHINT-QI,common_alpha_100,459,0.3367251235429364,
TMHINT-QI,common_alpha_100,460,0.3418896661721712,
TMHINT-QI,common_alpha_100,461,0.3308565265388286,
TMHINT-QI,common_alpha_100,462,0.3412717849098606,
TMHINT-QI,common_alpha_100,463,0.3307145044117387,
TMHINT-QI,common_alpha_100,464,0.3966288886777551,
TMHINT-QI,common_alpha_100,465,0.3504123060387535,
TMHINT-QI,common_alpha_100,466,0.3787833427133327,
TMHINT-QI,common_alpha_100,467,0.3465234384476137,
TMHINT-QI,common_alpha_100,468,0.3528859679285002,
TMHINT-QI,common_alpha_100,469,0.3364998712472157,
TMHINT-QI,common_alpha_100,470,0.351434642219999,
TMHINT-QI,common_alpha_100,471,0.3361405606159067,
TMHINT-QI,common_alpha_100,472,0.3608410132262014,
TMHINT-QI,common_alpha_100,473,0.3384034102809372,
TMHINT-QI,common_alpha_100,474,0.3547054568416022,
TMHINT-QI,common_alpha_100,475,0.3367251284776251,
TMHINT-QI,common_alpha_100,476,0.3418896661756939,
TMHINT-QI,common_alpha_100,477,0.3308565219244211,
TMHINT-QI,common_alpha_100,478,0.3412717857807786,
TMHINT-QI,common_alpha_100,479,0.3307145122555605,
TMHINT-QI,common_alpha_100,480,0.3842843559018681,
TMHINT-QI,common_alpha_100,481,0.349557540592443,
TMHINT-QI,common_alpha_100,482,0.3736531306988431,
TMHINT-QI,common_alpha_100,483,0.3462320683238099,
TMHINT-QI,common_alpha_100,484,0.3513690170828836,
TMHINT-QI,common_alpha_100,485,0.3364899279101266,
TMHINT-QI,common_alpha_100,486,0.3504327743407041,
TMHINT-QI,common_alpha_100,487,0.3361395072986075,
TMHINT-QI,common_alpha_100,488,0.3580230953923892,
TMHINT-QI,common_alpha_100,489,0.3383194762032371,
TMHINT-QI,common_alpha_100,490,0.353694774634571,
TMHINT-QI,common_alpha_100,491,0.3367251270372653,
TMHINT-QI,common_alpha_100,492,0.3415985378464919,
TMHINT-QI,common_alpha_100,493,0.3308565155576341,
TMHINT-QI,common_alpha_100,494,0.3411490666275973,
TMHINT-QI,common_alpha_100,495,0.3307145098721341,
TMHINT-QI,common_alpha_100,496,0.3842843559018681,
TMHINT-QI,common_alpha_100,497,0.3495575407032077,
TMHINT-QI,common_alpha_100,498,0.3736531269584842,
TMHINT-QI,common_alpha_100,499,0.3462320678604004,
TMHINT-QI,common_alpha_100,500,0.3513690172586294,
TMHINT-QI,common_alpha_100,501,0.3364899229297942,
TMHINT-QI,common_alpha_100,502,0.3504327772586729,
TMHINT-QI,common_alpha_100,503,0.3361395072173029,
TMHINT-QI,common_alpha_100,504,0.3580230958974125,
TMHINT-QI,common_alpha_100,505,0.3383194731411915,
TMHINT-QI,common_alpha_100,506,0.3536947719294452,
TMHINT-QI,common_alpha_100,507,0.3367251205605479,
TMHINT-QI,common_alpha_100,508,0.3415985507655346,
TMHINT-QI,common_alpha_100,509,0.3308565264791659,
TMHINT-QI,common_alpha_100,510,0.3411490470045073,
TMHINT-QI,common_alpha_100,511,0.3307145102348311,
TMHINT-QI,common_alpha_100,512,0.5130029249909382,
TMHINT-QI,common_alpha_100,513,0.3725705752288147,
TMHINT-QI,common_alpha_100,514,0.4270357611452145,
TMHINT-QI,common_alpha_100,515,0.359220680942846,
TMHINT-QI,common_alpha_100,516,0.3692247878182119,
TMHINT-QI,common_alpha_100,517,0.3425559242163008,
TMHINT-QI,common_alpha_100,518,0.3638199830348223,
TMHINT-QI,common_alpha_100,519,0.3405731027863866,
TMHINT-QI,common_alpha_100,520,0.3733789146508358,
TMHINT-QI,common_alpha_100,521,0.3424740881085097,
TMHINT-QI,common_alpha_100,522,0.3618371485499546,
TMHINT-QI,common_alpha_100,523,0.3385886743473274,
TMHINT-QI,common_alpha_100,524,0.345028816054067,
TMHINT-QI,common_alpha_100,525,0.3314288394464585,
TMHINT-QI,common_alpha_100,526,0.3432641494132402,
TMHINT-QI,common_alpha_100,527,0.3308682173417127,
TMHINT-QI,common_alpha_100,528,0.5130029249909382,
TMHINT-QI,common_alpha_100,529,0.3725705752288147,
TMHINT-QI,common_alpha_100,530,0.4270357611452145,
TMHINT-QI,common_alpha_100,531,0.3592206866729212,
TMHINT-QI,common_alpha_100,532,0.3692247878182119,
TMHINT-QI,common_alpha_100,533,0.342555928831576,
TMHINT-QI,common_alpha_100,534,0.3638199856901793,
TMHINT-QI,common_alpha_100,535,0.3405731026164976,
TMHINT-QI,common_alpha_100,536,0.3733789146508357,
TMHINT-QI,common_alpha_100,537,0.3424740895974871,
TMHINT-QI,common_alpha_100,538,0.3618371508723761,
TMHINT-QI,common_alpha_100,539,0.3385886810726096,
TMHINT-QI,common_alpha_100,540,0.3450288160544615,
TMHINT-QI,common_alpha_100,541,0.3314288394459879,
TMHINT-QI,common_alpha_100,542,0.3432641493415284,
TMHINT-QI,common_alpha_100,543,0.3308682162945581,
TMHINT-QI,common_alpha_100,544,0.4485582416662098,
TMHINT-QI,common_alpha_100,545,0.3678389545088317,
TMHINT-QI,common_alpha_100,546,0.4073410415696412,
TMHINT-QI,common_alpha_100,547,0.357111429266377,
TMHINT-QI,common_alpha_100,548,0.363749012484217,
TMHINT-QI,common_alpha_100,549,0.3417085352121152,
TMHINT-QI,common_alpha_100,550,0.3599681384554239,
TMHINT-QI,common_alpha_100,551,0.3400130053235027,
TMHINT-QI,common_alpha_100,552,0.3678816253643961,
TMHINT-QI,common_alpha_100,553,0.3419123191257714,
TMHINT-QI,common_alpha_100,554,0.3591513294623334,
TMHINT-QI,common_alpha_100,555,0.3383675418884221,
TMHINT-QI,common_alpha_100,556,0.3438507316170014,
TMHINT-QI,common_alpha_100,557,0.331407168382319,
TMHINT-QI,common_alpha_100,558,0.3426014541137345,
TMHINT-QI,common_alpha_100,559,0.3308690307995272,
TMHINT-QI,common_alpha_100,560,0.4485582416662097,
TMHINT-QI,common_alpha_100,561,0.3678389546001111,
TMHINT-QI,common_alpha_100,562,0.4073410409059805,
TMHINT-QI,common_alpha_100,563,0.3571114331669671,
TMHINT-QI,common_alpha_100,564,0.36374900659023,
TMHINT-QI,common_alpha_100,565,0.3417085328564144,
TMHINT-QI,common_alpha_100,566,0.3599681363347319,
TMHINT-QI,common_alpha_100,567,0.3400130267066777,
TMHINT-QI,common_alpha_100,568,0.3678816239791271,
TMHINT-QI,common_alpha_100,569,0.3419123127231305,
TMHINT-QI,common_alpha_100,570,0.3591513320620537,
TMHINT-QI,common_alpha_100,571,0.3383675395361304,
TMHINT-QI,common_alpha_100,572,0.3438507314620308,
TMHINT-QI,common_alpha_100,573,0.3314071592403027,
TMHINT-QI,common_alpha_100,574,0.3426014543290602,
TMHINT-QI,common_alpha_100,575,0.3308690324705727,
TMHINT-QI,common_alpha_100,576,0.5130029249909382,
TMHINT-QI,common_alpha_100,577,0.3725705752288147,
TMHINT-QI,common_alpha_100,578,0.4270357611452146,
TMHINT-QI,common_alpha_100,579,0.3592206820583062,
TMHINT-QI,common_alpha_100,580,0.3692247878182119,
TMHINT-QI,common_alpha_100,581,0.3425559231867058,
TMHINT-QI,common_alpha_100,582,0.3638199826917824,
TMHINT-QI,common_alpha_100,583,0.3405731032809024,
TMHINT-QI,common_alpha_100,584,0.3733789146508357,
TMHINT-QI,common_alpha_100,585,0.3424740884227453,
TMHINT-QI,common_alpha_100,586,0.3618371471894501,
TMHINT-QI,common_alpha_100,587,0.3385886809090351,
TMHINT-QI,common_alpha_100,588,0.3450288100626075,
TMHINT-QI,common_alpha_100,589,0.3314288394467736,
TMHINT-QI,common_alpha_100,590,0.3432641493403962,
TMHINT-QI,common_alpha_100,591,0.3308682168375389,
TMHINT-QI,common_alpha_100,592,0.5130029249909382,
TMHINT-QI,common_alpha_100,593,0.3725705752288147,
TMHINT-QI,common_alpha_100,594,0.4270357611452146,
TMHINT-QI,common_alpha_100,595,0.3592206607622046,
TMHINT-QI,common_alpha_100,596,0.3692247878182119,
TMHINT-QI,common_alpha_100,597,0.3425559430901352,
TMHINT-QI,common_alpha_100,598,0.3638199825712708,
TMHINT-QI,common_alpha_100,599,0.3405731014204102,
TMHINT-QI,common_alpha_100,600,0.3733789146508357,
TMHINT-QI,common_alpha_100,601,0.3424740902409209,
TMHINT-QI,common_alpha_100,602,0.3618371481023704,
TMHINT-QI,common_alpha_100,603,0.3385886793570382,
TMHINT-QI,common_alpha_100,604,0.3450288160550638,
TMHINT-QI,common_alpha_100,605,0.3314288394460263,
TMHINT-QI,common_alpha_100,606,0.3432641487883366,
TMHINT-QI,common_alpha_100,607,0.3308682130138657,
TMHINT-QI,common_alpha_100,608,0.4485582416662098,
TMHINT-QI,common_alpha_100,609,0.3678389599386403,
TMHINT-QI,common_alpha_100,610,0.4073410605006298,
TMHINT-QI,common_alpha_100,611,0.3571114231802347,
TMHINT-QI,common_alpha_100,612,0.3637490023997956,
TMHINT-QI,common_alpha_100,613,0.3417085328435203,
TMHINT-QI,common_alpha_100,614,0.3599681365003077,
TMHINT-QI,common_alpha_100,615,0.3400130266717904,
TMHINT-QI,common_alpha_100,616,0.3678816195081955,
TMHINT-QI,common_alpha_100,617,0.3419123126810782,
TMHINT-QI,common_alpha_100,618,0.3591513345885181,
TMHINT-QI,common_alpha_100,619,0.3383675375629495,
TMHINT-QI,common_alpha_100,620,0.3438507313010979,
TMHINT-QI,common_alpha_100,621,0.3314071772419473,
TMHINT-QI,common_alpha_100,622,0.342601454264813,
TMHINT-QI,common_alpha_100,623,0.3308690333368152,
TMHINT-QI,common_alpha_100,624,0.4485582416662097,
TMHINT-QI,common_alpha_100,625,0.3678389489175592,
TMHINT-QI,common_alpha_100,626,0.4073410534450346,
TMHINT-QI,common_alpha_100,627,0.3571114164096989,
TMHINT-QI,common_alpha_100,628,0.3637490094412884,
TMHINT-QI,common_alpha_100,629,0.3417085353370966,
TMHINT-QI,common_alpha_100,630,0.3599681350996765,
TMHINT-QI,common_alpha_100,631,0.3400130267910743,
TMHINT-QI,common_alpha_100,632,0.3678816226443083,
TMHINT-QI,common_alpha_100,633,0.341912312798697,
TMHINT-QI,common_alpha_100,634,0.3591513327293324,
TMHINT-QI,common_alpha_100,635,0.3383675440577734,
TMHINT-QI,common_alpha_100,636,0.3438507243170356,
TMHINT-QI,common_alpha_100,637,0.3314071597891697,
TMHINT-QI,common_alpha_100,638,0.3426014544678981,
TMHINT-QI,common_alpha_100,639,0.3308690298513001,
TMHINT-QI,common_alpha_100,640,0.5130029249909382,
TMHINT-QI,common_alpha_100,641,0.3725705752288147,
TMHINT-QI,common_alpha_100,642,0.4270357611452146,
TMHINT-QI,common_alpha_100,643,0.3592206729934094,
TMHINT-QI,common_alpha_100,644,0.3692247878182119,
TMHINT-QI,common_alpha_100,645,0.3425559224846469,
TMHINT-QI,common_alpha_100,646,0.3638199827648161,
TMHINT-QI,common_alpha_100,647,0.3405731041986626,
TMHINT-QI,common_alpha_100,648,0.3733789146508357,
TMHINT-QI,common_alpha_100,649,0.3424740910093377,
TMHINT-QI,common_alpha_100,650,0.3618371489631762,
TMHINT-QI,common_alpha_100,651,0.3385886740024387,
TMHINT-QI,common_alpha_100,652,0.3450288160567764,
TMHINT-QI,common_alpha_100,653,0.3314288394465506,
TMHINT-QI,common_alpha_100,654,0.3432641492326319,
TMHINT-QI,common_alpha_100,655,0.3308682166372872,
TMHINT-QI,common_alpha_100,656,0.5130029249909384,
TMHINT-QI,common_alpha_100,657,0.3725705752288147,
TMHINT-QI,common_alpha_100,658,0.4270357611452146,
TMHINT-QI,common_alpha_100,659,0.359220654280998,
TMHINT-QI,common_alpha_100,660,0.3692247878182119,
TMHINT-QI,common_alpha_100,661,0.3425559221630793,
TMHINT-QI,common_alpha_100,662,0.3638199825780144,
TMHINT-QI,common_alpha_100,663,0.3405731014174832,
TMHINT-QI,common_alpha_100,664,0.3733789146508357,
TMHINT-QI,common_alpha_100,665,0.3424740908030966,
TMHINT-QI,common_alpha_100,666,0.3618371483530573,
TMHINT-QI,common_alpha_100,667,0.338588680928334,
TMHINT-QI,common_alpha_100,668,0.345028816055173,
TMHINT-QI,common_alpha_100,669,0.331428839446004,
TMHINT-QI,common_alpha_100,670,0.343264148819428,
TMHINT-QI,common_alpha_100,671,0.3308682128312199,
TMHINT-QI,common_alpha_100,672,0.4485582416662098,
TMHINT-QI,common_alpha_100,673,0.3678389529256502,
TMHINT-QI,common_alpha_100,674,0.4073410636196214,
TMHINT-QI,common_alpha_100,675,0.3571114149641868,
TMHINT-QI,common_alpha_100,676,0.3637490112653683,
TMHINT-QI,common_alpha_100,677,0.3417085353348557,
TMHINT-QI,common_alpha_100,678,0.3599681384837627,
TMHINT-QI,common_alpha_100,679,0.3400130260772702,
TMHINT-QI,common_alpha_100,680,0.3678816241987551,
TMHINT-QI,common_alpha_100,681,0.3419123125812543,
TMHINT-QI,common_alpha_100,682,0.3591513298070446,
TMHINT-QI,common_alpha_100,683,0.3383675381616348,
TMHINT-QI,common_alpha_100,684,0.3438507314511351,
TMHINT-QI,common_alpha_100,685,0.3314071560662847,
TMHINT-QI,common_alpha_100,686,0.3426014542866482,
TMHINT-QI,common_alpha_100,687,0.3308690323027842,
TMHINT-QI,common_alpha_100,688,0.4485582416662098,
TMHINT-QI,common_alpha_100,689,0.3678389489283044,
TMHINT-QI,common_alpha_100,690,0.4073410556580468,
TMHINT-QI,common_alpha_100,691,0.3571114177878398,
TMHINT-QI,common_alpha_100,692,0.3637490095336914,
TMHINT-QI,common_alpha_100,693,0.3417085352918339,
TMHINT-QI,common_alpha_100,694,0.3599681355307904,
TMHINT-QI,common_alpha_100,695,0.3400130266904999,
TMHINT-QI,common_alpha_100,696,0.3678816227045015,
TMHINT-QI,common_alpha_100,697,0.3419123127659594,
TMHINT-QI,common_alpha_100,698,0.3591513322618181,
TMHINT-QI,common_alpha_100,699,0.3383675440090174,
TMHINT-QI,common_alpha_100,700,0.34385072746736,
TMHINT-QI,common_alpha_100,701,0.3314071643767098,
TMHINT-QI,common_alpha_100,702,0.3426014544707737,
TMHINT-QI,common_alpha_100,703,0.3308690292204549,
TMHINT-QI,common_alpha_100,704,0.5130029249909382,
TMHINT-QI,common_alpha_100,705,0.3725705752288147,
TMHINT-QI,common_alpha_100,706,0.4270357611452146,
TMHINT-QI,common_alpha_100,707,0.3592206598534225,
TMHINT-QI,common_alpha_100,708,0.3692247878182119,
TMHINT-QI,common_alpha_100,709,0.3425559222638157,
TMHINT-QI,common_alpha_100,710,0.3638199825944287,
TMHINT-QI,common_alpha_100,711,0.3405731015375848,
TMHINT-QI,common_alpha_100,712,0.3733789146508357,
TMHINT-QI,common_alpha_100,713,0.3424740911744576,
TMHINT-QI,common_alpha_100,714,0.3618371484187592,
TMHINT-QI,common_alpha_100,715,0.3385886740227598,
TMHINT-QI,common_alpha_100,716,0.3450288160577247,
TMHINT-QI,common_alpha_100,717,0.3314288394468462,
TMHINT-QI,common_alpha_100,718,0.3432641489580441,
TMHINT-QI,common_alpha_100,719,0.3308682128981774,
TMHINT-QI,common_alpha_100,720,0.5130029249909382,
TMHINT-QI,common_alpha_100,721,0.3725705752288147,
TMHINT-QI,common_alpha_100,722,0.4270357611452146,
TMHINT-QI,common_alpha_100,723,0.3592206814306083,
TMHINT-QI,common_alpha_100,724,0.3692247878182119,
TMHINT-QI,common_alpha_100,725,0.3425559270541885,
TMHINT-QI,common_alpha_100,726,0.3638199825567785,
TMHINT-QI,common_alpha_100,727,0.3405731026411897,
TMHINT-QI,common_alpha_100,728,0.3733789139431988,
TMHINT-QI,common_alpha_100,729,0.3424740892468103,
TMHINT-QI,common_alpha_100,730,0.3618371481831039,
TMHINT-QI,common_alpha_100,731,0.3385886761799004,
TMHINT-QI,common_alpha_100,732,0.3450288160561262,
TMHINT-QI,common_alpha_100,733,0.3314288394460705,
TMHINT-QI,common_alpha_100,734,0.3432641466397162,
TMHINT-QI,common_alpha_100,735,0.3308682163014093,
TMHINT-QI,common_alpha_100,736,0.4485582416662098,
TMHINT-QI,common_alpha_100,737,0.36783894939306,
TMHINT-QI,common_alpha_100,738,0.4073410564611694,
TMHINT-QI,common_alpha_100,739,0.3571114160080745,
TMHINT-QI,common_alpha_100,740,0.3637490097533588,
TMHINT-QI,common_alpha_100,741,0.3417085352394625,
TMHINT-QI,common_alpha_100,742,0.3599681359298693,
TMHINT-QI,common_alpha_100,743,0.3400130265075838,
TMHINT-QI,common_alpha_100,744,0.3678816229205711,
TMHINT-QI,common_alpha_100,745,0.3419123127083415,
TMHINT-QI,common_alpha_100,746,0.3591513303586204,
TMHINT-QI,common_alpha_100,747,0.3383675442297154,
TMHINT-QI,common_alpha_100,748,0.3438507309286454,
TMHINT-QI,common_alpha_100,749,0.3314071616647913,
TMHINT-QI,common_alpha_100,750,0.3426014544312235,
TMHINT-QI,common_alpha_100,751,0.3308690300034307,
TMHINT-QI,common_alpha_100,752,0.4485582416662098,
TMHINT-QI,common_alpha_100,753,0.3678389396747342,
TMHINT-QI,common_alpha_100,754,0.4073410515090281,
TMHINT-QI,common_alpha_100,755,0.3571114364880895,
TMHINT-QI,common_alpha_100,756,0.36374900881015,
TMHINT-QI,common_alpha_100,757,0.3417085352438483,
TMHINT-QI,common_alpha_100,758,0.3599681344171077,
TMHINT-QI,common_alpha_100,759,0.3400130271482146,
TMHINT-QI,common_alpha_100,760,0.3678816221376591,
TMHINT-QI,common_alpha_100,761,0.3419123128402695,
TMHINT-QI,common_alpha_100,762,0.3591513331900772,
TMHINT-QI,common_alpha_100,763,0.3383675462262003,
TMHINT-QI,common_alpha_100,764,0.3438507310387457,
TMHINT-QI,common_alpha_100,765,0.3314071733021945,
TMHINT-QI,common_alpha_100,766,0.3426014544614001,
TMHINT-QI,common_alpha_100,767,0.3308690263957146,
TMHINT-QI,common_alpha_100,768,0.3901047827312382,
TMHINT-QI,common_alpha_100,769,0.3501230304758427,
TMHINT-QI,common_alpha_100,770,0.3775823587391224,
TMHINT-QI,common_alpha_100,771,0.3465398301922591,
TMHINT-QI,common_alpha_100,772,0.3528504555584495,
TMHINT-QI,common_alpha_100,773,0.3364998712945179,
TMHINT-QI,common_alpha_100,774,0.3514346402018863,
TMHINT-QI,common_alpha_100,775,0.3361405279709558,
TMHINT-QI,common_alpha_100,776,0.3601852043952397,
TMHINT-QI,common_alpha_100,777,0.3384034004820437,
TMHINT-QI,common_alpha_100,778,0.3547054559812296,
TMHINT-QI,common_alpha_100,779,0.3367251227971778,
TMHINT-QI,common_alpha_100,780,0.3418896669801292,
TMHINT-QI,common_alpha_100,781,0.3308565212247892,
TMHINT-QI,common_alpha_100,782,0.3412717991875664,
TMHINT-QI,common_alpha_100,783,0.3307145092280725,
TMHINT-QI,common_alpha_100,784,0.3901047827312383,
TMHINT-QI,common_alpha_100,785,0.3501230325526368,
TMHINT-QI,common_alpha_100,786,0.3775823538148235,
TMHINT-QI,common_alpha_100,787,0.3465398437832315,
TMHINT-QI,common_alpha_100,788,0.352850455550796,
TMHINT-QI,common_alpha_100,789,0.3364998712713963,
TMHINT-QI,common_alpha_100,790,0.3514346397620151,
TMHINT-QI,common_alpha_100,791,0.3361405547960823,
TMHINT-QI,common_alpha_100,792,0.360185204403981,
TMHINT-QI,common_alpha_100,793,0.3384034036408553,
TMHINT-QI,common_alpha_100,794,0.354705454839709,
TMHINT-QI,common_alpha_100,795,0.3367251134778123,
TMHINT-QI,common_alpha_100,796,0.3418896667193722,
TMHINT-QI,common_alpha_100,797,0.330856526284205,
TMHINT-QI,common_alpha_100,798,0.3412717966431776,
TMHINT-QI,common_alpha_100,799,0.3307145050960109,
TMHINT-QI,common_alpha_100,800,0.3828918289793144,
TMHINT-QI,common_alpha_100,801,0.3494765755129017,
TMHINT-QI,common_alpha_100,802,0.3736208310309478,
TMHINT-QI,common_alpha_100,803,0.3462320662741527,
TMHINT-QI,common_alpha_100,804,0.3513690154056422,
TMHINT-QI,common_alpha_100,805,0.3364899216725305,
TMHINT-QI,common_alpha_100,806,0.3504328014798267,
TMHINT-QI,common_alpha_100,807,0.336139513297424,
TMHINT-QI,common_alpha_100,808,0.3580230726147889,
TMHINT-QI,common_alpha_100,809,0.3383194701382071,
TMHINT-QI,common_alpha_100,810,0.3536947624478456,
TMHINT-QI,common_alpha_100,811,0.3367251271155838,
TMHINT-QI,common_alpha_100,812,0.3415985558836567,
TMHINT-QI,common_alpha_100,813,0.3308565222485993,
TMHINT-QI,common_alpha_100,814,0.3411490470270483,
TMHINT-QI,common_alpha_100,815,0.3307145131013357,
TMHINT-QI,common_alpha_100,816,0.3828918289794003,
TMHINT-QI,common_alpha_100,817,0.3494765734268539,
TMHINT-QI,common_alpha_100,818,0.3736208212789484,
TMHINT-QI,common_alpha_100,819,0.346232071061606,
TMHINT-QI,common_alpha_100,820,0.3513690128656691,
TMHINT-QI,common_alpha_100,821,0.3364899277884801,
TMHINT-QI,common_alpha_100,822,0.3504328016776398,
TMHINT-QI,common_alpha_100,823,0.3361395047051962,
TMHINT-QI,common_alpha_100,824,0.3580230941850057,
TMHINT-QI,common_alpha_100,825,0.3383194575527494,
TMHINT-QI,common_alpha_100,826,0.3536947743602523,
TMHINT-QI,common_alpha_100,827,0.336725104252408,
TMHINT-QI,common_alpha_100,828,0.3415985620598652,
TMHINT-QI,common_alpha_100,829,0.3308565107773627,
TMHINT-QI,common_alpha_100,830,0.3411490542332435,
TMHINT-QI,common_alpha_100,831,0.3307145035366065,
TMHINT-QI,common_alpha_100,832,0.3901047827312383,
TMHINT-QI,common_alpha_100,833,0.3501230316561038,
TMHINT-QI,common_alpha_100,834,0.3775823517730624,
TMHINT-QI,common_alpha_100,835,0.3465398450602845,
TMHINT-QI,common_alpha_100,836,0.3528504309609782,
TMHINT-QI,common_alpha_100,837,0.3364998712985855,
TMHINT-QI,common_alpha_100,838,0.3514346399730346,
TMHINT-QI,common_alpha_100,839,0.3361405558897041,
TMHINT-QI,common_alpha_100,840,0.3601852020767283,
TMHINT-QI,common_alpha_100,841,0.3384034018842924,
TMHINT-QI,common_alpha_100,842,0.3547054554283217,
TMHINT-QI,common_alpha_100,843,0.3367251219430967,
TMHINT-QI,common_alpha_100,844,0.3418896668140145,
TMHINT-QI,common_alpha_100,845,0.3308565254785939,
TMHINT-QI,common_alpha_100,846,0.3412717959727165,
TMHINT-QI,common_alpha_100,847,0.3307145045636657,
TMHINT-QI,common_alpha_100,848,0.3901047827312383,
TMHINT-QI,common_alpha_100,849,0.3501230340929376,
TMHINT-QI,common_alpha_100,850,0.3775823553572845,
TMHINT-QI,common_alpha_100,851,0.3465398418150485,
TMHINT-QI,common_alpha_100,852,0.3528504555408488,
TMHINT-QI,common_alpha_100,853,0.3364998712767906,
TMHINT-QI,common_alpha_100,854,0.351434637321518,
TMHINT-QI,common_alpha_100,855,0.3361405457502483,
TMHINT-QI,common_alpha_100,856,0.3601852044181159,
TMHINT-QI,common_alpha_100,857,0.3384034043394237,
TMHINT-QI,common_alpha_100,858,0.3547054548463726,
TMHINT-QI,common_alpha_100,859,0.3367250875979484,
TMHINT-QI,common_alpha_100,860,0.3418896660337599,
TMHINT-QI,common_alpha_100,861,0.3308565331980994,
TMHINT-QI,common_alpha_100,862,0.3412717944301138,
TMHINT-QI,common_alpha_100,863,0.3307145148709646,
TMHINT-QI,common_alpha_100,864,0.3828918280535402,
TMHINT-QI,common_alpha_100,865,0.3494765733435059,
TMHINT-QI,common_alpha_100,866,0.3736208233946198,
TMHINT-QI,common_alpha_100,867,0.3462320691399665,
TMHINT-QI,common_alpha_100,868,0.3513690125387391,
TMHINT-QI,common_alpha_100,869,0.3364899280869583,
TMHINT-QI,common_alpha_100,870,0.3504328017061338,
TMHINT-QI,common_alpha_100,871,0.3361395045616105,
TMHINT-QI,common_alpha_100,872,0.3580230932636338,
TMHINT-QI,common_alpha_100,873,0.3383194606869453,
TMHINT-QI,common_alpha_100,874,0.3536947773711253,
TMHINT-QI,common_alpha_100,875,0.3367251105041333,
TMHINT-QI,common_alpha_100,876,0.3415985603952337,
TMHINT-QI,common_alpha_100,877,0.3308565167932927,
TMHINT-QI,common_alpha_100,878,0.3411490568796573,
TMHINT-QI,common_alpha_100,879,0.3307145018797082,
TMHINT-QI,common_alpha_100,880,0.3828918288580947,
TMHINT-QI,common_alpha_100,881,0.3494765731103554,
TMHINT-QI,common_alpha_100,882,0.3736208218644314,
TMHINT-QI,common_alpha_100,883,0.3462320676929841,
TMHINT-QI,common_alpha_100,884,0.351369011458843,
TMHINT-QI,common_alpha_100,885,0.3364899260265506,
TMHINT-QI,common_alpha_100,886,0.3504328019010962,
TMHINT-QI,common_alpha_100,887,0.3361395127693997,
TMHINT-QI,common_alpha_100,888,0.3580230921427469,
TMHINT-QI,common_alpha_100,889,0.3383194404483026,
TMHINT-QI,common_alpha_100,890,0.3536947684433719,
TMHINT-QI,common_alpha_100,891,0.3367250867559233,
TMHINT-QI,common_alpha_100,892,0.3415985557343773,
TMHINT-QI,common_alpha_100,893,0.3308565308839412,
TMHINT-QI,common_alpha_100,894,0.3411490635242773,
TMHINT-QI,common_alpha_100,895,0.3307145129906201,
TMHINT-QI,common_alpha_100,896,0.3901047827312383,
TMHINT-QI,common_alpha_100,897,0.3501230345688716,
TMHINT-QI,common_alpha_100,898,0.3775823584405761,
TMHINT-QI,common_alpha_100,899,0.3465398296701885,
TMHINT-QI,common_alpha_100,900,0.3528504555480755,
TMHINT-QI,common_alpha_100,901,0.3364998712841894,
TMHINT-QI,common_alpha_100,902,0.3514346176719468,
TMHINT-QI,common_alpha_100,903,0.3361405555033188,
TMHINT-QI,common_alpha_100,904,0.3601852043998649,
TMHINT-QI,common_alpha_100,905,0.3384034014186924,
TMHINT-QI,common_alpha_100,906,0.354705456361722,
TMHINT-QI,common_alpha_100,907,0.3367251195561929,
TMHINT-QI,common_alpha_100,908,0.3418896668327708,
TMHINT-QI,common_alpha_100,909,0.3308565260448334,
TMHINT-QI,common_alpha_100,910,0.3412717960010201,
TMHINT-QI,common_alpha_100,911,0.3307145059429071,
TMHINT-QI,common_alpha_100,912,0.3901047827312383,
TMHINT-QI,common_alpha_100,913,0.3501230348684691,
TMHINT-QI,common_alpha_100,914,0.3775823559285341,
TMHINT-QI,common_alpha_100,915,0.3465398446908003,
TMHINT-QI,common_alpha_100,916,0.3528504555419517,
TMHINT-QI,common_alpha_100,917,0.3364998712693278,
TMHINT-QI,common_alpha_100,918,0.3514346375527958,
TMHINT-QI,common_alpha_100,919,0.3361405453470664,
TMHINT-QI,common_alpha_100,920,0.3601852044157978,
TMHINT-QI,common_alpha_100,921,0.3384034038277414,
TMHINT-QI,common_alpha_100,922,0.3547054556704425,
TMHINT-QI,common_alpha_100,923,0.3367250873474557,
TMHINT-QI,common_alpha_100,924,0.3418896661180213,
TMHINT-QI,common_alpha_100,925,0.3308565317462709,
TMHINT-QI,common_alpha_100,926,0.3412717933786767,
TMHINT-QI,common_alpha_100,927,0.3307145143974748,
TMHINT-QI,common_alpha_100,928,0.3828918291410927,
TMHINT-QI,common_alpha_100,929,0.3494765729065153,
TMHINT-QI,common_alpha_100,930,0.373620835713778,
TMHINT-QI,common_alpha_100,931,0.3462320699318803,
TMHINT-QI,common_alpha_100,932,0.3513690076532981,
TMHINT-QI,common_alpha_100,933,0.3364898980522719,
TMHINT-QI,common_alpha_100,934,0.3504328016864013,
TMHINT-QI,common_alpha_100,935,0.3361395042753445,
TMHINT-QI,common_alpha_100,936,0.3580230927733774,
TMHINT-QI,common_alpha_100,937,0.3383194627091723,
TMHINT-QI,common_alpha_100,938,0.3536947751094659,
TMHINT-QI,common_alpha_100,939,0.3367251037775575,
TMHINT-QI,common_alpha_100,940,0.3415985613585103,
TMHINT-QI,common_alpha_100,941,0.3308565167680697,
TMHINT-QI,common_alpha_100,942,0.3411490588059239,
TMHINT-QI,common_alpha_100,943,0.3307145050238486,
TMHINT-QI,common_alpha_100,944,0.3828918288929082,
TMHINT-QI,common_alpha_100,945,0.3494765729999421,
TMHINT-QI,common_alpha_100,946,0.3736208168116502,
TMHINT-QI,common_alpha_100,947,0.3462320677273564,
TMHINT-QI,common_alpha_100,948,0.3513690143325839,
TMHINT-QI,common_alpha_100,949,0.3364899263919835,
TMHINT-QI,common_alpha_100,950,0.350432801887943,
TMHINT-QI,common_alpha_100,951,0.3361395118943084,
TMHINT-QI,common_alpha_100,952,0.3580230938696504,
TMHINT-QI,common_alpha_100,953,0.3383194437277114,
TMHINT-QI,common_alpha_100,954,0.3536947670682072,
TMHINT-QI,common_alpha_100,955,0.3367250833943651,
TMHINT-QI,common_alpha_100,956,0.3415985557041319,
TMHINT-QI,common_alpha_100,957,0.3308565392442489,
TMHINT-QI,common_alpha_100,958,0.3411490643125099,
TMHINT-QI,common_alpha_100,959,0.3307145134628697,
TMHINT-QI,common_alpha_100,960,0.3901047827312383,
TMHINT-QI,common_alpha_100,961,0.3501230354136318,
TMHINT-QI,common_alpha_100,962,0.3775823563178511,
TMHINT-QI,common_alpha_100,963,0.3465398491285048,
TMHINT-QI,common_alpha_100,964,0.352850455538315,
TMHINT-QI,common_alpha_100,965,0.3364998712919214,
TMHINT-QI,common_alpha_100,966,0.3514346385467494,
TMHINT-QI,common_alpha_100,967,0.3361405473798881,
TMHINT-QI,common_alpha_100,968,0.3601852044071372,
TMHINT-QI,common_alpha_100,969,0.3384034021132852,
TMHINT-QI,common_alpha_100,970,0.3547054561214804,
TMHINT-QI,common_alpha_100,971,0.3367251069372626,
TMHINT-QI,common_alpha_100,972,0.3418896663113649,
TMHINT-QI,common_alpha_100,973,0.3308565341559851,
TMHINT-QI,common_alpha_100,974,0.3412718147460447,
TMHINT-QI,common_alpha_100,975,0.3307145135138212,
TMHINT-QI,common_alpha_100,976,0.3901047827312383,
TMHINT-QI,common_alpha_100,977,0.3501230333731664,
TMHINT-QI,common_alpha_100,978,0.3775823553039188,
TMHINT-QI,common_alpha_100,979,0.3465398355777448,
TMHINT-QI,common_alpha_100,980,0.3528504555273006,
TMHINT-QI,common_alpha_100,981,0.3364998712989427,
TMHINT-QI,common_alpha_100,982,0.3514346288596908,
TMHINT-QI,common_alpha_100,983,0.3361405480287249,
TMHINT-QI,common_alpha_100,984,0.3601852044369477,
TMHINT-QI,common_alpha_100,985,0.3384034056162443,
TMHINT-QI,common_alpha_100,986,0.3547054548074136,
TMHINT-QI,common_alpha_100,987,0.3367251271858019,
TMHINT-QI,common_alpha_100,988,0.3418896586516062,
TMHINT-QI,common_alpha_100,989,0.3308565102434375,
TMHINT-QI,common_alpha_100,990,0.341271788384063,
TMHINT-QI,common_alpha_100,991,0.3307145190197874,
TMHINT-QI,common_alpha_100,992,0.3828918289345717,
TMHINT-QI,common_alpha_100,993,0.3494765728775181,
TMHINT-QI,common_alpha_100,994,0.3736208168779686,
TMHINT-QI,common_alpha_100,995,0.3462320672792222,
TMHINT-QI,common_alpha_100,996,0.351368993986525,
TMHINT-QI,common_alpha_100,997,0.336489926956033,
TMHINT-QI,common_alpha_100,998,0.3504328018299187,
TMHINT-QI,common_alpha_100,999,0.3361395113967181,
TMHINT-QI,common_alpha_100,1000,0.3580230803991441,
TMHINT-QI,common_alpha_100,1001,0.3383194474016821,
TMHINT-QI,common_alpha_100,1002,0.3536947705303674,
TMHINT-QI,common_alpha_100,1003,0.3367250919153245,
TMHINT-QI,common_alpha_100,1004,0.3415985555905583,
TMHINT-QI,common_alpha_100,1005,0.3308565357974922,
TMHINT-QI,common_alpha_100,1006,0.3411490619714256,
TMHINT-QI,common_alpha_100,1007,0.3307145125363325,
TMHINT-QI,common_alpha_100,1008,0.382891828826035,
TMHINT-QI,common_alpha_100,1009,0.3494765729363121,
TMHINT-QI,common_alpha_100,1010,0.3736208195212935,
TMHINT-QI,common_alpha_100,1011,0.3462320682943917,
TMHINT-QI,common_alpha_100,1012,0.3513690055837255,
TMHINT-QI,common_alpha_100,1013,0.3364899240222563,
TMHINT-QI,common_alpha_100,1014,0.3504328023640042,
TMHINT-QI,common_alpha_100,1015,0.3361394981832429,
TMHINT-QI,common_alpha_100,1016,0.358023089768043,
TMHINT-QI,common_alpha_100,1017,0.3383194745507221,
TMHINT-QI,common_alpha_100,1018,0.3536947848923203,
TMHINT-QI,common_alpha_100,1019,0.336725109757067,
TMHINT-QI,common_alpha_100,1020,0.3415985581245013,
TMHINT-QI,common_alpha_100,1021,0.3308565076224138,
TMHINT-QI,common_alpha_100,1022,0.3411490470118376,
TMHINT-QI,common_alpha_100,1023,0.3307145124115881,
TMHINT-QI,per_representation_grouped_oof_selected,1,0.3365776832493373,
TMHINT-QI,per_representation_grouped_oof_selected,2,0.4380052827372077,
TMHINT-QI,per_representation_grouped_oof_selected,3,0.3352332830442491,
TMHINT-QI,per_representation_grouped_oof_selected,4,0.3720480986953975,
TMHINT-QI,per_representation_grouped_oof_selected,5,0.329300856449473,
TMHINT-QI,per_representation_grouped_oof_selected,6,0.3688272312344605,
TMHINT-QI,per_representation_grouped_oof_selected,7,0.329300856449473,
TMHINT-QI,per_representation_grouped_oof_selected,8,0.3604588311228954,
TMHINT-QI,per_representation_grouped_oof_selected,9,0.3247402879823343,
TMHINT-QI,per_representation_grouped_oof_selected,10,0.353950908355119,
TMHINT-QI,per_representation_grouped_oof_selected,11,0.3247402879823343,
TMHINT-QI,per_representation_grouped_oof_selected,12,0.3437065702362911,
TMHINT-QI,per_representation_grouped_oof_selected,13,0.3234159109712843,
TMHINT-QI,per_representation_grouped_oof_selected,14,0.3437065702362911,
TMHINT-QI,per_representation_grouped_oof_selected,15,0.323415909394291,
TMHINT-QI,per_representation_grouped_oof_selected,16,0.9943866911772506,
TMHINT-QI,per_representation_grouped_oof_selected,17,0.3365776832493373,
TMHINT-QI,per_representation_grouped_oof_selected,18,0.4380052827372077,
TMHINT-QI,per_representation_grouped_oof_selected,19,0.3352332830442491,
TMHINT-QI,per_representation_grouped_oof_selected,20,0.3720480986953975,
TMHINT-QI,per_representation_grouped_oof_selected,21,0.329300856449473,
TMHINT-QI,per_representation_grouped_oof_selected,22,0.3688272312344605,
TMHINT-QI,per_representation_grouped_oof_selected,23,0.329300856449473,
TMHINT-QI,per_representation_grouped_oof_selected,24,0.3604588311228954,
TMHINT-QI,per_representation_grouped_oof_selected,25,0.3247402879823343,
TMHINT-QI,per_representation_grouped_oof_selected,26,0.353950908355119,
TMHINT-QI,per_representation_grouped_oof_selected,27,0.3247402879823343,
TMHINT-QI,per_representation_grouped_oof_selected,28,0.3437065702362911,
TMHINT-QI,per_representation_grouped_oof_selected,29,0.3234159109712756,
TMHINT-QI,per_representation_grouped_oof_selected,30,0.3437065702362911,
TMHINT-QI,per_representation_grouped_oof_selected,31,0.323415910971288,
TMHINT-QI,per_representation_grouped_oof_selected,32,0.5000069893308314,
TMHINT-QI,per_representation_grouped_oof_selected,33,0.3365776832493373,
TMHINT-QI,per_representation_grouped_oof_selected,34,0.4131283483480361,
TMHINT-QI,per_representation_grouped_oof_selected,35,0.3352332830442492,
TMHINT-QI,per_representation_grouped_oof_selected,36,0.3671751340032171,
TMHINT-QI,per_representation_grouped_oof_selected,37,0.329300856449473,
TMHINT-QI,per_representation_grouped_oof_selected,38,0.3659751090019187,
TMHINT-QI,per_representation_grouped_oof_selected,39,0.329300856449473,
TMHINT-QI,per_representation_grouped_oof_selected,40,0.3577343569964043,
TMHINT-QI,per_representation_grouped_oof_selected,41,0.3247402879823343,
TMHINT-QI,per_representation_grouped_oof_selected,42,0.3534601316427161,
TMHINT-QI,per_representation_grouped_oof_selected,43,0.3247402879823343,
TMHINT-QI,per_representation_grouped_oof_selected,44,0.3437065702362911,
TMHINT-QI,per_representation_grouped_oof_selected,45,0.3234159109712855,
TMHINT-QI,per_representation_grouped_oof_selected,46,0.3437065702362911,
TMHINT-QI,per_representation_grouped_oof_selected,47,0.3234159109712887,
TMHINT-QI,per_representation_grouped_oof_selected,48,0.5027897094866688,
TMHINT-QI,per_representation_grouped_oof_selected,49,0.3365776832493373,
TMHINT-QI,per_representation_grouped_oof_selected,50,0.4131283483480361,
TMHINT-QI,per_representation_grouped_oof_selected,51,0.3352332830442492,
TMHINT-QI,per_representation_grouped_oof_selected,52,0.367175134003217,
TMHINT-QI,per_representation_grouped_oof_selected,53,0.329300856449473,
TMHINT-QI,per_representation_grouped_oof_selected,54,0.3659750989604578,
TMHINT-QI,per_representation_grouped_oof_selected,55,0.329300856449473,
TMHINT-QI,per_representation_grouped_oof_selected,56,0.3577343569964044,
TMHINT-QI,per_representation_grouped_oof_selected,57,0.3247402879823343,
TMHINT-QI,per_representation_grouped_oof_selected,58,0.3534601314878058,
TMHINT-QI,per_representation_grouped_oof_selected,59,0.3247402879823343,
TMHINT-QI,per_representation_grouped_oof_selected,60,0.3437065702362911,
TMHINT-QI,per_representation_grouped_oof_selected,61,0.3234159109712691,
TMHINT-QI,per_representation_grouped_oof_selected,62,0.3437065702362911,
TMHINT-QI,per_representation_grouped_oof_selected,63,0.3234159109712887,
TMHINT-QI,per_representation_grouped_oof_selected,64,0.9943866911772506,
TMHINT-QI,per_representation_grouped_oof_selected,65,0.3365776832493373,
TMHINT-QI,per_representation_grouped_oof_selected,66,0.4380052827372077,
TMHINT-QI,per_representation_grouped_oof_selected,67,0.3352332830442491,
TMHINT-QI,per_representation_grouped_oof_selected,68,0.3720480986953975,
TMHINT-QI,per_representation_grouped_oof_selected,69,0.329300856449473,
TMHINT-QI,per_representation_grouped_oof_selected,70,0.3688272312344605,
TMHINT-QI,per_representation_grouped_oof_selected,71,0.329300856449473,
TMHINT-QI,per_representation_grouped_oof_selected,72,0.3604588311228954,
TMHINT-QI,per_representation_grouped_oof_selected,73,0.3247402879823343,
TMHINT-QI,per_representation_grouped_oof_selected,74,0.353950908355119,
TMHINT-QI,per_representation_grouped_oof_selected,75,0.3247402879823343,
TMHINT-QI,per_representation_grouped_oof_selected,76,0.3437065702362911,
TMHINT-QI,per_representation_grouped_oof_selected,77,0.3234159109712756,
TMHINT-QI,per_representation_grouped_oof_selected,78,0.3437065702362911,
TMHINT-QI,per_representation_grouped_oof_selected,79,0.323415910971288,
TMHINT-QI,per_representation_grouped_oof_selected,80,0.9943866911772506,
TMHINT-QI,per_representation_grouped_oof_selected,81,0.3365776832493373,
TMHINT-QI,per_representation_grouped_oof_selected,82,0.4380052827372078,
TMHINT-QI,per_representation_grouped_oof_selected,83,0.3352332830442492,
TMHINT-QI,per_representation_grouped_oof_selected,84,0.3720480986953975,
TMHINT-QI,per_representation_grouped_oof_selected,85,0.329300856449473,
TMHINT-QI,per_representation_grouped_oof_selected,86,0.3688272312344604,
TMHINT-QI,per_representation_grouped_oof_selected,87,0.329300856449473,
TMHINT-QI,per_representation_grouped_oof_selected,88,0.3604588311228954,
TMHINT-QI,per_representation_grouped_oof_selected,89,0.3247402879823343,
TMHINT-QI,per_representation_grouped_oof_selected,90,0.353950908355119,
TMHINT-QI,per_representation_grouped_oof_selected,91,0.3247402879823343,
TMHINT-QI,per_representation_grouped_oof_selected,92,0.3437065702362911,
TMHINT-QI,per_representation_grouped_oof_selected,93,0.3234159109712884,
TMHINT-QI,per_representation_grouped_oof_selected,94,0.3437065702362911,
TMHINT-QI,per_representation_grouped_oof_selected,95,0.3234159109712827,
TMHINT-QI,per_representation_grouped_oof_selected,96,0.5027897094866688,
TMHINT-QI,per_representation_grouped_oof_selected,97,0.3365776832493372,
TMHINT-QI,per_representation_grouped_oof_selected,98,0.4131283483480361,
TMHINT-QI,per_representation_grouped_oof_selected,99,0.3352332830442491,
TMHINT-QI,per_representation_grouped_oof_selected,100,0.367175134003217,
TMHINT-QI,per_representation_grouped_oof_selected,101,0.329300856449473,
TMHINT-QI,per_representation_grouped_oof_selected,102,0.3659750989604578,
TMHINT-QI,per_representation_grouped_oof_selected,103,0.3293008564494731,
TMHINT-QI,per_representation_grouped_oof_selected,104,0.3577343569964044,
TMHINT-QI,per_representation_grouped_oof_selected,105,0.3247402879823343,
TMHINT-QI,per_representation_grouped_oof_selected,106,0.3534601314878058,
TMHINT-QI,per_representation_grouped_oof_selected,107,0.3247402879823343,
TMHINT-QI,per_representation_grouped_oof_selected,108,0.3437065702362911,
TMHINT-QI,per_representation_grouped_oof_selected,109,0.3234159109712691,
TMHINT-QI,per_representation_grouped_oof_selected,110,0.3437065702362911,
TMHINT-QI,per_representation_grouped_oof_selected,111,0.3234159109712887,
TMHINT-QI,per_representation_grouped_oof_selected,112,0.5027897094866688,
TMHINT-QI,per_representation_grouped_oof_selected,113,0.3365776832493373,
TMHINT-QI,per_representation_grouped_oof_selected,114,0.4131283483480361,
TMHINT-QI,per_representation_grouped_oof_selected,115,0.3352332830442491,
TMHINT-QI,per_representation_grouped_oof_selected,116,0.367175134003217,
TMHINT-QI,per_representation_grouped_oof_selected,117,0.329300856449473,
TMHINT-QI,per_representation_grouped_oof_selected,118,0.3659751042151524,
TMHINT-QI,per_representation_grouped_oof_selected,119,0.329300856449473,
TMHINT-QI,per_representation_grouped_oof_selected,120,0.3577343569964044,
TMHINT-QI,per_representation_grouped_oof_selected,121,0.3247402879823343,
TMHINT-QI,per_representation_grouped_oof_selected,122,0.3534601518056202,
TMHINT-QI,per_representation_grouped_oof_selected,123,0.3247402879823343,
TMHINT-QI,per_representation_grouped_oof_selected,124,0.3437065702362911,
TMHINT-QI,per_representation_grouped_oof_selected,125,0.3234159109710817,
TMHINT-QI,per_representation_grouped_oof_selected,126,0.3437065702362911,
TMHINT-QI,per_representation_grouped_oof_selected,127,0.3234159109712887,
TMHINT-QI,per_representation_grouped_oof_selected,128,0.9570479088737244,
TMHINT-QI,per_representation_grouped_oof_selected,129,0.3365776832493373,
TMHINT-QI,per_representation_grouped_oof_selected,130,0.4380052827372077,
TMHINT-QI,per_representation_grouped_oof_selected,131,0.3352332830442492,
TMHINT-QI,per_representation_grouped_oof_selected,132,0.3720480986953975,
TMHINT-QI,per_representation_grouped_oof_selected,133,0.329300856449473,
TMHINT-QI,per_representation_grouped_oof_selected,134,0.3688272312344604,
TMHINT-QI,per_representation_grouped_oof_selected,135,0.329300856449473,
TMHINT-QI,per_representation_grouped_oof_selected,136,0.3604588311228954,
TMHINT-QI,per_representation_grouped_oof_selected,137,0.3247402879823343,
TMHINT-QI,per_representation_grouped_oof_selected,138,0.3539509083551189,
TMHINT-QI,per_representation_grouped_oof_selected,139,0.3247402879823343,
TMHINT-QI,per_representation_grouped_oof_selected,140,0.3437065702362911,
TMHINT-QI,per_representation_grouped_oof_selected,141,0.3234159109712824,
TMHINT-QI,per_representation_grouped_oof_selected,142,0.3437065702362911,
TMHINT-QI,per_representation_grouped_oof_selected,143,0.323415910971288,
TMHINT-QI,per_representation_grouped_oof_selected,144,0.9570479088737244,
TMHINT-QI,per_representation_grouped_oof_selected,145,0.3365776832493373,
TMHINT-QI,per_representation_grouped_oof_selected,146,0.4380052827372077,
TMHINT-QI,per_representation_grouped_oof_selected,147,0.3352332830442492,
TMHINT-QI,per_representation_grouped_oof_selected,148,0.3720480986953975,
TMHINT-QI,per_representation_grouped_oof_selected,149,0.3293008564494731,
TMHINT-QI,per_representation_grouped_oof_selected,150,0.3688272312344604,
TMHINT-QI,per_representation_grouped_oof_selected,151,0.329300856449473,
TMHINT-QI,per_representation_grouped_oof_selected,152,0.3604588311228954,
TMHINT-QI,per_representation_grouped_oof_selected,153,0.3247402879823343,
TMHINT-QI,per_representation_grouped_oof_selected,154,0.3539509083551189,
TMHINT-QI,per_representation_grouped_oof_selected,155,0.3247402879823343,
TMHINT-QI,per_representation_grouped_oof_selected,156,0.3437065702362911,
TMHINT-QI,per_representation_grouped_oof_selected,157,0.3234159109712884,
TMHINT-QI,per_representation_grouped_oof_selected,158,0.3437065702362911,
TMHINT-QI,per_representation_grouped_oof_selected,159,0.3234159109712827,
TMHINT-QI,per_representation_grouped_oof_selected,160,0.5020571449236647,
TMHINT-QI,per_representation_grouped_oof_selected,161,0.3365776832493373,
TMHINT-QI,per_representation_grouped_oof_selected,162,0.413128348348036,
TMHINT-QI,per_representation_grouped_oof_selected,163,0.3352332830442492,
TMHINT-QI,per_representation_grouped_oof_selected,164,0.367175134003217,
TMHINT-QI,per_representation_grouped_oof_selected,165,0.329300856449473,
TMHINT-QI,per_representation_grouped_oof_selected,166,0.3659750929605365,
TMHINT-QI,per_representation_grouped_oof_selected,167,0.329300856449473,
TMHINT-QI,per_representation_grouped_oof_selected,168,0.3577343569964044,
TMHINT-QI,per_representation_grouped_oof_selected,169,0.3247402879823343,
TMHINT-QI,per_representation_grouped_oof_selected,170,0.3534601311906879,
TMHINT-QI,per_representation_grouped_oof_selected,171,0.3247402879823343,
TMHINT-QI,per_representation_grouped_oof_selected,172,0.3437065702362911,
TMHINT-QI,per_representation_grouped_oof_selected,173,0.3234159109712703,
TMHINT-QI,per_representation_grouped_oof_selected,174,0.3437065702362911,
TMHINT-QI,per_representation_grouped_oof_selected,175,0.3234159109712887,
TMHINT-QI,per_representation_grouped_oof_selected,176,0.5027897094866688,
TMHINT-QI,per_representation_grouped_oof_selected,177,0.3365776832493373,
TMHINT-QI,per_representation_grouped_oof_selected,178,0.4131283483480361,
TMHINT-QI,per_representation_grouped_oof_selected,179,0.3352332830442492,
TMHINT-QI,per_representation_grouped_oof_selected,180,0.367175134003217,
TMHINT-QI,per_representation_grouped_oof_selected,181,0.329300856449473,
TMHINT-QI,per_representation_grouped_oof_selected,182,0.3659751042028867,
TMHINT-QI,per_representation_grouped_oof_selected,183,0.329300856449473,
TMHINT-QI,per_representation_grouped_oof_selected,184,0.3577343569964044,
TMHINT-QI,per_representation_grouped_oof_selected,185,0.3247402879823343,
TMHINT-QI,per_representation_grouped_oof_selected,186,0.3534601509434342,
TMHINT-QI,per_representation_grouped_oof_selected,187,0.3247402879823343,
TMHINT-QI,per_representation_grouped_oof_selected,188,0.3437065702362911,
TMHINT-QI,per_representation_grouped_oof_selected,189,0.3234159109710826,
TMHINT-QI,per_representation_grouped_oof_selected,190,0.3437065702362911,
TMHINT-QI,per_representation_grouped_oof_selected,191,0.3234159109712887,
TMHINT-QI,per_representation_grouped_oof_selected,192,0.9570479088737244,
TMHINT-QI,per_representation_grouped_oof_selected,193,0.3365776832493373,
TMHINT-QI,per_representation_grouped_oof_selected,194,0.4380052827372077,
TMHINT-QI,per_representation_grouped_oof_selected,195,0.3352332830442492,
TMHINT-QI,per_representation_grouped_oof_selected,196,0.3720480986953975,
TMHINT-QI,per_representation_grouped_oof_selected,197,0.3293008564494731,
TMHINT-QI,per_representation_grouped_oof_selected,198,0.3688272312344604,
TMHINT-QI,per_representation_grouped_oof_selected,199,0.329300856449473,
TMHINT-QI,per_representation_grouped_oof_selected,200,0.3604588311228954,
TMHINT-QI,per_representation_grouped_oof_selected,201,0.3247402879823343,
TMHINT-QI,per_representation_grouped_oof_selected,202,0.3539509083551189,
TMHINT-QI,per_representation_grouped_oof_selected,203,0.3247402879823343,
TMHINT-QI,per_representation_grouped_oof_selected,204,0.3437065702362911,
TMHINT-QI,per_representation_grouped_oof_selected,205,0.3234159109712884,
TMHINT-QI,per_representation_grouped_oof_selected,206,0.3437065702362911,
TMHINT-QI,per_representation_grouped_oof_selected,207,0.3234159109712827,
TMHINT-QI,per_representation_grouped_oof_selected,208,0.9570479088737244,
TMHINT-QI,per_representation_grouped_oof_selected,209,0.3365776832493373,
TMHINT-QI,per_representation_grouped_oof_selected,210,0.4380052827372077,
TMHINT-QI,per_representation_grouped_oof_selected,211,0.3352332830442491,
TMHINT-QI,per_representation_grouped_oof_selected,212,0.3720480986953975,
TMHINT-QI,per_representation_grouped_oof_selected,213,0.329300856449473,
TMHINT-QI,per_representation_grouped_oof_selected,214,0.3688272312344604,
TMHINT-QI,per_representation_grouped_oof_selected,215,0.329300856449473,
TMHINT-QI,per_representation_grouped_oof_selected,216,0.3604588311228954,
TMHINT-QI,per_representation_grouped_oof_selected,217,0.3247402879823343,
TMHINT-QI,per_representation_grouped_oof_selected,218,0.3539509083551189,
TMHINT-QI,per_representation_grouped_oof_selected,219,0.3247402879823343,
TMHINT-QI,per_representation_grouped_oof_selected,220,0.3437065702362911,
TMHINT-QI,per_representation_grouped_oof_selected,221,0.3234159109712886,
TMHINT-QI,per_representation_grouped_oof_selected,222,0.3437065702362911,
TMHINT-QI,per_representation_grouped_oof_selected,223,0.3234159109712614,
TMHINT-QI,per_representation_grouped_oof_selected,224,0.5027897094866688,
TMHINT-QI,per_representation_grouped_oof_selected,225,0.3365776832493373,
TMHINT-QI,per_representation_grouped_oof_selected,226,0.4131283483480361,
TMHINT-QI,per_representation_grouped_oof_selected,227,0.3352332830442492,
TMHINT-QI,per_representation_grouped_oof_selected,228,0.367175134003217,
TMHINT-QI,per_representation_grouped_oof_selected,229,0.329300856449473,
TMHINT-QI,per_representation_grouped_oof_selected,230,0.3659751042028867,
TMHINT-QI,per_representation_grouped_oof_selected,231,0.329300856449473,
TMHINT-QI,per_representation_grouped_oof_selected,232,0.3577343569964044,
TMHINT-QI,per_representation_grouped_oof_selected,233,0.3247402879823343,
TMHINT-QI,per_representation_grouped_oof_selected,234,0.3534601509434342,
TMHINT-QI,per_representation_grouped_oof_selected,235,0.3247402879823343,
TMHINT-QI,per_representation_grouped_oof_selected,236,0.3437065702362911,
TMHINT-QI,per_representation_grouped_oof_selected,237,0.3234159109710826,
TMHINT-QI,per_representation_grouped_oof_selected,238,0.3437065702362911,
TMHINT-QI,per_representation_grouped_oof_selected,239,0.3234159109712887,
TMHINT-QI,per_representation_grouped_oof_selected,240,0.5027897094866687,
TMHINT-QI,per_representation_grouped_oof_selected,241,0.3365776832493373,
TMHINT-QI,per_representation_grouped_oof_selected,242,0.4131283483480361,
TMHINT-QI,per_representation_grouped_oof_selected,243,0.3352332830442492,
TMHINT-QI,per_representation_grouped_oof_selected,244,0.367175134003217,
TMHINT-QI,per_representation_grouped_oof_selected,245,0.329300856449473,
TMHINT-QI,per_representation_grouped_oof_selected,246,0.3659751041090545,
TMHINT-QI,per_representation_grouped_oof_selected,247,0.329300856449473,
TMHINT-QI,per_representation_grouped_oof_selected,248,0.3577343569964044,
TMHINT-QI,per_representation_grouped_oof_selected,249,0.3247402879823343,
TMHINT-QI,per_representation_grouped_oof_selected,250,0.353460151475779,
TMHINT-QI,per_representation_grouped_oof_selected,251,0.3247402879823344,
TMHINT-QI,per_representation_grouped_oof_selected,252,0.3437065702362911,
TMHINT-QI,per_representation_grouped_oof_selected,253,0.3234159109712887,
TMHINT-QI,per_representation_grouped_oof_selected,254,0.3437065702362911,
TMHINT-QI,per_representation_grouped_oof_selected,255,0.3234159109712887,
TMHINT-QI,per_representation_grouped_oof_selected,256,0.3973780799577321,
TMHINT-QI,per_representation_grouped_oof_selected,257,0.3304360960515765,
TMHINT-QI,per_representation_grouped_oof_selected,258,0.3783787724880103,
TMHINT-QI,per_representation_grouped_oof_selected,259,0.3304360960515764,
TMHINT-QI,per_representation_grouped_oof_selected,260,0.3551978639952886,
TMHINT-QI,per_representation_grouped_oof_selected,261,0.3275384890834552,
TMHINT-QI,per_representation_grouped_oof_selected,262,0.3549953647573084,
TMHINT-QI,per_representation_grouped_oof_selected,263,0.3275384844717104,
TMHINT-QI,per_representation_grouped_oof_selected,264,0.3551814494669302,
TMHINT-QI,per_representation_grouped_oof_selected,265,0.3251383616046427,
TMHINT-QI,per_representation_grouped_oof_selected,266,0.3520897745472911,
TMHINT-QI,per_representation_grouped_oof_selected,267,0.3251383923374293,
TMHINT-QI,per_representation_grouped_oof_selected,268,0.3428503916745364,
TMHINT-QI,per_representation_grouped_oof_selected,269,0.3240014718972089,
TMHINT-QI,per_representation_grouped_oof_selected,270,0.3428504070881216,
TMHINT-QI,per_representation_grouped_oof_selected,271,0.3240014602797113,
TMHINT-QI,per_representation_grouped_oof_selected,272,0.3968836699729578,
TMHINT-QI,per_representation_grouped_oof_selected,273,0.3304360960515765,
TMHINT-QI,per_representation_grouped_oof_selected,274,0.3783787724880103,
TMHINT-QI,per_representation_grouped_oof_selected,275,0.3304360960515765,
TMHINT-QI,per_representation_grouped_oof_selected,276,0.3551978639952887,
TMHINT-QI,per_representation_grouped_oof_selected,277,0.3275384859556608,
TMHINT-QI,per_representation_grouped_oof_selected,278,0.3549953746622697,
TMHINT-QI,per_representation_grouped_oof_selected,279,0.3275384888520577,
TMHINT-QI,per_representation_grouped_oof_selected,280,0.3551814494669301,
TMHINT-QI,per_representation_grouped_oof_selected,281,0.3251383540058001,
TMHINT-QI,per_representation_grouped_oof_selected,282,0.352089758640116,
TMHINT-QI,per_representation_grouped_oof_selected,283,0.3251383619359686,
TMHINT-QI,per_representation_grouped_oof_selected,284,0.3428503998917339,
TMHINT-QI,per_representation_grouped_oof_selected,285,0.3240014706862416,
TMHINT-QI,per_representation_grouped_oof_selected,286,0.3428503971798384,
TMHINT-QI,per_representation_grouped_oof_selected,287,0.3240014770538247,
TMHINT-QI,per_representation_grouped_oof_selected,288,0.384172648897203,
TMHINT-QI,per_representation_grouped_oof_selected,289,0.3304360960515765,
TMHINT-QI,per_representation_grouped_oof_selected,290,0.3748642940157619,
TMHINT-QI,per_representation_grouped_oof_selected,291,0.3304360960515765,
TMHINT-QI,per_representation_grouped_oof_selected,292,0.3543804790965453,
TMHINT-QI,per_representation_grouped_oof_selected,293,0.3275384972508106,
TMHINT-QI,per_representation_grouped_oof_selected,294,0.3543662323648254,
TMHINT-QI,per_representation_grouped_oof_selected,295,0.3275384789028465,
TMHINT-QI,per_representation_grouped_oof_selected,296,0.3540536069386364,
TMHINT-QI,per_representation_grouped_oof_selected,297,0.3251383630697352,
TMHINT-QI,per_representation_grouped_oof_selected,298,0.3518849423052955,
TMHINT-QI,per_representation_grouped_oof_selected,299,0.3251383685353236,
TMHINT-QI,per_representation_grouped_oof_selected,300,0.3428504086478791,
TMHINT-QI,per_representation_grouped_oof_selected,301,0.3240014755060649,
TMHINT-QI,per_representation_grouped_oof_selected,302,0.3428504083770762,
TMHINT-QI,per_representation_grouped_oof_selected,303,0.3240014594291735,
TMHINT-QI,per_representation_grouped_oof_selected,304,0.384172648897203,
TMHINT-QI,per_representation_grouped_oof_selected,305,0.3304360960515765,
TMHINT-QI,per_representation_grouped_oof_selected,306,0.374864264950083,
TMHINT-QI,per_representation_grouped_oof_selected,307,0.3304360960515765,
TMHINT-QI,per_representation_grouped_oof_selected,308,0.3543804684884494,
TMHINT-QI,per_representation_grouped_oof_selected,309,0.3275384885600259,
TMHINT-QI,per_representation_grouped_oof_selected,310,0.3543662318221214,
TMHINT-QI,per_representation_grouped_oof_selected,311,0.3275384841314612,
TMHINT-QI,per_representation_grouped_oof_selected,312,0.3540536061542892,
TMHINT-QI,per_representation_grouped_oof_selected,313,0.3251383625283648,
TMHINT-QI,per_representation_grouped_oof_selected,314,0.351884936399395,
TMHINT-QI,per_representation_grouped_oof_selected,315,0.3251383607670091,
TMHINT-QI,per_representation_grouped_oof_selected,316,0.3428504085991512,
TMHINT-QI,per_representation_grouped_oof_selected,317,0.3240014613070834,
TMHINT-QI,per_representation_grouped_oof_selected,318,0.3428504013251726,
TMHINT-QI,per_representation_grouped_oof_selected,319,0.3240014623384713,
TMHINT-QI,per_representation_grouped_oof_selected,320,0.3968836699729578,
TMHINT-QI,per_representation_grouped_oof_selected,321,0.3304360960515765,
TMHINT-QI,per_representation_grouped_oof_selected,322,0.3783787724880103,
TMHINT-QI,per_representation_grouped_oof_selected,323,0.3304360960515765,
TMHINT-QI,per_representation_grouped_oof_selected,324,0.3551978639952887,
TMHINT-QI,per_representation_grouped_oof_selected,325,0.3275384859556608,
TMHINT-QI,per_representation_grouped_oof_selected,326,0.3549953746622697,
TMHINT-QI,per_representation_grouped_oof_selected,327,0.3275384888520577,
TMHINT-QI,per_representation_grouped_oof_selected,328,0.3551814494669301,
TMHINT-QI,per_representation_grouped_oof_selected,329,0.3251383540058001,
TMHINT-QI,per_representation_grouped_oof_selected,330,0.352089758640116,
TMHINT-QI,per_representation_grouped_oof_selected,331,0.3251383619359686,
TMHINT-QI,per_representation_grouped_oof_selected,332,0.3428503998917339,
TMHINT-QI,per_representation_grouped_oof_selected,333,0.3240014706862416,
TMHINT-QI,per_representation_grouped_oof_selected,334,0.3428503971798384,
TMHINT-QI,per_representation_grouped_oof_selected,335,0.3240014770538247,
TMHINT-QI,per_representation_grouped_oof_selected,336,0.3968836699729578,
TMHINT-QI,per_representation_grouped_oof_selected,337,0.3304360960515764,
TMHINT-QI,per_representation_grouped_oof_selected,338,0.3783787724880103,
TMHINT-QI,per_representation_grouped_oof_selected,339,0.3304360960515765,
TMHINT-QI,per_representation_grouped_oof_selected,340,0.3551978639952886,
TMHINT-QI,per_representation_grouped_oof_selected,341,0.3275384881812129,
TMHINT-QI,per_representation_grouped_oof_selected,342,0.3549953703099787,
TMHINT-QI,per_representation_grouped_oof_selected,343,0.3275384991800995,
TMHINT-QI,per_representation_grouped_oof_selected,344,0.3551814494669302,
TMHINT-QI,per_representation_grouped_oof_selected,345,0.3251383619405696,
TMHINT-QI,per_representation_grouped_oof_selected,346,0.3520897546520708,
TMHINT-QI,per_representation_grouped_oof_selected,347,0.3251383618072662,
TMHINT-QI,per_representation_grouped_oof_selected,348,0.3428503907998395,
TMHINT-QI,per_representation_grouped_oof_selected,349,0.3240014700348595,
TMHINT-QI,per_representation_grouped_oof_selected,350,0.3428504074227933,
TMHINT-QI,per_representation_grouped_oof_selected,351,0.324001464298883,
TMHINT-QI,per_representation_grouped_oof_selected,352,0.384172648897203,
TMHINT-QI,per_representation_grouped_oof_selected,353,0.3304360960515765,
TMHINT-QI,per_representation_grouped_oof_selected,354,0.374864264950083,
TMHINT-QI,per_representation_grouped_oof_selected,355,0.3304360960515765,
TMHINT-QI,per_representation_grouped_oof_selected,356,0.3543804684884494,
TMHINT-QI,per_representation_grouped_oof_selected,357,0.3275384885600259,
TMHINT-QI,per_representation_grouped_oof_selected,358,0.3543662318221214,
TMHINT-QI,per_representation_grouped_oof_selected,359,0.3275384841314612,
TMHINT-QI,per_representation_grouped_oof_selected,360,0.3540536061542892,
TMHINT-QI,per_representation_grouped_oof_selected,361,0.3251383625283648,
TMHINT-QI,per_representation_grouped_oof_selected,362,0.351884936399395,
TMHINT-QI,per_representation_grouped_oof_selected,363,0.3251383607670091,
TMHINT-QI,per_representation_grouped_oof_selected,364,0.3428504085991512,
TMHINT-QI,per_representation_grouped_oof_selected,365,0.3240014613070835,
TMHINT-QI,per_representation_grouped_oof_selected,366,0.3428504013251726,
TMHINT-QI,per_representation_grouped_oof_selected,367,0.3240014623384713,
TMHINT-QI,per_representation_grouped_oof_selected,368,0.384172648897203,
TMHINT-QI,per_representation_grouped_oof_selected,369,0.3304360960515765,
TMHINT-QI,per_representation_grouped_oof_selected,370,0.3748642824522588,
TMHINT-QI,per_representation_grouped_oof_selected,371,0.3304360960515765,
TMHINT-QI,per_representation_grouped_oof_selected,372,0.3543804758121784,
TMHINT-QI,per_representation_grouped_oof_selected,373,0.3275384835173533,
TMHINT-QI,per_representation_grouped_oof_selected,374,0.3543662303518495,
TMHINT-QI,per_representation_grouped_oof_selected,375,0.3275385072838977,
TMHINT-QI,per_representation_grouped_oof_selected,376,0.3540535978717324,
TMHINT-QI,per_representation_grouped_oof_selected,377,0.3251383619846926,
TMHINT-QI,per_representation_grouped_oof_selected,378,0.3518849334418694,
TMHINT-QI,per_representation_grouped_oof_selected,379,0.3251383576907349,
TMHINT-QI,per_representation_grouped_oof_selected,380,0.3428504077291845,
TMHINT-QI,per_representation_grouped_oof_selected,381,0.3240014597049102,
TMHINT-QI,per_representation_grouped_oof_selected,382,0.3428504088915752,
TMHINT-QI,per_representation_grouped_oof_selected,383,0.3240014640413589,
TMHINT-QI,per_representation_grouped_oof_selected,384,0.3966758026900078,
TMHINT-QI,per_representation_grouped_oof_selected,385,0.3304360960515765,
TMHINT-QI,per_representation_grouped_oof_selected,386,0.3783787724880102,
TMHINT-QI,per_representation_grouped_oof_selected,387,0.3304360960515765,
TMHINT-QI,per_representation_grouped_oof_selected,388,0.3551978639952887,
TMHINT-QI,per_representation_grouped_oof_selected,389,0.3275384835334547,
TMHINT-QI,per_representation_grouped_oof_selected,390,0.3549953762082051,
TMHINT-QI,per_representation_grouped_oof_selected,391,0.3275384886805211,
TMHINT-QI,per_representation_grouped_oof_selected,392,0.3551814494669302,
TMHINT-QI,per_representation_grouped_oof_selected,393,0.3251383536153277,
TMHINT-QI,per_representation_grouped_oof_selected,394,0.3520897744922655,
TMHINT-QI,per_representation_grouped_oof_selected,395,0.3251383619643366,
TMHINT-QI,per_representation_grouped_oof_selected,396,0.3428504076073642,
TMHINT-QI,per_representation_grouped_oof_selected,397,0.3240014706922697,
TMHINT-QI,per_representation_grouped_oof_selected,398,0.3428503971615279,
TMHINT-QI,per_representation_grouped_oof_selected,399,0.3240014765790313,
TMHINT-QI,per_representation_grouped_oof_selected,400,0.3966758026900078,
TMHINT-QI,per_representation_grouped_oof_selected,401,0.3304360960515765,
TMHINT-QI,per_representation_grouped_oof_selected,402,0.3783787724880103,
TMHINT-QI,per_representation_grouped_oof_selected,403,0.3304360960515765,
TMHINT-QI,per_representation_grouped_oof_selected,404,0.3551978639952886,
TMHINT-QI,per_representation_grouped_oof_selected,405,0.3275384881860963,
TMHINT-QI,per_representation_grouped_oof_selected,406,0.3549953703947066,
TMHINT-QI,per_representation_grouped_oof_selected,407,0.3275384989276872,
TMHINT-QI,per_representation_grouped_oof_selected,408,0.3551814494669301,
TMHINT-QI,per_representation_grouped_oof_selected,409,0.3251383619719278,
TMHINT-QI,per_representation_grouped_oof_selected,410,0.3520897546263404,
TMHINT-QI,per_representation_grouped_oof_selected,411,0.3251383618334787,
TMHINT-QI,per_representation_grouped_oof_selected,412,0.3428503905961892,
TMHINT-QI,per_representation_grouped_oof_selected,413,0.3240014700341106,
TMHINT-QI,per_representation_grouped_oof_selected,414,0.3428504074332428,
TMHINT-QI,per_representation_grouped_oof_selected,415,0.3240014640516036,
TMHINT-QI,per_representation_grouped_oof_selected,416,0.384172648897203,
TMHINT-QI,per_representation_grouped_oof_selected,417,0.3304360960515765,
TMHINT-QI,per_representation_grouped_oof_selected,418,0.3748642644910003,
TMHINT-QI,per_representation_grouped_oof_selected,419,0.3304360960515764,
TMHINT-QI,per_representation_grouped_oof_selected,420,0.3543804596768445,
TMHINT-QI,per_representation_grouped_oof_selected,421,0.3275384877455073,
TMHINT-QI,per_representation_grouped_oof_selected,422,0.3543662317730659,
TMHINT-QI,per_representation_grouped_oof_selected,423,0.3275384840197341,
TMHINT-QI,per_representation_grouped_oof_selected,424,0.3540536048110804,
TMHINT-QI,per_representation_grouped_oof_selected,425,0.3251383625342655,
TMHINT-QI,per_representation_grouped_oof_selected,426,0.3518849354127468,
TMHINT-QI,per_representation_grouped_oof_selected,427,0.3251383608637132,
TMHINT-QI,per_representation_grouped_oof_selected,428,0.3428504085957145,
TMHINT-QI,per_representation_grouped_oof_selected,429,0.3240014612151813,
TMHINT-QI,per_representation_grouped_oof_selected,430,0.3428504001492137,
TMHINT-QI,per_representation_grouped_oof_selected,431,0.3240014623380636,
TMHINT-QI,per_representation_grouped_oof_selected,432,0.384172648897203,
TMHINT-QI,per_representation_grouped_oof_selected,433,0.3304360960515765,
TMHINT-QI,per_representation_grouped_oof_selected,434,0.3748642838123757,
TMHINT-QI,per_representation_grouped_oof_selected,435,0.3304360960515765,
TMHINT-QI,per_representation_grouped_oof_selected,436,0.3543804758121193,
TMHINT-QI,per_representation_grouped_oof_selected,437,0.3275384835173732,
TMHINT-QI,per_representation_grouped_oof_selected,438,0.3543662302547691,
TMHINT-QI,per_representation_grouped_oof_selected,439,0.3275385073448836,
TMHINT-QI,per_representation_grouped_oof_selected,440,0.3540535977063556,
TMHINT-QI,per_representation_grouped_oof_selected,441,0.3251383619824065,
TMHINT-QI,per_representation_grouped_oof_selected,442,0.3518849323949952,
TMHINT-QI,per_representation_grouped_oof_selected,443,0.3251383579112062,
TMHINT-QI,per_representation_grouped_oof_selected,444,0.3428504076385092,
TMHINT-QI,per_representation_grouped_oof_selected,445,0.3240014596502651,
TMHINT-QI,per_representation_grouped_oof_selected,446,0.3428504089232726,
TMHINT-QI,per_representation_grouped_oof_selected,447,0.3240014754453703,
TMHINT-QI,per_representation_grouped_oof_selected,448,0.3966758026900078,
TMHINT-QI,per_representation_grouped_oof_selected,449,0.3304360960515765,
TMHINT-QI,per_representation_grouped_oof_selected,450,0.3783787724880103,
TMHINT-QI,per_representation_grouped_oof_selected,451,0.3304360960515765,
TMHINT-QI,per_representation_grouped_oof_selected,452,0.3551978639952886,
TMHINT-QI,per_representation_grouped_oof_selected,453,0.3275384881860963,
TMHINT-QI,per_representation_grouped_oof_selected,454,0.3549953703947066,
TMHINT-QI,per_representation_grouped_oof_selected,455,0.3275384989276872,
TMHINT-QI,per_representation_grouped_oof_selected,456,0.3551814494669301,
TMHINT-QI,per_representation_grouped_oof_selected,457,0.3251383619719278,
TMHINT-QI,per_representation_grouped_oof_selected,458,0.3520897546263404,
TMHINT-QI,per_representation_grouped_oof_selected,459,0.3251383618334787,
TMHINT-QI,per_representation_grouped_oof_selected,460,0.3428503905961892,
TMHINT-QI,per_representation_grouped_oof_selected,461,0.3240014700341106,
TMHINT-QI,per_representation_grouped_oof_selected,462,0.3428504074332428,
TMHINT-QI,per_representation_grouped_oof_selected,463,0.3240014640516036,
TMHINT-QI,per_representation_grouped_oof_selected,464,0.3966758026900078,
TMHINT-QI,per_representation_grouped_oof_selected,465,0.3304360960515765,
TMHINT-QI,per_representation_grouped_oof_selected,466,0.3783787724880103,
TMHINT-QI,per_representation_grouped_oof_selected,467,0.3304360960515765,
TMHINT-QI,per_representation_grouped_oof_selected,468,0.3551978639952887,
TMHINT-QI,per_representation_grouped_oof_selected,469,0.3275384882330682,
TMHINT-QI,per_representation_grouped_oof_selected,470,0.3549953716409683,
TMHINT-QI,per_representation_grouped_oof_selected,471,0.3275384949646165,
TMHINT-QI,per_representation_grouped_oof_selected,472,0.3551814494669302,
TMHINT-QI,per_representation_grouped_oof_selected,473,0.3251383621527701,
TMHINT-QI,per_representation_grouped_oof_selected,474,0.3520897667634481,
TMHINT-QI,per_representation_grouped_oof_selected,475,0.3251383616447789,
TMHINT-QI,per_representation_grouped_oof_selected,476,0.3428503906408901,
TMHINT-QI,per_representation_grouped_oof_selected,477,0.3240014699415187,
TMHINT-QI,per_representation_grouped_oof_selected,478,0.3428504051879011,
TMHINT-QI,per_representation_grouped_oof_selected,479,0.3240014594425402,
TMHINT-QI,per_representation_grouped_oof_selected,480,0.384172648897203,
TMHINT-QI,per_representation_grouped_oof_selected,481,0.3304360960515765,
TMHINT-QI,per_representation_grouped_oof_selected,482,0.3748642838123757,
TMHINT-QI,per_representation_grouped_oof_selected,483,0.3304360960515765,
TMHINT-QI,per_representation_grouped_oof_selected,484,0.3543804758121193,
TMHINT-QI,per_representation_grouped_oof_selected,485,0.3275384835173732,
TMHINT-QI,per_representation_grouped_oof_selected,486,0.3543662302547691,
TMHINT-QI,per_representation_grouped_oof_selected,487,0.3275385073448836,
TMHINT-QI,per_representation_grouped_oof_selected,488,0.3540535977063556,
TMHINT-QI,per_representation_grouped_oof_selected,489,0.3251383619824065,
TMHINT-QI,per_representation_grouped_oof_selected,490,0.3518849323949952,
TMHINT-QI,per_representation_grouped_oof_selected,491,0.3251383579112063,
TMHINT-QI,per_representation_grouped_oof_selected,492,0.3428504076385092,
TMHINT-QI,per_representation_grouped_oof_selected,493,0.3240014596502651,
TMHINT-QI,per_representation_grouped_oof_selected,494,0.3428504089232725,
TMHINT-QI,per_representation_grouped_oof_selected,495,0.3240014754453704,
TMHINT-QI,per_representation_grouped_oof_selected,496,0.384172648897203,
TMHINT-QI,per_representation_grouped_oof_selected,497,0.3304360960515765,
TMHINT-QI,per_representation_grouped_oof_selected,498,0.3748642777187177,
TMHINT-QI,per_representation_grouped_oof_selected,499,0.3304360960515765,
TMHINT-QI,per_representation_grouped_oof_selected,500,0.3543804757870876,
TMHINT-QI,per_representation_grouped_oof_selected,501,0.3275384835196535,
TMHINT-QI,per_representation_grouped_oof_selected,502,0.3543662292301591,
TMHINT-QI,per_representation_grouped_oof_selected,503,0.3275385056084444,
TMHINT-QI,per_representation_grouped_oof_selected,504,0.3540536062618694,
TMHINT-QI,per_representation_grouped_oof_selected,505,0.3251383600855808,
TMHINT-QI,per_representation_grouped_oof_selected,506,0.3518849485336016,
TMHINT-QI,per_representation_grouped_oof_selected,507,0.3251383502132364,
TMHINT-QI,per_representation_grouped_oof_selected,508,0.3428504084755442,
TMHINT-QI,per_representation_grouped_oof_selected,509,0.3240014627782177,
TMHINT-QI,per_representation_grouped_oof_selected,510,0.3428504086920652,
TMHINT-QI,per_representation_grouped_oof_selected,511,0.3240014821369598,
TMHINT-QI,per_representation_grouped_oof_selected,512,0.5086081227220033,
TMHINT-QI,per_representation_grouped_oof_selected,513,0.3364839450554787,
TMHINT-QI,per_representation_grouped_oof_selected,514,0.4247927883203701,
TMHINT-QI,per_representation_grouped_oof_selected,515,0.3352332830442491,
TMHINT-QI,per_representation_grouped_oof_selected,516,0.3704655565654343,
TMHINT-QI,per_representation_grouped_oof_selected,517,0.329300856449473,
TMHINT-QI,per_representation_grouped_oof_selected,518,0.3685502072664028,
TMHINT-QI,per_representation_grouped_oof_selected,519,0.329300856449473,
TMHINT-QI,per_representation_grouped_oof_selected,520,0.3599487423702531,
TMHINT-QI,per_representation_grouped_oof_selected,521,0.3247402879823343,
TMHINT-QI,per_representation_grouped_oof_selected,522,0.353950908355119,
TMHINT-QI,per_representation_grouped_oof_selected,523,0.3247402879823343,
TMHINT-QI,per_representation_grouped_oof_selected,524,0.3437065702362911,
TMHINT-QI,per_representation_grouped_oof_selected,525,0.3234159109712716,
TMHINT-QI,per_representation_grouped_oof_selected,526,0.3437065702362911,
TMHINT-QI,per_representation_grouped_oof_selected,527,0.3234159109712886,
TMHINT-QI,per_representation_grouped_oof_selected,528,0.5086081227220033,
TMHINT-QI,per_representation_grouped_oof_selected,529,0.3364839450554788,
TMHINT-QI,per_representation_grouped_oof_selected,530,0.4247927883203701,
TMHINT-QI,per_representation_grouped_oof_selected,531,0.3352332830442492,
TMHINT-QI,per_representation_grouped_oof_selected,532,0.3704655565654343,
TMHINT-QI,per_representation_grouped_oof_selected,533,0.329300856449473,
TMHINT-QI,per_representation_grouped_oof_selected,534,0.3685502087739369,
TMHINT-QI,per_representation_grouped_oof_selected,535,0.329300856449473,
TMHINT-QI,per_representation_grouped_oof_selected,536,0.3599487423702531,
TMHINT-QI,per_representation_grouped_oof_selected,537,0.3247402879823343,
TMHINT-QI,per_representation_grouped_oof_selected,538,0.353950908355119,
TMHINT-QI,per_representation_grouped_oof_selected,539,0.3247402879823343,
TMHINT-QI,per_representation_grouped_oof_selected,540,0.3437065702362911,
TMHINT-QI,per_representation_grouped_oof_selected,541,0.3234159093086148,
TMHINT-QI,per_representation_grouped_oof_selected,542,0.3437065702362911,
TMHINT-QI,per_representation_grouped_oof_selected,543,0.3234159109712885,
TMHINT-QI,per_representation_grouped_oof_selected,544,0.445082659192248,
TMHINT-QI,per_representation_grouped_oof_selected,545,0.3364839450554787,
TMHINT-QI,per_representation_grouped_oof_selected,546,0.4095721478857816,
TMHINT-QI,per_representation_grouped_oof_selected,547,0.3352332830442492,
TMHINT-QI,per_representation_grouped_oof_selected,548,0.3669777912884817,
TMHINT-QI,per_representation_grouped_oof_selected,549,0.329300856449473,
TMHINT-QI,per_representation_grouped_oof_selected,550,0.3659858660613604,
TMHINT-QI,per_representation_grouped_oof_selected,551,0.329300856449473,
TMHINT-QI,per_representation_grouped_oof_selected,552,0.3577272698092636,
TMHINT-QI,per_representation_grouped_oof_selected,553,0.3247402879823343,
TMHINT-QI,per_representation_grouped_oof_selected,554,0.3534601281433019,
TMHINT-QI,per_representation_grouped_oof_selected,555,0.3247402879823343,
TMHINT-QI,per_representation_grouped_oof_selected,556,0.3437065702362911,
TMHINT-QI,per_representation_grouped_oof_selected,557,0.3234159109712873,
TMHINT-QI,per_representation_grouped_oof_selected,558,0.3437065702362911,
TMHINT-QI,per_representation_grouped_oof_selected,559,0.3234159109712869,
TMHINT-QI,per_representation_grouped_oof_selected,560,0.445082659192248,
TMHINT-QI,per_representation_grouped_oof_selected,561,0.3364839450554787,
TMHINT-QI,per_representation_grouped_oof_selected,562,0.4095721596176651,
TMHINT-QI,per_representation_grouped_oof_selected,563,0.3352332830442491,
TMHINT-QI,per_representation_grouped_oof_selected,564,0.3669777870680488,
TMHINT-QI,per_representation_grouped_oof_selected,565,0.329300856449473,
TMHINT-QI,per_representation_grouped_oof_selected,566,0.3659858659761821,
TMHINT-QI,per_representation_grouped_oof_selected,567,0.329300856449473,
TMHINT-QI,per_representation_grouped_oof_selected,568,0.357727265138253,
TMHINT-QI,per_representation_grouped_oof_selected,569,0.3247402879823343,
TMHINT-QI,per_representation_grouped_oof_selected,570,0.3534601314253788,
TMHINT-QI,per_representation_grouped_oof_selected,571,0.3247402879823343,
TMHINT-QI,per_representation_grouped_oof_selected,572,0.3437065702362911,
TMHINT-QI,per_representation_grouped_oof_selected,573,0.3234159109710972,
TMHINT-QI,per_representation_grouped_oof_selected,574,0.3437065702362911,
TMHINT-QI,per_representation_grouped_oof_selected,575,0.3234159109712887,
TMHINT-QI,per_representation_grouped_oof_selected,576,0.5086081227220033,
TMHINT-QI,per_representation_grouped_oof_selected,577,0.3364839450554788,
TMHINT-QI,per_representation_grouped_oof_selected,578,0.4247927883203701,
TMHINT-QI,per_representation_grouped_oof_selected,579,0.3352332830442492,
TMHINT-QI,per_representation_grouped_oof_selected,580,0.3704655565654343,
TMHINT-QI,per_representation_grouped_oof_selected,581,0.329300856449473,
TMHINT-QI,per_representation_grouped_oof_selected,582,0.3685502087739369,
TMHINT-QI,per_representation_grouped_oof_selected,583,0.329300856449473,
TMHINT-QI,per_representation_grouped_oof_selected,584,0.3599487423702531,
TMHINT-QI,per_representation_grouped_oof_selected,585,0.3247402879823343,
TMHINT-QI,per_representation_grouped_oof_selected,586,0.353950908355119,
TMHINT-QI,per_representation_grouped_oof_selected,587,0.3247402879823343,
TMHINT-QI,per_representation_grouped_oof_selected,588,0.3437065702362911,
TMHINT-QI,per_representation_grouped_oof_selected,589,0.3234159093086148,
TMHINT-QI,per_representation_grouped_oof_selected,590,0.3437065702362911,
TMHINT-QI,per_representation_grouped_oof_selected,591,0.3234159109712885,
TMHINT-QI,per_representation_grouped_oof_selected,592,0.5086081227220033,
TMHINT-QI,per_representation_grouped_oof_selected,593,0.3364839450554787,
TMHINT-QI,per_representation_grouped_oof_selected,594,0.42479278832037,
TMHINT-QI,per_representation_grouped_oof_selected,595,0.3352332830442491,
TMHINT-QI,per_representation_grouped_oof_selected,596,0.3704655565654343,
TMHINT-QI,per_representation_grouped_oof_selected,597,0.329300856449473,
TMHINT-QI,per_representation_grouped_oof_selected,598,0.3685502069895204,
TMHINT-QI,per_representation_grouped_oof_selected,599,0.3293008564494731,
TMHINT-QI,per_representation_grouped_oof_selected,600,0.3599487423702531,
TMHINT-QI,per_representation_grouped_oof_selected,601,0.3247402879823343,
TMHINT-QI,per_representation_grouped_oof_selected,602,0.3539509083551189,
TMHINT-QI,per_representation_grouped_oof_selected,603,0.3247402879823343,
TMHINT-QI,per_representation_grouped_oof_selected,604,0.3437065702362911,
TMHINT-QI,per_representation_grouped_oof_selected,605,0.3234159109712722,
TMHINT-QI,per_representation_grouped_oof_selected,606,0.3437065702362911,
TMHINT-QI,per_representation_grouped_oof_selected,607,0.3234159109712886,
TMHINT-QI,per_representation_grouped_oof_selected,608,0.445082659192248,
TMHINT-QI,per_representation_grouped_oof_selected,609,0.3364839450554787,
TMHINT-QI,per_representation_grouped_oof_selected,610,0.409572159617665,
TMHINT-QI,per_representation_grouped_oof_selected,611,0.3352332830442491,
TMHINT-QI,per_representation_grouped_oof_selected,612,0.3669777870680489,
TMHINT-QI,per_representation_grouped_oof_selected,613,0.329300856449473,
TMHINT-QI,per_representation_grouped_oof_selected,614,0.3659858659761822,
TMHINT-QI,per_representation_grouped_oof_selected,615,0.329300856449473,
TMHINT-QI,per_representation_grouped_oof_selected,616,0.357727265138253,
TMHINT-QI,per_representation_grouped_oof_selected,617,0.3247402879823343,
TMHINT-QI,per_representation_grouped_oof_selected,618,0.3534601314253788,
TMHINT-QI,per_representation_grouped_oof_selected,619,0.3247402879823343,
TMHINT-QI,per_representation_grouped_oof_selected,620,0.3437065702362911,
TMHINT-QI,per_representation_grouped_oof_selected,621,0.3234159109710972,
TMHINT-QI,per_representation_grouped_oof_selected,622,0.3437065702362911,
TMHINT-QI,per_representation_grouped_oof_selected,623,0.3234159109712887,
TMHINT-QI,per_representation_grouped_oof_selected,624,0.445082659192248,
TMHINT-QI,per_representation_grouped_oof_selected,625,0.3364839450554787,
TMHINT-QI,per_representation_grouped_oof_selected,626,0.4095721527980809,
TMHINT-QI,per_representation_grouped_oof_selected,627,0.3352332830442492,
TMHINT-QI,per_representation_grouped_oof_selected,628,0.3669777896909375,
TMHINT-QI,per_representation_grouped_oof_selected,629,0.329300856449473,
TMHINT-QI,per_representation_grouped_oof_selected,630,0.3659858658141756,
TMHINT-QI,per_representation_grouped_oof_selected,631,0.329300856449473,
TMHINT-QI,per_representation_grouped_oof_selected,632,0.3577272679417627,
TMHINT-QI,per_representation_grouped_oof_selected,633,0.3247402879823343,
TMHINT-QI,per_representation_grouped_oof_selected,634,0.3534601314190035,
TMHINT-QI,per_representation_grouped_oof_selected,635,0.3247402879823343,
TMHINT-QI,per_representation_grouped_oof_selected,636,0.3437065702362911,
TMHINT-QI,per_representation_grouped_oof_selected,637,0.3234159109711814,
TMHINT-QI,per_representation_grouped_oof_selected,638,0.3437065702362911,
TMHINT-QI,per_representation_grouped_oof_selected,639,0.3234159109712886,
TMHINT-QI,per_representation_grouped_oof_selected,640,0.5086081227220033,
TMHINT-QI,per_representation_grouped_oof_selected,641,0.3364839450554787,
TMHINT-QI,per_representation_grouped_oof_selected,642,0.42479278832037,
TMHINT-QI,per_representation_grouped_oof_selected,643,0.3352332830442492,
TMHINT-QI,per_representation_grouped_oof_selected,644,0.3704655565654343,
TMHINT-QI,per_representation_grouped_oof_selected,645,0.329300856449473,
TMHINT-QI,per_representation_grouped_oof_selected,646,0.3685502059805349,
TMHINT-QI,per_representation_grouped_oof_selected,647,0.329300856449473,
TMHINT-QI,per_representation_grouped_oof_selected,648,0.3599487423702531,
TMHINT-QI,per_representation_grouped_oof_selected,649,0.3247402879823343,
TMHINT-QI,per_representation_grouped_oof_selected,650,0.3539509083551189,
TMHINT-QI,per_representation_grouped_oof_selected,651,0.3247402879823343,
TMHINT-QI,per_representation_grouped_oof_selected,652,0.3437065702362911,
TMHINT-QI,per_representation_grouped_oof_selected,653,0.3234159046334039,
TMHINT-QI,per_representation_grouped_oof_selected,654,0.3437065702362911,
TMHINT-QI,per_representation_grouped_oof_selected,655,0.3234159109712885,
TMHINT-QI,per_representation_grouped_oof_selected,656,0.5086081227220033,
TMHINT-QI,per_representation_grouped_oof_selected,657,0.3364839450554787,
TMHINT-QI,per_representation_grouped_oof_selected,658,0.4247927883203701,
TMHINT-QI,per_representation_grouped_oof_selected,659,0.3352332830442492,
TMHINT-QI,per_representation_grouped_oof_selected,660,0.3704655565654343,
TMHINT-QI,per_representation_grouped_oof_selected,661,0.329300856449473,
TMHINT-QI,per_representation_grouped_oof_selected,662,0.3685502072545107,
TMHINT-QI,per_representation_grouped_oof_selected,663,0.329300856449473,
TMHINT-QI,per_representation_grouped_oof_selected,664,0.3599487423702531,
TMHINT-QI,per_representation_grouped_oof_selected,665,0.3247402879823343,
TMHINT-QI,per_representation_grouped_oof_selected,666,0.353950908355119,
TMHINT-QI,per_representation_grouped_oof_selected,667,0.3247402879823343,
TMHINT-QI,per_representation_grouped_oof_selected,668,0.3437065702362911,
TMHINT-QI,per_representation_grouped_oof_selected,669,0.3234159109712727,
TMHINT-QI,per_representation_grouped_oof_selected,670,0.3437065702362911,
TMHINT-QI,per_representation_grouped_oof_selected,671,0.3234159109712885,
TMHINT-QI,per_representation_grouped_oof_selected,672,0.445082659192248,
TMHINT-QI,per_representation_grouped_oof_selected,673,0.3364839450554787,
TMHINT-QI,per_representation_grouped_oof_selected,674,0.4095721550485409,
TMHINT-QI,per_representation_grouped_oof_selected,675,0.3352332830442492,
TMHINT-QI,per_representation_grouped_oof_selected,676,0.3669777873167849,
TMHINT-QI,per_representation_grouped_oof_selected,677,0.329300856449473,
TMHINT-QI,per_representation_grouped_oof_selected,678,0.3659858659770197,
TMHINT-QI,per_representation_grouped_oof_selected,679,0.329300856449473,
TMHINT-QI,per_representation_grouped_oof_selected,680,0.357727264958453,
TMHINT-QI,per_representation_grouped_oof_selected,681,0.3247402879823343,
TMHINT-QI,per_representation_grouped_oof_selected,682,0.3534601314330304,
TMHINT-QI,per_representation_grouped_oof_selected,683,0.3247402879823343,
TMHINT-QI,per_representation_grouped_oof_selected,684,0.3437065702362911,
TMHINT-QI,per_representation_grouped_oof_selected,685,0.3234159109710828,
TMHINT-QI,per_representation_grouped_oof_selected,686,0.3437065702362911,
TMHINT-QI,per_representation_grouped_oof_selected,687,0.3234159109712886,
TMHINT-QI,per_representation_grouped_oof_selected,688,0.445082659192248,
TMHINT-QI,per_representation_grouped_oof_selected,689,0.3364839450554787,
TMHINT-QI,per_representation_grouped_oof_selected,690,0.4095721527056957,
TMHINT-QI,per_representation_grouped_oof_selected,691,0.3352332830442492,
TMHINT-QI,per_representation_grouped_oof_selected,692,0.3669777897875869,
TMHINT-QI,per_representation_grouped_oof_selected,693,0.329300856449473,
TMHINT-QI,per_representation_grouped_oof_selected,694,0.3659858658289997,
TMHINT-QI,per_representation_grouped_oof_selected,695,0.329300856449473,
TMHINT-QI,per_representation_grouped_oof_selected,696,0.3577272680300732,
TMHINT-QI,per_representation_grouped_oof_selected,697,0.3247402879823343,
TMHINT-QI,per_representation_grouped_oof_selected,698,0.3534601314248217,
TMHINT-QI,per_representation_grouped_oof_selected,699,0.3247402879823343,
TMHINT-QI,per_representation_grouped_oof_selected,700,0.3437065702362911,
TMHINT-QI,per_representation_grouped_oof_selected,701,0.3234159109711514,
TMHINT-QI,per_representation_grouped_oof_selected,702,0.3437065702362911,
TMHINT-QI,per_representation_grouped_oof_selected,703,0.3234159109712886,
TMHINT-QI,per_representation_grouped_oof_selected,704,0.5086081227220033,
TMHINT-QI,per_representation_grouped_oof_selected,705,0.3364839450554787,
TMHINT-QI,per_representation_grouped_oof_selected,706,0.4247927883203701,
TMHINT-QI,per_representation_grouped_oof_selected,707,0.3352332830442492,
TMHINT-QI,per_representation_grouped_oof_selected,708,0.3704655565654343,
TMHINT-QI,per_representation_grouped_oof_selected,709,0.329300856449473,
TMHINT-QI,per_representation_grouped_oof_selected,710,0.3685502072545107,
TMHINT-QI,per_representation_grouped_oof_selected,711,0.329300856449473,
TMHINT-QI,per_representation_grouped_oof_selected,712,0.3599487423702531,
TMHINT-QI,per_representation_grouped_oof_selected,713,0.3247402879823343,
TMHINT-QI,per_representation_grouped_oof_selected,714,0.353950908355119,
TMHINT-QI,per_representation_grouped_oof_selected,715,0.3247402879823343,
TMHINT-QI,per_representation_grouped_oof_selected,716,0.3437065702362911,
TMHINT-QI,per_representation_grouped_oof_selected,717,0.3234159109712727,
TMHINT-QI,per_representation_grouped_oof_selected,718,0.3437065702362911,
TMHINT-QI,per_representation_grouped_oof_selected,719,0.3234159109712885,
TMHINT-QI,per_representation_grouped_oof_selected,720,0.5086081227220033,
TMHINT-QI,per_representation_grouped_oof_selected,721,0.3364839450554787,
TMHINT-QI,per_representation_grouped_oof_selected,722,0.4247927883203701,
TMHINT-QI,per_representation_grouped_oof_selected,723,0.3352332830442492,
TMHINT-QI,per_representation_grouped_oof_selected,724,0.3704655565654343,
TMHINT-QI,per_representation_grouped_oof_selected,725,0.329300856449473,
TMHINT-QI,per_representation_grouped_oof_selected,726,0.3685502068305009,
TMHINT-QI,per_representation_grouped_oof_selected,727,0.329300856449473,
TMHINT-QI,per_representation_grouped_oof_selected,728,0.3599487423702531,
TMHINT-QI,per_representation_grouped_oof_selected,729,0.3247402879823343,
TMHINT-QI,per_representation_grouped_oof_selected,730,0.353950908355119,
TMHINT-QI,per_representation_grouped_oof_selected,731,0.3247402879823343,
TMHINT-QI,per_representation_grouped_oof_selected,732,0.3437065702362911,
TMHINT-QI,per_representation_grouped_oof_selected,733,0.323415910971234,
TMHINT-QI,per_representation_grouped_oof_selected,734,0.3437065702362911,
TMHINT-QI,per_representation_grouped_oof_selected,735,0.3234159109712887,
TMHINT-QI,per_representation_grouped_oof_selected,736,0.445082659192248,
TMHINT-QI,per_representation_grouped_oof_selected,737,0.3364839450554787,
TMHINT-QI,per_representation_grouped_oof_selected,738,0.4095721527056957,
TMHINT-QI,per_representation_grouped_oof_selected,739,0.3352332830442492,
TMHINT-QI,per_representation_grouped_oof_selected,740,0.3669777897875869,
TMHINT-QI,per_representation_grouped_oof_selected,741,0.329300856449473,
TMHINT-QI,per_representation_grouped_oof_selected,742,0.3659858658289998,
TMHINT-QI,per_representation_grouped_oof_selected,743,0.329300856449473,
TMHINT-QI,per_representation_grouped_oof_selected,744,0.3577272680300732,
TMHINT-QI,per_representation_grouped_oof_selected,745,0.3247402879823343,
TMHINT-QI,per_representation_grouped_oof_selected,746,0.3534601314248216,
TMHINT-QI,per_representation_grouped_oof_selected,747,0.3247402879823343,
TMHINT-QI,per_representation_grouped_oof_selected,748,0.3437065702362911,
TMHINT-QI,per_representation_grouped_oof_selected,749,0.3234159109711514,
TMHINT-QI,per_representation_grouped_oof_selected,750,0.3437065702362911,
TMHINT-QI,per_representation_grouped_oof_selected,751,0.3234159109712886,
TMHINT-QI,per_representation_grouped_oof_selected,752,0.445082659192248,
TMHINT-QI,per_representation_grouped_oof_selected,753,0.3364839450554787,
TMHINT-QI,per_representation_grouped_oof_selected,754,0.4095721531291784,
TMHINT-QI,per_representation_grouped_oof_selected,755,0.3352332830442492,
TMHINT-QI,per_representation_grouped_oof_selected,756,0.3669777894730539,
TMHINT-QI,per_representation_grouped_oof_selected,757,0.329300856449473,
TMHINT-QI,per_representation_grouped_oof_selected,758,0.3659858656785436,
TMHINT-QI,per_representation_grouped_oof_selected,759,0.329300856449473,
TMHINT-QI,per_representation_grouped_oof_selected,760,0.3577272677324528,
TMHINT-QI,per_representation_grouped_oof_selected,761,0.3247402879823343,
TMHINT-QI,per_representation_grouped_oof_selected,762,0.3534601314136892,
TMHINT-QI,per_representation_grouped_oof_selected,763,0.3247402879823343,
TMHINT-QI,per_representation_grouped_oof_selected,764,0.3437065702362911,
TMHINT-QI,per_representation_grouped_oof_selected,765,0.3234159082820069,
TMHINT-QI,per_representation_grouped_oof_selected,766,0.3437065702362911,
TMHINT-QI,per_representation_grouped_oof_selected,767,0.3234159109712887,
TMHINT-QI,per_representation_grouped_oof_selected,768,0.3895556010868199,
TMHINT-QI,per_representation_grouped_oof_selected,769,0.3304360960515765,
TMHINT-QI,per_representation_grouped_oof_selected,770,0.3780271517425159,
TMHINT-QI,per_representation_grouped_oof_selected,771,0.3304360960515765,
TMHINT-QI,per_representation_grouped_oof_selected,772,0.3551978639952886,
TMHINT-QI,per_representation_grouped_oof_selected,773,0.3275384845905689,
TMHINT-QI,per_representation_grouped_oof_selected,774,0.3549953740708095,
TMHINT-QI,per_representation_grouped_oof_selected,775,0.3275384941652185,
TMHINT-QI,per_representation_grouped_oof_selected,776,0.3551814494669302,
TMHINT-QI,per_representation_grouped_oof_selected,777,0.3251383639993119,
TMHINT-QI,per_representation_grouped_oof_selected,778,0.3520897699597153,
TMHINT-QI,per_representation_grouped_oof_selected,779,0.3251383738943573,
TMHINT-QI,per_representation_grouped_oof_selected,780,0.3428504086474053,
TMHINT-QI,per_representation_grouped_oof_selected,781,0.3240014617159072,
TMHINT-QI,per_representation_grouped_oof_selected,782,0.342850408578545,
TMHINT-QI,per_representation_grouped_oof_selected,783,0.3240014636990288,
TMHINT-QI,per_representation_grouped_oof_selected,784,0.3895556010868199,
TMHINT-QI,per_representation_grouped_oof_selected,785,0.3304360960515765,
TMHINT-QI,per_representation_grouped_oof_selected,786,0.378027152714068,
TMHINT-QI,per_representation_grouped_oof_selected,787,0.3304360960515765,
TMHINT-QI,per_representation_grouped_oof_selected,788,0.3551978639952887,
TMHINT-QI,per_representation_grouped_oof_selected,789,0.3275384835176955,
TMHINT-QI,per_representation_grouped_oof_selected,790,0.354995374380337,
TMHINT-QI,per_representation_grouped_oof_selected,791,0.3275384835182658,
TMHINT-QI,per_representation_grouped_oof_selected,792,0.3551814494669301,
TMHINT-QI,per_representation_grouped_oof_selected,793,0.3251383621860136,
TMHINT-QI,per_representation_grouped_oof_selected,794,0.3520897651729036,
TMHINT-QI,per_representation_grouped_oof_selected,795,0.3251383610417179,
TMHINT-QI,per_representation_grouped_oof_selected,796,0.3428504046553804,
TMHINT-QI,per_representation_grouped_oof_selected,797,0.3240014665803238,
TMHINT-QI,per_representation_grouped_oof_selected,798,0.3428504030204309,
TMHINT-QI,per_representation_grouped_oof_selected,799,0.3240014604384343,
TMHINT-QI,per_representation_grouped_oof_selected,800,0.3823643618660201,
TMHINT-QI,per_representation_grouped_oof_selected,801,0.3304360960515765,
TMHINT-QI,per_representation_grouped_oof_selected,802,0.3748642690557261,
TMHINT-QI,per_representation_grouped_oof_selected,803,0.3304360960515765,
TMHINT-QI,per_representation_grouped_oof_selected,804,0.3543804756192203,
TMHINT-QI,per_representation_grouped_oof_selected,805,0.3275384904682972,
TMHINT-QI,per_representation_grouped_oof_selected,806,0.3543662343473565,
TMHINT-QI,per_representation_grouped_oof_selected,807,0.3275384952894361,
TMHINT-QI,per_representation_grouped_oof_selected,808,0.354053596951526,
TMHINT-QI,per_representation_grouped_oof_selected,809,0.325138360911326,
TMHINT-QI,per_representation_grouped_oof_selected,810,0.3518849441141386,
TMHINT-QI,per_representation_grouped_oof_selected,811,0.3251383511183244,
TMHINT-QI,per_representation_grouped_oof_selected,812,0.342850408993767,
TMHINT-QI,per_representation_grouped_oof_selected,813,0.3240014606629343,
TMHINT-QI,per_representation_grouped_oof_selected,814,0.3428504076097655,
TMHINT-QI,per_representation_grouped_oof_selected,815,0.3240014771679098,
TMHINT-QI,per_representation_grouped_oof_selected,816,0.3823643611448374,
TMHINT-QI,per_representation_grouped_oof_selected,817,0.3304360960515765,
TMHINT-QI,per_representation_grouped_oof_selected,818,0.3748642670860891,
TMHINT-QI,per_representation_grouped_oof_selected,819,0.3304360960515765,
TMHINT-QI,per_representation_grouped_oof_selected,820,0.3543804753894412,
TMHINT-QI,per_representation_grouped_oof_selected,821,0.3275384859001096,
TMHINT-QI,per_representation_grouped_oof_selected,822,0.3543662334190505,
TMHINT-QI,per_representation_grouped_oof_selected,823,0.327538483518045,
TMHINT-QI,per_representation_grouped_oof_selected,824,0.3540536064005663,
TMHINT-QI,per_representation_grouped_oof_selected,825,0.3251383628306611,
TMHINT-QI,per_representation_grouped_oof_selected,826,0.3518849484605955,
TMHINT-QI,per_representation_grouped_oof_selected,827,0.3251383615737852,
TMHINT-QI,per_representation_grouped_oof_selected,828,0.3428503935210582,
TMHINT-QI,per_representation_grouped_oof_selected,829,0.3240014657261591,
TMHINT-QI,per_representation_grouped_oof_selected,830,0.3428504080087325,
TMHINT-QI,per_representation_grouped_oof_selected,831,0.3240014619996876,
TMHINT-QI,per_representation_grouped_oof_selected,832,0.3895556010868199,
TMHINT-QI,per_representation_grouped_oof_selected,833,0.3304360960515765,
TMHINT-QI,per_representation_grouped_oof_selected,834,0.378027152714068,
TMHINT-QI,per_representation_grouped_oof_selected,835,0.3304360960515765,
TMHINT-QI,per_representation_grouped_oof_selected,836,0.3551978639952887,
TMHINT-QI,per_representation_grouped_oof_selected,837,0.3275384835176955,
TMHINT-QI,per_representation_grouped_oof_selected,838,0.354995374380337,
TMHINT-QI,per_representation_grouped_oof_selected,839,0.3275384835182658,
TMHINT-QI,per_representation_grouped_oof_selected,840,0.3551814494669301,
TMHINT-QI,per_representation_grouped_oof_selected,841,0.3251383621860136,
TMHINT-QI,per_representation_grouped_oof_selected,842,0.3520897651729036,
TMHINT-QI,per_representation_grouped_oof_selected,843,0.3251383610417179,
TMHINT-QI,per_representation_grouped_oof_selected,844,0.3428504046553804,
TMHINT-QI,per_representation_grouped_oof_selected,845,0.3240014665803238,
TMHINT-QI,per_representation_grouped_oof_selected,846,0.3428504030204309,
TMHINT-QI,per_representation_grouped_oof_selected,847,0.3240014604384343,
TMHINT-QI,per_representation_grouped_oof_selected,848,0.3895556010868199,
TMHINT-QI,per_representation_grouped_oof_selected,849,0.3304360960515765,
TMHINT-QI,per_representation_grouped_oof_selected,850,0.3780271517347776,
TMHINT-QI,per_representation_grouped_oof_selected,851,0.3304360960515765,
TMHINT-QI,per_representation_grouped_oof_selected,852,0.3551978639952887,
TMHINT-QI,per_representation_grouped_oof_selected,853,0.3275384835473907,
TMHINT-QI,per_representation_grouped_oof_selected,854,0.3549953754471087,
TMHINT-QI,per_representation_grouped_oof_selected,855,0.327538483529964,
TMHINT-QI,per_representation_grouped_oof_selected,856,0.3551814494669302,
TMHINT-QI,per_representation_grouped_oof_selected,857,0.3251383540841649,
TMHINT-QI,per_representation_grouped_oof_selected,858,0.3520897522815577,
TMHINT-QI,per_representation_grouped_oof_selected,859,0.325138359511139,
TMHINT-QI,per_representation_grouped_oof_selected,860,0.3428504078268574,
TMHINT-QI,per_representation_grouped_oof_selected,861,0.3240014630373422,
TMHINT-QI,per_representation_grouped_oof_selected,862,0.3428504086461522,
TMHINT-QI,per_representation_grouped_oof_selected,863,0.3240014766940725,
TMHINT-QI,per_representation_grouped_oof_selected,864,0.3823643611448374,
TMHINT-QI,per_representation_grouped_oof_selected,865,0.3304360960515765,
TMHINT-QI,per_representation_grouped_oof_selected,866,0.3748642670860891,
TMHINT-QI,per_representation_grouped_oof_selected,867,0.3304360960515765,
TMHINT-QI,per_representation_grouped_oof_selected,868,0.3543804753894412,
TMHINT-QI,per_representation_grouped_oof_selected,869,0.3275384859001096,
TMHINT-QI,per_representation_grouped_oof_selected,870,0.3543662334190505,
TMHINT-QI,per_representation_grouped_oof_selected,871,0.327538483518045,
TMHINT-QI,per_representation_grouped_oof_selected,872,0.3540536064005663,
TMHINT-QI,per_representation_grouped_oof_selected,873,0.3251383628306611,
TMHINT-QI,per_representation_grouped_oof_selected,874,0.3518849484605955,
TMHINT-QI,per_representation_grouped_oof_selected,875,0.3251383615737852,
TMHINT-QI,per_representation_grouped_oof_selected,876,0.3428503935210582,
TMHINT-QI,per_representation_grouped_oof_selected,877,0.324001465726159,
TMHINT-QI,per_representation_grouped_oof_selected,878,0.3428504080087325,
TMHINT-QI,per_representation_grouped_oof_selected,879,0.3240014619996876,
TMHINT-QI,per_representation_grouped_oof_selected,880,0.3823643618069898,
TMHINT-QI,per_representation_grouped_oof_selected,881,0.3304360960515765,
TMHINT-QI,per_representation_grouped_oof_selected,882,0.374864266558513,
TMHINT-QI,per_representation_grouped_oof_selected,883,0.3304360960515765,
TMHINT-QI,per_representation_grouped_oof_selected,884,0.3543804749925247,
TMHINT-QI,per_representation_grouped_oof_selected,885,0.3275384667367101,
TMHINT-QI,per_representation_grouped_oof_selected,886,0.3543662328293164,
TMHINT-QI,per_representation_grouped_oof_selected,887,0.327538483533251,
TMHINT-QI,per_representation_grouped_oof_selected,888,0.3540536031060723,
TMHINT-QI,per_representation_grouped_oof_selected,889,0.3251383627319124,
TMHINT-QI,per_representation_grouped_oof_selected,890,0.3518849481319586,
TMHINT-QI,per_representation_grouped_oof_selected,891,0.3251383606501705,
TMHINT-QI,per_representation_grouped_oof_selected,892,0.3428503880011785,
TMHINT-QI,per_representation_grouped_oof_selected,893,0.3240014651130117,
TMHINT-QI,per_representation_grouped_oof_selected,894,0.3428504074664731,
TMHINT-QI,per_representation_grouped_oof_selected,895,0.3240014714323264,
TMHINT-QI,per_representation_grouped_oof_selected,896,0.3895556010868199,
TMHINT-QI,per_representation_grouped_oof_selected,897,0.3304360960515765,
TMHINT-QI,per_representation_grouped_oof_selected,898,0.3780271640363898,
TMHINT-QI,per_representation_grouped_oof_selected,899,0.3304360960515765,
TMHINT-QI,per_representation_grouped_oof_selected,900,0.3551978639952887,
TMHINT-QI,per_representation_grouped_oof_selected,901,0.3275384835176573,
TMHINT-QI,per_representation_grouped_oof_selected,902,0.3549953743132664,
TMHINT-QI,per_representation_grouped_oof_selected,903,0.3275384835181473,
TMHINT-QI,per_representation_grouped_oof_selected,904,0.3551814494669302,
TMHINT-QI,per_representation_grouped_oof_selected,905,0.3251383622479642,
TMHINT-QI,per_representation_grouped_oof_selected,906,0.3520897683490863,
TMHINT-QI,per_representation_grouped_oof_selected,907,0.325138361122,
TMHINT-QI,per_representation_grouped_oof_selected,908,0.3428504050251623,
TMHINT-QI,per_representation_grouped_oof_selected,909,0.3240014662371085,
TMHINT-QI,per_representation_grouped_oof_selected,910,0.3428504031960847,
TMHINT-QI,per_representation_grouped_oof_selected,911,0.3240014608040036,
TMHINT-QI,per_representation_grouped_oof_selected,912,0.3895556010868199,
TMHINT-QI,per_representation_grouped_oof_selected,913,0.3304360960515765,
TMHINT-QI,per_representation_grouped_oof_selected,914,0.3780271517348144,
TMHINT-QI,per_representation_grouped_oof_selected,915,0.3304360960515765,
TMHINT-QI,per_representation_grouped_oof_selected,916,0.3551978639952887,
TMHINT-QI,per_representation_grouped_oof_selected,917,0.3275384835446827,
TMHINT-QI,per_representation_grouped_oof_selected,918,0.3549953754391805,
TMHINT-QI,per_representation_grouped_oof_selected,919,0.327538483528828,
TMHINT-QI,per_representation_grouped_oof_selected,920,0.3551814494669301,
TMHINT-QI,per_representation_grouped_oof_selected,921,0.3251383549740372,
TMHINT-QI,per_representation_grouped_oof_selected,922,0.3520897570406744,
TMHINT-QI,per_representation_grouped_oof_selected,923,0.3251383596530112,
TMHINT-QI,per_representation_grouped_oof_selected,924,0.3428504079662141,
TMHINT-QI,per_representation_grouped_oof_selected,925,0.3240014629933031,
TMHINT-QI,per_representation_grouped_oof_selected,926,0.3428503876985987,
TMHINT-QI,per_representation_grouped_oof_selected,927,0.3240014762789563,
TMHINT-QI,per_representation_grouped_oof_selected,928,0.3823643611952407,
TMHINT-QI,per_representation_grouped_oof_selected,929,0.3304360960515765,
TMHINT-QI,per_representation_grouped_oof_selected,930,0.3748642670908382,
TMHINT-QI,per_representation_grouped_oof_selected,931,0.3304360960515765,
TMHINT-QI,per_representation_grouped_oof_selected,932,0.3543804598021298,
TMHINT-QI,per_representation_grouped_oof_selected,933,0.3275384864668357,
TMHINT-QI,per_representation_grouped_oof_selected,934,0.3543662334702296,
TMHINT-QI,per_representation_grouped_oof_selected,935,0.3275384835178213,
TMHINT-QI,per_representation_grouped_oof_selected,936,0.354053606428709,
TMHINT-QI,per_representation_grouped_oof_selected,937,0.3251383628386721,
TMHINT-QI,per_representation_grouped_oof_selected,938,0.3518849484928075,
TMHINT-QI,per_representation_grouped_oof_selected,939,0.3251383616492852,
TMHINT-QI,per_representation_grouped_oof_selected,940,0.342850393499557,
TMHINT-QI,per_representation_grouped_oof_selected,941,0.3240014660972994,
TMHINT-QI,per_representation_grouped_oof_selected,942,0.3428504080265706,
TMHINT-QI,per_representation_grouped_oof_selected,943,0.3240014621476296,
TMHINT-QI,per_representation_grouped_oof_selected,944,0.3823643618175617,
TMHINT-QI,per_representation_grouped_oof_selected,945,0.3304360960515765,
TMHINT-QI,per_representation_grouped_oof_selected,946,0.3748642667439084,
TMHINT-QI,per_representation_grouped_oof_selected,947,0.3304360960515764,
TMHINT-QI,per_representation_grouped_oof_selected,948,0.3543804750568133,
TMHINT-QI,per_representation_grouped_oof_selected,949,0.3275384665900225,
TMHINT-QI,per_representation_grouped_oof_selected,950,0.3543662329175771,
TMHINT-QI,per_representation_grouped_oof_selected,951,0.3275384835296109,
TMHINT-QI,per_representation_grouped_oof_selected,952,0.3540536034759622,
TMHINT-QI,per_representation_grouped_oof_selected,953,0.3251383627354364,
TMHINT-QI,per_representation_grouped_oof_selected,954,0.3518849481692474,
TMHINT-QI,per_representation_grouped_oof_selected,955,0.3251383607504106,
TMHINT-QI,per_representation_grouped_oof_selected,956,0.3428503878952408,
TMHINT-QI,per_representation_grouped_oof_selected,957,0.3240014651087164,
TMHINT-QI,per_representation_grouped_oof_selected,958,0.3428504075044705,
TMHINT-QI,per_representation_grouped_oof_selected,959,0.3240014712473373,
TMHINT-QI,per_representation_grouped_oof_selected,960,0.3895556010868199,
TMHINT-QI,per_representation_grouped_oof_selected,961,0.3304360960515765,
TMHINT-QI,per_representation_grouped_oof_selected,962,0.3780271517348144,
TMHINT-QI,per_representation_grouped_oof_selected,963,0.3304360960515765,
TMHINT-QI,per_representation_grouped_oof_selected,964,0.3551978639952887,
TMHINT-QI,per_representation_grouped_oof_selected,965,0.3275384835446827,
TMHINT-QI,per_representation_grouped_oof_selected,966,0.3549953754391805,
TMHINT-QI,per_representation_grouped_oof_selected,967,0.327538483528828,
TMHINT-QI,per_representation_grouped_oof_selected,968,0.3551814494669301,
TMHINT-QI,per_representation_grouped_oof_selected,969,0.3251383549740372,
TMHINT-QI,per_representation_grouped_oof_selected,970,0.3520897570406744,
TMHINT-QI,per_representation_grouped_oof_selected,971,0.3251383596530112,
TMHINT-QI,per_representation_grouped_oof_selected,972,0.3428504079662141,
TMHINT-QI,per_representation_grouped_oof_selected,973,0.3240014629933031,
TMHINT-QI,per_representation_grouped_oof_selected,974,0.3428503876985987,
TMHINT-QI,per_representation_grouped_oof_selected,975,0.3240014762789563,
TMHINT-QI,per_representation_grouped_oof_selected,976,0.3895556010868199,
TMHINT-QI,per_representation_grouped_oof_selected,977,0.3304360960515765,
TMHINT-QI,per_representation_grouped_oof_selected,978,0.3780271517346857,
TMHINT-QI,per_representation_grouped_oof_selected,979,0.3304361003404662,
TMHINT-QI,per_representation_grouped_oof_selected,980,0.3551978639952887,
TMHINT-QI,per_representation_grouped_oof_selected,981,0.3275384848875046,
TMHINT-QI,per_representation_grouped_oof_selected,982,0.3549953753248939,
TMHINT-QI,per_representation_grouped_oof_selected,983,0.3275384860567055,
TMHINT-QI,per_representation_grouped_oof_selected,984,0.3551814494669302,
TMHINT-QI,per_representation_grouped_oof_selected,985,0.3251383630724379,
TMHINT-QI,per_representation_grouped_oof_selected,986,0.3520897629649792,
TMHINT-QI,per_representation_grouped_oof_selected,987,0.3251383549372364,
TMHINT-QI,per_representation_grouped_oof_selected,988,0.3428503951043699,
TMHINT-QI,per_representation_grouped_oof_selected,989,0.3240014631456236,
TMHINT-QI,per_representation_grouped_oof_selected,990,0.3428504082241668,
TMHINT-QI,per_representation_grouped_oof_selected,991,0.3240014673485025,
TMHINT-QI,per_representation_grouped_oof_selected,992,0.3823643618175617,
TMHINT-QI,per_representation_grouped_oof_selected,993,0.3304360960515765,
TMHINT-QI,per_representation_grouped_oof_selected,994,0.3748642667439084,
TMHINT-QI,per_representation_grouped_oof_selected,995,0.3304360960515765,
TMHINT-QI,per_representation_grouped_oof_selected,996,0.3543804750568133,
TMHINT-QI,per_representation_grouped_oof_selected,997,0.3275384665900225,
TMHINT-QI,per_representation_grouped_oof_selected,998,0.3543662329175771,
TMHINT-QI,per_representation_grouped_oof_selected,999,0.3275384835296108,
TMHINT-QI,per_representation_grouped_oof_selected,1000,0.3540536034759622,
TMHINT-QI,per_representation_grouped_oof_selected,1001,0.3251383627354364,
TMHINT-QI,per_representation_grouped_oof_selected,1002,0.3518849481692474,
TMHINT-QI,per_representation_grouped_oof_selected,1003,0.3251383607504106,
TMHINT-QI,per_representation_grouped_oof_selected,1004,0.3428503878952407,
TMHINT-QI,per_representation_grouped_oof_selected,1005,0.3240014651087164,
TMHINT-QI,per_representation_grouped_oof_selected,1006,0.3428504075044704,
TMHINT-QI,per_representation_grouped_oof_selected,1007,0.3240014712473373,
TMHINT-QI,per_representation_grouped_oof_selected,1008,0.3823643617899379,
TMHINT-QI,per_representation_grouped_oof_selected,1009,0.3304360960515765,
TMHINT-QI,per_representation_grouped_oof_selected,1010,0.3748642660465482,
TMHINT-QI,per_representation_grouped_oof_selected,1011,0.3304360960515765,
TMHINT-QI,per_representation_grouped_oof_selected,1012,0.3543804745696549,
TMHINT-QI,per_representation_grouped_oof_selected,1013,0.3275384835172007,
TMHINT-QI,per_representation_grouped_oof_selected,1014,0.3543662327380391,
TMHINT-QI,per_representation_grouped_oof_selected,1015,0.3275384858180688,
TMHINT-QI,per_representation_grouped_oof_selected,1016,0.354053593346362,
TMHINT-QI,per_representation_grouped_oof_selected,1017,0.3251383625736214,
TMHINT-QI,per_representation_grouped_oof_selected,1018,0.3518849478967978,
TMHINT-QI,per_representation_grouped_oof_selected,1019,0.325138358364842,
TMHINT-QI,per_representation_grouped_oof_selected,1020,0.3428504076728679,
TMHINT-QI,per_representation_grouped_oof_selected,1021,0.3240014605661054,
TMHINT-QI,per_representation_grouped_oof_selected,1022,0.3428504061500446,
TMHINT-QI,per_representation_grouped_oof_selected,1023,0.3240014802786847,
