dataset,outer_fold,method,k,mask,features,inner_mse,outer_utterance_mse,n_outer_systems,n_outer_items,weights_json
brspeech,0,gate,1,512,egemaps,1.5293188722962534,1.0431087515035795,1,628,"{""egemaps"": 1.0}"
brspeech,0,gate,2,516,wavlm+egemaps,1.0831815067803034,1.140346493169432,1,628,"{""wavlm"": 0.43955596733282737, ""egemaps"": 0.5604440326671727}"
brspeech,0,gate,3,518,contentvec12+wavlm+egemaps,1.0809070868739672,1.1191928674199154,1,628,"{""contentvec12"": 0.03703141926601326, ""wavlm"": 0.4201699722423125, ""egemaps"": 0.5427986084916743}"
brspeech,0,gate,4,550,contentvec12+wavlm+speaker+egemaps,1.0809070868739676,1.119192854929264,1,628,"{""contentvec12"": 0.037031432507824355, ""wavlm"": 0.42016995265898116, ""speaker"": 1.0934348316105763e-17, ""egemaps"": 0.5427986148331945}"
brspeech,0,gate,5,806,contentvec12+wavlm+speaker+ced+egemaps,1.0809070868739716,1.1191928745005126,1,628,"{""contentvec12"": 0.03703143941008951, ""wavlm"": 0.42017000389234377, ""speaker"": 0.0, ""ced"": 3.816391647148975e-17, ""egemaps"": 0.5427985566975666}"
brspeech,0,gate,6,870,contentvec12+wavlm+speaker+rmvpe_cont+ced+egemaps,1.0809070868739672,1.1191928662947794,1,628,"{""contentvec12"": 0.03703142215281399, ""wavlm"": 0.4201699717371996, ""speaker"": 8.398818054226568e-18, ""rmvpe_cont"": 0.0, ""ced"": 5.373302393417912e-18, ""egemaps"": 0.5427986061099863}"
brspeech,0,gate,7,871,whisper+contentvec12+wavlm+speaker+rmvpe_cont+ced+egemaps,1.0809070868740185,1.1191927684363523,1,628,"{""whisper"": 5.891074011648449e-17, ""contentvec12"": 0.03703159960147882, ""wavlm"": 0.42016987308582293, ""speaker"": 0.0, ""rmvpe_cont"": 0.0, ""ced"": 3.428374700695783e-17, ""egemaps"": 0.5427985273126982}"
brspeech,0,gate,8,879,whisper+contentvec12+wavlm+beats+speaker+rmvpe_cont+ced+egemaps,1.080907086874002,1.119192783149321,1,628,"{""whisper"": 0.0, ""contentvec12"": 0.03703156876886009, ""wavlm"": 0.42016988483144957, ""beats"": 0.0, ""speaker"": 1.2347341439329703e-16, ""rmvpe_cont"": 0.0, ""ced"": 0.0, ""egemaps"": 0.5427985463996902}"
brspeech,0,gate,9,895,whisper+contentvec12+wavlm+beats+auditory_erb+speaker+rmvpe_cont+ced+egemaps,1.0809070868739727,1.119192843774627,1,628,"{""whisper"": 1.7902436622261677e-16, ""contentvec12"": 0.03703142661999541, ""wavlm"": 0.42016992200646064, ""beats"": 4.998889672991458e-17, ""auditory_erb"": 1.5061917149432447e-16, ""speaker"": 0.0, ""rmvpe_cont"": 0.0, ""ced"": 0.0, ""egemaps"": 0.5427986513735437}"
brspeech,0,gate,10,1023,whisper+contentvec12+wavlm+beats+auditory_erb+speaker+rmvpe_cont+rmvpe_quant+ced+egemaps,1.0809070868739672,1.119192865121294,1,628,"{""whisper"": 1.2999846085177266e-16, ""contentvec12"": 0.03703142385279326, ""wavlm"": 0.420169970236189, ""beats"": 0.0, ""auditory_erb"": 0.0, ""speaker"": 6.142534470569684e-16, ""rmvpe_cont"": 2.8854530710187865e-16, ""rmvpe_quant"": 0.0, ""ced"": 4.805615505834726e-16, ""egemaps"": 0.5427986059110161}"
brspeech,0,shapley,1,4,wavlm,1.808459894809462,1.553829701411364,1,628,"{""wavlm"": 1.0}"
brspeech,0,shapley,2,516,wavlm+egemaps,1.0831815067803034,1.140346493169432,1,628,"{""wavlm"": 0.43955596733282737, ""egemaps"": 0.5604440326671727}"
brspeech,0,shapley,3,518,contentvec12+wavlm+egemaps,1.0809070868739672,1.1191928674199154,1,628,"{""contentvec12"": 0.03703141926601326, ""wavlm"": 0.4201699722423125, ""egemaps"": 0.5427986084916743}"
brspeech,0,shapley,4,550,contentvec12+wavlm+speaker+egemaps,1.0809070868739676,1.119192854929264,1,628,"{""contentvec12"": 0.037031432507824355, ""wavlm"": 0.42016995265898116, ""speaker"": 1.0934348316105763e-17, ""egemaps"": 0.5427986148331945}"
brspeech,0,shapley,5,614,contentvec12+wavlm+speaker+rmvpe_cont+egemaps,1.0809070868739703,1.1191928524605772,1,628,"{""contentvec12"": 0.0370314173823832, ""wavlm"": 0.42016993560285315, ""speaker"": 8.922602714729437e-17, ""rmvpe_cont"": 2.75557155447463e-17, ""egemaps"": 0.5427986470147637}"
brspeech,0,shapley,6,870,contentvec12+wavlm+speaker+rmvpe_cont+ced+egemaps,1.0809070868739672,1.1191928662947794,1,628,"{""contentvec12"": 0.03703142215281399, ""wavlm"": 0.4201699717371996, ""speaker"": 8.398818054226568e-18, ""rmvpe_cont"": 0.0, ""ced"": 5.373302393417912e-18, ""egemaps"": 0.5427986061099863}"
brspeech,0,shapley,7,878,contentvec12+wavlm+beats+speaker+rmvpe_cont+ced+egemaps,1.0809070868741342,1.1191930676658408,1,628,"{""contentvec12"": 0.03703113460802108, ""wavlm"": 0.42017023241301193, ""beats"": 1.5679426886624354e-17, ""speaker"": 6.468938848946861e-17, ""rmvpe_cont"": 0.0, ""ced"": 0.0, ""egemaps"": 0.542798632978967}"
brspeech,0,shapley,8,879,whisper+contentvec12+wavlm+beats+speaker+rmvpe_cont+ced+egemaps,1.080907086874002,1.119192783149321,1,628,"{""whisper"": 0.0, ""contentvec12"": 0.03703156876886009, ""wavlm"": 0.42016988483144957, ""beats"": 0.0, ""speaker"": 1.2347341439329703e-16, ""rmvpe_cont"": 0.0, ""ced"": 0.0, ""egemaps"": 0.5427985463996902}"
brspeech,0,shapley,9,1007,whisper+contentvec12+wavlm+beats+speaker+rmvpe_cont+rmvpe_quant+ced+egemaps,1.0809070868739674,1.119192857363695,1,628,"{""whisper"": 1.1264515141500584e-16, ""contentvec12"": 0.03703143627337502, ""wavlm"": 0.42016996119216843, ""beats"": 0.0, ""speaker"": 0.0, ""rmvpe_cont"": 3.606000741326952e-17, ""rmvpe_quant"": 0.0, ""ced"": 7.58256153464192e-17, ""egemaps"": 0.5427986025344563}"
brspeech,0,shapley,10,1023,whisper+contentvec12+wavlm+beats+auditory_erb+speaker+rmvpe_cont+rmvpe_quant+ced+egemaps,1.0809070868739672,1.119192865121294,1,628,"{""whisper"": 1.2999846085177266e-16, ""contentvec12"": 0.03703142385279326, ""wavlm"": 0.420169970236189, ""beats"": 0.0, ""auditory_erb"": 0.0, ""speaker"": 6.142534470569684e-16, ""rmvpe_cont"": 2.8854530710187865e-16, ""rmvpe_quant"": 0.0, ""ced"": 4.805615505834726e-16, ""egemaps"": 0.5427986059110161}"
brspeech,0,singleton,1,512,egemaps,1.5293188722962534,1.0431087515035795,1,628,"{""egemaps"": 1.0}"
brspeech,0,singleton,2,516,wavlm+egemaps,1.0831815067803034,1.140346493169432,1,628,"{""wavlm"": 0.43955596733282737, ""egemaps"": 0.5604440326671727}"
brspeech,0,singleton,3,548,wavlm+speaker+egemaps,1.0831815067803037,1.140346493169432,1,628,"{""wavlm"": 0.4395559673328272, ""speaker"": 0.0, ""egemaps"": 0.5604440326671729}"
brspeech,0,singleton,4,612,wavlm+speaker+rmvpe_cont+egemaps,1.0831815067803034,1.1403464931694316,1,628,"{""wavlm"": 0.43955596733282737, ""speaker"": 1.0339222967364892e-16, ""rmvpe_cont"": 9.425782637045854e-18, ""egemaps"": 0.5604440326671725}"
brspeech,0,singleton,5,614,contentvec12+wavlm+speaker+rmvpe_cont+egemaps,1.0809070868739703,1.1191928524605772,1,628,"{""contentvec12"": 0.0370314173823832, ""wavlm"": 0.42016993560285315, ""speaker"": 8.922602714729437e-17, ""rmvpe_cont"": 2.75557155447463e-17, ""egemaps"": 0.5427986470147637}"
brspeech,0,singleton,6,622,contentvec12+wavlm+beats+speaker+rmvpe_cont+egemaps,1.0809070868739672,1.1191928646778548,1,628,"{""contentvec12"": 0.03703142373913962, ""wavlm"": 0.4201699691071168, ""beats"": 1.2117498660645473e-17, ""speaker"": 0.0, ""rmvpe_cont"": 1.0582594723701263e-16, ""egemaps"": 0.5427986071537435}"
brspeech,0,singleton,7,878,contentvec12+wavlm+beats+speaker+rmvpe_cont+ced+egemaps,1.0809070868741342,1.1191930676658408,1,628,"{""contentvec12"": 0.03703113460802108, ""wavlm"": 0.42017023241301193, ""beats"": 1.5679426886624354e-17, ""speaker"": 6.468938848946861e-17, ""rmvpe_cont"": 0.0, ""ced"": 0.0, ""egemaps"": 0.542798632978967}"
brspeech,0,singleton,8,879,whisper+contentvec12+wavlm+beats+speaker+rmvpe_cont+ced+egemaps,1.080907086874002,1.119192783149321,1,628,"{""whisper"": 0.0, ""contentvec12"": 0.03703156876886009, ""wavlm"": 0.42016988483144957, ""beats"": 0.0, ""speaker"": 1.2347341439329703e-16, ""rmvpe_cont"": 0.0, ""ced"": 0.0, ""egemaps"": 0.5427985463996902}"
brspeech,0,singleton,9,1007,whisper+contentvec12+wavlm+beats+speaker+rmvpe_cont+rmvpe_quant+ced+egemaps,1.0809070868739674,1.119192857363695,1,628,"{""whisper"": 1.1264515141500584e-16, ""contentvec12"": 0.03703143627337502, ""wavlm"": 0.42016996119216843, ""beats"": 0.0, ""speaker"": 0.0, ""rmvpe_cont"": 3.606000741326952e-17, ""rmvpe_quant"": 0.0, ""ced"": 7.58256153464192e-17, ""egemaps"": 0.5427986025344563}"
brspeech,0,singleton,10,1023,whisper+contentvec12+wavlm+beats+auditory_erb+speaker+rmvpe_cont+rmvpe_quant+ced+egemaps,1.0809070868739672,1.119192865121294,1,628,"{""whisper"": 1.2999846085177266e-16, ""contentvec12"": 0.03703142385279326, ""wavlm"": 0.420169970236189, ""beats"": 0.0, ""auditory_erb"": 0.0, ""speaker"": 6.142534470569684e-16, ""rmvpe_cont"": 2.8854530710187865e-16, ""rmvpe_quant"": 0.0, ""ced"": 4.805615505834726e-16, ""egemaps"": 0.5427986059110161}"
brspeech,0,inner_search,1,512,egemaps,1.5293188722962534,1.0431087515035795,1,628,"{""egemaps"": 1.0}"
brspeech,0,inner_search,2,516,wavlm+egemaps,1.0831815067803034,1.140346493169432,1,628,"{""wavlm"": 0.43955596733282737, ""egemaps"": 0.5604440326671727}"
brspeech,0,inner_search,3,518,contentvec12+wavlm+egemaps,1.0809070868739672,1.1191928674199154,1,628,"{""contentvec12"": 0.03703141926601326, ""wavlm"": 0.4201699722423125, ""egemaps"": 0.5427986084916743}"
brspeech,0,inner_search,4,519,whisper+contentvec12+wavlm+egemaps,1.0809070868739672,1.1191928651212957,1,628,"{""whisper"": 2.949029909160572e-17, ""contentvec12"": 0.03703142385279318, ""wavlm"": 0.42016997023618996, ""egemaps"": 0.5427986059110169}"
brspeech,0,inner_search,5,558,contentvec12+wavlm+beats+speaker+egemaps,1.0809070868739672,1.119192865121295,1,628,"{""contentvec12"": 0.03703142385279358, ""wavlm"": 0.42016997023618996, ""beats"": 0.0, ""speaker"": 4.808436634973211e-17, ""egemaps"": 0.5427986059110164}"
brspeech,0,inner_search,6,559,whisper+contentvec12+wavlm+beats+speaker+egemaps,1.0809070868739672,1.1191928651212952,1,628,"{""whisper"": 0.0, ""contentvec12"": 0.037031423852793025, ""wavlm"": 0.42016997023619, ""beats"": 0.0, ""speaker"": 0.0, ""egemaps"": 0.5427986059110169}"
brspeech,0,inner_search,7,575,whisper+contentvec12+wavlm+beats+auditory_erb+speaker+egemaps,1.0809070868739672,1.1191928698064693,1,628,"{""whisper"": 0.0, ""contentvec12"": 0.03703141527041657, ""wavlm"": 0.42016997489492536, ""beats"": 1.3341041125543112e-17, ""auditory_erb"": 0.0, ""speaker"": 1.2994344324801548e-16, ""egemaps"": 0.5427986098346579}"
brspeech,0,inner_search,8,831,whisper+contentvec12+wavlm+beats+auditory_erb+speaker+ced+egemaps,1.0809070868739672,1.119192865719388,1,628,"{""whisper"": 2.683192354745422e-17, ""contentvec12"": 0.0370314245539512, ""wavlm"": 0.42016997216618834, ""beats"": 2.6595842389524647e-16, ""auditory_erb"": 0.0, ""speaker"": 1.834294457481692e-16, ""ced"": 3.145277056552377e-16, ""egemaps"": 0.5427986032798596}"
brspeech,0,inner_search,9,767,whisper+contentvec12+wavlm+beats+auditory_erb+speaker+rmvpe_cont+rmvpe_quant+egemaps,1.0809070868739674,1.1191928651492151,1,628,"{""whisper"": 3.7555164480209897e-16, ""contentvec12"": 0.03703142379952255, ""wavlm"": 0.42016997026237346, ""beats"": 2.8269023991590977e-16, ""auditory_erb"": 0.0, ""speaker"": 8.576318539109232e-17, ""rmvpe_cont"": 3.701879840958682e-16, ""rmvpe_quant"": 0.0, ""egemaps"": 0.5427986059381028}"
brspeech,0,inner_search,10,1023,whisper+contentvec12+wavlm+beats+auditory_erb+speaker+rmvpe_cont+rmvpe_quant+ced+egemaps,1.0809070868739672,1.119192865121294,1,628,"{""whisper"": 1.2999846085177266e-16, ""contentvec12"": 0.03703142385279326, ""wavlm"": 0.420169970236189, ""beats"": 0.0, ""auditory_erb"": 0.0, ""speaker"": 6.142534470569684e-16, ""rmvpe_cont"": 2.8854530710187865e-16, ""rmvpe_quant"": 0.0, ""ced"": 4.805615505834726e-16, ""egemaps"": 0.5427986059110161}"
brspeech,1,gate,1,32,speaker,1.2852060146994817,3.0101872591829744,1,484,"{""speaker"": 1.0}"
brspeech,1,gate,2,544,speaker+egemaps,1.183174626941974,2.178717613454968,1,484,"{""speaker"": 0.5389111503029217, ""egemaps"": 0.46108884969707825}"
brspeech,1,gate,3,545,whisper+speaker+egemaps,1.1667300891495025,2.071740727979384,1,484,"{""whisper"": 0.09185016010159663, ""speaker"": 0.4845530351148468, ""egemaps"": 0.42359680478355655}"
brspeech,1,gate,4,553,whisper+beats+speaker+egemaps,1.1598604772489194,2.380310335279716,1,484,"{""whisper"": 0.08176481734182461, ""beats"": 0.0684383551030185, ""speaker"": 0.44648793235551487, ""egemaps"": 0.403308895199642}"
brspeech,1,gate,5,555,whisper+contentvec12+beats+speaker+egemaps,1.1562585130214371,2.1799259727046536,1,484,"{""whisper"": 0.07416253045793614, ""contentvec12"": 0.054854454711561494, ""beats"": 0.06007499585569075, ""speaker"": 0.42782117666229913, ""egemaps"": 0.3830868423125125}"
brspeech,1,gate,6,619,whisper+contentvec12+beats+speaker+rmvpe_cont+egemaps,1.15625851302129,2.179927418950498,1,484,"{""whisper"": 0.0741624365542166, ""contentvec12"": 0.05485423404888325, ""beats"": 0.06007505040521908, ""speaker"": 0.4278216521779463, ""rmvpe_cont"": 7.806898030359342e-17, ""egemaps"": 0.3830866268137347}"
brspeech,1,gate,7,623,whisper+contentvec12+wavlm+beats+speaker+rmvpe_cont+egemaps,1.1562585130213432,2.179927701923687,1,484,"{""whisper"": 0.07416252834871494, ""contentvec12"": 0.05485420843520888, ""wavlm"": 0.0, ""beats"": 0.06007515353227842, ""speaker"": 0.4278214391038017, ""rmvpe_cont"": 5.5194466788103125e-17, ""egemaps"": 0.38308667057999596}"
brspeech,1,gate,8,639,whisper+contentvec12+wavlm+beats+auditory_erb+speaker+rmvpe_cont+egemaps,1.1562585130214218,2.1799263634174517,1,484,"{""whisper"": 0.07416252429723035, ""contentvec12"": 0.05485450739677938, ""wavlm"": 1.928397559366503e-17, ""beats"": 0.06007504734304362, ""auditory_erb"": 1.2694461604676518e-16, ""speaker"": 0.4278213487175258, ""rmvpe_cont"": 2.2679550684706227e-16, ""egemaps"": 0.3830865722454205}"
brspeech,1,gate,9,767,whisper+contentvec12+wavlm+beats+auditory_erb+speaker+rmvpe_cont+rmvpe_quant+egemaps,1.1562585130213263,2.1799272466972504,1,484,"{""whisper"": 0.07416244746652152, ""contentvec12"": 0.0548542783991511, ""wavlm"": 0.0, ""beats"": 0.06007495672483994, ""auditory_erb"": 0.0, ""speaker"": 0.4278219582565051, ""rmvpe_cont"": 6.909294072867631e-17, ""rmvpe_quant"": 2.8324010162108414e-16, ""egemaps"": 0.3830863591529821}"
brspeech,1,gate,10,1023,whisper+contentvec12+wavlm+beats+auditory_erb+speaker+rmvpe_cont+rmvpe_quant+ced+egemaps,1.1562585130213017,2.1799272706660147,1,484,"{""whisper"": 0.0741624344593796, ""contentvec12"": 0.05485426333117757, ""wavlm"": 0.0, ""beats"": 0.060074981746815546, ""auditory_erb"": 0.0, ""speaker"": 0.427821853437085, ""rmvpe_cont"": 1.6202416791994678e-16, ""rmvpe_quant"": 0.0, ""ced"": 0.0, ""egemaps"": 0.3830864670255421}"
brspeech,1,shapley,1,32,speaker,1.2852060146994817,3.0101872591829744,1,484,"{""speaker"": 1.0}"
brspeech,1,shapley,2,544,speaker+egemaps,1.183174626941974,2.178717613454968,1,484,"{""speaker"": 0.5389111503029217, ""egemaps"": 0.46108884969707825}"
brspeech,1,shapley,3,800,speaker+ced+egemaps,1.1831746269419745,2.1787176134549715,1,484,"{""speaker"": 0.5389111503029238, ""ced"": 0.0, ""egemaps"": 0.4610888496970762}"
brspeech,1,shapley,4,804,wavlm+speaker+ced+egemaps,1.1831746269419745,2.1787176134549715,1,484,"{""wavlm"": 3.686287386450716e-18, ""speaker"": 0.5389111503029238, ""ced"": 2.0090033614134954e-19, ""egemaps"": 0.46108884969707625}"
brspeech,1,shapley,5,806,contentvec12+wavlm+speaker+ced+egemaps,1.173767851320583,1.9357653073354808,1,484,"{""contentvec12"": 0.08566880829688983, ""wavlm"": 0.0, ""speaker"": 0.494328759816893, ""ced"": 2.0476915620754304e-17, ""egemaps"": 0.4200024318862172}"
brspeech,1,shapley,6,822,contentvec12+wavlm+auditory_erb+speaker+ced+egemaps,1.1737678513205825,1.9357652564366623,1,484,"{""contentvec12"": 0.08566882978292886, ""wavlm"": 0.0, ""auditory_erb"": 1.8816839433068572e-16, ""speaker"": 0.49432875161426537, ""ced"": 2.8135046375998834e-17, ""egemaps"": 0.4200024186028055}"
brspeech,1,shapley,7,830,contentvec12+wavlm+beats+auditory_erb+speaker+ced+egemaps,1.1663712366088812,2.273797888231705,1,484,"{""contentvec12"": 0.07064148786357133, ""wavlm"": 1.7797734778895023e-17, ""beats"": 0.07136859558634275, ""auditory_erb"": 0.0, ""speaker"": 0.456229867597841, ""ced"": 0.0, ""egemaps"": 0.40176004895224493}"
brspeech,1,shapley,8,894,contentvec12+wavlm+beats+auditory_erb+speaker+rmvpe_cont+ced+egemaps,1.16637123660893,2.273799079403593,1,484,"{""contentvec12"": 0.0706413572207606, ""wavlm"": 0.0, ""beats"": 0.07136874650716109, ""auditory_erb"": 2.9292199261066615e-17, ""speaker"": 0.4562299233161423, ""rmvpe_cont"": 4.3935598974080546e-17, ""ced"": 0.0, ""egemaps"": 0.4017599729559358}"
brspeech,1,shapley,9,895,whisper+contentvec12+wavlm+beats+auditory_erb+speaker+rmvpe_cont+ced+egemaps,1.1562585130212952,2.179927374230789,1,484,"{""whisper"": 0.07416241578643974, ""contentvec12"": 0.05485424113337946, ""wavlm"": 0.0, ""beats"": 0.06007500062527667, ""auditory_erb"": 1.8493056924805098e-17, ""speaker"": 0.4278218177782916, ""rmvpe_cont"": 5.0149183693773715e-17, ""ced"": 0.0, ""egemaps"": 0.38308652467661236}"
brspeech,1,shapley,10,1023,whisper+contentvec12+wavlm+beats+auditory_erb+speaker+rmvpe_cont+rmvpe_quant+ced+egemaps,1.1562585130213017,2.1799272706660147,1,484,"{""whisper"": 0.0741624344593796, ""contentvec12"": 0.05485426333117757, ""wavlm"": 0.0, ""beats"": 0.060074981746815546, ""auditory_erb"": 0.0, ""speaker"": 0.427821853437085, ""rmvpe_cont"": 1.6202416791994678e-16, ""rmvpe_quant"": 0.0, ""ced"": 0.0, ""egemaps"": 0.3830864670255421}"
brspeech,1,singleton,1,32,speaker,1.2852060146994817,3.0101872591829744,1,484,"{""speaker"": 1.0}"
brspeech,1,singleton,2,544,speaker+egemaps,1.183174626941974,2.178717613454968,1,484,"{""speaker"": 0.5389111503029217, ""egemaps"": 0.46108884969707825}"
brspeech,1,singleton,3,800,speaker+ced+egemaps,1.1831746269419745,2.1787176134549715,1,484,"{""speaker"": 0.5389111503029238, ""ced"": 0.0, ""egemaps"": 0.4610888496970762}"
brspeech,1,singleton,4,804,wavlm+speaker+ced+egemaps,1.1831746269419745,2.1787176134549715,1,484,"{""wavlm"": 3.686287386450716e-18, ""speaker"": 0.5389111503029238, ""ced"": 2.0090033614134954e-19, ""egemaps"": 0.46108884969707625}"
brspeech,1,singleton,5,820,wavlm+auditory_erb+speaker+ced+egemaps,1.1831746269419745,2.1787176134549697,1,484,"{""wavlm"": 2.0849407927662652e-17, ""auditory_erb"": 0.0, ""speaker"": 0.5389111503029226, ""ced"": 0.0, ""egemaps"": 0.4610888496970774}"
brspeech,1,singleton,6,884,wavlm+auditory_erb+speaker+rmvpe_cont+ced+egemaps,1.183174626941974,2.1787176134549715,1,484,"{""wavlm"": 0.0, ""auditory_erb"": 9.123344281724982e-17, ""speaker"": 0.5389111503029236, ""rmvpe_cont"": 3.755674351601472e-17, ""ced"": 0.0, ""egemaps"": 0.4610888496970762}"
brspeech,1,singleton,7,886,contentvec12+wavlm+auditory_erb+speaker+rmvpe_cont+ced+egemaps,1.1737678513205845,1.9357651663814968,1,484,"{""contentvec12"": 0.08566886853964652, ""wavlm"": 0.0, ""auditory_erb"": 1.7694687674731785e-16, ""speaker"": 0.4943287381668666, ""rmvpe_cont"": 0.0, ""ced"": 0.0, ""egemaps"": 0.42000239329348665}"
brspeech,1,singleton,8,894,contentvec12+wavlm+beats+auditory_erb+speaker+rmvpe_cont+ced+egemaps,1.16637123660893,2.273799079403593,1,484,"{""contentvec12"": 0.0706413572207606, ""wavlm"": 0.0, ""beats"": 0.07136874650716109, ""auditory_erb"": 2.9292199261066615e-17, ""speaker"": 0.4562299233161423, ""rmvpe_cont"": 4.3935598974080546e-17, ""ced"": 0.0, ""egemaps"": 0.4017599729559358}"
brspeech,1,singleton,9,895,whisper+contentvec12+wavlm+beats+auditory_erb+speaker+rmvpe_cont+ced+egemaps,1.1562585130212952,2.179927374230789,1,484,"{""whisper"": 0.07416241578643974, ""contentvec12"": 0.05485424113337946, ""wavlm"": 0.0, ""beats"": 0.06007500062527667, ""auditory_erb"": 1.8493056924805098e-17, ""speaker"": 0.4278218177782916, ""rmvpe_cont"": 5.0149183693773715e-17, ""ced"": 0.0, ""egemaps"": 0.38308652467661236}"
brspeech,1,singleton,10,1023,whisper+contentvec12+wavlm+beats+auditory_erb+speaker+rmvpe_cont+rmvpe_quant+ced+egemaps,1.1562585130213017,2.1799272706660147,1,484,"{""whisper"": 0.0741624344593796, ""contentvec12"": 0.05485426333117757, ""wavlm"": 0.0, ""beats"": 0.060074981746815546, ""auditory_erb"": 0.0, ""speaker"": 0.427821853437085, ""rmvpe_cont"": 1.6202416791994678e-16, ""rmvpe_quant"": 0.0, ""ced"": 0.0, ""egemaps"": 0.3830864670255421}"
brspeech,1,inner_search,1,32,speaker,1.2852060146994817,3.0101872591829744,1,484,"{""speaker"": 1.0}"
brspeech,1,inner_search,2,544,speaker+egemaps,1.183174626941974,2.178717613454968,1,484,"{""speaker"": 0.5389111503029217, ""egemaps"": 0.46108884969707825}"
brspeech,1,inner_search,3,545,whisper+speaker+egemaps,1.1667300891495025,2.071740727979384,1,484,"{""whisper"": 0.09185016010159663, ""speaker"": 0.4845530351148468, ""egemaps"": 0.42359680478355655}"
brspeech,1,inner_search,4,553,whisper+beats+speaker+egemaps,1.1598604772489194,2.380310335279716,1,484,"{""whisper"": 0.08176481734182461, ""beats"": 0.0684383551030185, ""speaker"": 0.44648793235551487, ""egemaps"": 0.403308895199642}"
brspeech,1,inner_search,5,555,whisper+contentvec12+beats+speaker+egemaps,1.1562585130214371,2.1799259727046536,1,484,"{""whisper"": 0.07416253045793614, ""contentvec12"": 0.054854454711561494, ""beats"": 0.06007499585569075, ""speaker"": 0.42782117666229913, ""egemaps"": 0.3830868423125125}"
brspeech,1,inner_search,6,571,whisper+contentvec12+beats+auditory_erb+speaker+egemaps,1.1562585130212892,2.179927302713038,1,484,"{""whisper"": 0.0741624245314053, ""contentvec12"": 0.054854247266450044, ""beats"": 0.06007503037338381, ""auditory_erb"": 0.0, ""speaker"": 0.4278216631171366, ""egemaps"": 0.3830866347116243}"
brspeech,1,inner_search,7,635,whisper+contentvec12+beats+auditory_erb+speaker+rmvpe_cont+egemaps,1.1562585130212888,2.179927292965206,1,484,"{""whisper"": 0.07416243298186243, ""contentvec12"": 0.054854249913858524, ""beats"": 0.060075027688017785, ""auditory_erb"": 3.613263881974534e-17, ""speaker"": 0.42782167203005717, ""rmvpe_cont"": 1.3415539429185124e-17, ""egemaps"": 0.38308661738620403}"
brspeech,1,inner_search,8,763,whisper+contentvec12+beats+auditory_erb+speaker+rmvpe_cont+rmvpe_quant+egemaps,1.1562585130212886,2.1799273253492486,1,484,"{""whisper"": 0.07416243203538952, ""contentvec12"": 0.054854245605175905, ""beats"": 0.06007502734251015, ""auditory_erb"": 1.8403511314773782e-17, ""speaker"": 0.4278216898971159, ""rmvpe_cont"": 5.814134735116003e-17, ""rmvpe_quant"": 3.639202942495216e-17, ""egemaps"": 0.3830866051198083}"
brspeech,1,inner_search,9,959,whisper+contentvec12+wavlm+beats+auditory_erb+speaker+rmvpe_quant+ced+egemaps,1.1562585130212906,2.179927298566048,1,484,"{""whisper"": 0.07416244824211128, ""contentvec12"": 0.05485426912978556, ""wavlm"": 7.53884998742541e-17, ""beats"": 0.0600750370768748, ""auditory_erb"": 0.0, ""speaker"": 0.4278216738269622, ""rmvpe_quant"": 0.0, ""ced"": 1.6526702748813776e-17, ""egemaps"": 0.3830865717242662}"
brspeech,1,inner_search,10,1023,whisper+contentvec12+wavlm+beats+auditory_erb+speaker+rmvpe_cont+rmvpe_quant+ced+egemaps,1.1562585130213017,2.1799272706660147,1,484,"{""whisper"": 0.0741624344593796, ""contentvec12"": 0.05485426333117757, ""wavlm"": 0.0, ""beats"": 0.060074981746815546, ""auditory_erb"": 0.0, ""speaker"": 0.427821853437085, ""rmvpe_cont"": 1.6202416791994678e-16, ""rmvpe_quant"": 0.0, ""ced"": 0.0, ""egemaps"": 0.3830864670255421}"
brspeech,2,gate,1,512,egemaps,0.9935752419187852,1.32352143926453,1,384,"{""egemaps"": 1.0}"
brspeech,2,gate,2,516,wavlm+egemaps,0.96415125899959,1.1134286955270225,1,384,"{""wavlm"": 0.18329918516568158, ""egemaps"": 0.8167008148343184}"
brspeech,2,gate,3,517,whisper+wavlm+egemaps,0.958149299253132,1.1046555888775262,1,384,"{""whisper"": 0.05288686908147614, ""wavlm"": 0.16507166393438663, ""egemaps"": 0.7820414669841373}"
brspeech,2,gate,4,519,whisper+contentvec12+wavlm+egemaps,0.9561386731783816,1.0906427693792111,1,384,"{""whisper"": 0.04816493381507537, ""contentvec12"": 0.035915712966323156, ""wavlm"": 0.15507375640559934, ""egemaps"": 0.7608455968130021}"
brspeech,2,gate,5,527,whisper+contentvec12+wavlm+beats+egemaps,0.9561386731784052,1.090642901945489,1,384,"{""whisper"": 0.048164966932124846, ""contentvec12"": 0.035915724575715284, ""wavlm"": 0.1550735878718577, ""beats"": 8.573434558047533e-17, ""egemaps"": 0.7608457206203021}"
brspeech,2,gate,6,783,whisper+contentvec12+wavlm+beats+ced+egemaps,0.9561386731784448,1.090642953606798,1,384,"{""whisper"": 0.048165008520995624, ""contentvec12"": 0.035915750316125025, ""wavlm"": 0.15507349301422346, ""beats"": 0.0, ""ced"": 0.0, ""egemaps"": 0.7608457481486559}"
brspeech,2,gate,7,911,whisper+contentvec12+wavlm+beats+rmvpe_quant+ced+egemaps,0.9561386731784628,1.0906429731332603,1,384,"{""whisper"": 0.048165020274580285, ""contentvec12"": 0.03591575964968486, ""wavlm"": 0.15507345930886401, ""beats"": 3.727393794801566e-17, ""rmvpe_quant"": 1.3261997372131764e-17, ""ced"": 0.0, ""egemaps"": 0.7608457607668708}"
brspeech,2,gate,8,943,whisper+contentvec12+wavlm+beats+speaker+rmvpe_quant+ced+egemaps,0.9561386731785304,1.090643036587586,1,384,"{""whisper"": 0.04816505730643747, ""contentvec12"": 0.03591578038833917, ""wavlm"": 0.155073357451868, ""beats"": 6.494671508981073e-17, ""speaker"": 0.0, ""rmvpe_quant"": 0.0, ""ced"": 0.0, ""egemaps"": 0.7608458048533553}"
brspeech,2,gate,9,959,whisper+contentvec12+wavlm+beats+auditory_erb+speaker+rmvpe_quant+ced+egemaps,0.9561386731783824,1.0906427656179567,1,384,"{""whisper"": 0.04816490443140543, ""contentvec12"": 0.03591569292620371, ""wavlm"": 0.15507378913631856, ""beats"": 6.854868235539602e-17, ""auditory_erb"": 0.0, ""speaker"": 2.0843601890675938e-17, ""rmvpe_quant"": 0.0, ""ced"": 6.364266752489911e-17, ""egemaps"": 0.7608456135060723}"
brspeech,2,gate,10,1023,whisper+contentvec12+wavlm+beats+auditory_erb+speaker+rmvpe_cont+rmvpe_quant+ced+egemaps,0.9561386731785296,1.0906429841070528,1,384,"{""whisper"": 0.048165087029421086, ""contentvec12"": 0.035915791534318335, ""wavlm"": 0.15507339244528126, ""beats"": 9.388852000545564e-17, ""auditory_erb"": 0.0, ""speaker"": 4.843777752112198e-17, ""rmvpe_cont"": 0.0, ""rmvpe_quant"": 6.015925237509452e-17, ""ced"": 8.565535975814384e-17, ""egemaps"": 0.760845728990979}"
brspeech,2,shapley,1,512,egemaps,0.9935752419187852,1.32352143926453,1,384,"{""egemaps"": 1.0}"
brspeech,2,shapley,2,516,wavlm+egemaps,0.96415125899959,1.1134286955270225,1,384,"{""wavlm"": 0.18329918516568158, ""egemaps"": 0.8167008148343184}"
brspeech,2,shapley,3,580,wavlm+rmvpe_cont+egemaps,0.96415125899959,1.1134286955270238,1,384,"{""wavlm"": 0.18329918516568008, ""rmvpe_cont"": 0.0, ""egemaps"": 0.81670081483432}"
brspeech,2,shapley,4,612,wavlm+speaker+rmvpe_cont+egemaps,0.96415125899959,1.1134286955270225,1,384,"{""wavlm"": 0.18329918516568172, ""speaker"": 0.0, ""rmvpe_cont"": 4.686633297158044e-18, ""egemaps"": 0.8167008148343183}"
brspeech,2,shapley,5,868,wavlm+speaker+rmvpe_cont+ced+egemaps,0.9641512589997148,1.1134290424807494,1,384,"{""wavlm"": 0.1832988078170737, ""speaker"": 2.3901575705621847e-17, ""rmvpe_cont"": 1.355633880433145e-17, ""ced"": 1.1832626756668949e-17, ""egemaps"": 0.8167011921829262}"
brspeech,2,shapley,6,870,contentvec12+wavlm+speaker+rmvpe_cont+ced+egemaps,0.961001016075489,1.095703706129789,1,384,"{""contentvec12"": 0.04443080381273869, ""wavlm"": 0.1689175811105414, ""speaker"": 0.0, ""rmvpe_cont"": 7.979632698286748e-18, ""ced"": 0.0, ""egemaps"": 0.78665161507672}"
brspeech,2,shapley,7,871,whisper+contentvec12+wavlm+speaker+rmvpe_cont+ced+egemaps,0.9561386731783822,1.0906427532849836,1,384,"{""whisper"": 0.04816492141863266, ""contentvec12"": 0.0359157192637519, ""wavlm"": 0.15507377505356765, ""speaker"": 1.1640270868303419e-17, ""rmvpe_cont"": 1.835892297103473e-17, ""ced"": 3.739125037002643e-17, ""egemaps"": 0.7608455842640478}"
brspeech,2,shapley,8,999,whisper+contentvec12+wavlm+speaker+rmvpe_cont+rmvpe_quant+ced+egemaps,0.9561386731784348,1.090642992805117,1,384,"{""whisper"": 0.04816493886149478, ""contentvec12"": 0.03591556547953228, ""wavlm"": 0.15507362026826738, ""speaker"": 0.0, ""rmvpe_cont"": 2.5119609083773525e-17, ""rmvpe_quant"": 4.990294608748709e-17, ""ced"": 0.0, ""egemaps"": 0.7608458753907054}"
brspeech,2,shapley,9,1007,whisper+contentvec12+wavlm+beats+speaker+rmvpe_cont+rmvpe_quant+ced+egemaps,0.9561386731783807,1.0906427860350905,1,384,"{""whisper"": 0.048164918595545676, ""contentvec12"": 0.03591570062399993, ""wavlm"": 0.1550737545495591, ""beats"": 0.0, ""speaker"": 0.0, ""rmvpe_cont"": 0.0, ""rmvpe_quant"": 9.169597522148791e-17, ""ced"": 0.0, ""egemaps"": 0.7608456262308952}"
brspeech,2,shapley,10,1023,whisper+contentvec12+wavlm+beats+auditory_erb+speaker+rmvpe_cont+rmvpe_quant+ced+egemaps,0.9561386731785296,1.0906429841070528,1,384,"{""whisper"": 0.048165087029421086, ""contentvec12"": 0.035915791534318335, ""wavlm"": 0.15507339244528126, ""beats"": 9.388852000545564e-17, ""auditory_erb"": 0.0, ""speaker"": 4.843777752112198e-17, ""rmvpe_cont"": 0.0, ""rmvpe_quant"": 6.015925237509452e-17, ""ced"": 8.565535975814384e-17, ""egemaps"": 0.760845728990979}"
brspeech,2,singleton,1,512,egemaps,0.9935752419187852,1.32352143926453,1,384,"{""egemaps"": 1.0}"
brspeech,2,singleton,2,516,wavlm+egemaps,0.96415125899959,1.1134286955270225,1,384,"{""wavlm"": 0.18329918516568158, ""egemaps"": 0.8167008148343184}"
brspeech,2,singleton,3,580,wavlm+rmvpe_cont+egemaps,0.96415125899959,1.1134286955270238,1,384,"{""wavlm"": 0.18329918516568008, ""rmvpe_cont"": 0.0, ""egemaps"": 0.81670081483432}"
brspeech,2,singleton,4,612,wavlm+speaker+rmvpe_cont+egemaps,0.96415125899959,1.1134286955270225,1,384,"{""wavlm"": 0.18329918516568172, ""speaker"": 0.0, ""rmvpe_cont"": 4.686633297158044e-18, ""egemaps"": 0.8167008148343183}"
brspeech,2,singleton,5,868,wavlm+speaker+rmvpe_cont+ced+egemaps,0.9641512589997148,1.1134290424807494,1,384,"{""wavlm"": 0.1832988078170737, ""speaker"": 2.3901575705621847e-17, ""rmvpe_cont"": 1.355633880433145e-17, ""ced"": 1.1832626756668949e-17, ""egemaps"": 0.8167011921829262}"
brspeech,2,singleton,6,870,contentvec12+wavlm+speaker+rmvpe_cont+ced+egemaps,0.961001016075489,1.095703706129789,1,384,"{""contentvec12"": 0.04443080381273869, ""wavlm"": 0.1689175811105414, ""speaker"": 0.0, ""rmvpe_cont"": 7.979632698286748e-18, ""ced"": 0.0, ""egemaps"": 0.78665161507672}"
brspeech,2,singleton,7,871,whisper+contentvec12+wavlm+speaker+rmvpe_cont+ced+egemaps,0.9561386731783822,1.0906427532849836,1,384,"{""whisper"": 0.04816492141863266, ""contentvec12"": 0.0359157192637519, ""wavlm"": 0.15507377505356765, ""speaker"": 1.1640270868303419e-17, ""rmvpe_cont"": 1.835892297103473e-17, ""ced"": 3.739125037002643e-17, ""egemaps"": 0.7608455842640478}"
brspeech,2,singleton,8,999,whisper+contentvec12+wavlm+speaker+rmvpe_cont+rmvpe_quant+ced+egemaps,0.9561386731784348,1.090642992805117,1,384,"{""whisper"": 0.04816493886149478, ""contentvec12"": 0.03591556547953228, ""wavlm"": 0.15507362026826738, ""speaker"": 0.0, ""rmvpe_cont"": 2.5119609083773525e-17, ""rmvpe_quant"": 4.990294608748709e-17, ""ced"": 0.0, ""egemaps"": 0.7608458753907054}"
brspeech,2,singleton,9,1007,whisper+contentvec12+wavlm+beats+speaker+rmvpe_cont+rmvpe_quant+ced+egemaps,0.9561386731783807,1.0906427860350905,1,384,"{""whisper"": 0.048164918595545676, ""contentvec12"": 0.03591570062399993, ""wavlm"": 0.1550737545495591, ""beats"": 0.0, ""speaker"": 0.0, ""rmvpe_cont"": 0.0, ""rmvpe_quant"": 9.169597522148791e-17, ""ced"": 0.0, ""egemaps"": 0.7608456262308952}"
brspeech,2,singleton,10,1023,whisper+contentvec12+wavlm+beats+auditory_erb+speaker+rmvpe_cont+rmvpe_quant+ced+egemaps,0.9561386731785296,1.0906429841070528,1,384,"{""whisper"": 0.048165087029421086, ""contentvec12"": 0.035915791534318335, ""wavlm"": 0.15507339244528126, ""beats"": 9.388852000545564e-17, ""auditory_erb"": 0.0, ""speaker"": 4.843777752112198e-17, ""rmvpe_cont"": 0.0, ""rmvpe_quant"": 6.015925237509452e-17, ""ced"": 8.565535975814384e-17, ""egemaps"": 0.760845728990979}"
brspeech,2,inner_search,1,512,egemaps,0.9935752419187852,1.32352143926453,1,384,"{""egemaps"": 1.0}"
brspeech,2,inner_search,2,516,wavlm+egemaps,0.96415125899959,1.1134286955270225,1,384,"{""wavlm"": 0.18329918516568158, ""egemaps"": 0.8167008148343184}"
brspeech,2,inner_search,3,517,whisper+wavlm+egemaps,0.958149299253132,1.1046555888775262,1,384,"{""whisper"": 0.05288686908147614, ""wavlm"": 0.16507166393438663, ""egemaps"": 0.7820414669841373}"
brspeech,2,inner_search,4,519,whisper+contentvec12+wavlm+egemaps,0.9561386731783816,1.0906427693792111,1,384,"{""whisper"": 0.04816493381507537, ""contentvec12"": 0.035915712966323156, ""wavlm"": 0.15507375640559934, ""egemaps"": 0.7608455968130021}"
brspeech,2,inner_search,5,535,whisper+contentvec12+wavlm+auditory_erb+egemaps,0.956138673178381,1.0906427860350911,1,384,"{""whisper"": 0.04816491859554524, ""contentvec12"": 0.03591570062399938, ""wavlm"": 0.15507375454955896, ""auditory_erb"": 9.537590986083423e-18, ""egemaps"": 0.7608456262308965}"
brspeech,2,inner_search,6,679,whisper+contentvec12+wavlm+speaker+rmvpe_quant+egemaps,0.9561386731783807,1.090642782740806,1,384,"{""whisper"": 0.04816491695222661, ""contentvec12"": 0.03591570012668254, ""wavlm"": 0.15507375927638092, ""speaker"": 0.0, ""rmvpe_quant"": 4.363315527235156e-17, ""egemaps"": 0.7608456236447098}"
brspeech,2,inner_search,7,623,whisper+contentvec12+wavlm+beats+speaker+rmvpe_cont+egemaps,0.9561386731783807,1.090642786035093,1,384,"{""whisper"": 0.048164918595545475, ""contentvec12"": 0.035915700623999285, ""wavlm"": 0.15507375454955832, ""beats"": 0.0, ""speaker"": 0.0, ""rmvpe_cont"": 8.86606326550021e-17, ""egemaps"": 0.7608456262308967}"
brspeech,2,inner_search,8,751,whisper+contentvec12+wavlm+beats+speaker+rmvpe_cont+rmvpe_quant+egemaps,0.9561386731783807,1.090642786035093,1,384,"{""whisper"": 0.048164918595545204, ""contentvec12"": 0.03591570062399932, ""wavlm"": 0.15507375454955835, ""beats"": 0.0, ""speaker"": 0.0, ""rmvpe_cont"": 0.0, ""rmvpe_quant"": 0.0, ""egemaps"": 0.760845626230897}"
brspeech,2,inner_search,9,1007,whisper+contentvec12+wavlm+beats+speaker+rmvpe_cont+rmvpe_quant+ced+egemaps,0.9561386731783807,1.0906427860350905,1,384,"{""whisper"": 0.048164918595545676, ""contentvec12"": 0.03591570062399993, ""wavlm"": 0.1550737545495591, ""beats"": 0.0, ""speaker"": 0.0, ""rmvpe_cont"": 0.0, ""rmvpe_quant"": 9.169597522148791e-17, ""ced"": 0.0, ""egemaps"": 0.7608456262308952}"
brspeech,2,inner_search,10,1023,whisper+contentvec12+wavlm+beats+auditory_erb+speaker+rmvpe_cont+rmvpe_quant+ced+egemaps,0.9561386731785296,1.0906429841070528,1,384,"{""whisper"": 0.048165087029421086, ""contentvec12"": 0.035915791534318335, ""wavlm"": 0.15507339244528126, ""beats"": 9.388852000545564e-17, ""auditory_erb"": 0.0, ""speaker"": 4.843777752112198e-17, ""rmvpe_cont"": 0.0, ""rmvpe_quant"": 6.015925237509452e-17, ""ced"": 8.565535975814384e-17, ""egemaps"": 0.760845728990979}"
brspeech,3,gate,1,4,wavlm,1.33288469800621,2.34966293566195,1,256,"{""wavlm"": 1.0}"
brspeech,3,gate,2,516,wavlm+egemaps,1.0442190521065684,1.4533792500161018,1,256,"{""wavlm"": 0.5089279997014914, ""egemaps"": 0.4910720002985086}"
brspeech,3,gate,3,518,contentvec12+wavlm+egemaps,1.0146283998436665,1.5982566514426677,1,256,"{""contentvec12"": 0.173451454876776, ""wavlm"": 0.4422059710421516, ""egemaps"": 0.3843425740810724}"
brspeech,3,gate,4,646,contentvec12+wavlm+rmvpe_quant+egemaps,1.0098561297193718,2.052895450901031,1,256,"{""contentvec12"": 0.1651172796750597, ""wavlm"": 0.44297575468162464, ""rmvpe_quant"": 0.07458490057375995, ""egemaps"": 0.3173220650695557}"
brspeech,3,gate,5,647,whisper+contentvec12+wavlm+rmvpe_quant+egemaps,1.0097709988618224,2.049508207494043,1,256,"{""whisper"": 0.006902785020655477, ""contentvec12"": 0.16398260993509944, ""wavlm"": 0.4417940704246264, ""rmvpe_quant"": 0.07338028336697089, ""egemaps"": 0.3139402512526479}"
brspeech,3,gate,6,655,whisper+contentvec12+wavlm+beats+rmvpe_quant+egemaps,1.0097709988618138,2.049508927006793,1,256,"{""whisper"": 0.0069027731809265455, ""contentvec12"": 0.16398265849718155, ""wavlm"": 0.4417940331611506, ""beats"": 1.0115108637433244e-17, ""rmvpe_quant"": 0.07338038018747822, ""egemaps"": 0.313940154973263}"
brspeech,3,gate,7,671,whisper+contentvec12+wavlm+beats+auditory_erb+rmvpe_quant+egemaps,1.0097709988619366,2.0495113405087926,1,256,"{""whisper"": 0.006902692880587917, ""contentvec12"": 0.16398278317795856, ""wavlm"": 0.44179401798077184, ""beats"": 1.1127392418740938e-17, ""auditory_erb"": 0.0, ""rmvpe_quant"": 0.07338069686366896, ""egemaps"": 0.3139398090970128}"
brspeech,3,gate,8,703,whisper+contentvec12+wavlm+beats+auditory_erb+speaker+rmvpe_quant+egemaps,1.0097709988618124,2.0495088007115614,1,256,"{""whisper"": 0.006902771406154531, ""contentvec12"": 0.16398263280659514, ""wavlm"": 0.4417940214702226, ""beats"": 0.0, ""auditory_erb"": 0.0, ""speaker"": 2.4751192765109763e-17, ""rmvpe_quant"": 0.07338037254530462, ""egemaps"": 0.31394020177172316}"
brspeech,3,gate,9,767,whisper+contentvec12+wavlm+beats+auditory_erb+speaker+rmvpe_cont+rmvpe_quant+egemaps,1.0097709988618129,2.0495088305537483,1,256,"{""whisper"": 0.006902771491588309, ""contentvec12"": 0.16398262386830761, ""wavlm"": 0.4417940271370517, ""beats"": 0.0, ""auditory_erb"": 2.0322292403210992e-17, ""speaker"": 0.0, ""rmvpe_cont"": 0.0, ""rmvpe_quant"": 0.07338037755728151, ""egemaps"": 0.3139401999457709}"
brspeech,3,gate,10,1023,whisper+contentvec12+wavlm+beats+auditory_erb+speaker+rmvpe_cont+rmvpe_quant+ced+egemaps,1.0097709988618124,2.0495088292639627,1,256,"{""whisper"": 0.0069027717541852865, ""contentvec12"": 0.16398262363886232, ""wavlm"": 0.4417940278712334, ""beats"": 2.4247330584224106e-17, ""auditory_erb"": 1.8644141463687908e-17, ""speaker"": 0.0, ""rmvpe_cont"": 0.0, ""rmvpe_quant"": 0.07338037721829277, ""ced"": 0.0, ""egemaps"": 0.31394019951742613}"
brspeech,3,shapley,1,4,wavlm,1.33288469800621,2.34966293566195,1,256,"{""wavlm"": 1.0}"
brspeech,3,shapley,2,516,wavlm+egemaps,1.0442190521065684,1.4533792500161018,1,256,"{""wavlm"": 0.5089279997014914, ""egemaps"": 0.4910720002985086}"
brspeech,3,shapley,3,518,contentvec12+wavlm+egemaps,1.0146283998436665,1.5982566514426677,1,256,"{""contentvec12"": 0.173451454876776, ""wavlm"": 0.4422059710421516, ""egemaps"": 0.3843425740810724}"
brspeech,3,shapley,4,582,contentvec12+wavlm+rmvpe_cont+egemaps,1.014628399843655,1.5982566936675084,1,256,"{""contentvec12"": 0.17345155266855, ""wavlm"": 0.442205893465012, ""rmvpe_cont"": 2.049819732355407e-18, ""egemaps"": 0.384342553866438}"
brspeech,3,shapley,5,838,contentvec12+wavlm+rmvpe_cont+ced+egemaps,1.0145700576579513,1.6048833816295724,1,256,"{""contentvec12"": 0.17294967726735247, ""wavlm"": 0.4417541870616739, ""rmvpe_cont"": 0.0, ""ced"": 0.008880379954753681, ""egemaps"": 0.37641575571622}"
brspeech,3,shapley,6,966,contentvec12+wavlm+rmvpe_cont+rmvpe_quant+ced+egemaps,1.0098561297193738,2.0528954125142005,1,256,"{""contentvec12"": 0.16511730607410433, ""wavlm"": 0.4429756972748843, ""rmvpe_cont"": 0.0, ""rmvpe_quant"": 0.07458490196420937, ""ced"": 1.5836233860984806e-17, ""egemaps"": 0.31732209468680206}"
brspeech,3,shapley,7,998,contentvec12+wavlm+speaker+rmvpe_cont+rmvpe_quant+ced+egemaps,1.0098561297194648,2.0528935658249647,1,256,"{""contentvec12"": 0.16511748741298798, ""wavlm"": 0.4429756403780676, ""speaker"": 1.1884084008214647e-17, ""rmvpe_cont"": 5.845162610765113e-18, ""rmvpe_quant"": 0.0745846178254188, ""ced"": 6.732323743895586e-18, ""egemaps"": 0.3173222543835257}"
brspeech,3,shapley,8,1014,contentvec12+wavlm+auditory_erb+speaker+rmvpe_cont+rmvpe_quant+ced+egemaps,1.0098561297193716,2.052895382132905,1,256,"{""contentvec12"": 0.16511731522675696, ""wavlm"": 0.4429757480947198, ""auditory_erb"": 0.0, ""speaker"": 1.3377191335987162e-17, ""rmvpe_cont"": 7.038830556793433e-18, ""rmvpe_quant"": 0.07458488372876168, ""ced"": 0.0, ""egemaps"": 0.31732205294976146}"
brspeech,3,shapley,9,1015,whisper+contentvec12+wavlm+auditory_erb+speaker+rmvpe_cont+rmvpe_quant+ced+egemaps,1.0097709988622057,2.049512556381257,1,256,"{""whisper"": 0.006902534908081356, ""contentvec12"": 0.1639828695028299, ""wavlm"": 0.44179426546667666, ""auditory_erb"": 0.0, ""speaker"": 0.0, ""rmvpe_cont"": 1.0083080204115187e-17, ""rmvpe_quant"": 0.07338081346407324, ""ced"": 0.0, ""egemaps"": 0.3139395166583386}"
brspeech,3,shapley,10,1023,whisper+contentvec12+wavlm+beats+auditory_erb+speaker+rmvpe_cont+rmvpe_quant+ced+egemaps,1.0097709988618124,2.0495088292639627,1,256,"{""whisper"": 0.0069027717541852865, ""contentvec12"": 0.16398262363886232, ""wavlm"": 0.4417940278712334, ""beats"": 2.4247330584224106e-17, ""auditory_erb"": 1.8644141463687908e-17, ""speaker"": 0.0, ""rmvpe_cont"": 0.0, ""rmvpe_quant"": 0.07338037721829277, ""ced"": 0.0, ""egemaps"": 0.31394019951742613}"
brspeech,3,singleton,1,4,wavlm,1.33288469800621,2.34966293566195,1,256,"{""wavlm"": 1.0}"
brspeech,3,singleton,2,516,wavlm+egemaps,1.0442190521065684,1.4533792500161018,1,256,"{""wavlm"": 0.5089279997014914, ""egemaps"": 0.4910720002985086}"
brspeech,3,singleton,3,518,contentvec12+wavlm+egemaps,1.0146283998436665,1.5982566514426677,1,256,"{""contentvec12"": 0.173451454876776, ""wavlm"": 0.4422059710421516, ""egemaps"": 0.3843425740810724}"
brspeech,3,singleton,4,582,contentvec12+wavlm+rmvpe_cont+egemaps,1.014628399843655,1.5982566936675084,1,256,"{""contentvec12"": 0.17345155266855, ""wavlm"": 0.442205893465012, ""rmvpe_cont"": 2.049819732355407e-18, ""egemaps"": 0.384342553866438}"
brspeech,3,singleton,5,838,contentvec12+wavlm+rmvpe_cont+ced+egemaps,1.0145700576579513,1.6048833816295724,1,256,"{""contentvec12"": 0.17294967726735247, ""wavlm"": 0.4417541870616739, ""rmvpe_cont"": 0.0, ""ced"": 0.008880379954753681, ""egemaps"": 0.37641575571622}"
brspeech,3,singleton,6,966,contentvec12+wavlm+rmvpe_cont+rmvpe_quant+ced+egemaps,1.0098561297193738,2.0528954125142005,1,256,"{""contentvec12"": 0.16511730607410433, ""wavlm"": 0.4429756972748843, ""rmvpe_cont"": 0.0, ""rmvpe_quant"": 0.07458490196420937, ""ced"": 1.5836233860984806e-17, ""egemaps"": 0.31732209468680206}"
brspeech,3,singleton,7,998,contentvec12+wavlm+speaker+rmvpe_cont+rmvpe_quant+ced+egemaps,1.0098561297194648,2.0528935658249647,1,256,"{""contentvec12"": 0.16511748741298798, ""wavlm"": 0.4429756403780676, ""speaker"": 1.1884084008214647e-17, ""rmvpe_cont"": 5.845162610765113e-18, ""rmvpe_quant"": 0.0745846178254188, ""ced"": 6.732323743895586e-18, ""egemaps"": 0.3173222543835257}"
brspeech,3,singleton,8,1014,contentvec12+wavlm+auditory_erb+speaker+rmvpe_cont+rmvpe_quant+ced+egemaps,1.0098561297193716,2.052895382132905,1,256,"{""contentvec12"": 0.16511731522675696, ""wavlm"": 0.4429757480947198, ""auditory_erb"": 0.0, ""speaker"": 1.3377191335987162e-17, ""rmvpe_cont"": 7.038830556793433e-18, ""rmvpe_quant"": 0.07458488372876168, ""ced"": 0.0, ""egemaps"": 0.31732205294976146}"
brspeech,3,singleton,9,1015,whisper+contentvec12+wavlm+auditory_erb+speaker+rmvpe_cont+rmvpe_quant+ced+egemaps,1.0097709988622057,2.049512556381257,1,256,"{""whisper"": 0.006902534908081356, ""contentvec12"": 0.1639828695028299, ""wavlm"": 0.44179426546667666, ""auditory_erb"": 0.0, ""speaker"": 0.0, ""rmvpe_cont"": 1.0083080204115187e-17, ""rmvpe_quant"": 0.07338081346407324, ""ced"": 0.0, ""egemaps"": 0.3139395166583386}"
brspeech,3,singleton,10,1023,whisper+contentvec12+wavlm+beats+auditory_erb+speaker+rmvpe_cont+rmvpe_quant+ced+egemaps,1.0097709988618124,2.0495088292639627,1,256,"{""whisper"": 0.0069027717541852865, ""contentvec12"": 0.16398262363886232, ""wavlm"": 0.4417940278712334, ""beats"": 2.4247330584224106e-17, ""auditory_erb"": 1.8644141463687908e-17, ""speaker"": 0.0, ""rmvpe_cont"": 0.0, ""rmvpe_quant"": 0.07338037721829277, ""ced"": 0.0, ""egemaps"": 0.31394019951742613}"
brspeech,3,inner_search,1,4,wavlm,1.33288469800621,2.34966293566195,1,256,"{""wavlm"": 1.0}"
brspeech,3,inner_search,2,516,wavlm+egemaps,1.0442190521065684,1.4533792500161018,1,256,"{""wavlm"": 0.5089279997014914, ""egemaps"": 0.4910720002985086}"
brspeech,3,inner_search,3,518,contentvec12+wavlm+egemaps,1.0146283998436665,1.5982566514426677,1,256,"{""contentvec12"": 0.173451454876776, ""wavlm"": 0.4422059710421516, ""egemaps"": 0.3843425740810724}"
brspeech,3,inner_search,4,646,contentvec12+wavlm+rmvpe_quant+egemaps,1.0098561297193718,2.052895450901031,1,256,"{""contentvec12"": 0.1651172796750597, ""wavlm"": 0.44297575468162464, ""rmvpe_quant"": 0.07458490057375995, ""egemaps"": 0.3173220650695557}"
brspeech,3,inner_search,5,647,whisper+contentvec12+wavlm+rmvpe_quant+egemaps,1.0097709988618224,2.049508207494043,1,256,"{""whisper"": 0.006902785020655477, ""contentvec12"": 0.16398260993509944, ""wavlm"": 0.4417940704246264, ""rmvpe_quant"": 0.07338028336697089, ""egemaps"": 0.3139402512526479}"
brspeech,3,inner_search,6,663,whisper+contentvec12+wavlm+auditory_erb+rmvpe_quant+egemaps,1.0097709988618124,2.049508794742994,1,256,"{""whisper"": 0.0069027695910552, ""contentvec12"": 0.16398263738245875, ""wavlm"": 0.44179401996007983, ""auditory_erb"": 6.148733925105134e-17, ""rmvpe_quant"": 0.07338037126524243, ""egemaps"": 0.3139402018011637}"
brspeech,3,inner_search,7,919,whisper+contentvec12+wavlm+auditory_erb+rmvpe_quant+ced+egemaps,1.0097709988618129,2.049508803541316,1,256,"{""whisper"": 0.006902778925831802, ""contentvec12"": 0.16398263884583836, ""wavlm"": 0.44179401845664645, ""auditory_erb"": 0.0, ""rmvpe_quant"": 0.0733803706582047, ""ced"": 0.0, ""egemaps"": 0.31394019311347865}"
brspeech,3,inner_search,8,703,whisper+contentvec12+wavlm+beats+auditory_erb+speaker+rmvpe_quant+egemaps,1.0097709988618124,2.0495088007115614,1,256,"{""whisper"": 0.006902771406154531, ""contentvec12"": 0.16398263280659514, ""wavlm"": 0.4417940214702226, ""beats"": 0.0, ""auditory_erb"": 0.0, ""speaker"": 2.4751192765109763e-17, ""rmvpe_quant"": 0.07338037254530462, ""egemaps"": 0.31394020177172316}"
brspeech,3,inner_search,9,959,whisper+contentvec12+wavlm+beats+auditory_erb+speaker+rmvpe_quant+ced+egemaps,1.0097709988618124,2.049508806213637,1,256,"{""whisper"": 0.006902773662381155, ""contentvec12"": 0.16398263011896572, ""wavlm"": 0.44179402331714973, ""beats"": 0.0, ""auditory_erb"": 0.0, ""speaker"": 4.019299051408233e-17, ""rmvpe_quant"": 0.07338037311835616, ""ced"": 0.0, ""egemaps"": 0.3139401997831473}"
brspeech,3,inner_search,10,1023,whisper+contentvec12+wavlm+beats+auditory_erb+speaker+rmvpe_cont+rmvpe_quant+ced+egemaps,1.0097709988618124,2.0495088292639627,1,256,"{""whisper"": 0.0069027717541852865, ""contentvec12"": 0.16398262363886232, ""wavlm"": 0.4417940278712334, ""beats"": 2.4247330584224106e-17, ""auditory_erb"": 1.8644141463687908e-17, ""speaker"": 0.0, ""rmvpe_cont"": 0.0, ""rmvpe_quant"": 0.07338037721829277, ""ced"": 0.0, ""egemaps"": 0.31394019951742613}"
brspeech,4,gate,1,512,egemaps,1.3126249556808771,0.8044928422642149,2,190,"{""egemaps"": 1.0}"
brspeech,4,gate,2,516,wavlm+egemaps,1.1714579251870223,0.6578389360625505,2,190,"{""wavlm"": 0.3573218330523721, ""egemaps"": 0.6426781669476279}"
brspeech,4,gate,3,518,contentvec12+wavlm+egemaps,1.111624747625754,0.6218030417348216,2,190,"{""contentvec12"": 0.20123976583846226, ""wavlm"": 0.24910982789487685, ""egemaps"": 0.549650406266661}"
brspeech,4,gate,4,774,contentvec12+wavlm+ced+egemaps,1.1051720462435584,0.6137369391828275,2,190,"{""contentvec12"": 0.1983689464631904, ""wavlm"": 0.23694856674333503, ""ced"": 0.10846811171933826, ""egemaps"": 0.45621437507413615}"
brspeech,4,gate,5,775,whisper+contentvec12+wavlm+ced+egemaps,1.1009651525883877,0.5974744423568104,2,190,"{""whisper"": 0.04665765517192634, ""contentvec12"": 0.18387942304054644, ""wavlm"": 0.22566834471667516, ""ced"": 0.10040409404074713, ""egemaps"": 0.44339048303010503}"
brspeech,4,gate,6,791,whisper+contentvec12+wavlm+auditory_erb+ced+egemaps,1.1009651525884,0.5974744385887236,2,190,"{""whisper"": 0.046657686509388396, ""contentvec12"": 0.18387941946343167, ""wavlm"": 0.22566836348696956, ""auditory_erb"": 0.0, ""ced"": 0.10040424467280414, ""egemaps"": 0.4433902858674063}"
brspeech,4,gate,7,919,whisper+contentvec12+wavlm+auditory_erb+rmvpe_quant+ced+egemaps,1.1009651525885291,0.5974744761054863,2,190,"{""whisper"": 0.046657560483051204, ""contentvec12"": 0.18387940890942528, ""wavlm"": 0.22566860291420382, ""auditory_erb"": 0.0, ""rmvpe_quant"": 2.1526961189641774e-16, ""ced"": 0.10040375071991627, ""egemaps"": 0.44339067697340323}"
brspeech,4,gate,8,927,whisper+contentvec12+wavlm+beats+auditory_erb+rmvpe_quant+ced+egemaps,1.1009651525883943,0.5974744366547317,2,190,"{""whisper"": 0.04665768022898591, ""contentvec12"": 0.18387936004019978, ""wavlm"": 0.22566840793468748, ""beats"": 5.597543778291647e-17, ""auditory_erb"": 0.0, ""rmvpe_quant"": 0.0, ""ced"": 0.10040418671610979, ""egemaps"": 0.44339036508001684}"
brspeech,4,gate,9,959,whisper+contentvec12+wavlm+beats+auditory_erb+speaker+rmvpe_quant+ced+egemaps,1.1009651525883866,0.5974744404362022,2,190,"{""whisper"": 0.046657660959096646, ""contentvec12"": 0.1838793964439276, ""wavlm"": 0.22566836063148715, ""beats"": 0.0, ""auditory_erb"": 0.0, ""speaker"": 1.2622874085743729e-16, ""rmvpe_quant"": 1.0694941484599542e-16, ""ced"": 0.10040414675661187, ""egemaps"": 0.44339043520887644}"
brspeech,4,gate,10,1023,whisper+contentvec12+wavlm+beats+auditory_erb+speaker+rmvpe_cont+rmvpe_quant+ced+egemaps,1.1009651525883877,0.5974744410770139,2,190,"{""whisper"": 0.04665766193639376, ""contentvec12"": 0.1838794067339062, ""wavlm"": 0.22566835532048718, ""beats"": 0.0, ""auditory_erb"": 3.351738621391725e-16, ""speaker"": 0.0, ""rmvpe_cont"": 0.0, ""rmvpe_quant"": 2.6374382516012358e-17, ""ced"": 0.10040416393726576, ""egemaps"": 0.4433904120719467}"
brspeech,4,shapley,1,512,egemaps,1.3126249556808771,0.8044928422642149,2,190,"{""egemaps"": 1.0}"
brspeech,4,shapley,2,516,wavlm+egemaps,1.1714579251870223,0.6578389360625505,2,190,"{""wavlm"": 0.3573218330523721, ""egemaps"": 0.6426781669476279}"
brspeech,4,shapley,3,772,wavlm+ced+egemaps,1.163200608103622,0.6379627576643134,2,190,"{""wavlm"": 0.3418329248877626, ""ced"": 0.12258677782330529, ""egemaps"": 0.5355802972889321}"
brspeech,4,shapley,4,774,contentvec12+wavlm+ced+egemaps,1.1051720462435584,0.6137369391828275,2,190,"{""contentvec12"": 0.1983689464631904, ""wavlm"": 0.23694856674333503, ""ced"": 0.10846811171933826, ""egemaps"": 0.45621437507413615}"
brspeech,4,shapley,5,838,contentvec12+wavlm+rmvpe_cont+ced+egemaps,1.105172046243294,0.6137369187609876,2,190,"{""contentvec12"": 0.19836869000534024, ""wavlm"": 0.2369486055284824, ""rmvpe_cont"": 9.28112529152258e-18, ""ced"": 0.10846867170009096, ""egemaps"": 0.4562140327660865}"
brspeech,4,shapley,6,870,contentvec12+wavlm+speaker+rmvpe_cont+ced+egemaps,1.1051720462435026,0.6137368950610287,2,190,"{""contentvec12"": 0.19836860221314392, ""wavlm"": 0.23694825412837076, ""speaker"": 0.0, ""rmvpe_cont"": 1.1311701494107554e-17, ""ced"": 0.10846856043095382, ""egemaps"": 0.45621458322753156}"
brspeech,4,shapley,7,871,whisper+contentvec12+wavlm+speaker+rmvpe_cont+ced+egemaps,1.100965152588386,0.5974744401041893,2,190,"{""whisper"": 0.04665765694436204, ""contentvec12"": 0.18387940140835884, ""wavlm"": 0.22566833936943897, ""speaker"": 0.0, ""rmvpe_cont"": 1.6923787769312375e-17, ""ced"": 0.10040413646160187, ""egemaps"": 0.44339046581623826}"
brspeech,4,shapley,8,879,whisper+contentvec12+wavlm+beats+speaker+rmvpe_cont+ced+egemaps,1.100965152588386,0.5974744394352104,2,190,"{""whisper"": 0.04665765750939145, ""contentvec12"": 0.18387939751334714, ""wavlm"": 0.22566833715547838, ""beats"": 2.6936944741887224e-16, ""speaker"": 0.0, ""rmvpe_cont"": 0.0, ""ced"": 0.10040413626179143, ""egemaps"": 0.4433904715599912}"
brspeech,4,shapley,9,1007,whisper+contentvec12+wavlm+beats+speaker+rmvpe_cont+rmvpe_quant+ced+egemaps,1.1009651525884845,0.5974744623018702,2,190,"{""whisper"": 0.04665761401570123, ""contentvec12"": 0.1838795519951772, ""wavlm"": 0.22566824202820449, ""beats"": 0.0, ""speaker"": 5.761708689636883e-17, ""rmvpe_cont"": 7.398832794266313e-18, ""rmvpe_quant"": 1.9427590029871995e-16, ""ced"": 0.10040448291672614, ""egemaps"": 0.44339010904419074}"
brspeech,4,shapley,10,1023,whisper+contentvec12+wavlm+beats+auditory_erb+speaker+rmvpe_cont+rmvpe_quant+ced+egemaps,1.1009651525883877,0.5974744410770139,2,190,"{""whisper"": 0.04665766193639376, ""contentvec12"": 0.1838794067339062, ""wavlm"": 0.22566835532048718, ""beats"": 0.0, ""auditory_erb"": 3.351738621391725e-16, ""speaker"": 0.0, ""rmvpe_cont"": 0.0, ""rmvpe_quant"": 2.6374382516012358e-17, ""ced"": 0.10040416393726576, ""egemaps"": 0.4433904120719467}"
brspeech,4,singleton,1,512,egemaps,1.3126249556808771,0.8044928422642149,2,190,"{""egemaps"": 1.0}"
brspeech,4,singleton,2,516,wavlm+egemaps,1.1714579251870223,0.6578389360625505,2,190,"{""wavlm"": 0.3573218330523721, ""egemaps"": 0.6426781669476279}"
brspeech,4,singleton,3,772,wavlm+ced+egemaps,1.163200608103622,0.6379627576643134,2,190,"{""wavlm"": 0.3418329248877626, ""ced"": 0.12258677782330529, ""egemaps"": 0.5355802972889321}"
brspeech,4,singleton,4,836,wavlm+rmvpe_cont+ced+egemaps,1.1632006081036348,0.6379627720004092,2,190,"{""wavlm"": 0.3418329158195299, ""rmvpe_cont"": 0.0, ""ced"": 0.12258662607573978, ""egemaps"": 0.5355804581047304}"
brspeech,4,singleton,5,868,wavlm+speaker+rmvpe_cont+ced+egemaps,1.163200608103689,0.6379627900126963,2,190,"{""wavlm"": 0.3418328823556439, ""speaker"": 1.8648700883224303e-17, ""rmvpe_cont"": 6.1498827135398476e-18, ""ced"": 0.12258644443991393, ""egemaps"": 0.5355806732044421}"
brspeech,4,singleton,6,870,contentvec12+wavlm+speaker+rmvpe_cont+ced+egemaps,1.1051720462435026,0.6137368950610287,2,190,"{""contentvec12"": 0.19836860221314392, ""wavlm"": 0.23694825412837076, ""speaker"": 0.0, ""rmvpe_cont"": 1.1311701494107554e-17, ""ced"": 0.10846856043095382, ""egemaps"": 0.45621458322753156}"
brspeech,4,singleton,7,871,whisper+contentvec12+wavlm+speaker+rmvpe_cont+ced+egemaps,1.100965152588386,0.5974744401041893,2,190,"{""whisper"": 0.04665765694436204, ""contentvec12"": 0.18387940140835884, ""wavlm"": 0.22566833936943897, ""speaker"": 0.0, ""rmvpe_cont"": 1.6923787769312375e-17, ""ced"": 0.10040413646160187, ""egemaps"": 0.44339046581623826}"
brspeech,4,singleton,8,879,whisper+contentvec12+wavlm+beats+speaker+rmvpe_cont+ced+egemaps,1.100965152588386,0.5974744394352104,2,190,"{""whisper"": 0.04665765750939145, ""contentvec12"": 0.18387939751334714, ""wavlm"": 0.22566833715547838, ""beats"": 2.6936944741887224e-16, ""speaker"": 0.0, ""rmvpe_cont"": 0.0, ""ced"": 0.10040413626179143, ""egemaps"": 0.4433904715599912}"
brspeech,4,singleton,9,1007,whisper+contentvec12+wavlm+beats+speaker+rmvpe_cont+rmvpe_quant+ced+egemaps,1.1009651525884845,0.5974744623018702,2,190,"{""whisper"": 0.04665761401570123, ""contentvec12"": 0.1838795519951772, ""wavlm"": 0.22566824202820449, ""beats"": 0.0, ""speaker"": 5.761708689636883e-17, ""rmvpe_cont"": 7.398832794266313e-18, ""rmvpe_quant"": 1.9427590029871995e-16, ""ced"": 0.10040448291672614, ""egemaps"": 0.44339010904419074}"
brspeech,4,singleton,10,1023,whisper+contentvec12+wavlm+beats+auditory_erb+speaker+rmvpe_cont+rmvpe_quant+ced+egemaps,1.1009651525883877,0.5974744410770139,2,190,"{""whisper"": 0.04665766193639376, ""contentvec12"": 0.1838794067339062, ""wavlm"": 0.22566835532048718, ""beats"": 0.0, ""auditory_erb"": 3.351738621391725e-16, ""speaker"": 0.0, ""rmvpe_cont"": 0.0, ""rmvpe_quant"": 2.6374382516012358e-17, ""ced"": 0.10040416393726576, ""egemaps"": 0.4433904120719467}"
brspeech,4,inner_search,1,512,egemaps,1.3126249556808771,0.8044928422642149,2,190,"{""egemaps"": 1.0}"
brspeech,4,inner_search,2,514,contentvec12+egemaps,1.1680307828416707,0.6597277199108948,2,190,"{""contentvec12"": 0.2836501430850177, ""egemaps"": 0.7163498569149823}"
brspeech,4,inner_search,3,518,contentvec12+wavlm+egemaps,1.111624747625754,0.6218030417348216,2,190,"{""contentvec12"": 0.20123976583846226, ""wavlm"": 0.24910982789487685, ""egemaps"": 0.549650406266661}"
brspeech,4,inner_search,4,774,contentvec12+wavlm+ced+egemaps,1.1051720462435584,0.6137369391828275,2,190,"{""contentvec12"": 0.1983689464631904, ""wavlm"": 0.23694856674333503, ""ced"": 0.10846811171933826, ""egemaps"": 0.45621437507413615}"
brspeech,4,inner_search,5,775,whisper+contentvec12+wavlm+ced+egemaps,1.1009651525883877,0.5974744423568104,2,190,"{""whisper"": 0.04665765517192634, ""contentvec12"": 0.18387942304054644, ""wavlm"": 0.22566834471667516, ""ced"": 0.10040409404074713, ""egemaps"": 0.44339048303010503}"
brspeech,4,inner_search,6,783,whisper+contentvec12+wavlm+beats+ced+egemaps,1.100965152588386,0.597474441285902,2,190,"{""whisper"": 0.04665765272620889, ""contentvec12"": 0.18387941026384638, ""wavlm"": 0.22566833181036328, ""beats"": 2.905585059900307e-17, ""ced"": 0.10040413195954774, ""egemaps"": 0.4433904732400337}"
brspeech,4,inner_search,7,871,whisper+contentvec12+wavlm+speaker+rmvpe_cont+ced+egemaps,1.100965152588386,0.5974744401041893,2,190,"{""whisper"": 0.04665765694436204, ""contentvec12"": 0.18387940140835884, ""wavlm"": 0.22566833936943897, ""speaker"": 0.0, ""rmvpe_cont"": 1.6923787769312375e-17, ""ced"": 0.10040413646160187, ""egemaps"": 0.44339046581623826}"
brspeech,4,inner_search,8,831,whisper+contentvec12+wavlm+beats+auditory_erb+speaker+ced+egemaps,1.100965152588386,0.5974744402309433,2,190,"{""whisper"": 0.046657657148906836, ""contentvec12"": 0.1838794041062059, ""wavlm"": 0.2256683362553808, ""beats"": 0.0, ""auditory_erb"": 0.0, ""speaker"": 2.1899232169960034e-16, ""ced"": 0.10040414591839203, ""egemaps"": 0.44339045657111414}"
brspeech,4,inner_search,9,895,whisper+contentvec12+wavlm+beats+auditory_erb+speaker+rmvpe_cont+ced+egemaps,1.100965152588386,0.5974744399399676,2,190,"{""whisper"": 0.04665765733394302, ""contentvec12"": 0.1838794019608318, ""wavlm"": 0.22566833772520017, ""beats"": 3.4397215218098056e-16, ""auditory_erb"": 4.579503481665075e-17, ""speaker"": 0.0, ""rmvpe_cont"": 8.62426447581667e-18, ""ced"": 0.10040413582215788, ""egemaps"": 0.4433904671578667}"
brspeech,4,inner_search,10,1023,whisper+contentvec12+wavlm+beats+auditory_erb+speaker+rmvpe_cont+rmvpe_quant+ced+egemaps,1.1009651525883877,0.5974744410770139,2,190,"{""whisper"": 0.04665766193639376, ""contentvec12"": 0.1838794067339062, ""wavlm"": 0.22566835532048718, ""beats"": 0.0, ""auditory_erb"": 3.351738621391725e-16, ""speaker"": 0.0, ""rmvpe_cont"": 0.0, ""rmvpe_quant"": 2.6374382516012358e-17, ""ced"": 0.10040416393726576, ""egemaps"": 0.4433904120719467}"
bvcc,0,gate,1,256,ced,0.3627881532565072,0.3234436446049504,35,995,"{""ced"": 1.0}"
bvcc,0,gate,2,260,wavlm+ced,0.3029271211935775,0.2629671800736489,35,995,"{""wavlm"": 0.4469247649379907, ""ced"": 0.5530752350620093}"
bvcc,0,gate,3,268,wavlm+beats+ced,0.2890175933144902,0.2506500276695276,35,995,"{""wavlm"": 0.3618953486609173, ""beats"": 0.2798883240099789, ""ced"": 0.35821632732910386}"
bvcc,0,gate,4,269,whisper+wavlm+beats+ced,0.2789584723270322,0.2364488134468259,35,995,"{""whisper"": 0.20313913464250807, ""wavlm"": 0.2625226312263676, ""beats"": 0.2337794094864147, ""ced"": 0.30055882464470973}"
bvcc,0,gate,5,301,whisper+wavlm+beats+speaker+ced,0.2758778054248196,0.2344893918539273,35,995,"{""whisper"": 0.184149677467211, ""wavlm"": 0.2252436868722357, ""beats"": 0.20855400024433765, ""speaker"": 0.13448512487480935, ""ced"": 0.2475675105414062}"
bvcc,0,gate,6,303,whisper+contentvec12+wavlm+beats+speaker+ced,0.2755972525847198,0.234728190440046,35,995,"{""whisper"": 0.17541900548259062, ""contentvec12"": 0.03761727660598809, ""wavlm"": 0.209995148818538, ""beats"": 0.2068119997299596, ""speaker"": 0.12698848606871468, ""ced"": 0.24316808329420908}"
bvcc,0,gate,7,815,whisper+contentvec12+wavlm+beats+speaker+ced+egemaps,0.2755972525857313,0.2347281636383275,35,995,"{""whisper"": 0.17542016427710097, ""contentvec12"": 0.03761558250691942, ""wavlm"": 0.20999469856465927, ""beats"": 0.2068112586843424, ""speaker"": 0.12698987611284224, ""ced"": 0.24316841985413565, ""egemaps"": 0.0}"
bvcc,0,gate,8,831,whisper+contentvec12+wavlm+beats+auditory_erb+speaker+ced+egemaps,0.2755972525848634,0.2347281904671719,35,995,"{""whisper"": 0.1754194228316596, ""contentvec12"": 0.03761680941835331, ""wavlm"": 0.2099945294756107, ""beats"": 0.2068115433817631, ""auditory_erb"": 1.4927076341005323e-17, ""speaker"": 0.12698919612629744, ""ced"": 0.2431684987663158, ""egemaps"": 0.0}"
bvcc,0,gate,9,895,whisper+contentvec12+wavlm+beats+auditory_erb+speaker+rmvpe_cont+ced+egemaps,0.2755972525847039,0.2347281921588077,35,995,"{""whisper"": 0.17541935249761775, ""contentvec12"": 0.03761686885799095, ""wavlm"": 0.20999459624712358, ""beats"": 0.2068118840551722, ""auditory_erb"": 0.0, ""speaker"": 0.12698870516164637, ""rmvpe_cont"": 5.488601444640454e-18, ""ced"": 0.2431685931804491, ""egemaps"": 9.318494002875275e-18}"
bvcc,0,gate,10,1023,whisper+contentvec12+wavlm+beats+auditory_erb+speaker+rmvpe_cont+rmvpe_quant+ced+egemaps,0.2755972525846815,0.2347281940459036,35,995,"{""whisper"": 0.17541935714117118, ""contentvec12"": 0.037616855045746606, ""wavlm"": 0.2099944811053593, ""beats"": 0.2068123330459632, ""auditory_erb"": 0.0, ""speaker"": 0.12698832482236547, ""rmvpe_cont"": 0.0, ""rmvpe_quant"": 0.0, ""ced"": 0.24316864883939418, ""egemaps"": 5.625886956544655e-19}"
bvcc,0,shapley,1,256,ced,0.3627881532565072,0.3234436446049504,35,995,"{""ced"": 1.0}"
bvcc,0,shapley,2,264,beats+ced,0.3229775899077358,0.2860074667978897,35,995,"{""beats"": 0.4404442324666271, ""ced"": 0.5595557675333729}"
bvcc,0,shapley,3,268,wavlm+beats+ced,0.2890175933144902,0.2506500276695276,35,995,"{""wavlm"": 0.3618953486609173, ""beats"": 0.2798883240099789, ""ced"": 0.35821632732910386}"
bvcc,0,shapley,4,300,wavlm+beats+speaker+ced,0.2839148596893833,0.2456862495907484,35,995,"{""wavlm"": 0.3027990510085949, ""beats"": 0.24240668848045457, ""speaker"": 0.17066493757755954, ""ced"": 0.28412932293339094}"
bvcc,0,shapley,5,301,whisper+wavlm+beats+speaker+ced,0.2758778054248196,0.2344893918539273,35,995,"{""whisper"": 0.184149677467211, ""wavlm"": 0.2252436868722357, ""beats"": 0.20855400024433765, ""speaker"": 0.13448512487480935, ""ced"": 0.2475675105414062}"
bvcc,0,shapley,6,303,whisper+contentvec12+wavlm+beats+speaker+ced,0.2755972525847198,0.234728190440046,35,995,"{""whisper"": 0.17541900548259062, ""contentvec12"": 0.03761727660598809, ""wavlm"": 0.209995148818538, ""beats"": 0.2068119997299596, ""speaker"": 0.12698848606871468, ""ced"": 0.24316808329420908}"
bvcc,0,shapley,7,815,whisper+contentvec12+wavlm+beats+speaker+ced+egemaps,0.2755972525857313,0.2347281636383275,35,995,"{""whisper"": 0.17542016427710097, ""contentvec12"": 0.03761558250691942, ""wavlm"": 0.20999469856465927, ""beats"": 0.2068112586843424, ""speaker"": 0.12698987611284224, ""ced"": 0.24316841985413565, ""egemaps"": 0.0}"
bvcc,0,shapley,8,879,whisper+contentvec12+wavlm+beats+speaker+rmvpe_cont+ced+egemaps,0.2755972525848538,0.2347281900035207,35,995,"{""whisper"": 0.17541942384860743, ""contentvec12"": 0.037616793783942115, ""wavlm"": 0.20999455705325487, ""beats"": 0.20681155914429933, ""speaker"": 0.126989166114106, ""rmvpe_cont"": 1.1539103370665732e-17, ""ced"": 0.24316850005579027, ""egemaps"": 0.0}"
bvcc,0,shapley,9,895,whisper+contentvec12+wavlm+beats+auditory_erb+speaker+rmvpe_cont+ced+egemaps,0.2755972525847039,0.2347281921588077,35,995,"{""whisper"": 0.17541935249761775, ""contentvec12"": 0.03761686885799095, ""wavlm"": 0.20999459624712358, ""beats"": 0.2068118840551722, ""auditory_erb"": 0.0, ""speaker"": 0.12698870516164637, ""rmvpe_cont"": 5.488601444640454e-18, ""ced"": 0.2431685931804491, ""egemaps"": 9.318494002875275e-18}"
bvcc,0,shapley,10,1023,whisper+contentvec12+wavlm+beats+auditory_erb+speaker+rmvpe_cont+rmvpe_quant+ced+egemaps,0.2755972525846815,0.2347281940459036,35,995,"{""whisper"": 0.17541935714117118, ""contentvec12"": 0.037616855045746606, ""wavlm"": 0.2099944811053593, ""beats"": 0.2068123330459632, ""auditory_erb"": 0.0, ""speaker"": 0.12698832482236547, ""rmvpe_cont"": 0.0, ""rmvpe_quant"": 0.0, ""ced"": 0.24316864883939418, ""egemaps"": 5.625886956544655e-19}"
bvcc,0,singleton,1,256,ced,0.3627881532565072,0.3234436446049504,35,995,"{""ced"": 1.0}"
bvcc,0,singleton,2,264,beats+ced,0.3229775899077358,0.2860074667978897,35,995,"{""beats"": 0.4404442324666271, ""ced"": 0.5595557675333729}"
bvcc,0,singleton,3,268,wavlm+beats+ced,0.2890175933144902,0.2506500276695276,35,995,"{""wavlm"": 0.3618953486609173, ""beats"": 0.2798883240099789, ""ced"": 0.35821632732910386}"
bvcc,0,singleton,4,300,wavlm+beats+speaker+ced,0.2839148596893833,0.2456862495907484,35,995,"{""wavlm"": 0.3027990510085949, ""beats"": 0.24240668848045457, ""speaker"": 0.17066493757755954, ""ced"": 0.28412932293339094}"
bvcc,0,singleton,5,301,whisper+wavlm+beats+speaker+ced,0.2758778054248196,0.2344893918539273,35,995,"{""whisper"": 0.184149677467211, ""wavlm"": 0.2252436868722357, ""beats"": 0.20855400024433765, ""speaker"": 0.13448512487480935, ""ced"": 0.2475675105414062}"
bvcc,0,singleton,6,303,whisper+contentvec12+wavlm+beats+speaker+ced,0.2755972525847198,0.234728190440046,35,995,"{""whisper"": 0.17541900548259062, ""contentvec12"": 0.03761727660598809, ""wavlm"": 0.209995148818538, ""beats"": 0.2068119997299596, ""speaker"": 0.12698848606871468, ""ced"": 0.24316808329420908}"
bvcc,0,singleton,7,815,whisper+contentvec12+wavlm+beats+speaker+ced+egemaps,0.2755972525857313,0.2347281636383275,35,995,"{""whisper"": 0.17542016427710097, ""contentvec12"": 0.03761558250691942, ""wavlm"": 0.20999469856465927, ""beats"": 0.2068112586843424, ""speaker"": 0.12698987611284224, ""ced"": 0.24316841985413565, ""egemaps"": 0.0}"
bvcc,0,singleton,8,879,whisper+contentvec12+wavlm+beats+speaker+rmvpe_cont+ced+egemaps,0.2755972525848538,0.2347281900035207,35,995,"{""whisper"": 0.17541942384860743, ""contentvec12"": 0.037616793783942115, ""wavlm"": 0.20999455705325487, ""beats"": 0.20681155914429933, ""speaker"": 0.126989166114106, ""rmvpe_cont"": 1.1539103370665732e-17, ""ced"": 0.24316850005579027, ""egemaps"": 0.0}"
bvcc,0,singleton,9,895,whisper+contentvec12+wavlm+beats+auditory_erb+speaker+rmvpe_cont+ced+egemaps,0.2755972525847039,0.2347281921588077,35,995,"{""whisper"": 0.17541935249761775, ""contentvec12"": 0.03761686885799095, ""wavlm"": 0.20999459624712358, ""beats"": 0.2068118840551722, ""auditory_erb"": 0.0, ""speaker"": 0.12698870516164637, ""rmvpe_cont"": 5.488601444640454e-18, ""ced"": 0.2431685931804491, ""egemaps"": 9.318494002875275e-18}"
bvcc,0,singleton,10,1023,whisper+contentvec12+wavlm+beats+auditory_erb+speaker+rmvpe_cont+rmvpe_quant+ced+egemaps,0.2755972525846815,0.2347281940459036,35,995,"{""whisper"": 0.17541935714117118, ""contentvec12"": 0.037616855045746606, ""wavlm"": 0.2099944811053593, ""beats"": 0.2068123330459632, ""auditory_erb"": 0.0, ""speaker"": 0.12698832482236547, ""rmvpe_cont"": 0.0, ""rmvpe_quant"": 0.0, ""ced"": 0.24316864883939418, ""egemaps"": 5.625886956544655e-19}"
bvcc,0,inner_search,1,256,ced,0.3627881532565072,0.3234436446049504,35,995,"{""ced"": 1.0}"
bvcc,0,inner_search,2,260,wavlm+ced,0.3029271211935775,0.2629671800736489,35,995,"{""wavlm"": 0.4469247649379907, ""ced"": 0.5530752350620093}"
bvcc,0,inner_search,3,261,whisper+wavlm+ced,0.2883115742222487,0.2442412331685509,35,995,"{""whisper"": 0.24039213748930338, ""wavlm"": 0.31275170899606186, ""ced"": 0.44685615351463476}"
bvcc,0,inner_search,4,269,whisper+wavlm+beats+ced,0.2789584723270322,0.2364488134468259,35,995,"{""whisper"": 0.20313913464250807, ""wavlm"": 0.2625226312263676, ""beats"": 0.2337794094864147, ""ced"": 0.30055882464470973}"
bvcc,0,inner_search,5,301,whisper+wavlm+beats+speaker+ced,0.2758778054248196,0.2344893918539273,35,995,"{""whisper"": 0.184149677467211, ""wavlm"": 0.2252436868722357, ""beats"": 0.20855400024433765, ""speaker"": 0.13448512487480935, ""ced"": 0.2475675105414062}"
bvcc,0,inner_search,6,303,whisper+contentvec12+wavlm+beats+speaker+ced,0.2755972525847198,0.234728190440046,35,995,"{""whisper"": 0.17541900548259062, ""contentvec12"": 0.03761727660598809, ""wavlm"": 0.209995148818538, ""beats"": 0.2068119997299596, ""speaker"": 0.12698848606871468, ""ced"": 0.24316808329420908}"
bvcc,0,inner_search,7,431,whisper+contentvec12+wavlm+beats+speaker+rmvpe_quant+ced,0.2755972525852546,0.2347281842116161,35,995,"{""whisper"": 0.17541945127027903, ""contentvec12"": 0.037616685396201874, ""wavlm"": 0.2099947705439738, ""beats"": 0.2068110296281464, ""speaker"": 0.1269898210903177, ""rmvpe_quant"": 9.61713267378652e-18, ""ced"": 0.2431682420710811}"
bvcc,0,inner_search,8,879,whisper+contentvec12+wavlm+beats+speaker+rmvpe_cont+ced+egemaps,0.2755972525848538,0.2347281900035207,35,995,"{""whisper"": 0.17541942384860743, ""contentvec12"": 0.037616793783942115, ""wavlm"": 0.20999455705325487, ""beats"": 0.20681155914429933, ""speaker"": 0.126989166114106, ""rmvpe_cont"": 1.1539103370665732e-17, ""ced"": 0.24316850005579027, ""egemaps"": 0.0}"
bvcc,0,inner_search,9,895,whisper+contentvec12+wavlm+beats+auditory_erb+speaker+rmvpe_cont+ced+egemaps,0.2755972525847039,0.2347281921588077,35,995,"{""whisper"": 0.17541935249761775, ""contentvec12"": 0.03761686885799095, ""wavlm"": 0.20999459624712358, ""beats"": 0.2068118840551722, ""auditory_erb"": 0.0, ""speaker"": 0.12698870516164637, ""rmvpe_cont"": 5.488601444640454e-18, ""ced"": 0.2431685931804491, ""egemaps"": 9.318494002875275e-18}"
bvcc,0,inner_search,10,1023,whisper+contentvec12+wavlm+beats+auditory_erb+speaker+rmvpe_cont+rmvpe_quant+ced+egemaps,0.2755972525846815,0.2347281940459036,35,995,"{""whisper"": 0.17541935714117118, ""contentvec12"": 0.037616855045746606, ""wavlm"": 0.2099944811053593, ""beats"": 0.2068123330459632, ""auditory_erb"": 0.0, ""speaker"": 0.12698832482236547, ""rmvpe_cont"": 0.0, ""rmvpe_quant"": 0.0, ""ced"": 0.24316864883939418, ""egemaps"": 5.625886956544655e-19}"
bvcc,1,gate,1,1,whisper,0.3886144648382396,0.4276955756711721,35,994,"{""whisper"": 1.0}"
bvcc,1,gate,2,257,whisper+ced,0.2809783882657661,0.323007648625884,35,994,"{""whisper"": 0.42711759357654566, ""ced"": 0.5728824064234543}"
bvcc,1,gate,3,265,whisper+beats+ced,0.2635367039976742,0.313720103358914,35,994,"{""whisper"": 0.3474012244781201, ""beats"": 0.3045705890939396, ""ced"": 0.3480281864279403}"
bvcc,1,gate,4,269,whisper+wavlm+beats+ced,0.2539971728395275,0.3051328904495608,35,994,"{""whisper"": 0.2559398743643292, ""wavlm"": 0.22180581004003835, ""beats"": 0.24454401121002842, ""ced"": 0.277710304385604}"
bvcc,1,gate,5,301,whisper+wavlm+beats+speaker+ced,0.2509684511944206,0.3062695311530481,35,994,"{""whisper"": 0.23844849689493414, ""wavlm"": 0.18629510847537245, ""beats"": 0.21582973863288646, ""speaker"": 0.13824507503235905, ""ced"": 0.2211815809644479}"
bvcc,1,gate,6,303,whisper+contentvec12+wavlm+beats+speaker+ced,0.2509261412375117,0.3060231405482878,35,994,"{""whisper"": 0.2352834864520927, ""contentvec12"": 0.015007976350739168, ""wavlm"": 0.17886238076272543, ""beats"": 0.21512949745255275, ""speaker"": 0.13561220044713768, ""ced"": 0.2201044585347523}"
bvcc,1,gate,7,319,whisper+contentvec12+wavlm+beats+auditory_erb+speaker+ced,0.2509261412371816,0.3060231602121519,35,994,"{""whisper"": 0.23528307463774564, ""contentvec12"": 0.015007688832957949, ""wavlm"": 0.17886201788909029, ""beats"": 0.21512942982500066, ""auditory_erb"": 0.0, ""speaker"": 0.13561293295153384, ""ced"": 0.22010485586367173}"
bvcc,1,gate,8,831,whisper+contentvec12+wavlm+beats+auditory_erb+speaker+ced+egemaps,0.2509261412371462,0.3060231538347426,35,994,"{""whisper"": 0.23528317233700627, ""contentvec12"": 0.015007510035442215, ""wavlm"": 0.178861297786925, ""beats"": 0.2151291496301534, ""auditory_erb"": 0.0, ""speaker"": 0.13561294539097765, ""ced"": 0.22010592481949556, ""egemaps"": 5.851277129853105e-18}"
bvcc,1,gate,9,895,whisper+contentvec12+wavlm+beats+auditory_erb+speaker+rmvpe_cont+ced+egemaps,0.2509261412376829,0.3060231150403983,35,994,"{""whisper"": 0.23528296190601836, ""contentvec12"": 0.01500787595360735, ""wavlm"": 0.17886245147183172, ""beats"": 0.21513088068751232, ""auditory_erb"": 1.7196893029075333e-17, ""speaker"": 0.1356110594718838, ""rmvpe_cont"": 1.056695439267911e-17, ""ced"": 0.22010477050914656, ""egemaps"": 1.1436294746692741e-17}"
bvcc,1,gate,10,1023,whisper+contentvec12+wavlm+beats+auditory_erb+speaker+rmvpe_cont+rmvpe_quant+ced+egemaps,0.2509261412372006,0.306023149358241,35,994,"{""whisper"": 0.23528314276427936, ""contentvec12"": 0.015007763235368789, ""wavlm"": 0.1788621446669395, ""beats"": 0.21512971350979912, ""auditory_erb"": 3.089329005472427e-17, ""speaker"": 0.13561248127459646, ""rmvpe_cont"": 0.0, ""rmvpe_quant"": 0.0, ""ced"": 0.22010475454901685, ""egemaps"": 4.43463437790499e-18}"
bvcc,1,shapley,1,256,ced,0.3408087751249867,0.3785863489174095,35,994,"{""ced"": 1.0}"
bvcc,1,shapley,2,264,beats+ced,0.298893207022996,0.3531304522276153,35,994,"{""beats"": 0.44624302578054253, ""ced"": 0.5537569742194575}"
bvcc,1,shapley,3,265,whisper+beats+ced,0.2635367039976742,0.313720103358914,35,994,"{""whisper"": 0.3474012244781201, ""beats"": 0.3045705890939396, ""ced"": 0.3480281864279403}"
bvcc,1,shapley,4,269,whisper+wavlm+beats+ced,0.2539971728395275,0.3051328904495608,35,994,"{""whisper"": 0.2559398743643292, ""wavlm"": 0.22180581004003835, ""beats"": 0.24454401121002842, ""ced"": 0.277710304385604}"
bvcc,1,shapley,5,301,whisper+wavlm+beats+speaker+ced,0.2509684511944206,0.3062695311530481,35,994,"{""whisper"": 0.23844849689493414, ""wavlm"": 0.18629510847537245, ""beats"": 0.21582973863288646, ""speaker"": 0.13824507503235905, ""ced"": 0.2211815809644479}"
bvcc,1,shapley,6,303,whisper+contentvec12+wavlm+beats+speaker+ced,0.2509261412375117,0.3060231405482878,35,994,"{""whisper"": 0.2352834864520927, ""contentvec12"": 0.015007976350739168, ""wavlm"": 0.17886238076272543, ""beats"": 0.21512949745255275, ""speaker"": 0.13561220044713768, ""ced"": 0.2201044585347523}"
bvcc,1,shapley,7,815,whisper+contentvec12+wavlm+beats+speaker+ced+egemaps,0.250926141237509,0.3060231835898355,35,994,"{""whisper"": 0.23528290733796137, ""contentvec12"": 0.015007775313127782, ""wavlm"": 0.17886166992921615, ""beats"": 0.21512876480332116, ""speaker"": 0.13561396412630772, ""ced"": 0.22010491849006586, ""egemaps"": 1.0136734447367832e-17}"
bvcc,1,shapley,8,831,whisper+contentvec12+wavlm+beats+auditory_erb+speaker+ced+egemaps,0.2509261412371462,0.3060231538347426,35,994,"{""whisper"": 0.23528317233700627, ""contentvec12"": 0.015007510035442215, ""wavlm"": 0.178861297786925, ""beats"": 0.2151291496301534, ""auditory_erb"": 0.0, ""speaker"": 0.13561294539097765, ""ced"": 0.22010592481949556, ""egemaps"": 5.851277129853105e-18}"
bvcc,1,shapley,9,895,whisper+contentvec12+wavlm+beats+auditory_erb+speaker+rmvpe_cont+ced+egemaps,0.2509261412376829,0.3060231150403983,35,994,"{""whisper"": 0.23528296190601836, ""contentvec12"": 0.01500787595360735, ""wavlm"": 0.17886245147183172, ""beats"": 0.21513088068751232, ""auditory_erb"": 1.7196893029075333e-17, ""speaker"": 0.1356110594718838, ""rmvpe_cont"": 1.056695439267911e-17, ""ced"": 0.22010477050914656, ""egemaps"": 1.1436294746692741e-17}"
bvcc,1,shapley,10,1023,whisper+contentvec12+wavlm+beats+auditory_erb+speaker+rmvpe_cont+rmvpe_quant+ced+egemaps,0.2509261412372006,0.306023149358241,35,994,"{""whisper"": 0.23528314276427936, ""contentvec12"": 0.015007763235368789, ""wavlm"": 0.1788621446669395, ""beats"": 0.21512971350979912, ""auditory_erb"": 3.089329005472427e-17, ""speaker"": 0.13561248127459646, ""rmvpe_cont"": 0.0, ""rmvpe_quant"": 0.0, ""ced"": 0.22010475454901685, ""egemaps"": 4.43463437790499e-18}"
bvcc,1,singleton,1,256,ced,0.3408087751249867,0.3785863489174095,35,994,"{""ced"": 1.0}"
bvcc,1,singleton,2,264,beats+ced,0.298893207022996,0.3531304522276153,35,994,"{""beats"": 0.44624302578054253, ""ced"": 0.5537569742194575}"
bvcc,1,singleton,3,268,wavlm+beats+ced,0.2692652248306016,0.3180932810514871,35,994,"{""wavlm"": 0.34866709607338514, ""beats"": 0.29325290459498193, ""ced"": 0.35807999933163287}"
bvcc,1,singleton,4,300,wavlm+beats+speaker+ced,0.2639160094728286,0.3177515717546074,35,994,"{""wavlm"": 0.2906307770195316, ""beats"": 0.2511613738138205, ""speaker"": 0.18159824156503407, ""ced"": 0.2766096076016139}"
bvcc,1,singleton,5,301,whisper+wavlm+beats+speaker+ced,0.2509684511944206,0.3062695311530481,35,994,"{""whisper"": 0.23844849689493414, ""wavlm"": 0.18629510847537245, ""beats"": 0.21582973863288646, ""speaker"": 0.13824507503235905, ""ced"": 0.2211815809644479}"
bvcc,1,singleton,6,303,whisper+contentvec12+wavlm+beats+speaker+ced,0.2509261412375117,0.3060231405482878,35,994,"{""whisper"": 0.2352834864520927, ""contentvec12"": 0.015007976350739168, ""wavlm"": 0.17886238076272543, ""beats"": 0.21512949745255275, ""speaker"": 0.13561220044713768, ""ced"": 0.2201044585347523}"
bvcc,1,singleton,7,815,whisper+contentvec12+wavlm+beats+speaker+ced+egemaps,0.250926141237509,0.3060231835898355,35,994,"{""whisper"": 0.23528290733796137, ""contentvec12"": 0.015007775313127782, ""wavlm"": 0.17886166992921615, ""beats"": 0.21512876480332116, ""speaker"": 0.13561396412630772, ""ced"": 0.22010491849006586, ""egemaps"": 1.0136734447367832e-17}"
bvcc,1,singleton,8,831,whisper+contentvec12+wavlm+beats+auditory_erb+speaker+ced+egemaps,0.2509261412371462,0.3060231538347426,35,994,"{""whisper"": 0.23528317233700627, ""contentvec12"": 0.015007510035442215, ""wavlm"": 0.178861297786925, ""beats"": 0.2151291496301534, ""auditory_erb"": 0.0, ""speaker"": 0.13561294539097765, ""ced"": 0.22010592481949556, ""egemaps"": 5.851277129853105e-18}"
bvcc,1,singleton,9,895,whisper+contentvec12+wavlm+beats+auditory_erb+speaker+rmvpe_cont+ced+egemaps,0.2509261412376829,0.3060231150403983,35,994,"{""whisper"": 0.23528296190601836, ""contentvec12"": 0.01500787595360735, ""wavlm"": 0.17886245147183172, ""beats"": 0.21513088068751232, ""auditory_erb"": 1.7196893029075333e-17, ""speaker"": 0.1356110594718838, ""rmvpe_cont"": 1.056695439267911e-17, ""ced"": 0.22010477050914656, ""egemaps"": 1.1436294746692741e-17}"
bvcc,1,singleton,10,1023,whisper+contentvec12+wavlm+beats+auditory_erb+speaker+rmvpe_cont+rmvpe_quant+ced+egemaps,0.2509261412372006,0.306023149358241,35,994,"{""whisper"": 0.23528314276427936, ""contentvec12"": 0.015007763235368789, ""wavlm"": 0.1788621446669395, ""beats"": 0.21512971350979912, ""auditory_erb"": 3.089329005472427e-17, ""speaker"": 0.13561248127459646, ""rmvpe_cont"": 0.0, ""rmvpe_quant"": 0.0, ""ced"": 0.22010475454901685, ""egemaps"": 4.43463437790499e-18}"
bvcc,1,inner_search,1,256,ced,0.3408087751249867,0.3785863489174095,35,994,"{""ced"": 1.0}"
bvcc,1,inner_search,2,257,whisper+ced,0.2809783882657661,0.323007648625884,35,994,"{""whisper"": 0.42711759357654566, ""ced"": 0.5728824064234543}"
bvcc,1,inner_search,3,265,whisper+beats+ced,0.2635367039976742,0.313720103358914,35,994,"{""whisper"": 0.3474012244781201, ""beats"": 0.3045705890939396, ""ced"": 0.3480281864279403}"
bvcc,1,inner_search,4,269,whisper+wavlm+beats+ced,0.2539971728395275,0.3051328904495608,35,994,"{""whisper"": 0.2559398743643292, ""wavlm"": 0.22180581004003835, ""beats"": 0.24454401121002842, ""ced"": 0.277710304385604}"
bvcc,1,inner_search,5,301,whisper+wavlm+beats+speaker+ced,0.2509684511944206,0.3062695311530481,35,994,"{""whisper"": 0.23844849689493414, ""wavlm"": 0.18629510847537245, ""beats"": 0.21582973863288646, ""speaker"": 0.13824507503235905, ""ced"": 0.2211815809644479}"
bvcc,1,inner_search,6,303,whisper+contentvec12+wavlm+beats+speaker+ced,0.2509261412375117,0.3060231405482878,35,994,"{""whisper"": 0.2352834864520927, ""contentvec12"": 0.015007976350739168, ""wavlm"": 0.17886238076272543, ""beats"": 0.21512949745255275, ""speaker"": 0.13561220044713768, ""ced"": 0.2201044585347523}"
bvcc,1,inner_search,7,319,whisper+contentvec12+wavlm+beats+auditory_erb+speaker+ced,0.2509261412371816,0.3060231602121519,35,994,"{""whisper"": 0.23528307463774564, ""contentvec12"": 0.015007688832957949, ""wavlm"": 0.17886201788909029, ""beats"": 0.21512942982500066, ""auditory_erb"": 0.0, ""speaker"": 0.13561293295153384, ""ced"": 0.22010485586367173}"
bvcc,1,inner_search,8,831,whisper+contentvec12+wavlm+beats+auditory_erb+speaker+ced+egemaps,0.2509261412371462,0.3060231538347426,35,994,"{""whisper"": 0.23528317233700627, ""contentvec12"": 0.015007510035442215, ""wavlm"": 0.178861297786925, ""beats"": 0.2151291496301534, ""auditory_erb"": 0.0, ""speaker"": 0.13561294539097765, ""ced"": 0.22010592481949556, ""egemaps"": 5.851277129853105e-18}"
bvcc,1,inner_search,9,511,whisper+contentvec12+wavlm+beats+auditory_erb+speaker+rmvpe_cont+rmvpe_quant+ced,0.2509261412372088,0.3060231480071066,35,994,"{""whisper"": 0.23528308945871748, ""contentvec12"": 0.01500779680642003, ""wavlm"": 0.17886217475106472, ""beats"": 0.2151297853125018, ""auditory_erb"": 1.3277525998341873e-17, ""speaker"": 0.13561242657758604, ""rmvpe_cont"": 0.0, ""rmvpe_quant"": 1.444431057446222e-17, ""ced"": 0.2201047270937098}"
bvcc,1,inner_search,10,1023,whisper+contentvec12+wavlm+beats+auditory_erb+speaker+rmvpe_cont+rmvpe_quant+ced+egemaps,0.2509261412372006,0.306023149358241,35,994,"{""whisper"": 0.23528314276427936, ""contentvec12"": 0.015007763235368789, ""wavlm"": 0.1788621446669395, ""beats"": 0.21512971350979912, ""auditory_erb"": 3.089329005472427e-17, ""speaker"": 0.13561248127459646, ""rmvpe_cont"": 0.0, ""rmvpe_quant"": 0.0, ""ced"": 0.22010475454901685, ""egemaps"": 4.43463437790499e-18}"
bvcc,2,gate,1,256,ced,0.3618437648562879,0.3253231473672867,35,995,"{""ced"": 1.0}"
bvcc,2,gate,2,264,beats+ced,0.316135426262415,0.2883997474091466,35,995,"{""beats"": 0.4563172847748406, ""ced"": 0.5436827152251594}"
bvcc,2,gate,3,265,whisper+beats+ced,0.2767964616668282,0.2421270613173674,35,995,"{""whisper"": 0.3500519388570396, ""beats"": 0.31338990107580295, ""ced"": 0.3365581600671575}"
bvcc,2,gate,4,269,whisper+wavlm+beats+ced,0.263908973211582,0.2357038204224529,35,995,"{""whisper"": 0.23697131416972955, ""wavlm"": 0.25685617161403496, ""beats"": 0.24051401834182956, ""ced"": 0.265658495874406}"
bvcc,2,gate,5,271,whisper+contentvec12+wavlm+beats+ced,0.2606919760106059,0.2359571810798061,35,995,"{""whisper"": 0.2069132305180621, ""contentvec12"": 0.12563472455079883, ""wavlm"": 0.18987385568033713, ""beats"": 0.22693399956441376, ""ced"": 0.25064418968638824}"
bvcc,2,gate,6,303,whisper+contentvec12+wavlm+beats+speaker+ced,0.2595058516177707,0.2346632392957646,35,995,"{""whisper"": 0.19997436464065835, ""contentvec12"": 0.11013883601667611, ""wavlm"": 0.1772305859632098, ""beats"": 0.2107514550022839, ""speaker"": 0.07975447853773884, ""ced"": 0.22215027983943303}"
bvcc,2,gate,7,431,whisper+contentvec12+wavlm+beats+speaker+rmvpe_quant+ced,0.2595058516178823,0.2346632415399275,35,995,"{""whisper"": 0.19997440625779114, ""contentvec12"": 0.11013880398633043, ""wavlm"": 0.1772308631368428, ""beats"": 0.21075126777510741, ""speaker"": 0.07975452501382853, ""rmvpe_quant"": 5.2218813574619167e-17, ""ced"": 0.22215013383009963}"
bvcc,2,gate,8,447,whisper+contentvec12+wavlm+beats+auditory_erb+speaker+rmvpe_quant+ced,0.259505851617616,0.2346632303288699,35,995,"{""whisper"": 0.19997430299084534, ""contentvec12"": 0.11013874886438808, ""wavlm"": 0.1772301462678259, ""beats"": 0.2107513651092063, ""auditory_erb"": 0.0, ""speaker"": 0.07975473547990024, ""rmvpe_quant"": 0.0, ""ced"": 0.22215070128783423}"
bvcc,2,gate,9,511,whisper+contentvec12+wavlm+beats+auditory_erb+speaker+rmvpe_cont+rmvpe_quant+ced,0.2595058516176241,0.2346632299194194,35,995,"{""whisper"": 0.1999743342591148, ""contentvec12"": 0.11013875122236905, ""wavlm"": 0.177230178236639, ""beats"": 0.21075132588183124, ""auditory_erb"": 1.0377980018657696e-17, ""speaker"": 0.07975471706997236, ""rmvpe_cont"": 0.0, ""rmvpe_quant"": 0.0, ""ced"": 0.22215069333007365}"
bvcc,2,gate,10,1023,whisper+contentvec12+wavlm+beats+auditory_erb+speaker+rmvpe_cont+rmvpe_quant+ced+egemaps,0.2595058516176228,0.2346632290838482,35,995,"{""whisper"": 0.19997434481650053, ""contentvec12"": 0.1101387328440442, ""wavlm"": 0.17723018264457446, ""beats"": 0.21075132544342123, ""auditory_erb"": 0.0, ""speaker"": 0.07975470976509232, ""rmvpe_cont"": 0.0, ""rmvpe_quant"": 1.878496069116894e-17, ""ced"": 0.22215070448636728, ""egemaps"": 0.0}"
bvcc,2,shapley,1,256,ced,0.3618437648562879,0.3253231473672867,35,995,"{""ced"": 1.0}"
bvcc,2,shapley,2,264,beats+ced,0.316135426262415,0.2883997474091466,35,995,"{""beats"": 0.4563172847748406, ""ced"": 0.5436827152251594}"
bvcc,2,shapley,3,268,wavlm+beats+ced,0.2775817058365442,0.2582720279239051,35,995,"{""wavlm"": 0.38689509413599354, ""beats"": 0.27699970290715625, ""ced"": 0.33610520295685026}"
bvcc,2,shapley,4,269,whisper+wavlm+beats+ced,0.263908973211582,0.2357038204224529,35,995,"{""whisper"": 0.23697131416972955, ""wavlm"": 0.25685617161403496, ""beats"": 0.24051401834182956, ""ced"": 0.265658495874406}"
bvcc,2,shapley,5,271,whisper+contentvec12+wavlm+beats+ced,0.2606919760106059,0.2359571810798061,35,995,"{""whisper"": 0.2069132305180621, ""contentvec12"": 0.12563472455079883, ""wavlm"": 0.18987385568033713, ""beats"": 0.22693399956441376, ""ced"": 0.25064418968638824}"
bvcc,2,shapley,6,303,whisper+contentvec12+wavlm+beats+speaker+ced,0.2595058516177707,0.2346632392957646,35,995,"{""whisper"": 0.19997436464065835, ""contentvec12"": 0.11013883601667611, ""wavlm"": 0.1772305859632098, ""beats"": 0.2107514550022839, ""speaker"": 0.07975447853773884, ""ced"": 0.22215027983943303}"
bvcc,2,shapley,7,815,whisper+contentvec12+wavlm+beats+speaker+ced+egemaps,0.259505851617923,0.2346632341929674,35,995,"{""whisper"": 0.199974454247958, ""contentvec12"": 0.11013858341601243, ""wavlm"": 0.1772308971353234, ""beats"": 0.2107507570031748, ""speaker"": 0.07975517594138906, ""ced"": 0.22215013225614239, ""egemaps"": 1.0630131139143464e-17}"
bvcc,2,shapley,8,831,whisper+contentvec12+wavlm+beats+auditory_erb+speaker+ced+egemaps,0.2595058516177142,0.2346632365163577,35,995,"{""whisper"": 0.19997427509469642, ""contentvec12"": 0.11013874988189283, ""wavlm"": 0.1772304599705308, ""beats"": 0.21075096979880847, ""auditory_erb"": 0.0, ""speaker"": 0.07975508941455885, ""ced"": 0.22215045583951273, ""egemaps"": 5.026457272996845e-18}"
bvcc,2,shapley,9,895,whisper+contentvec12+wavlm+beats+auditory_erb+speaker+rmvpe_cont+ced+egemaps,0.2595058516176283,0.234663230407453,35,995,"{""whisper"": 0.19997433575528897, ""contentvec12"": 0.110138754126906, ""wavlm"": 0.1772302027045634, ""beats"": 0.21075132304734398, ""auditory_erb"": 0.0, ""speaker"": 0.07975471310731962, ""rmvpe_cont"": 0.0, ""ced"": 0.22215067125857807, ""egemaps"": 1.667101460900597e-18}"
bvcc,2,shapley,10,1023,whisper+contentvec12+wavlm+beats+auditory_erb+speaker+rmvpe_cont+rmvpe_quant+ced+egemaps,0.2595058516176228,0.2346632290838482,35,995,"{""whisper"": 0.19997434481650053, ""contentvec12"": 0.1101387328440442, ""wavlm"": 0.17723018264457446, ""beats"": 0.21075132544342123, ""auditory_erb"": 0.0, ""speaker"": 0.07975470976509232, ""rmvpe_cont"": 0.0, ""rmvpe_quant"": 1.878496069116894e-17, ""ced"": 0.22215070448636728, ""egemaps"": 0.0}"
bvcc,2,singleton,1,256,ced,0.3618437648562879,0.3253231473672867,35,995,"{""ced"": 1.0}"
bvcc,2,singleton,2,260,wavlm+ced,0.2918184046629249,0.2677458379388623,35,995,"{""wavlm"": 0.47938007874254046, ""ced"": 0.5206199212574596}"
bvcc,2,singleton,3,268,wavlm+beats+ced,0.2775817058365442,0.2582720279239051,35,995,"{""wavlm"": 0.38689509413599354, ""beats"": 0.27699970290715625, ""ced"": 0.33610520295685026}"
bvcc,2,singleton,4,269,whisper+wavlm+beats+ced,0.263908973211582,0.2357038204224529,35,995,"{""whisper"": 0.23697131416972955, ""wavlm"": 0.25685617161403496, ""beats"": 0.24051401834182956, ""ced"": 0.265658495874406}"
bvcc,2,singleton,5,301,whisper+wavlm+beats+speaker+ced,0.2618802369628961,0.2343217859361329,35,995,"{""whisper"": 0.2233263557121648, ""wavlm"": 0.2300619684645082, ""beats"": 0.21762702222204522, ""speaker"": 0.10221746138866634, ""ced"": 0.2267671922126155}"
bvcc,2,singleton,6,303,whisper+contentvec12+wavlm+beats+speaker+ced,0.2595058516177707,0.2346632392957646,35,995,"{""whisper"": 0.19997436464065835, ""contentvec12"": 0.11013883601667611, ""wavlm"": 0.1772305859632098, ""beats"": 0.2107514550022839, ""speaker"": 0.07975447853773884, ""ced"": 0.22215027983943303}"
bvcc,2,singleton,7,815,whisper+contentvec12+wavlm+beats+speaker+ced+egemaps,0.259505851617923,0.2346632341929674,35,995,"{""whisper"": 0.199974454247958, ""contentvec12"": 0.11013858341601243, ""wavlm"": 0.1772308971353234, ""beats"": 0.2107507570031748, ""speaker"": 0.07975517594138906, ""ced"": 0.22215013225614239, ""egemaps"": 1.0630131139143464e-17}"
bvcc,2,singleton,8,831,whisper+contentvec12+wavlm+beats+auditory_erb+speaker+ced+egemaps,0.2595058516177142,0.2346632365163577,35,995,"{""whisper"": 0.19997427509469642, ""contentvec12"": 0.11013874988189283, ""wavlm"": 0.1772304599705308, ""beats"": 0.21075096979880847, ""auditory_erb"": 0.0, ""speaker"": 0.07975508941455885, ""ced"": 0.22215045583951273, ""egemaps"": 5.026457272996845e-18}"
bvcc,2,singleton,9,895,whisper+contentvec12+wavlm+beats+auditory_erb+speaker+rmvpe_cont+ced+egemaps,0.2595058516176283,0.234663230407453,35,995,"{""whisper"": 0.19997433575528897, ""contentvec12"": 0.110138754126906, ""wavlm"": 0.1772302027045634, ""beats"": 0.21075132304734398, ""auditory_erb"": 0.0, ""speaker"": 0.07975471310731962, ""rmvpe_cont"": 0.0, ""ced"": 0.22215067125857807, ""egemaps"": 1.667101460900597e-18}"
bvcc,2,singleton,10,1023,whisper+contentvec12+wavlm+beats+auditory_erb+speaker+rmvpe_cont+rmvpe_quant+ced+egemaps,0.2595058516176228,0.2346632290838482,35,995,"{""whisper"": 0.19997434481650053, ""contentvec12"": 0.1101387328440442, ""wavlm"": 0.17723018264457446, ""beats"": 0.21075132544342123, ""auditory_erb"": 0.0, ""speaker"": 0.07975470976509232, ""rmvpe_cont"": 0.0, ""rmvpe_quant"": 1.878496069116894e-17, ""ced"": 0.22215070448636728, ""egemaps"": 0.0}"
bvcc,2,inner_search,1,256,ced,0.3618437648562879,0.3253231473672867,35,995,"{""ced"": 1.0}"
bvcc,2,inner_search,2,260,wavlm+ced,0.2918184046629249,0.2677458379388623,35,995,"{""wavlm"": 0.47938007874254046, ""ced"": 0.5206199212574596}"
bvcc,2,inner_search,3,261,whisper+wavlm+ced,0.2744517031292388,0.2430838210994123,35,995,"{""whisper"": 0.2646907289239433, ""wavlm"": 0.3205238527366213, ""ced"": 0.41478541833943533}"
bvcc,2,inner_search,4,269,whisper+wavlm+beats+ced,0.263908973211582,0.2357038204224529,35,995,"{""whisper"": 0.23697131416972955, ""wavlm"": 0.25685617161403496, ""beats"": 0.24051401834182956, ""ced"": 0.265658495874406}"
bvcc,2,inner_search,5,271,whisper+contentvec12+wavlm+beats+ced,0.2606919760106059,0.2359571810798061,35,995,"{""whisper"": 0.2069132305180621, ""contentvec12"": 0.12563472455079883, ""wavlm"": 0.18987385568033713, ""beats"": 0.22693399956441376, ""ced"": 0.25064418968638824}"
bvcc,2,inner_search,6,303,whisper+contentvec12+wavlm+beats+speaker+ced,0.2595058516177707,0.2346632392957646,35,995,"{""whisper"": 0.19997436464065835, ""contentvec12"": 0.11013883601667611, ""wavlm"": 0.1772305859632098, ""beats"": 0.2107514550022839, ""speaker"": 0.07975447853773884, ""ced"": 0.22215027983943303}"
bvcc,2,inner_search,7,431,whisper+contentvec12+wavlm+beats+speaker+rmvpe_quant+ced,0.2595058516178823,0.2346632415399275,35,995,"{""whisper"": 0.19997440625779114, ""contentvec12"": 0.11013880398633043, ""wavlm"": 0.1772308631368428, ""beats"": 0.21075126777510741, ""speaker"": 0.07975452501382853, ""rmvpe_quant"": 5.2218813574619167e-17, ""ced"": 0.22215013383009963}"
bvcc,2,inner_search,8,495,whisper+contentvec12+wavlm+beats+speaker+rmvpe_cont+rmvpe_quant+ced,0.2595058516176144,0.2346632308014017,35,995,"{""whisper"": 0.19997428916813642, ""contentvec12"": 0.1101387524692853, ""wavlm"": 0.17723014077919977, ""beats"": 0.21075137000124117, ""speaker"": 0.07975475194738085, ""rmvpe_cont"": 0.0, ""rmvpe_quant"": 1.0597520370674172e-17, ""ced"": 0.22215069563475653}"
bvcc,2,inner_search,9,959,whisper+contentvec12+wavlm+beats+auditory_erb+speaker+rmvpe_quant+ced+egemaps,0.2595058516176232,0.2346632299545143,35,995,"{""whisper"": 0.19997433130705394, ""contentvec12"": 0.11013874488697566, ""wavlm"": 0.17723018202264, ""beats"": 0.21075134439736218, ""auditory_erb"": 1.8135170615339133e-17, ""speaker"": 0.07975471444298696, ""rmvpe_quant"": 0.0, ""ced"": 0.2221506829429812, ""egemaps"": 0.0}"
bvcc,2,inner_search,10,1023,whisper+contentvec12+wavlm+beats+auditory_erb+speaker+rmvpe_cont+rmvpe_quant+ced+egemaps,0.2595058516176228,0.2346632290838482,35,995,"{""whisper"": 0.19997434481650053, ""contentvec12"": 0.1101387328440442, ""wavlm"": 0.17723018264457446, ""beats"": 0.21075132544342123, ""auditory_erb"": 0.0, ""speaker"": 0.07975470976509232, ""rmvpe_cont"": 0.0, ""rmvpe_quant"": 1.878496069116894e-17, ""ced"": 0.22215070448636728, ""egemaps"": 0.0}"
bvcc,3,gate,1,256,ced,0.3525140653572322,0.3165679134608283,35,995,"{""ced"": 1.0}"
bvcc,3,gate,2,257,whisper+ced,0.2853686171158436,0.2527078416811349,35,995,"{""whisper"": 0.42617307588406145, ""ced"": 0.5738269241159386}"
bvcc,3,gate,3,261,whisper+wavlm+ced,0.2671623138599546,0.2299293209356872,35,995,"{""whisper"": 0.2895048863951582, ""wavlm"": 0.28718141474361975, ""ced"": 0.42331369886122217}"
bvcc,3,gate,4,269,whisper+wavlm+beats+ced,0.2605148088953403,0.2202103239774011,35,995,"{""whisper"": 0.26113831618361244, ""wavlm"": 0.24889201840337466, ""beats"": 0.18993021439247867, ""ced"": 0.30003945102053425}"
bvcc,3,gate,5,301,whisper+wavlm+beats+speaker+ced,0.2573437292461401,0.2155075721446699,35,995,"{""whisper"": 0.24374449132625878, ""wavlm"": 0.21158349737856835, ""beats"": 0.16531796641319715, ""speaker"": 0.1327746410618166, ""ced"": 0.2465794038201592}"
bvcc,3,gate,6,303,whisper+contentvec12+wavlm+beats+speaker+ced,0.2566499244929307,0.2139541365119351,35,995,"{""whisper"": 0.23023596288353043, ""contentvec12"": 0.05989023695118497, ""wavlm"": 0.18310050625027943, ""beats"": 0.16321843546362935, ""speaker"": 0.12127608062443526, ""ced"": 0.24227877782694057}"
bvcc,3,gate,7,367,whisper+contentvec12+wavlm+beats+speaker+rmvpe_cont+ced,0.2566499244923796,0.2139541189803068,35,995,"{""whisper"": 0.23023544609157695, ""contentvec12"": 0.0598907223145821, ""wavlm"": 0.18310128239170484, ""beats"": 0.1632195592487485, ""speaker"": 0.12127448386038862, ""rmvpe_cont"": 1.054946448580729e-18, ""ced"": 0.24227850609299895}"
bvcc,3,gate,8,879,whisper+contentvec12+wavlm+beats+speaker+rmvpe_cont+ced+egemaps,0.2566499244924742,0.213954108654631,35,995,"{""whisper"": 0.230235261100323, ""contentvec12"": 0.05989106530831869, ""wavlm"": 0.18310136719819906, ""beats"": 0.16321968611683574, ""speaker"": 0.12127430517535437, ""rmvpe_cont"": 0.0, ""ced"": 0.24227831510096925, ""egemaps"": 2.342367045235811e-18}"
bvcc,3,gate,9,895,whisper+contentvec12+wavlm+beats+auditory_erb+speaker+rmvpe_cont+ced+egemaps,0.2566499244928949,0.2139541089173247,35,995,"{""whisper"": 0.23023546098926265, ""contentvec12"": 0.05989124458156512, ""wavlm"": 0.18310199785577863, ""beats"": 0.1632193167613087, ""auditory_erb"": 9.89227941530126e-18, ""speaker"": 0.1212740775972703, ""rmvpe_cont"": 0.0, ""ced"": 0.24227790221481466, ""egemaps"": 9.445838458177815e-18}"
bvcc,3,gate,10,1023,whisper+contentvec12+wavlm+beats+auditory_erb+speaker+rmvpe_cont+rmvpe_quant+ced+egemaps,0.2566499244927687,0.2139541143711054,35,995,"{""whisper"": 0.23023567199829273, ""contentvec12"": 0.05989115741993987, ""wavlm"": 0.18310171164027336, ""beats"": 0.16321911451510274, ""auditory_erb"": 0.0, ""speaker"": 0.1212743720609614, ""rmvpe_cont"": 2.2767623582374953e-17, ""rmvpe_quant"": 0.0, ""ced"": 0.24227797236542983, ""egemaps"": 3.646834179954386e-18}"
bvcc,3,shapley,1,256,ced,0.3525140653572322,0.3165679134608283,35,995,"{""ced"": 1.0}"
bvcc,3,shapley,2,257,whisper+ced,0.2853686171158436,0.2527078416811349,35,995,"{""whisper"": 0.42617307588406145, ""ced"": 0.5738269241159386}"
bvcc,3,shapley,3,261,whisper+wavlm+ced,0.2671623138599546,0.2299293209356872,35,995,"{""whisper"": 0.2895048863951582, ""wavlm"": 0.28718141474361975, ""ced"": 0.42331369886122217}"
bvcc,3,shapley,4,269,whisper+wavlm+beats+ced,0.2605148088953403,0.2202103239774011,35,995,"{""whisper"": 0.26113831618361244, ""wavlm"": 0.24889201840337466, ""beats"": 0.18993021439247867, ""ced"": 0.30003945102053425}"
bvcc,3,shapley,5,301,whisper+wavlm+beats+speaker+ced,0.2573437292461401,0.2155075721446699,35,995,"{""whisper"": 0.24374449132625878, ""wavlm"": 0.21158349737856835, ""beats"": 0.16531796641319715, ""speaker"": 0.1327746410618166, ""ced"": 0.2465794038201592}"
bvcc,3,shapley,6,303,whisper+contentvec12+wavlm+beats+speaker+ced,0.2566499244929307,0.2139541365119351,35,995,"{""whisper"": 0.23023596288353043, ""contentvec12"": 0.05989023695118497, ""wavlm"": 0.18310050625027943, ""beats"": 0.16321843546362935, ""speaker"": 0.12127608062443526, ""ced"": 0.24227877782694057}"
bvcc,3,shapley,7,815,whisper+contentvec12+wavlm+beats+speaker+ced+egemaps,0.2566499244923878,0.2139541125367028,35,995,"{""whisper"": 0.23023533013542302, ""contentvec12"": 0.05989104892344617, ""wavlm"": 0.18310101800608758, ""beats"": 0.1632196307451082, ""speaker"": 0.12127445310398259, ""ced"": 0.24227851908595255, ""egemaps"": 0.0}"
bvcc,3,shapley,8,831,whisper+contentvec12+wavlm+beats+auditory_erb+speaker+ced+egemaps,0.2566499244925104,0.2139541070762472,35,995,"{""whisper"": 0.23023525392840416, ""contentvec12"": 0.059891122213342037, ""wavlm"": 0.18310141747693648, ""beats"": 0.16321968347580146, ""auditory_erb"": 2.2881264963649938e-17, ""speaker"": 0.1212742734208797, ""ced"": 0.24227824948463625, ""egemaps"": 0.0}"
bvcc,3,shapley,9,895,whisper+contentvec12+wavlm+beats+auditory_erb+speaker+rmvpe_cont+ced+egemaps,0.2566499244928949,0.2139541089173247,35,995,"{""whisper"": 0.23023546098926265, ""contentvec12"": 0.05989124458156512, ""wavlm"": 0.18310199785577863, ""beats"": 0.1632193167613087, ""auditory_erb"": 9.89227941530126e-18, ""speaker"": 0.1212740775972703, ""rmvpe_cont"": 0.0, ""ced"": 0.24227790221481466, ""egemaps"": 9.445838458177815e-18}"
bvcc,3,shapley,10,1023,whisper+contentvec12+wavlm+beats+auditory_erb+speaker+rmvpe_cont+rmvpe_quant+ced+egemaps,0.2566499244927687,0.2139541143711054,35,995,"{""whisper"": 0.23023567199829273, ""contentvec12"": 0.05989115741993987, ""wavlm"": 0.18310171164027336, ""beats"": 0.16321911451510274, ""auditory_erb"": 0.0, ""speaker"": 0.1212743720609614, ""rmvpe_cont"": 2.2767623582374953e-17, ""rmvpe_quant"": 0.0, ""ced"": 0.24227797236542983, ""egemaps"": 3.646834179954386e-18}"
bvcc,3,singleton,1,256,ced,0.3525140653572322,0.3165679134608283,35,995,"{""ced"": 1.0}"
bvcc,3,singleton,2,260,wavlm+ced,0.2896272449539925,0.2456341446170911,35,995,"{""wavlm"": 0.4544641253415366, ""ced"": 0.5455358746584634}"
bvcc,3,singleton,3,268,wavlm+beats+ced,0.2782186183971141,0.2304876123936895,35,995,"{""wavlm"": 0.3839650874282257, ""beats"": 0.24487629922255708, ""ced"": 0.3711586133492173}"
bvcc,3,singleton,4,300,wavlm+beats+speaker+ced,0.2723948092724139,0.2236348009450687,35,995,"{""wavlm"": 0.3219750907988608, ""beats"": 0.20702848373899307, ""speaker"": 0.1777472050213176, ""ced"": 0.2932492204408286}"
bvcc,3,singleton,5,301,whisper+wavlm+beats+speaker+ced,0.2573437292461401,0.2155075721446699,35,995,"{""whisper"": 0.24374449132625878, ""wavlm"": 0.21158349737856835, ""beats"": 0.16531796641319715, ""speaker"": 0.1327746410618166, ""ced"": 0.2465794038201592}"
bvcc,3,singleton,6,303,whisper+contentvec12+wavlm+beats+speaker+ced,0.2566499244929307,0.2139541365119351,35,995,"{""whisper"": 0.23023596288353043, ""contentvec12"": 0.05989023695118497, ""wavlm"": 0.18310050625027943, ""beats"": 0.16321843546362935, ""speaker"": 0.12127608062443526, ""ced"": 0.24227877782694057}"
bvcc,3,singleton,7,815,whisper+contentvec12+wavlm+beats+speaker+ced+egemaps,0.2566499244923878,0.2139541125367028,35,995,"{""whisper"": 0.23023533013542302, ""contentvec12"": 0.05989104892344617, ""wavlm"": 0.18310101800608758, ""beats"": 0.1632196307451082, ""speaker"": 0.12127445310398259, ""ced"": 0.24227851908595255, ""egemaps"": 0.0}"
bvcc,3,singleton,8,831,whisper+contentvec12+wavlm+beats+auditory_erb+speaker+ced+egemaps,0.2566499244925104,0.2139541070762472,35,995,"{""whisper"": 0.23023525392840416, ""contentvec12"": 0.059891122213342037, ""wavlm"": 0.18310141747693648, ""beats"": 0.16321968347580146, ""auditory_erb"": 2.2881264963649938e-17, ""speaker"": 0.1212742734208797, ""ced"": 0.24227824948463625, ""egemaps"": 0.0}"
bvcc,3,singleton,9,895,whisper+contentvec12+wavlm+beats+auditory_erb+speaker+rmvpe_cont+ced+egemaps,0.2566499244928949,0.2139541089173247,35,995,"{""whisper"": 0.23023546098926265, ""contentvec12"": 0.05989124458156512, ""wavlm"": 0.18310199785577863, ""beats"": 0.1632193167613087, ""auditory_erb"": 9.89227941530126e-18, ""speaker"": 0.1212740775972703, ""rmvpe_cont"": 0.0, ""ced"": 0.24227790221481466, ""egemaps"": 9.445838458177815e-18}"
bvcc,3,singleton,10,1023,whisper+contentvec12+wavlm+beats+auditory_erb+speaker+rmvpe_cont+rmvpe_quant+ced+egemaps,0.2566499244927687,0.2139541143711054,35,995,"{""whisper"": 0.23023567199829273, ""contentvec12"": 0.05989115741993987, ""wavlm"": 0.18310171164027336, ""beats"": 0.16321911451510274, ""auditory_erb"": 0.0, ""speaker"": 0.1212743720609614, ""rmvpe_cont"": 2.2767623582374953e-17, ""rmvpe_quant"": 0.0, ""ced"": 0.24227797236542983, ""egemaps"": 3.646834179954386e-18}"
bvcc,3,inner_search,1,256,ced,0.3525140653572322,0.3165679134608283,35,995,"{""ced"": 1.0}"
bvcc,3,inner_search,2,257,whisper+ced,0.2853686171158436,0.2527078416811349,35,995,"{""whisper"": 0.42617307588406145, ""ced"": 0.5738269241159386}"
bvcc,3,inner_search,3,261,whisper+wavlm+ced,0.2671623138599546,0.2299293209356872,35,995,"{""whisper"": 0.2895048863951582, ""wavlm"": 0.28718141474361975, ""ced"": 0.42331369886122217}"
bvcc,3,inner_search,4,269,whisper+wavlm+beats+ced,0.2605148088953403,0.2202103239774011,35,995,"{""whisper"": 0.26113831618361244, ""wavlm"": 0.24889201840337466, ""beats"": 0.18993021439247867, ""ced"": 0.30003945102053425}"
bvcc,3,inner_search,5,301,whisper+wavlm+beats+speaker+ced,0.2573437292461401,0.2155075721446699,35,995,"{""whisper"": 0.24374449132625878, ""wavlm"": 0.21158349737856835, ""beats"": 0.16531796641319715, ""speaker"": 0.1327746410618166, ""ced"": 0.2465794038201592}"
bvcc,3,inner_search,6,303,whisper+contentvec12+wavlm+beats+speaker+ced,0.2566499244929307,0.2139541365119351,35,995,"{""whisper"": 0.23023596288353043, ""contentvec12"": 0.05989023695118497, ""wavlm"": 0.18310050625027943, ""beats"": 0.16321843546362935, ""speaker"": 0.12127608062443526, ""ced"": 0.24227877782694057}"
bvcc,3,inner_search,7,367,whisper+contentvec12+wavlm+beats+speaker+rmvpe_cont+ced,0.2566499244923796,0.2139541189803068,35,995,"{""whisper"": 0.23023544609157695, ""contentvec12"": 0.0598907223145821, ""wavlm"": 0.18310128239170484, ""beats"": 0.1632195592487485, ""speaker"": 0.12127448386038862, ""rmvpe_cont"": 1.054946448580729e-18, ""ced"": 0.24227850609299895}"
bvcc,3,inner_search,8,879,whisper+contentvec12+wavlm+beats+speaker+rmvpe_cont+ced+egemaps,0.2566499244924742,0.213954108654631,35,995,"{""whisper"": 0.230235261100323, ""contentvec12"": 0.05989106530831869, ""wavlm"": 0.18310136719819906, ""beats"": 0.16321968611683574, ""speaker"": 0.12127430517535437, ""rmvpe_cont"": 0.0, ""ced"": 0.24227831510096925, ""egemaps"": 2.342367045235811e-18}"
bvcc,3,inner_search,9,1007,whisper+contentvec12+wavlm+beats+speaker+rmvpe_cont+rmvpe_quant+ced+egemaps,0.256649924492369,0.2139541189211287,35,995,"{""whisper"": 0.23023545947930182, ""contentvec12"": 0.05989085804243893, ""wavlm"": 0.1831010745624333, ""beats"": 0.16321940944570648, ""speaker"": 0.12127462154008758, ""rmvpe_cont"": 0.0, ""rmvpe_quant"": 1.966700653939138e-17, ""ced"": 0.2422785769300317, ""egemaps"": 6.164017575847153e-19}"
bvcc,3,inner_search,10,1023,whisper+contentvec12+wavlm+beats+auditory_erb+speaker+rmvpe_cont+rmvpe_quant+ced+egemaps,0.2566499244927687,0.2139541143711054,35,995,"{""whisper"": 0.23023567199829273, ""contentvec12"": 0.05989115741993987, ""wavlm"": 0.18310171164027336, ""beats"": 0.16321911451510274, ""auditory_erb"": 0.0, ""speaker"": 0.1212743720609614, ""rmvpe_cont"": 2.2767623582374953e-17, ""rmvpe_quant"": 0.0, ""ced"": 0.24227797236542983, ""egemaps"": 3.646834179954386e-18}"
bvcc,4,gate,1,256,ced,0.355782962304597,0.3538509225578727,35,995,"{""ced"": 1.0}"
bvcc,4,gate,2,260,wavlm+ced,0.2922452255254886,0.2984782475125165,35,995,"{""wavlm"": 0.47103495347589003, ""ced"": 0.5289650465241099}"
bvcc,4,gate,3,261,whisper+wavlm+ced,0.2746600254748407,0.271225294419298,35,995,"{""whisper"": 0.26713392397140023, ""wavlm"": 0.31790264937272145, ""ced"": 0.4149634266558784}"
bvcc,4,gate,4,269,whisper+wavlm+beats+ced,0.2684211114305753,0.263455181407153,35,995,"{""whisper"": 0.24312404903993587, ""wavlm"": 0.2753512146243726, ""beats"": 0.17837114891130437, ""ced"": 0.303153587424387}"
bvcc,4,gate,5,301,whisper+wavlm+beats+speaker+ced,0.2660157452935594,0.2604299658674945,35,995,"{""whisper"": 0.22189509475645575, ""wavlm"": 0.24407722479959307, ""beats"": 0.15977134228210274, ""speaker"": 0.11927459285108866, ""ced"": 0.25498174531075984}"
bvcc,4,gate,6,303,whisper+contentvec12+wavlm+beats+speaker+ced,0.2651770028728833,0.259159023387231,35,995,"{""whisper"": 0.20809458819274637, ""contentvec12"": 0.06725118534713392, ""wavlm"": 0.21120468262779324, ""beats"": 0.1546354944560363, ""speaker"": 0.1071609587937644, ""ced"": 0.2516530905825258}"
bvcc,4,gate,7,319,whisper+contentvec12+wavlm+beats+auditory_erb+speaker+ced,0.2651770028736224,0.2591590031761092,35,995,"{""whisper"": 0.20809465005630673, ""contentvec12"": 0.06725052813215897, ""wavlm"": 0.2112037006548929, ""beats"": 0.15463423940820706, ""auditory_erb"": 1.819645146383951e-18, ""speaker"": 0.1071628765952695, ""ced"": 0.2516540051531649}"
bvcc,4,gate,8,831,whisper+contentvec12+wavlm+beats+auditory_erb+speaker+ced+egemaps,0.2651770028727603,0.2591590087692946,35,995,"{""whisper"": 0.2080946693576123, ""contentvec12"": 0.06725084162345298, ""wavlm"": 0.21120407908556862, ""beats"": 0.15463544800459283, ""auditory_erb"": 3.3421802516286548e-18, ""speaker"": 0.10716120858673564, ""ced"": 0.2516537533420375, ""egemaps"": 1.307609759301786e-17}"
bvcc,4,gate,9,895,whisper+contentvec12+wavlm+beats+auditory_erb+speaker+rmvpe_cont+ced+egemaps,0.2651770028729123,0.2591590224234444,35,995,"{""whisper"": 0.20809459794445176, ""contentvec12"": 0.06725119403385615, ""wavlm"": 0.21120471217167291, ""beats"": 0.15463585545058442, ""auditory_erb"": 1.6489481551775086e-17, ""speaker"": 0.10716062850969305, ""rmvpe_cont"": 0.0, ""ced"": 0.25165301188974176, ""egemaps"": 0.0}"
bvcc,4,gate,10,1023,whisper+contentvec12+wavlm+beats+auditory_erb+speaker+rmvpe_cont+rmvpe_quant+ced+egemaps,0.2651770028731466,0.259159019858882,35,995,"{""whisper"": 0.20809481938138907, ""contentvec12"": 0.06725146940001578, ""wavlm"": 0.2112048372838739, ""beats"": 0.15463571871501164, ""auditory_erb"": 1.927010542915374e-17, ""speaker"": 0.10716048757884747, ""rmvpe_cont"": 1.7571910249027274e-17, ""rmvpe_quant"": 0.0, ""ced"": 0.2516526676408622, ""egemaps"": 1.9195513590236158e-17}"
bvcc,4,shapley,1,256,ced,0.355782962304597,0.3538509225578727,35,995,"{""ced"": 1.0}"
bvcc,4,shapley,2,260,wavlm+ced,0.2922452255254886,0.2984782475125165,35,995,"{""wavlm"": 0.47103495347589003, ""ced"": 0.5289650465241099}"
bvcc,4,shapley,3,261,whisper+wavlm+ced,0.2746600254748407,0.271225294419298,35,995,"{""whisper"": 0.26713392397140023, ""wavlm"": 0.31790264937272145, ""ced"": 0.4149634266558784}"
bvcc,4,shapley,4,269,whisper+wavlm+beats+ced,0.2684211114305753,0.263455181407153,35,995,"{""whisper"": 0.24312404903993587, ""wavlm"": 0.2753512146243726, ""beats"": 0.17837114891130437, ""ced"": 0.303153587424387}"
bvcc,4,shapley,5,301,whisper+wavlm+beats+speaker+ced,0.2660157452935594,0.2604299658674945,35,995,"{""whisper"": 0.22189509475645575, ""wavlm"": 0.24407722479959307, ""beats"": 0.15977134228210274, ""speaker"": 0.11927459285108866, ""ced"": 0.25498174531075984}"
bvcc,4,shapley,6,303,whisper+contentvec12+wavlm+beats+speaker+ced,0.2651770028728833,0.259159023387231,35,995,"{""whisper"": 0.20809458819274637, ""contentvec12"": 0.06725118534713392, ""wavlm"": 0.21120468262779324, ""beats"": 0.1546354944560363, ""speaker"": 0.1071609587937644, ""ced"": 0.2516530905825258}"
bvcc,4,shapley,7,815,whisper+contentvec12+wavlm+beats+speaker+ced+egemaps,0.2651770028728143,0.2591590173455803,35,995,"{""whisper"": 0.2080944383919523, ""contentvec12"": 0.06725109473091809, ""wavlm"": 0.21120431909727605, ""beats"": 0.15463548308838856, ""speaker"": 0.10716141061287524, ""ced"": 0.2516532540785898, ""egemaps"": 2.528871127075897e-17}"
bvcc,4,shapley,8,831,whisper+contentvec12+wavlm+beats+auditory_erb+speaker+ced+egemaps,0.2651770028727603,0.2591590087692946,35,995,"{""whisper"": 0.2080946693576123, ""contentvec12"": 0.06725084162345298, ""wavlm"": 0.21120407908556862, ""beats"": 0.15463544800459283, ""auditory_erb"": 3.3421802516286548e-18, ""speaker"": 0.10716120858673564, ""ced"": 0.2516537533420375, ""egemaps"": 1.307609759301786e-17}"
bvcc,4,shapley,9,895,whisper+contentvec12+wavlm+beats+auditory_erb+speaker+rmvpe_cont+ced+egemaps,0.2651770028729123,0.2591590224234444,35,995,"{""whisper"": 0.20809459794445176, ""contentvec12"": 0.06725119403385615, ""wavlm"": 0.21120471217167291, ""beats"": 0.15463585545058442, ""auditory_erb"": 1.6489481551775086e-17, ""speaker"": 0.10716062850969305, ""rmvpe_cont"": 0.0, ""ced"": 0.25165301188974176, ""egemaps"": 0.0}"
bvcc,4,shapley,10,1023,whisper+contentvec12+wavlm+beats+auditory_erb+speaker+rmvpe_cont+rmvpe_quant+ced+egemaps,0.2651770028731466,0.259159019858882,35,995,"{""whisper"": 0.20809481938138907, ""contentvec12"": 0.06725146940001578, ""wavlm"": 0.2112048372838739, ""beats"": 0.15463571871501164, ""auditory_erb"": 1.927010542915374e-17, ""speaker"": 0.10716048757884747, ""rmvpe_cont"": 1.7571910249027274e-17, ""rmvpe_quant"": 0.0, ""ced"": 0.2516526676408622, ""egemaps"": 1.9195513590236158e-17}"
bvcc,4,singleton,1,256,ced,0.355782962304597,0.3538509225578727,35,995,"{""ced"": 1.0}"
bvcc,4,singleton,2,260,wavlm+ced,0.2922452255254886,0.2984782475125165,35,995,"{""wavlm"": 0.47103495347589003, ""ced"": 0.5289650465241099}"
bvcc,4,singleton,3,292,wavlm+speaker+ced,0.2840797926502542,0.2890510009729135,35,995,"{""wavlm"": 0.38383809519016415, ""speaker"": 0.21088892744745985, ""ced"": 0.4052729773623761}"
bvcc,4,singleton,4,293,whisper+wavlm+speaker+ced,0.2708841008332302,0.2661123568099732,35,995,"{""whisper"": 0.23780969111805883, ""wavlm"": 0.27377585293075707, ""speaker"": 0.14737820493494888, ""ced"": 0.34103625101623525}"
bvcc,4,singleton,5,301,whisper+wavlm+beats+speaker+ced,0.2660157452935594,0.2604299658674945,35,995,"{""whisper"": 0.22189509475645575, ""wavlm"": 0.24407722479959307, ""beats"": 0.15977134228210274, ""speaker"": 0.11927459285108866, ""ced"": 0.25498174531075984}"
bvcc,4,singleton,6,303,whisper+contentvec12+wavlm+beats+speaker+ced,0.2651770028728833,0.259159023387231,35,995,"{""whisper"": 0.20809458819274637, ""contentvec12"": 0.06725118534713392, ""wavlm"": 0.21120468262779324, ""beats"": 0.1546354944560363, ""speaker"": 0.1071609587937644, ""ced"": 0.2516530905825258}"
bvcc,4,singleton,7,815,whisper+contentvec12+wavlm+beats+speaker+ced+egemaps,0.2651770028728143,0.2591590173455803,35,995,"{""whisper"": 0.2080944383919523, ""contentvec12"": 0.06725109473091809, ""wavlm"": 0.21120431909727605, ""beats"": 0.15463548308838856, ""speaker"": 0.10716141061287524, ""ced"": 0.2516532540785898, ""egemaps"": 2.528871127075897e-17}"
bvcc,4,singleton,8,831,whisper+contentvec12+wavlm+beats+auditory_erb+speaker+ced+egemaps,0.2651770028727603,0.2591590087692946,35,995,"{""whisper"": 0.2080946693576123, ""contentvec12"": 0.06725084162345298, ""wavlm"": 0.21120407908556862, ""beats"": 0.15463544800459283, ""auditory_erb"": 3.3421802516286548e-18, ""speaker"": 0.10716120858673564, ""ced"": 0.2516537533420375, ""egemaps"": 1.307609759301786e-17}"
bvcc,4,singleton,9,895,whisper+contentvec12+wavlm+beats+auditory_erb+speaker+rmvpe_cont+ced+egemaps,0.2651770028729123,0.2591590224234444,35,995,"{""whisper"": 0.20809459794445176, ""contentvec12"": 0.06725119403385615, ""wavlm"": 0.21120471217167291, ""beats"": 0.15463585545058442, ""auditory_erb"": 1.6489481551775086e-17, ""speaker"": 0.10716062850969305, ""rmvpe_cont"": 0.0, ""ced"": 0.25165301188974176, ""egemaps"": 0.0}"
bvcc,4,singleton,10,1023,whisper+contentvec12+wavlm+beats+auditory_erb+speaker+rmvpe_cont+rmvpe_quant+ced+egemaps,0.2651770028731466,0.259159019858882,35,995,"{""whisper"": 0.20809481938138907, ""contentvec12"": 0.06725146940001578, ""wavlm"": 0.2112048372838739, ""beats"": 0.15463571871501164, ""auditory_erb"": 1.927010542915374e-17, ""speaker"": 0.10716048757884747, ""rmvpe_cont"": 1.7571910249027274e-17, ""rmvpe_quant"": 0.0, ""ced"": 0.2516526676408622, ""egemaps"": 1.9195513590236158e-17}"
bvcc,4,inner_search,1,256,ced,0.355782962304597,0.3538509225578727,35,995,"{""ced"": 1.0}"
bvcc,4,inner_search,2,260,wavlm+ced,0.2922452255254886,0.2984782475125165,35,995,"{""wavlm"": 0.47103495347589003, ""ced"": 0.5289650465241099}"
bvcc,4,inner_search,3,261,whisper+wavlm+ced,0.2746600254748407,0.271225294419298,35,995,"{""whisper"": 0.26713392397140023, ""wavlm"": 0.31790264937272145, ""ced"": 0.4149634266558784}"
bvcc,4,inner_search,4,269,whisper+wavlm+beats+ced,0.2684211114305753,0.263455181407153,35,995,"{""whisper"": 0.24312404903993587, ""wavlm"": 0.2753512146243726, ""beats"": 0.17837114891130437, ""ced"": 0.303153587424387}"
bvcc,4,inner_search,5,301,whisper+wavlm+beats+speaker+ced,0.2660157452935594,0.2604299658674945,35,995,"{""whisper"": 0.22189509475645575, ""wavlm"": 0.24407722479959307, ""beats"": 0.15977134228210274, ""speaker"": 0.11927459285108866, ""ced"": 0.25498174531075984}"
bvcc,4,inner_search,6,303,whisper+contentvec12+wavlm+beats+speaker+ced,0.2651770028728833,0.259159023387231,35,995,"{""whisper"": 0.20809458819274637, ""contentvec12"": 0.06725118534713392, ""wavlm"": 0.21120468262779324, ""beats"": 0.1546354944560363, ""speaker"": 0.1071609587937644, ""ced"": 0.2516530905825258}"
bvcc,4,inner_search,7,815,whisper+contentvec12+wavlm+beats+speaker+ced+egemaps,0.2651770028728143,0.2591590173455803,35,995,"{""whisper"": 0.2080944383919523, ""contentvec12"": 0.06725109473091809, ""wavlm"": 0.21120431909727605, ""beats"": 0.15463548308838856, ""speaker"": 0.10716141061287524, ""ced"": 0.2516532540785898, ""egemaps"": 2.528871127075897e-17}"
bvcc,4,inner_search,8,831,whisper+contentvec12+wavlm+beats+auditory_erb+speaker+ced+egemaps,0.2651770028727603,0.2591590087692946,35,995,"{""whisper"": 0.2080946693576123, ""contentvec12"": 0.06725084162345298, ""wavlm"": 0.21120407908556862, ""beats"": 0.15463544800459283, ""auditory_erb"": 3.3421802516286548e-18, ""speaker"": 0.10716120858673564, ""ced"": 0.2516537533420375, ""egemaps"": 1.307609759301786e-17}"
bvcc,4,inner_search,9,1007,whisper+contentvec12+wavlm+beats+speaker+rmvpe_cont+rmvpe_quant+ced+egemaps,0.2651770028728799,0.2591590223097442,35,995,"{""whisper"": 0.20809457326681224, ""contentvec12"": 0.06725115701751615, ""wavlm"": 0.21120467580750457, ""beats"": 0.15463582782562224, ""speaker"": 0.1071606990527895, ""rmvpe_cont"": 1.5682206213482532e-17, ""rmvpe_quant"": 0.0, ""ced"": 0.2516530670297553, ""egemaps"": 1.606715621823001e-18}"
bvcc,4,inner_search,10,1023,whisper+contentvec12+wavlm+beats+auditory_erb+speaker+rmvpe_cont+rmvpe_quant+ced+egemaps,0.2651770028731466,0.259159019858882,35,995,"{""whisper"": 0.20809481938138907, ""contentvec12"": 0.06725146940001578, ""wavlm"": 0.2112048372838739, ""beats"": 0.15463571871501164, ""auditory_erb"": 1.927010542915374e-17, ""speaker"": 0.10716048757884747, ""rmvpe_cont"": 1.7571910249027274e-17, ""rmvpe_quant"": 0.0, ""ced"": 0.2516526676408622, ""egemaps"": 1.9195513590236158e-17}"
singmos,0,gate,1,512,egemaps,0.5006491744831706,0.4393723222741539,7,442,"{""egemaps"": 1.0}"
singmos,0,gate,2,516,wavlm+egemaps,0.4499373065396256,0.3919194571701399,7,442,"{""wavlm"": 0.3936544661289484, ""egemaps"": 0.6063455338710516}"
singmos,0,gate,3,772,wavlm+ced+egemaps,0.4363098763734011,0.3571620201462355,7,442,"{""wavlm"": 0.3097873786870252, ""ced"": 0.2555305318710566, ""egemaps"": 0.43468208944191816}"
singmos,0,gate,4,804,wavlm+speaker+ced+egemaps,0.4338048936467274,0.3581952023382345,7,442,"{""wavlm"": 0.29162797455595646, ""speaker"": 0.11020386202880919, ""ced"": 0.21933137818464152, ""egemaps"": 0.3788367852305929}"
singmos,0,gate,5,805,whisper+wavlm+speaker+ced+egemaps,0.430813997845328,0.3471052595647133,7,442,"{""whisper"": 0.07341604530689486, ""wavlm"": 0.26576783164794904, ""speaker"": 0.10504984825731878, ""ced"": 0.19961307454571992, ""egemaps"": 0.35615320024211744}"
singmos,0,gate,6,807,whisper+contentvec12+wavlm+speaker+ced+egemaps,0.4287217830553059,0.3461511683934449,7,442,"{""whisper"": 0.06505646197680554, ""contentvec12"": 0.06599518763080398, ""wavlm"": 0.2463049247038605, ""speaker"": 0.0957698863885081, ""ced"": 0.19190552046982617, ""egemaps"": 0.33496801883019584}"
singmos,0,gate,7,815,whisper+contentvec12+wavlm+beats+speaker+ced+egemaps,0.4280915719503451,0.3408631993707304,7,442,"{""whisper"": 0.06265475906833348, ""contentvec12"": 0.06341839965479813, ""wavlm"": 0.24074279705369725, ""beats"": 0.04803012784760911, ""speaker"": 0.08809729456256035, ""ced"": 0.17307067674036525, ""egemaps"": 0.3239859450726365}"
singmos,0,gate,8,943,whisper+contentvec12+wavlm+beats+speaker+rmvpe_quant+ced+egemaps,0.4279908126100535,0.3414415433870731,7,442,"{""whisper"": 0.06390569595943094, ""contentvec12"": 0.06170270114325182, ""wavlm"": 0.23926378633089912, ""beats"": 0.047100341337344094, ""speaker"": 0.08328860979307721, ""rmvpe_quant"": 0.01786895654657682, ""ced"": 0.1694004254443305, ""egemaps"": 0.3174694834450896}"
singmos,0,gate,9,1007,whisper+contentvec12+wavlm+beats+speaker+rmvpe_cont+rmvpe_quant+ced+egemaps,0.4279908126097323,0.3414415153840054,7,442,"{""whisper"": 0.06390549444307166, ""contentvec12"": 0.06170327846103342, ""wavlm"": 0.23926350434990115, ""beats"": 0.047100732666465694, ""speaker"": 0.08328900334309905, ""rmvpe_cont"": 0.0, ""rmvpe_quant"": 0.01786838387391272, ""ced"": 0.16940020994590668, ""egemaps"": 0.3174693929166097}"
singmos,0,gate,10,1023,whisper+contentvec12+wavlm+beats+auditory_erb+speaker+rmvpe_cont+rmvpe_quant+ced+egemaps,0.4279908126096483,0.3414415399128078,7,442,"{""whisper"": 0.06390538965407899, ""contentvec12"": 0.06170332810401145, ""wavlm"": 0.23926375815485743, ""beats"": 0.04710059914514135, ""auditory_erb"": 0.0, ""speaker"": 0.08328899310417688, ""rmvpe_cont"": 4.26368592379233e-18, ""rmvpe_quant"": 0.017868132289569086, ""ced"": 0.16940018022376638, ""egemaps"": 0.3174696193243984}"
singmos,0,shapley,1,512,egemaps,0.5006491744831706,0.4393723222741539,7,442,"{""egemaps"": 1.0}"
singmos,0,shapley,2,516,wavlm+egemaps,0.4499373065396256,0.3919194571701399,7,442,"{""wavlm"": 0.3936544661289484, ""egemaps"": 0.6063455338710516}"
singmos,0,shapley,3,772,wavlm+ced+egemaps,0.4363098763734011,0.3571620201462355,7,442,"{""wavlm"": 0.3097873786870252, ""ced"": 0.2555305318710566, ""egemaps"": 0.43468208944191816}"
singmos,0,shapley,4,804,wavlm+speaker+ced+egemaps,0.4338048936467274,0.3581952023382345,7,442,"{""wavlm"": 0.29162797455595646, ""speaker"": 0.11020386202880919, ""ced"": 0.21933137818464152, ""egemaps"": 0.3788367852305929}"
singmos,0,shapley,5,868,wavlm+speaker+rmvpe_cont+ced+egemaps,0.4338048936467748,0.3581951077916687,7,442,"{""wavlm"": 0.29162822361813723, ""speaker"": 0.11020374681534008, ""rmvpe_cont"": 3.9979955110402976e-19, ""ced"": 0.21933241629415035, ""egemaps"": 0.37883561327237236}"
singmos,0,shapley,6,876,wavlm+beats+speaker+rmvpe_cont+ced+egemaps,0.4327422901861452,0.3504498563194133,7,442,"{""wavlm"": 0.28222513929767223, ""beats"": 0.06200762480857094, ""speaker"": 0.09958366249292666, ""rmvpe_cont"": 0.0, ""ced"": 0.19368050710711615, ""egemaps"": 0.3625030662937141}"
singmos,0,shapley,7,892,wavlm+beats+auditory_erb+speaker+rmvpe_cont+ced+egemaps,0.4327422901859079,0.3504497584201954,7,442,"{""wavlm"": 0.2822252517370753, ""beats"": 0.06200818123777334, ""auditory_erb"": 0.0, ""speaker"": 0.09958369160201552, ""rmvpe_cont"": 0.0, ""ced"": 0.1936807074393724, ""egemaps"": 0.3625021679837635}"
singmos,0,shapley,8,1020,wavlm+beats+auditory_erb+speaker+rmvpe_cont+rmvpe_quant+ced+egemaps,0.4326196019654668,0.3511724128820971,7,442,"{""wavlm"": 0.2804613773014119, ""beats"": 0.06094711864894014, ""auditory_erb"": 2.500851541878521e-18, ""speaker"": 0.09415266326834791, ""rmvpe_cont"": 3.732993312557909e-18, ""rmvpe_quant"": 0.019523880985271552, ""ced"": 0.18977386835057217, ""egemaps"": 0.3551410914454564}"
singmos,0,shapley,9,1022,contentvec12+wavlm+beats+auditory_erb+speaker+rmvpe_cont+rmvpe_quant+ced+egemaps,0.4301862315459959,0.3491560372534633,7,442,"{""contentvec12"": 0.07115591956298432, ""wavlm"": 0.2583019373192757, ""beats"": 0.05378616660240173, ""auditory_erb"": 0.0, ""speaker"": 0.08740746180098749, ""rmvpe_cont"": 0.0, ""rmvpe_quant"": 0.010247362361825232, ""ced"": 0.1840699291061505, ""egemaps"": 0.3350312232463752}"
singmos,0,shapley,10,1023,whisper+contentvec12+wavlm+beats+auditory_erb+speaker+rmvpe_cont+rmvpe_quant+ced+egemaps,0.4279908126096483,0.3414415399128078,7,442,"{""whisper"": 0.06390538965407899, ""contentvec12"": 0.06170332810401145, ""wavlm"": 0.23926375815485743, ""beats"": 0.04710059914514135, ""auditory_erb"": 0.0, ""speaker"": 0.08328899310417688, ""rmvpe_cont"": 4.26368592379233e-18, ""rmvpe_quant"": 0.017868132289569086, ""ced"": 0.16940018022376638, ""egemaps"": 0.3174696193243984}"
singmos,0,singleton,1,512,egemaps,0.5006491744831706,0.4393723222741539,7,442,"{""egemaps"": 1.0}"
singmos,0,singleton,2,768,ced+egemaps,0.4631774346405363,0.3699631002346484,7,442,"{""ced"": 0.3919216898358706, ""egemaps"": 0.6080783101641294}"
singmos,0,singleton,3,772,wavlm+ced+egemaps,0.4363098763734011,0.3571620201462355,7,442,"{""wavlm"": 0.3097873786870252, ""ced"": 0.2555305318710566, ""egemaps"": 0.43468208944191816}"
singmos,0,singleton,4,804,wavlm+speaker+ced+egemaps,0.4338048936467274,0.3581952023382345,7,442,"{""wavlm"": 0.29162797455595646, ""speaker"": 0.11020386202880919, ""ced"": 0.21933137818464152, ""egemaps"": 0.3788367852305929}"
singmos,0,singleton,5,868,wavlm+speaker+rmvpe_cont+ced+egemaps,0.4338048936467748,0.3581951077916687,7,442,"{""wavlm"": 0.29162822361813723, ""speaker"": 0.11020374681534008, ""rmvpe_cont"": 3.9979955110402976e-19, ""ced"": 0.21933241629415035, ""egemaps"": 0.37883561327237236}"
singmos,0,singleton,6,884,wavlm+auditory_erb+speaker+rmvpe_cont+ced+egemaps,0.4338048936466152,0.3581951227741927,7,442,"{""wavlm"": 0.291627852228032, ""auditory_erb"": 4.15744946336092e-18, ""speaker"": 0.11020353674000075, ""rmvpe_cont"": 3.996619082501009e-18, ""ced"": 0.2193322812031404, ""egemaps"": 0.3788363298288269}"
singmos,0,singleton,7,892,wavlm+beats+auditory_erb+speaker+rmvpe_cont+ced+egemaps,0.4327422901859079,0.3504497584201954,7,442,"{""wavlm"": 0.2822252517370753, ""beats"": 0.06200818123777334, ""auditory_erb"": 0.0, ""speaker"": 0.09958369160201552, ""rmvpe_cont"": 0.0, ""ced"": 0.1936807074393724, ""egemaps"": 0.3625021679837635}"
singmos,0,singleton,8,1020,wavlm+beats+auditory_erb+speaker+rmvpe_cont+rmvpe_quant+ced+egemaps,0.4326196019654668,0.3511724128820971,7,442,"{""wavlm"": 0.2804613773014119, ""beats"": 0.06094711864894014, ""auditory_erb"": 2.500851541878521e-18, ""speaker"": 0.09415266326834791, ""rmvpe_cont"": 3.732993312557909e-18, ""rmvpe_quant"": 0.019523880985271552, ""ced"": 0.18977386835057217, ""egemaps"": 0.3551410914454564}"
singmos,0,singleton,9,1022,contentvec12+wavlm+beats+auditory_erb+speaker+rmvpe_cont+rmvpe_quant+ced+egemaps,0.4301862315459959,0.3491560372534633,7,442,"{""contentvec12"": 0.07115591956298432, ""wavlm"": 0.2583019373192757, ""beats"": 0.05378616660240173, ""auditory_erb"": 0.0, ""speaker"": 0.08740746180098749, ""rmvpe_cont"": 0.0, ""rmvpe_quant"": 0.010247362361825232, ""ced"": 0.1840699291061505, ""egemaps"": 0.3350312232463752}"
singmos,0,singleton,10,1023,whisper+contentvec12+wavlm+beats+auditory_erb+speaker+rmvpe_cont+rmvpe_quant+ced+egemaps,0.4279908126096483,0.3414415399128078,7,442,"{""whisper"": 0.06390538965407899, ""contentvec12"": 0.06170332810401145, ""wavlm"": 0.23926375815485743, ""beats"": 0.04710059914514135, ""auditory_erb"": 0.0, ""speaker"": 0.08328899310417688, ""rmvpe_cont"": 4.26368592379233e-18, ""rmvpe_quant"": 0.017868132289569086, ""ced"": 0.16940018022376638, ""egemaps"": 0.3174696193243984}"
singmos,0,inner_search,1,512,egemaps,0.5006491744831706,0.4393723222741539,7,442,"{""egemaps"": 1.0}"
singmos,0,inner_search,2,516,wavlm+egemaps,0.4499373065396256,0.3919194571701399,7,442,"{""wavlm"": 0.3936544661289484, ""egemaps"": 0.6063455338710516}"
singmos,0,inner_search,3,772,wavlm+ced+egemaps,0.4363098763734011,0.3571620201462355,7,442,"{""wavlm"": 0.3097873786870252, ""ced"": 0.2555305318710566, ""egemaps"": 0.43468208944191816}"
singmos,0,inner_search,4,774,contentvec12+wavlm+ced+egemaps,0.4330278258201344,0.3540097227876135,7,442,"{""contentvec12"": 0.08151882233248517, ""wavlm"": 0.2801010542145434, ""ced"": 0.2392340979898171, ""egemaps"": 0.39914602546315436}"
singmos,0,inner_search,5,775,whisper+contentvec12+wavlm+ced+egemaps,0.4305942488857402,0.3441151869361934,7,442,"{""whisper"": 0.06680476961780246, ""contentvec12"": 0.0717184812649783, ""wavlm"": 0.2593658691320695, ""ced"": 0.22170982978499787, ""egemaps"": 0.3804010502001519}"
singmos,0,inner_search,6,807,whisper+contentvec12+wavlm+speaker+ced+egemaps,0.4287217830553059,0.3461511683934449,7,442,"{""whisper"": 0.06505646197680554, ""contentvec12"": 0.06599518763080398, ""wavlm"": 0.2463049247038605, ""speaker"": 0.0957698863885081, ""ced"": 0.19190552046982617, ""egemaps"": 0.33496801883019584}"
singmos,0,inner_search,7,815,whisper+contentvec12+wavlm+beats+speaker+ced+egemaps,0.4280915719503451,0.3408631993707304,7,442,"{""whisper"": 0.06265475906833348, ""contentvec12"": 0.06341839965479813, ""wavlm"": 0.24074279705369725, ""beats"": 0.04803012784760911, ""speaker"": 0.08809729456256035, ""ced"": 0.17307067674036525, ""egemaps"": 0.3239859450726365}"
singmos,0,inner_search,8,943,whisper+contentvec12+wavlm+beats+speaker+rmvpe_quant+ced+egemaps,0.4279908126100535,0.3414415433870731,7,442,"{""whisper"": 0.06390569595943094, ""contentvec12"": 0.06170270114325182, ""wavlm"": 0.23926378633089912, ""beats"": 0.047100341337344094, ""speaker"": 0.08328860979307721, ""rmvpe_quant"": 0.01786895654657682, ""ced"": 0.1694004254443305, ""egemaps"": 0.3174694834450896}"
singmos,0,inner_search,9,959,whisper+contentvec12+wavlm+beats+auditory_erb+speaker+rmvpe_quant+ced+egemaps,0.4279908126096459,0.3414415488884509,7,442,"{""whisper"": 0.06390544949553469, ""contentvec12"": 0.06170335592814263, ""wavlm"": 0.2392635789275703, ""beats"": 0.047100483707481294, ""auditory_erb"": 2.5682833054138437e-18, ""speaker"": 0.08328905746859616, ""rmvpe_quant"": 0.017868151293459776, ""ced"": 0.1694001880728876, ""egemaps"": 0.31746973510632764}"
singmos,0,inner_search,10,1023,whisper+contentvec12+wavlm+beats+auditory_erb+speaker+rmvpe_cont+rmvpe_quant+ced+egemaps,0.4279908126096483,0.3414415399128078,7,442,"{""whisper"": 0.06390538965407899, ""contentvec12"": 0.06170332810401145, ""wavlm"": 0.23926375815485743, ""beats"": 0.04710059914514135, ""auditory_erb"": 0.0, ""speaker"": 0.08328899310417688, ""rmvpe_cont"": 4.26368592379233e-18, ""rmvpe_quant"": 0.017868132289569086, ""ced"": 0.16940018022376638, ""egemaps"": 0.3174696193243984}"
singmos,1,gate,1,256,ced,0.4532044549221176,0.5433520077224209,6,390,"{""ced"": 1.0}"
singmos,1,gate,2,264,beats+ced,0.4123609720220452,0.4727703141187849,6,390,"{""beats"": 0.32915514943679475, ""ced"": 0.6708448505632053}"
singmos,1,gate,3,776,beats+ced+egemaps,0.391167974648996,0.4178988212146541,6,390,"{""beats"": 0.23179938846798007, ""ced"": 0.4656281124452555, ""egemaps"": 0.30257249908676453}"
singmos,1,gate,4,780,wavlm+beats+ced+egemaps,0.3811019980138786,0.3916826033283816,6,390,"{""wavlm"": 0.18847550727079773, ""beats"": 0.19337920607823578, ""ced"": 0.3949615732122384, ""egemaps"": 0.22318371343872787}"
singmos,1,gate,5,781,whisper+wavlm+beats+ced+egemaps,0.3791442911890629,0.3843720402437749,6,390,"{""whisper"": 0.06592217243432393, ""wavlm"": 0.16754392999930415, ""beats"": 0.18003132725141227, ""ced"": 0.37930946714536773, ""egemaps"": 0.20719310316959194}"
singmos,1,gate,6,909,whisper+wavlm+beats+rmvpe_quant+ced+egemaps,0.3780675362686618,0.3907707745247947,6,390,"{""whisper"": 0.06230789935648395, ""wavlm"": 0.16057927727643131, ""beats"": 0.17364927938199673, ""rmvpe_quant"": 0.05772177994863325, ""ced"": 0.36746737071387253, ""egemaps"": 0.17827439332258221}"
singmos,1,gate,7,911,whisper+contentvec12+wavlm+beats+rmvpe_quant+ced+egemaps,0.3776696003869453,0.3875488679274639,6,390,"{""whisper"": 0.059873849583850766, ""contentvec12"": 0.02865015705515495, ""wavlm"": 0.15086466715234362, ""beats"": 0.17184038808482266, ""rmvpe_quant"": 0.05444123649045269, ""ced"": 0.363876713125221, ""egemaps"": 0.1704529885081542}"
singmos,1,gate,8,927,whisper+contentvec12+wavlm+beats+auditory_erb+rmvpe_quant+ced+egemaps,0.3776696003872105,0.3875491220948034,6,390,"{""whisper"": 0.05987390878950404, ""contentvec12"": 0.02864960662541473, ""wavlm"": 0.1508641786473547, ""beats"": 0.1718408091992638, ""auditory_erb"": 0.0, ""rmvpe_quant"": 0.05444253792216787, ""ced"": 0.363876396269042, ""egemaps"": 0.17045256254725286}"
singmos,1,gate,9,959,whisper+contentvec12+wavlm+beats+auditory_erb+speaker+rmvpe_quant+ced+egemaps,0.3776696003869371,0.3875490333170577,6,390,"{""whisper"": 0.059873572674153795, ""contentvec12"": 0.028649932568199726, ""wavlm"": 0.150864430057379, ""beats"": 0.1718408999302458, ""auditory_erb"": 3.3764850859924547e-18, ""speaker"": 1.841184929534832e-18, ""rmvpe_quant"": 0.05444217564342349, ""ced"": 0.3638763069432825, ""egemaps"": 0.17045268218331575}"
singmos,1,gate,10,1023,whisper+contentvec12+wavlm+beats+auditory_erb+speaker+rmvpe_cont+rmvpe_quant+ced+egemaps,0.3776696003870718,0.3875489560613824,6,390,"{""whisper"": 0.05987340434747381, ""contentvec12"": 0.028649918662129743, ""wavlm"": 0.1508649309397295, ""beats"": 0.17184039586934424, ""auditory_erb"": 4.572125030601103e-18, ""speaker"": 6.687854514164735e-19, ""rmvpe_cont"": 0.0, ""rmvpe_quant"": 0.054440925564617104, ""ced"": 0.36387750643070726, ""egemaps"": 0.17045291818599842}"
singmos,1,shapley,1,256,ced,0.4532044549221176,0.5433520077224209,6,390,"{""ced"": 1.0}"
singmos,1,shapley,2,768,ced+egemaps,0.4085012591131653,0.4406555831068695,6,390,"{""ced"": 0.5934910977094898, ""egemaps"": 0.4065089022905102}"
singmos,1,shapley,3,776,beats+ced+egemaps,0.391167974648996,0.4178988212146541,6,390,"{""beats"": 0.23179938846798007, ""ced"": 0.4656281124452555, ""egemaps"": 0.30257249908676453}"
singmos,1,shapley,4,780,wavlm+beats+ced+egemaps,0.3811019980138786,0.3916826033283816,6,390,"{""wavlm"": 0.18847550727079773, ""beats"": 0.19337920607823578, ""ced"": 0.3949615732122384, ""egemaps"": 0.22318371343872787}"
singmos,1,shapley,5,796,wavlm+beats+auditory_erb+ced+egemaps,0.3811019980141931,0.3916828367894913,6,390,"{""wavlm"": 0.18847532434769837, ""beats"": 0.19337914943878268, ""auditory_erb"": 7.576709713189717e-19, ""ced"": 0.39496320110210775, ""egemaps"": 0.2231823251114111}"
singmos,1,shapley,6,828,wavlm+beats+auditory_erb+speaker+ced+egemaps,0.3810556970311395,0.3915515012950985,6,390,"{""wavlm"": 0.18617646777190033, ""beats"": 0.191608696794697, ""auditory_erb"": 0.0, ""speaker"": 0.01534448190509609, ""ced"": 0.3915855468254395, ""egemaps"": 0.21528480670286718}"
singmos,1,shapley,7,892,wavlm+beats+auditory_erb+speaker+rmvpe_cont+ced+egemaps,0.3810556970310061,0.3915514885021209,6,390,"{""wavlm"": 0.1861765553700266, ""beats"": 0.19160909509018392, ""auditory_erb"": 1.0354977780183822e-18, ""speaker"": 0.015344347329418565, ""rmvpe_cont"": 0.0, ""ced"": 0.39158538574674184, ""egemaps"": 0.21528461646362915}"
singmos,1,shapley,8,1020,wavlm+beats+auditory_erb+speaker+rmvpe_cont+rmvpe_quant+ced+egemaps,0.3798069039353329,0.3986734887437423,6,390,"{""wavlm"": 0.1796022494567494, ""beats"": 0.18559787480610745, ""auditory_erb"": 9.475439943578638e-18, ""speaker"": 1.0874844251561148e-18, ""rmvpe_cont"": 3.119357646941571e-18, ""rmvpe_quant"": 0.06313260851668286, ""ced"": 0.3810719007872873, ""egemaps"": 0.190595366433173}"
singmos,1,shapley,9,1021,whisper+wavlm+beats+auditory_erb+speaker+rmvpe_cont+rmvpe_quant+ced+egemaps,0.3780675362684803,0.3907709939782702,6,390,"{""whisper"": 0.0623072675155645, ""wavlm"": 0.16057916706162845, ""beats"": 0.17364930575439697, ""auditory_erb"": 4.891112344581152e-18, ""speaker"": 2.2517576809367524e-18, ""rmvpe_cont"": 7.711864407835981e-18, ""rmvpe_quant"": 0.05772203276183158, ""ced"": 0.3674683599052219, ""egemaps"": 0.17827386700135658}"
singmos,1,shapley,10,1023,whisper+contentvec12+wavlm+beats+auditory_erb+speaker+rmvpe_cont+rmvpe_quant+ced+egemaps,0.3776696003870718,0.3875489560613824,6,390,"{""whisper"": 0.05987340434747381, ""contentvec12"": 0.028649918662129743, ""wavlm"": 0.1508649309397295, ""beats"": 0.17184039586934424, ""auditory_erb"": 4.572125030601103e-18, ""speaker"": 6.687854514164735e-19, ""rmvpe_cont"": 0.0, ""rmvpe_quant"": 0.054440925564617104, ""ced"": 0.36387750643070726, ""egemaps"": 0.17045291818599842}"
singmos,1,singleton,1,256,ced,0.4532044549221176,0.5433520077224209,6,390,"{""ced"": 1.0}"
singmos,1,singleton,2,768,ced+egemaps,0.4085012591131653,0.4406555831068695,6,390,"{""ced"": 0.5934910977094898, ""egemaps"": 0.4065089022905102}"
singmos,1,singleton,3,772,wavlm+ced+egemaps,0.3926205897178346,0.404275388357253,6,390,"{""wavlm"": 0.23132529998285326, ""ced"": 0.4807477794315865, ""egemaps"": 0.2879269205855603}"
singmos,1,singleton,4,788,wavlm+auditory_erb+ced+egemaps,0.3925880633225407,0.4054339903087228,6,390,"{""wavlm"": 0.22967256546721443, ""auditory_erb"": 0.015300922991640657, ""ced"": 0.47851455698406786, ""egemaps"": 0.27651195455707706}"
singmos,1,singleton,5,796,wavlm+beats+auditory_erb+ced+egemaps,0.3811019980141931,0.3916828367894913,6,390,"{""wavlm"": 0.18847532434769837, ""beats"": 0.19337914943878268, ""auditory_erb"": 7.576709713189717e-19, ""ced"": 0.39496320110210775, ""egemaps"": 0.2231823251114111}"
singmos,1,singleton,6,828,wavlm+beats+auditory_erb+speaker+ced+egemaps,0.3810556970311395,0.3915515012950985,6,390,"{""wavlm"": 0.18617646777190033, ""beats"": 0.191608696794697, ""auditory_erb"": 0.0, ""speaker"": 0.01534448190509609, ""ced"": 0.3915855468254395, ""egemaps"": 0.21528480670286718}"
singmos,1,singleton,7,892,wavlm+beats+auditory_erb+speaker+rmvpe_cont+ced+egemaps,0.3810556970310061,0.3915514885021209,6,390,"{""wavlm"": 0.1861765553700266, ""beats"": 0.19160909509018392, ""auditory_erb"": 1.0354977780183822e-18, ""speaker"": 0.015344347329418565, ""rmvpe_cont"": 0.0, ""ced"": 0.39158538574674184, ""egemaps"": 0.21528461646362915}"
singmos,1,singleton,8,1020,wavlm+beats+auditory_erb+speaker+rmvpe_cont+rmvpe_quant+ced+egemaps,0.3798069039353329,0.3986734887437423,6,390,"{""wavlm"": 0.1796022494567494, ""beats"": 0.18559787480610745, ""auditory_erb"": 9.475439943578638e-18, ""speaker"": 1.0874844251561148e-18, ""rmvpe_cont"": 3.119357646941571e-18, ""rmvpe_quant"": 0.06313260851668286, ""ced"": 0.3810719007872873, ""egemaps"": 0.190595366433173}"
singmos,1,singleton,9,1021,whisper+wavlm+beats+auditory_erb+speaker+rmvpe_cont+rmvpe_quant+ced+egemaps,0.3780675362684803,0.3907709939782702,6,390,"{""whisper"": 0.0623072675155645, ""wavlm"": 0.16057916706162845, ""beats"": 0.17364930575439697, ""auditory_erb"": 4.891112344581152e-18, ""speaker"": 2.2517576809367524e-18, ""rmvpe_cont"": 7.711864407835981e-18, ""rmvpe_quant"": 0.05772203276183158, ""ced"": 0.3674683599052219, ""egemaps"": 0.17827386700135658}"
singmos,1,singleton,10,1023,whisper+contentvec12+wavlm+beats+auditory_erb+speaker+rmvpe_cont+rmvpe_quant+ced+egemaps,0.3776696003870718,0.3875489560613824,6,390,"{""whisper"": 0.05987340434747381, ""contentvec12"": 0.028649918662129743, ""wavlm"": 0.1508649309397295, ""beats"": 0.17184039586934424, ""auditory_erb"": 4.572125030601103e-18, ""speaker"": 6.687854514164735e-19, ""rmvpe_cont"": 0.0, ""rmvpe_quant"": 0.054440925564617104, ""ced"": 0.36387750643070726, ""egemaps"": 0.17045291818599842}"
singmos,1,inner_search,1,256,ced,0.4532044549221176,0.5433520077224209,6,390,"{""ced"": 1.0}"
singmos,1,inner_search,2,768,ced+egemaps,0.4085012591131653,0.4406555831068695,6,390,"{""ced"": 0.5934910977094898, ""egemaps"": 0.4065089022905102}"
singmos,1,inner_search,3,776,beats+ced+egemaps,0.391167974648996,0.4178988212146541,6,390,"{""beats"": 0.23179938846798007, ""ced"": 0.4656281124452555, ""egemaps"": 0.30257249908676453}"
singmos,1,inner_search,4,780,wavlm+beats+ced+egemaps,0.3811019980138786,0.3916826033283816,6,390,"{""wavlm"": 0.18847550727079773, ""beats"": 0.19337920607823578, ""ced"": 0.3949615732122384, ""egemaps"": 0.22318371343872787}"
singmos,1,inner_search,5,781,whisper+wavlm+beats+ced+egemaps,0.3791442911890629,0.3843720402437749,6,390,"{""whisper"": 0.06592217243432393, ""wavlm"": 0.16754392999930415, ""beats"": 0.18003132725141227, ""ced"": 0.37930946714536773, ""egemaps"": 0.20719310316959194}"
singmos,1,inner_search,6,909,whisper+wavlm+beats+rmvpe_quant+ced+egemaps,0.3780675362686618,0.3907707745247947,6,390,"{""whisper"": 0.06230789935648395, ""wavlm"": 0.16057927727643131, ""beats"": 0.17364927938199673, ""rmvpe_quant"": 0.05772177994863325, ""ced"": 0.36746737071387253, ""egemaps"": 0.17827439332258221}"
singmos,1,inner_search,7,911,whisper+contentvec12+wavlm+beats+rmvpe_quant+ced+egemaps,0.3776696003869453,0.3875488679274639,6,390,"{""whisper"": 0.059873849583850766, ""contentvec12"": 0.02865015705515495, ""wavlm"": 0.15086466715234362, ""beats"": 0.17184038808482266, ""rmvpe_quant"": 0.05444123649045269, ""ced"": 0.363876713125221, ""egemaps"": 0.1704529885081542}"
singmos,1,inner_search,8,975,whisper+contentvec12+wavlm+beats+rmvpe_cont+rmvpe_quant+ced+egemaps,0.3776696003868576,0.3875489418150376,6,390,"{""whisper"": 0.05987376645825986, ""contentvec12"": 0.028649902618370544, ""wavlm"": 0.1508646097172679, ""beats"": 0.17184060152302605, ""rmvpe_cont"": 0.0, ""rmvpe_quant"": 0.05444131613397686, ""ced"": 0.36387690773020565, ""egemaps"": 0.17045289581889325}"
singmos,1,inner_search,9,959,whisper+contentvec12+wavlm+beats+auditory_erb+speaker+rmvpe_quant+ced+egemaps,0.3776696003869371,0.3875490333170577,6,390,"{""whisper"": 0.059873572674153795, ""contentvec12"": 0.028649932568199726, ""wavlm"": 0.150864430057379, ""beats"": 0.1718408999302458, ""auditory_erb"": 3.3764850859924547e-18, ""speaker"": 1.841184929534832e-18, ""rmvpe_quant"": 0.05444217564342349, ""ced"": 0.3638763069432825, ""egemaps"": 0.17045268218331575}"
singmos,1,inner_search,10,1023,whisper+contentvec12+wavlm+beats+auditory_erb+speaker+rmvpe_cont+rmvpe_quant+ced+egemaps,0.3776696003870718,0.3875489560613824,6,390,"{""whisper"": 0.05987340434747381, ""contentvec12"": 0.028649918662129743, ""wavlm"": 0.1508649309397295, ""beats"": 0.17184039586934424, ""auditory_erb"": 4.572125030601103e-18, ""speaker"": 6.687854514164735e-19, ""rmvpe_cont"": 0.0, ""rmvpe_quant"": 0.054440925564617104, ""ced"": 0.36387750643070726, ""egemaps"": 0.17045291818599842}"
singmos,2,gate,1,512,egemaps,0.4826461739797312,0.4687458030213053,6,390,"{""egemaps"": 1.0}"
singmos,2,gate,2,768,ced+egemaps,0.4077710471860862,0.4131064068211657,6,390,"{""ced"": 0.49790359283901037, ""egemaps"": 0.5020964071609896}"
singmos,2,gate,3,776,beats+ced+egemaps,0.3844117320861714,0.3933187859867573,6,390,"{""beats"": 0.26250820187432594, ""ced"": 0.33430867665001407, ""egemaps"": 0.40318312147566004}"
singmos,2,gate,4,780,wavlm+beats+ced+egemaps,0.3689581289062497,0.3778961962083684,6,390,"{""wavlm"": 0.23641072988652576, ""beats"": 0.21330835342663998, ""ced"": 0.2681708133946835, ""egemaps"": 0.28211010329215086}"
singmos,2,gate,5,782,contentvec12+wavlm+beats+ced+egemaps,0.3641261460366511,0.3733664758809637,6,390,"{""contentvec12"": 0.09515659168648265, ""wavlm"": 0.20311047025456538, ""beats"": 0.20061301958368657, ""ced"": 0.24876238289020483, ""egemaps"": 0.25235753558506063}"
singmos,2,gate,6,783,whisper+contentvec12+wavlm+beats+ced+egemaps,0.3615169826415407,0.374030721201682,6,390,"{""whisper"": 0.07161685682215616, ""contentvec12"": 0.08743770295643409, ""wavlm"": 0.18448996780502835, ""beats"": 0.185786021646902, ""ced"": 0.2325498336522161, ""egemaps"": 0.23811961711726332}"
singmos,2,gate,7,815,whisper+contentvec12+wavlm+beats+speaker+ced+egemaps,0.3614962343362483,0.3736449403513474,6,390,"{""whisper"": 0.07116907845076612, ""contentvec12"": 0.08683877740358566, ""wavlm"": 0.1833175227198681, ""beats"": 0.18489785682914386, ""speaker"": 0.00997612516316118, ""ced"": 0.23085366841323707, ""egemaps"": 0.23294697102023806}"
singmos,2,gate,8,831,whisper+contentvec12+wavlm+beats+auditory_erb+speaker+ced+egemaps,0.3614962343357177,0.3736449006317389,6,390,"{""whisper"": 0.07116834280168126, ""contentvec12"": 0.08683814654573367, ""wavlm"": 0.18331776736666902, ""beats"": 0.1848979910854826, ""auditory_erb"": 2.2085192959573805e-17, ""speaker"": 0.009976636104802523, ""ced"": 0.23085381354391174, ""egemaps"": 0.23294730255171925}"
singmos,2,gate,9,895,whisper+contentvec12+wavlm+beats+auditory_erb+speaker+rmvpe_cont+ced+egemaps,0.3614962343358923,0.3736448993442935,6,390,"{""whisper"": 0.07116874907356814, ""contentvec12"": 0.0868383682468881, ""wavlm"": 0.18331746545550856, ""beats"": 0.18489764615248264, ""auditory_erb"": 0.0, ""speaker"": 0.009976873515625003, ""rmvpe_cont"": 4.643917690325805e-18, ""ced"": 0.23085360539900063, ""egemaps"": 0.2329472921569269}"
singmos,2,gate,10,1023,whisper+contentvec12+wavlm+beats+auditory_erb+speaker+rmvpe_cont+rmvpe_quant+ced+egemaps,0.3614962343359439,0.3736448975256018,6,390,"{""whisper"": 0.07116879737855651, ""contentvec12"": 0.0868383933178623, ""wavlm"": 0.18331724637172925, ""beats"": 0.18489768670324416, ""auditory_erb"": 1.7301203813040723e-17, ""speaker"": 0.009976992353810898, ""rmvpe_cont"": 6.941302653850984e-18, ""rmvpe_quant"": 0.0, ""ced"": 0.23085361808889227, ""egemaps"": 0.23294726578590474}"
singmos,2,shapley,1,256,ced,0.4839125208482381,0.4708348351789165,6,390,"{""ced"": 1.0}"
singmos,2,shapley,2,768,ced+egemaps,0.4077710471860862,0.4131064068211657,6,390,"{""ced"": 0.49790359283901037, ""egemaps"": 0.5020964071609896}"
singmos,2,shapley,3,772,wavlm+ced+egemaps,0.3836042024540042,0.3892848939319571,6,390,"{""wavlm"": 0.28808915328859447, ""ced"": 0.379944830102235, ""egemaps"": 0.3319660166091706}"
singmos,2,shapley,4,780,wavlm+beats+ced+egemaps,0.3689581289062497,0.3778961962083684,6,390,"{""wavlm"": 0.23641072988652576, ""beats"": 0.21330835342663998, ""ced"": 0.2681708133946835, ""egemaps"": 0.28211010329215086}"
singmos,2,shapley,5,812,wavlm+beats+speaker+ced+egemaps,0.3687256151265403,0.3767399740048101,6,390,"{""wavlm"": 0.23137629863183806, ""beats"": 0.20976422152945848, ""speaker"": 0.03313773281380514, ""ced"": 0.2617602195314383, ""egemaps"": 0.26396152749346}"
singmos,2,shapley,6,828,wavlm+beats+auditory_erb+speaker+ced+egemaps,0.3687256151265569,0.3767399816899411,6,390,"{""wavlm"": 0.23137626849368972, ""beats"": 0.20976397738394026, ""auditory_erb"": 1.1094841207275752e-18, ""speaker"": 0.033137602606749535, ""ced"": 0.2617604443441981, ""egemaps"": 0.2639617071714224}"
singmos,2,shapley,7,892,wavlm+beats+auditory_erb+speaker+rmvpe_cont+ced+egemaps,0.3687256151268456,0.3767399901637898,6,390,"{""wavlm"": 0.23137663959487562, ""beats"": 0.20976338800822097, ""auditory_erb"": 1.2895917803269112e-17, ""speaker"": 0.033137255528434224, ""rmvpe_cont"": 0.0, ""ced"": 0.2617606438978045, ""egemaps"": 0.26396207297066476}"
singmos,2,shapley,8,894,contentvec12+wavlm+beats+auditory_erb+speaker+rmvpe_cont+ced+egemaps,0.3640601473367939,0.3727504048734089,6,390,"{""contentvec12"": 0.09400485291234771, ""wavlm"": 0.2008171008482948, ""beats"": 0.1988678117174716, ""auditory_erb"": 2.1074709123279026e-18, ""speaker"": 0.017749533730737652, ""rmvpe_cont"": 1.1655014535541562e-17, ""ced"": 0.24556397774669875, ""egemaps"": 0.24299672304444941}"
singmos,2,shapley,9,895,whisper+contentvec12+wavlm+beats+auditory_erb+speaker+rmvpe_cont+ced+egemaps,0.3614962343358923,0.3736448993442935,6,390,"{""whisper"": 0.07116874907356814, ""contentvec12"": 0.0868383682468881, ""wavlm"": 0.18331746545550856, ""beats"": 0.18489764615248264, ""auditory_erb"": 0.0, ""speaker"": 0.009976873515625003, ""rmvpe_cont"": 4.643917690325805e-18, ""ced"": 0.23085360539900063, ""egemaps"": 0.2329472921569269}"
singmos,2,shapley,10,1023,whisper+contentvec12+wavlm+beats+auditory_erb+speaker+rmvpe_cont+rmvpe_quant+ced+egemaps,0.3614962343359439,0.3736448975256018,6,390,"{""whisper"": 0.07116879737855651, ""contentvec12"": 0.0868383933178623, ""wavlm"": 0.18331724637172925, ""beats"": 0.18489768670324416, ""auditory_erb"": 1.7301203813040723e-17, ""speaker"": 0.009976992353810898, ""rmvpe_cont"": 6.941302653850984e-18, ""rmvpe_quant"": 0.0, ""ced"": 0.23085361808889227, ""egemaps"": 0.23294726578590474}"
singmos,2,singleton,1,512,egemaps,0.4826461739797312,0.4687458030213053,6,390,"{""egemaps"": 1.0}"
singmos,2,singleton,2,768,ced+egemaps,0.4077710471860862,0.4131064068211657,6,390,"{""ced"": 0.49790359283901037, ""egemaps"": 0.5020964071609896}"
singmos,2,singleton,3,772,wavlm+ced+egemaps,0.3836042024540042,0.3892848939319571,6,390,"{""wavlm"": 0.28808915328859447, ""ced"": 0.379944830102235, ""egemaps"": 0.3319660166091706}"
singmos,2,singleton,4,780,wavlm+beats+ced+egemaps,0.3689581289062497,0.3778961962083684,6,390,"{""wavlm"": 0.23641072988652576, ""beats"": 0.21330835342663998, ""ced"": 0.2681708133946835, ""egemaps"": 0.28211010329215086}"
singmos,2,singleton,5,812,wavlm+beats+speaker+ced+egemaps,0.3687256151265403,0.3767399740048101,6,390,"{""wavlm"": 0.23137629863183806, ""beats"": 0.20976422152945848, ""speaker"": 0.03313773281380514, ""ced"": 0.2617602195314383, ""egemaps"": 0.26396152749346}"
singmos,2,singleton,6,828,wavlm+beats+auditory_erb+speaker+ced+egemaps,0.3687256151265569,0.3767399816899411,6,390,"{""wavlm"": 0.23137626849368972, ""beats"": 0.20976397738394026, ""auditory_erb"": 1.1094841207275752e-18, ""speaker"": 0.033137602606749535, ""ced"": 0.2617604443441981, ""egemaps"": 0.2639617071714224}"
singmos,2,singleton,7,892,wavlm+beats+auditory_erb+speaker+rmvpe_cont+ced+egemaps,0.3687256151268456,0.3767399901637898,6,390,"{""wavlm"": 0.23137663959487562, ""beats"": 0.20976338800822097, ""auditory_erb"": 1.2895917803269112e-17, ""speaker"": 0.033137255528434224, ""rmvpe_cont"": 0.0, ""ced"": 0.2617606438978045, ""egemaps"": 0.26396207297066476}"
singmos,2,singleton,8,893,whisper+wavlm+beats+auditory_erb+speaker+rmvpe_cont+ced+egemaps,0.3654358143823891,0.377167005708256,6,390,"{""whisper"": 0.08019331554170163, ""wavlm"": 0.2090323348748149, ""beats"": 0.19308662008747843, ""auditory_erb"": 0.0, ""speaker"": 0.02305733963859495, ""rmvpe_cont"": 0.0, ""ced"": 0.24379339702606007, ""egemaps"": 0.2508369928313501}"
singmos,2,singleton,9,895,whisper+contentvec12+wavlm+beats+auditory_erb+speaker+rmvpe_cont+ced+egemaps,0.3614962343358923,0.3736448993442935,6,390,"{""whisper"": 0.07116874907356814, ""contentvec12"": 0.0868383682468881, ""wavlm"": 0.18331746545550856, ""beats"": 0.18489764615248264, ""auditory_erb"": 0.0, ""speaker"": 0.009976873515625003, ""rmvpe_cont"": 4.643917690325805e-18, ""ced"": 0.23085360539900063, ""egemaps"": 0.2329472921569269}"
singmos,2,singleton,10,1023,whisper+contentvec12+wavlm+beats+auditory_erb+speaker+rmvpe_cont+rmvpe_quant+ced+egemaps,0.3614962343359439,0.3736448975256018,6,390,"{""whisper"": 0.07116879737855651, ""contentvec12"": 0.0868383933178623, ""wavlm"": 0.18331724637172925, ""beats"": 0.18489768670324416, ""auditory_erb"": 1.7301203813040723e-17, ""speaker"": 0.009976992353810898, ""rmvpe_cont"": 6.941302653850984e-18, ""rmvpe_quant"": 0.0, ""ced"": 0.23085361808889227, ""egemaps"": 0.23294726578590474}"
singmos,2,inner_search,1,512,egemaps,0.4826461739797312,0.4687458030213053,6,390,"{""egemaps"": 1.0}"
singmos,2,inner_search,2,768,ced+egemaps,0.4077710471860862,0.4131064068211657,6,390,"{""ced"": 0.49790359283901037, ""egemaps"": 0.5020964071609896}"
singmos,2,inner_search,3,772,wavlm+ced+egemaps,0.3836042024540042,0.3892848939319571,6,390,"{""wavlm"": 0.28808915328859447, ""ced"": 0.379944830102235, ""egemaps"": 0.3319660166091706}"
singmos,2,inner_search,4,780,wavlm+beats+ced+egemaps,0.3689581289062497,0.3778961962083684,6,390,"{""wavlm"": 0.23641072988652576, ""beats"": 0.21330835342663998, ""ced"": 0.2681708133946835, ""egemaps"": 0.28211010329215086}"
singmos,2,inner_search,5,782,contentvec12+wavlm+beats+ced+egemaps,0.3641261460366511,0.3733664758809637,6,390,"{""contentvec12"": 0.09515659168648265, ""wavlm"": 0.20311047025456538, ""beats"": 0.20061301958368657, ""ced"": 0.24876238289020483, ""egemaps"": 0.25235753558506063}"
singmos,2,inner_search,6,783,whisper+contentvec12+wavlm+beats+ced+egemaps,0.3615169826415407,0.374030721201682,6,390,"{""whisper"": 0.07161685682215616, ""contentvec12"": 0.08743770295643409, ""wavlm"": 0.18448996780502835, ""beats"": 0.185786021646902, ""ced"": 0.2325498336522161, ""egemaps"": 0.23811961711726332}"
singmos,2,inner_search,7,815,whisper+contentvec12+wavlm+beats+speaker+ced+egemaps,0.3614962343362483,0.3736449403513474,6,390,"{""whisper"": 0.07116907845076612, ""contentvec12"": 0.08683877740358566, ""wavlm"": 0.1833175227198681, ""beats"": 0.18489785682914386, ""speaker"": 0.00997612516316118, ""ced"": 0.23085366841323707, ""egemaps"": 0.23294697102023806}"
singmos,2,inner_search,8,831,whisper+contentvec12+wavlm+beats+auditory_erb+speaker+ced+egemaps,0.3614962343357177,0.3736449006317389,6,390,"{""whisper"": 0.07116834280168126, ""contentvec12"": 0.08683814654573367, ""wavlm"": 0.18331776736666902, ""beats"": 0.1848979910854826, ""auditory_erb"": 2.2085192959573805e-17, ""speaker"": 0.009976636104802523, ""ced"": 0.23085381354391174, ""egemaps"": 0.23294730255171925}"
singmos,2,inner_search,9,895,whisper+contentvec12+wavlm+beats+auditory_erb+speaker+rmvpe_cont+ced+egemaps,0.3614962343358923,0.3736448993442935,6,390,"{""whisper"": 0.07116874907356814, ""contentvec12"": 0.0868383682468881, ""wavlm"": 0.18331746545550856, ""beats"": 0.18489764615248264, ""auditory_erb"": 0.0, ""speaker"": 0.009976873515625003, ""rmvpe_cont"": 4.643917690325805e-18, ""ced"": 0.23085360539900063, ""egemaps"": 0.2329472921569269}"
singmos,2,inner_search,10,1023,whisper+contentvec12+wavlm+beats+auditory_erb+speaker+rmvpe_cont+rmvpe_quant+ced+egemaps,0.3614962343359439,0.3736448975256018,6,390,"{""whisper"": 0.07116879737855651, ""contentvec12"": 0.0868383933178623, ""wavlm"": 0.18331724637172925, ""beats"": 0.18489768670324416, ""auditory_erb"": 1.7301203813040723e-17, ""speaker"": 0.009976992353810898, ""rmvpe_cont"": 6.941302653850984e-18, ""rmvpe_quant"": 0.0, ""ced"": 0.23085361808889227, ""egemaps"": 0.23294726578590474}"
singmos,3,gate,1,512,egemaps,0.471703486569809,0.5101120977131373,6,388,"{""egemaps"": 1.0}"
singmos,3,gate,2,516,wavlm+egemaps,0.4079384579137704,0.428959262901488,6,388,"{""wavlm"": 0.45884069504452124, ""egemaps"": 0.5411593049554787}"
singmos,3,gate,3,772,wavlm+ced+egemaps,0.3819887906051047,0.3884386606789619,6,388,"{""wavlm"": 0.3180436664948829, ""ced"": 0.34924160486364875, ""egemaps"": 0.33271472864146834}"
singmos,3,gate,4,780,wavlm+beats+ced+egemaps,0.367251467918256,0.3911261549616022,6,388,"{""wavlm"": 0.27491263657378107, ""beats"": 0.2255141370094708, ""ced"": 0.2326781961270496, ""egemaps"": 0.2668950302896987}"
singmos,3,gate,5,782,contentvec12+wavlm+beats+ced+egemaps,0.362853251267067,0.3895650527930017,6,388,"{""contentvec12"": 0.09641535880637704, ""wavlm"": 0.2392071300988386, ""beats"": 0.20881507244290587, ""ced"": 0.21819059021690915, ""egemaps"": 0.23737184843496936}"
singmos,3,gate,6,783,whisper+contentvec12+wavlm+beats+ced+egemaps,0.360542636956028,0.386078067299543,6,388,"{""whisper"": 0.0718560142139041, ""contentvec12"": 0.08780250279446428, ""wavlm"": 0.21765336624033138, ""beats"": 0.19523391369173743, ""ced"": 0.20192076468718104, ""egemaps"": 0.2255334383723818}"
singmos,3,gate,7,815,whisper+contentvec12+wavlm+beats+speaker+ced+egemaps,0.3605414651879724,0.3859948071213572,6,388,"{""whisper"": 0.07174101369676718, ""contentvec12"": 0.08767831762678756, ""wavlm"": 0.21731010355741825, ""beats"": 0.19500739451217383, ""speaker"": 0.00227058740973718, ""ced"": 0.20155620643861363, ""egemaps"": 0.22443637675850242}"
singmos,3,gate,8,831,whisper+contentvec12+wavlm+beats+auditory_erb+speaker+ced+egemaps,0.360541465188142,0.3859948001609466,6,388,"{""whisper"": 0.07174139280396286, ""contentvec12"": 0.08767833754960346, ""wavlm"": 0.21730997842782268, ""beats"": 0.19500723743902296, ""auditory_erb"": 8.412731232129713e-18, ""speaker"": 0.0022700265529269716, ""ced"": 0.20155657179140277, ""egemaps"": 0.22443645543525836}"
singmos,3,gate,9,895,whisper+contentvec12+wavlm+beats+auditory_erb+speaker+rmvpe_cont+ced+egemaps,0.360541465187963,0.3859948134050214,6,388,"{""whisper"": 0.07174089751287098, ""contentvec12"": 0.08767828148981835, ""wavlm"": 0.21731009527593279, ""beats"": 0.19500752084033388, ""auditory_erb"": 7.582374246024481e-18, ""speaker"": 0.002270503431962846, ""rmvpe_cont"": 1.68344092497648e-17, ""ced"": 0.20155629788935245, ""egemaps"": 0.22443640355972883}"
singmos,3,gate,10,1023,whisper+contentvec12+wavlm+beats+auditory_erb+speaker+rmvpe_cont+rmvpe_quant+ced+egemaps,0.3605414651881867,0.3859947675951346,6,388,"{""whisper"": 0.0717409011391812, ""contentvec12"": 0.08767819691085062, ""wavlm"": 0.21731023099248833, ""beats"": 0.1950068508436382, ""auditory_erb"": 6.292978342066621e-18, ""speaker"": 0.002271201319051113, ""rmvpe_cont"": 8.172279754227896e-19, ""rmvpe_quant"": 0.0, ""ced"": 0.20155607726550104, ""egemaps"": 0.2244365415292896}"
singmos,3,shapley,1,256,ced,0.4730274055344556,0.4601091807972188,6,388,"{""ced"": 1.0}"
singmos,3,shapley,2,260,wavlm+ced,0.4042349727983604,0.3921155156530444,6,388,"{""wavlm"": 0.4631869176638292, ""ced"": 0.5368130823361709}"
singmos,3,shapley,3,772,wavlm+ced+egemaps,0.3819887906051047,0.3884386606789619,6,388,"{""wavlm"": 0.3180436664948829, ""ced"": 0.34924160486364875, ""egemaps"": 0.33271472864146834}"
singmos,3,shapley,4,780,wavlm+beats+ced+egemaps,0.367251467918256,0.3911261549616022,6,388,"{""wavlm"": 0.27491263657378107, ""beats"": 0.2255141370094708, ""ced"": 0.2326781961270496, ""egemaps"": 0.2668950302896987}"
singmos,3,shapley,5,812,wavlm+beats+speaker+ced+egemaps,0.3671463086370105,0.39021460293404,6,388,"{""wavlm"": 0.27087106822905765, ""beats"": 0.2229536366651286, ""speaker"": 0.021374325407160936, ""ced"": 0.22880774420163252, ""egemaps"": 0.25599322549702036}"
singmos,3,shapley,6,828,wavlm+beats+auditory_erb+speaker+ced+egemaps,0.367146308636995,0.3902145751895664,6,388,"{""wavlm"": 0.27087084193269645, ""beats"": 0.22295312913297763, ""auditory_erb"": 0.0, ""speaker"": 0.021374336969234946, ""ced"": 0.2288081309833592, ""egemaps"": 0.25599356098173176}"
singmos,3,shapley,7,829,whisper+wavlm+beats+auditory_erb+speaker+ced+egemaps,0.3641024249946865,0.3862427831480562,6,388,"{""whisper"": 0.08212410155159862, ""wavlm"": 0.24435818184023625, ""beats"": 0.20684571401878982, ""auditory_erb"": 2.0430552147420707e-17, ""speaker"": 0.012031915423088381, ""ced"": 0.2104261664950096, ""egemaps"": 0.24421392067127745}"
singmos,3,shapley,8,831,whisper+contentvec12+wavlm+beats+auditory_erb+speaker+ced+egemaps,0.360541465188142,0.3859948001609466,6,388,"{""whisper"": 0.07174139280396286, ""contentvec12"": 0.08767833754960346, ""wavlm"": 0.21730997842782268, ""beats"": 0.19500723743902296, ""auditory_erb"": 8.412731232129713e-18, ""speaker"": 0.0022700265529269716, ""ced"": 0.20155657179140277, ""egemaps"": 0.22443645543525836}"
singmos,3,shapley,9,895,whisper+contentvec12+wavlm+beats+auditory_erb+speaker+rmvpe_cont+ced+egemaps,0.360541465187963,0.3859948134050214,6,388,"{""whisper"": 0.07174089751287098, ""contentvec12"": 0.08767828148981835, ""wavlm"": 0.21731009527593279, ""beats"": 0.19500752084033388, ""auditory_erb"": 7.582374246024481e-18, ""speaker"": 0.002270503431962846, ""rmvpe_cont"": 1.68344092497648e-17, ""ced"": 0.20155629788935245, ""egemaps"": 0.22443640355972883}"
singmos,3,shapley,10,1023,whisper+contentvec12+wavlm+beats+auditory_erb+speaker+rmvpe_cont+rmvpe_quant+ced+egemaps,0.3605414651881867,0.3859947675951346,6,388,"{""whisper"": 0.0717409011391812, ""contentvec12"": 0.08767819691085062, ""wavlm"": 0.21731023099248833, ""beats"": 0.1950068508436382, ""auditory_erb"": 6.292978342066621e-18, ""speaker"": 0.002271201319051113, ""rmvpe_cont"": 8.172279754227896e-19, ""rmvpe_quant"": 0.0, ""ced"": 0.20155607726550104, ""egemaps"": 0.2244365415292896}"
singmos,3,singleton,1,512,egemaps,0.471703486569809,0.5101120977131373,6,388,"{""egemaps"": 1.0}"
singmos,3,singleton,2,768,ced+egemaps,0.4068684557285769,0.4229696807358356,6,388,"{""ced"": 0.4974732564656952, ""egemaps"": 0.5025267435343049}"
singmos,3,singleton,3,772,wavlm+ced+egemaps,0.3819887906051047,0.3884386606789619,6,388,"{""wavlm"": 0.3180436664948829, ""ced"": 0.34924160486364875, ""egemaps"": 0.33271472864146834}"
singmos,3,singleton,4,780,wavlm+beats+ced+egemaps,0.367251467918256,0.3911261549616022,6,388,"{""wavlm"": 0.27491263657378107, ""beats"": 0.2255141370094708, ""ced"": 0.2326781961270496, ""egemaps"": 0.2668950302896987}"
singmos,3,singleton,5,796,wavlm+beats+auditory_erb+ced+egemaps,0.3672514679182435,0.3911261474475286,6,388,"{""wavlm"": 0.2749128748934659, ""beats"": 0.2255140636013544, ""auditory_erb"": 0.0, ""ced"": 0.2326781651159517, ""egemaps"": 0.26689489638922814}"
singmos,3,singleton,6,828,wavlm+beats+auditory_erb+speaker+ced+egemaps,0.367146308636995,0.3902145751895664,6,388,"{""wavlm"": 0.27087084193269645, ""beats"": 0.22295312913297763, ""auditory_erb"": 0.0, ""speaker"": 0.021374336969234946, ""ced"": 0.2288081309833592, ""egemaps"": 0.25599356098173176}"
singmos,3,singleton,7,892,wavlm+beats+auditory_erb+speaker+rmvpe_cont+ced+egemaps,0.3671463086371277,0.3902145619931478,6,388,"{""wavlm"": 0.2708706764095903, ""beats"": 0.22295275546673382, ""auditory_erb"": 7.568795249088809e-18, ""speaker"": 0.021374463107312402, ""rmvpe_cont"": 8.061186089239575e-18, ""ced"": 0.22880818614353465, ""egemaps"": 0.25599391887282885}"
singmos,3,singleton,8,893,whisper+wavlm+beats+auditory_erb+speaker+rmvpe_cont+ced+egemaps,0.3641024249946307,0.3862428123703547,6,388,"{""whisper"": 0.08212390916489432, ""wavlm"": 0.2443585233762588, ""beats"": 0.20684594539399345, ""auditory_erb"": 0.0, ""speaker"": 0.012031667363168772, ""rmvpe_cont"": 0.0, ""ced"": 0.21042598819879405, ""egemaps"": 0.2442139665028907}"
singmos,3,singleton,9,895,whisper+contentvec12+wavlm+beats+auditory_erb+speaker+rmvpe_cont+ced+egemaps,0.360541465187963,0.3859948134050214,6,388,"{""whisper"": 0.07174089751287098, ""contentvec12"": 0.08767828148981835, ""wavlm"": 0.21731009527593279, ""beats"": 0.19500752084033388, ""auditory_erb"": 7.582374246024481e-18, ""speaker"": 0.002270503431962846, ""rmvpe_cont"": 1.68344092497648e-17, ""ced"": 0.20155629788935245, ""egemaps"": 0.22443640355972883}"
singmos,3,singleton,10,1023,whisper+contentvec12+wavlm+beats+auditory_erb+speaker+rmvpe_cont+rmvpe_quant+ced+egemaps,0.3605414651881867,0.3859947675951346,6,388,"{""whisper"": 0.0717409011391812, ""contentvec12"": 0.08767819691085062, ""wavlm"": 0.21731023099248833, ""beats"": 0.1950068508436382, ""auditory_erb"": 6.292978342066621e-18, ""speaker"": 0.002271201319051113, ""rmvpe_cont"": 8.172279754227896e-19, ""rmvpe_quant"": 0.0, ""ced"": 0.20155607726550104, ""egemaps"": 0.2244365415292896}"
singmos,3,inner_search,1,512,egemaps,0.471703486569809,0.5101120977131373,6,388,"{""egemaps"": 1.0}"
singmos,3,inner_search,2,260,wavlm+ced,0.4042349727983604,0.3921155156530444,6,388,"{""wavlm"": 0.4631869176638292, ""ced"": 0.5368130823361709}"
singmos,3,inner_search,3,524,wavlm+beats+egemaps,0.3768810516808026,0.4144739102053119,6,388,"{""wavlm"": 0.3392162750184428, ""beats"": 0.29933292023724695, ""egemaps"": 0.36145080474431035}"
singmos,3,inner_search,4,780,wavlm+beats+ced+egemaps,0.367251467918256,0.3911261549616022,6,388,"{""wavlm"": 0.27491263657378107, ""beats"": 0.2255141370094708, ""ced"": 0.2326781961270496, ""egemaps"": 0.2668950302896987}"
singmos,3,inner_search,5,782,contentvec12+wavlm+beats+ced+egemaps,0.362853251267067,0.3895650527930017,6,388,"{""contentvec12"": 0.09641535880637704, ""wavlm"": 0.2392071300988386, ""beats"": 0.20881507244290587, ""ced"": 0.21819059021690915, ""egemaps"": 0.23737184843496936}"
singmos,3,inner_search,6,783,whisper+contentvec12+wavlm+beats+ced+egemaps,0.360542636956028,0.386078067299543,6,388,"{""whisper"": 0.0718560142139041, ""contentvec12"": 0.08780250279446428, ""wavlm"": 0.21765336624033138, ""beats"": 0.19523391369173743, ""ced"": 0.20192076468718104, ""egemaps"": 0.2255334383723818}"
singmos,3,inner_search,7,815,whisper+contentvec12+wavlm+beats+speaker+ced+egemaps,0.3605414651879724,0.3859948071213572,6,388,"{""whisper"": 0.07174101369676718, ""contentvec12"": 0.08767831762678756, ""wavlm"": 0.21731010355741825, ""beats"": 0.19500739451217383, ""speaker"": 0.00227058740973718, ""ced"": 0.20155620643861363, ""egemaps"": 0.22443637675850242}"
singmos,3,inner_search,8,943,whisper+contentvec12+wavlm+beats+speaker+rmvpe_quant+ced+egemaps,0.3605414651880128,0.3859948044870288,6,388,"{""whisper"": 0.07174118702887675, ""contentvec12"": 0.08767832592248337, ""wavlm"": 0.2173100847426428, ""beats"": 0.19500728156854785, ""speaker"": 0.00227050361098301, ""rmvpe_quant"": 4.235164736271502e-21, ""ced"": 0.2015561683320256, ""egemaps"": 0.2244364487944407}"
singmos,3,inner_search,9,895,whisper+contentvec12+wavlm+beats+auditory_erb+speaker+rmvpe_cont+ced+egemaps,0.360541465187963,0.3859948134050214,6,388,"{""whisper"": 0.07174089751287098, ""contentvec12"": 0.08767828148981835, ""wavlm"": 0.21731009527593279, ""beats"": 0.19500752084033388, ""auditory_erb"": 7.582374246024481e-18, ""speaker"": 0.002270503431962846, ""rmvpe_cont"": 1.68344092497648e-17, ""ced"": 0.20155629788935245, ""egemaps"": 0.22443640355972883}"
singmos,3,inner_search,10,1023,whisper+contentvec12+wavlm+beats+auditory_erb+speaker+rmvpe_cont+rmvpe_quant+ced+egemaps,0.3605414651881867,0.3859947675951346,6,388,"{""whisper"": 0.0717409011391812, ""contentvec12"": 0.08767819691085062, ""wavlm"": 0.21731023099248833, ""beats"": 0.1950068508436382, ""auditory_erb"": 6.292978342066621e-18, ""speaker"": 0.002271201319051113, ""rmvpe_cont"": 8.172279754227896e-19, ""rmvpe_quant"": 0.0, ""ced"": 0.20155607726550104, ""egemaps"": 0.2244365415292896}"
singmos,4,gate,1,256,ced,0.4872128227646901,0.4209020410533494,6,390,"{""ced"": 1.0}"
singmos,4,gate,2,260,wavlm+ced,0.4179388783391666,0.3796583151909528,6,390,"{""wavlm"": 0.4381468163755697, ""ced"": 0.5618531836244303}"
singmos,4,gate,3,772,wavlm+ced+egemaps,0.4005864625309613,0.3813321886906997,6,390,"{""wavlm"": 0.322158794171008, ""ced"": 0.376904758840859, ""egemaps"": 0.30093644698813304}"
singmos,4,gate,4,780,wavlm+beats+ced+egemaps,0.3902312254397621,0.3791564039459363,6,390,"{""wavlm"": 0.2721966801225911, ""beats"": 0.17992242744348494, ""ced"": 0.3003919104989279, ""egemaps"": 0.2474889819349962}"
singmos,4,gate,5,781,whisper+wavlm+beats+ced+egemaps,0.3828654145235866,0.3769045089198283,6,390,"{""whisper"": 0.12650822138766443, ""wavlm"": 0.2206554115279724, ""beats"": 0.16070835963903765, ""ced"": 0.27082945838529404, ""egemaps"": 0.22129854906003155}"
singmos,4,gate,6,813,whisper+wavlm+beats+speaker+ced+egemaps,0.3804836259319476,0.3834010836451935,6,390,"{""whisper"": 0.11781083109279836, ""wavlm"": 0.2066623258128676, ""beats"": 0.15409684010018843, ""speaker"": 0.10893420726180722, ""ced"": 0.24676924840473188, ""egemaps"": 0.1657265473276066}"
singmos,4,gate,7,815,whisper+contentvec12+wavlm+beats+speaker+ced+egemaps,0.3773472478267195,0.3829625906109445,6,390,"{""whisper"": 0.10898641739005656, ""contentvec12"": 0.08062801708574611, ""wavlm"": 0.18665997592342662, ""beats"": 0.1403392762034924, ""speaker"": 0.10139728917274163, ""ced"": 0.23553112540365087, ""egemaps"": 0.1464578988208857}"
singmos,4,gate,8,831,whisper+contentvec12+wavlm+beats+auditory_erb+speaker+ced+egemaps,0.3773353011770466,0.3834436157415369,6,390,"{""whisper"": 0.10893404260869181, ""contentvec12"": 0.08047783726803716, ""wavlm"": 0.1861780595356701, ""beats"": 0.13976863800854247, ""auditory_erb"": 0.00843103674172898, ""speaker"": 0.09989610558858945, ""ced"": 0.23508479096276813, ""egemaps"": 0.141229489285972}"
singmos,4,gate,9,959,whisper+contentvec12+wavlm+beats+auditory_erb+speaker+rmvpe_quant+ced+egemaps,0.3773353011769539,0.3834436448613892,6,390,"{""whisper"": 0.10893360330609171, ""contentvec12"": 0.08047808835565905, ""wavlm"": 0.18617814136935806, ""beats"": 0.13976889700496192, ""auditory_erb"": 0.008431235417465184, ""speaker"": 0.09989613393613157, ""rmvpe_quant"": 0.0, ""ced"": 0.23508459168760715, ""egemaps"": 0.1412293089227254}"
singmos,4,gate,10,1023,whisper+contentvec12+wavlm+beats+auditory_erb+speaker+rmvpe_cont+rmvpe_quant+ced+egemaps,0.3773353011768953,0.383443595723733,6,390,"{""whisper"": 0.10893394123301832, ""contentvec12"": 0.0804782740490883, ""wavlm"": 0.18617821594086265, ""beats"": 0.13976890929009822, ""auditory_erb"": 0.00843076700288468, ""speaker"": 0.09989601663341258, ""rmvpe_cont"": 0.0, ""rmvpe_quant"": 5.196547131405133e-19, ""ced"": 0.23508478340181482, ""egemaps"": 0.14122909244882054}"
singmos,4,shapley,1,256,ced,0.4872128227646901,0.4209020410533494,6,390,"{""ced"": 1.0}"
singmos,4,shapley,2,260,wavlm+ced,0.4179388783391666,0.3796583151909528,6,390,"{""wavlm"": 0.4381468163755697, ""ced"": 0.5618531836244303}"
singmos,4,shapley,3,772,wavlm+ced+egemaps,0.4005864625309613,0.3813321886906997,6,390,"{""wavlm"": 0.322158794171008, ""ced"": 0.376904758840859, ""egemaps"": 0.30093644698813304}"
singmos,4,shapley,4,780,wavlm+beats+ced+egemaps,0.3902312254397621,0.3791564039459363,6,390,"{""wavlm"": 0.2721966801225911, ""beats"": 0.17992242744348494, ""ced"": 0.3003919104989279, ""egemaps"": 0.2474889819349962}"
singmos,4,shapley,5,812,wavlm+beats+speaker+ced+egemaps,0.3867794648647111,0.3874400407265233,6,390,"{""wavlm"": 0.25123857092414065, ""beats"": 0.1704404986686268, ""speaker"": 0.13019126432940073, ""ced"": 0.2692075758374016, ""egemaps"": 0.17892209024043043}"
singmos,4,shapley,6,828,wavlm+beats+auditory_erb+speaker+ced+egemaps,0.3867409334984578,0.3882591549362564,6,390,"{""wavlm"": 0.2502598936100276, ""beats"": 0.16935468072434298, ""auditory_erb"": 0.015132855052548645, ""speaker"": 0.12744911977668918, ""ced"": 0.268345235493746, ""egemaps"": 0.1694582153426455}"
singmos,4,shapley,7,829,whisper+wavlm+beats+auditory_erb+speaker+ced+egemaps,0.3804572034147361,0.3840999150284588,6,390,"{""whisper"": 0.11770868409545718, ""wavlm"": 0.20589075871615167, ""beats"": 0.15321028787291632, ""auditory_erb"": 0.012532569283162806, ""speaker"": 0.10668186660712009, ""ced"": 0.24607464226073844, ""egemaps"": 0.15790119116445342}"
singmos,4,shapley,8,893,whisper+wavlm+beats+auditory_erb+speaker+rmvpe_cont+ced+egemaps,0.3804572034147738,0.3840999514142554,6,390,"{""whisper"": 0.11770814731784494, ""wavlm"": 0.20589101186658512, ""beats"": 0.15321043729894387, ""auditory_erb"": 0.01253312306986041, ""speaker"": 0.10668164640541213, ""rmvpe_cont"": 1.5808506766852028e-17, ""ced"": 0.24607419536548744, ""egemaps"": 0.1579014386758661}"
singmos,4,shapley,9,895,whisper+contentvec12+wavlm+beats+auditory_erb+speaker+rmvpe_cont+ced+egemaps,0.3773353011770427,0.3834436381120321,6,390,"{""whisper"": 0.10893348093435083, ""contentvec12"": 0.08047804649031878, ""wavlm"": 0.18617848023960545, ""beats"": 0.13976855390059342, ""auditory_erb"": 0.008431403645697416, ""speaker"": 0.09989610003495315, ""rmvpe_cont"": 1.629863444084685e-17, ""ced"": 0.2350846096955637, ""egemaps"": 0.14122932505891722}"
singmos,4,shapley,10,1023,whisper+contentvec12+wavlm+beats+auditory_erb+speaker+rmvpe_cont+rmvpe_quant+ced+egemaps,0.3773353011768953,0.383443595723733,6,390,"{""whisper"": 0.10893394123301832, ""contentvec12"": 0.0804782740490883, ""wavlm"": 0.18617821594086265, ""beats"": 0.13976890929009822, ""auditory_erb"": 0.00843076700288468, ""speaker"": 0.09989601663341258, ""rmvpe_cont"": 0.0, ""rmvpe_quant"": 5.196547131405133e-19, ""ced"": 0.23508478340181482, ""egemaps"": 0.14122909244882054}"
singmos,4,singleton,1,256,ced,0.4872128227646901,0.4209020410533494,6,390,"{""ced"": 1.0}"
singmos,4,singleton,2,768,ced+egemaps,0.4298508586154352,0.4032458648330496,6,390,"{""ced"": 0.5163387187070947, ""egemaps"": 0.48366128129290525}"
singmos,4,singleton,3,772,wavlm+ced+egemaps,0.4005864625309613,0.3813321886906997,6,390,"{""wavlm"": 0.322158794171008, ""ced"": 0.376904758840859, ""egemaps"": 0.30093644698813304}"
singmos,4,singleton,4,804,wavlm+speaker+ced+egemaps,0.3959952972546999,0.3887870663320736,6,390,"{""wavlm"": 0.29506218646610016, ""speaker"": 0.14952863741995848, ""ced"": 0.3364580208956247, ""egemaps"": 0.2189511552183167}"
singmos,4,singleton,5,820,wavlm+auditory_erb+speaker+ced+egemaps,0.3957521614462068,0.3904871105845537,6,390,"{""wavlm"": 0.29192140046220627, ""auditory_erb"": 0.037829889588847934, ""speaker"": 0.14236444316968697, ""ced"": 0.33323015852912813, ""egemaps"": 0.1946541082501307}"
singmos,4,singleton,6,828,wavlm+beats+auditory_erb+speaker+ced+egemaps,0.3867409334984578,0.3882591549362564,6,390,"{""wavlm"": 0.2502598936100276, ""beats"": 0.16935468072434298, ""auditory_erb"": 0.015132855052548645, ""speaker"": 0.12744911977668918, ""ced"": 0.268345235493746, ""egemaps"": 0.1694582153426455}"
singmos,4,singleton,7,892,wavlm+beats+auditory_erb+speaker+rmvpe_cont+ced+egemaps,0.3867409334987874,0.3882592462284798,6,390,"{""wavlm"": 0.2502594164280732, ""beats"": 0.1693546819262215, ""auditory_erb"": 0.015133654142867594, ""speaker"": 0.1274489284909081, ""rmvpe_cont"": 4.4214292666061925e-18, ""ced"": 0.2683445012199386, ""egemaps"": 0.16945881779199104}"
singmos,4,singleton,8,893,whisper+wavlm+beats+auditory_erb+speaker+rmvpe_cont+ced+egemaps,0.3804572034147738,0.3840999514142554,6,390,"{""whisper"": 0.11770814731784494, ""wavlm"": 0.20589101186658512, ""beats"": 0.15321043729894387, ""auditory_erb"": 0.01253312306986041, ""speaker"": 0.10668164640541213, ""rmvpe_cont"": 1.5808506766852028e-17, ""ced"": 0.24607419536548744, ""egemaps"": 0.1579014386758661}"
singmos,4,singleton,9,1021,whisper+wavlm+beats+auditory_erb+speaker+rmvpe_cont+rmvpe_quant+ced+egemaps,0.3804549663034401,0.3841755941223708,6,390,"{""whisper"": 0.11768571045884858, ""wavlm"": 0.20566129122412544, ""beats"": 0.15319170931762607, ""auditory_erb"": 0.011379815002941378, ""speaker"": 0.10608530219108915, ""rmvpe_cont"": 1.1493297417064995e-17, ""rmvpe_quant"": 0.002703777530391495, ""ced"": 0.24562919041208314, ""egemaps"": 0.15766320386289473}"
singmos,4,singleton,10,1023,whisper+contentvec12+wavlm+beats+auditory_erb+speaker+rmvpe_cont+rmvpe_quant+ced+egemaps,0.3773353011768953,0.383443595723733,6,390,"{""whisper"": 0.10893394123301832, ""contentvec12"": 0.0804782740490883, ""wavlm"": 0.18617821594086265, ""beats"": 0.13976890929009822, ""auditory_erb"": 0.00843076700288468, ""speaker"": 0.09989601663341258, ""rmvpe_cont"": 0.0, ""rmvpe_quant"": 5.196547131405133e-19, ""ced"": 0.23508478340181482, ""egemaps"": 0.14122909244882054}"
singmos,4,inner_search,1,256,ced,0.4872128227646901,0.4209020410533494,6,390,"{""ced"": 1.0}"
singmos,4,inner_search,2,260,wavlm+ced,0.4179388783391666,0.3796583151909528,6,390,"{""wavlm"": 0.4381468163755697, ""ced"": 0.5618531836244303}"
singmos,4,inner_search,3,772,wavlm+ced+egemaps,0.4005864625309613,0.3813321886906997,6,390,"{""wavlm"": 0.322158794171008, ""ced"": 0.376904758840859, ""egemaps"": 0.30093644698813304}"
singmos,4,inner_search,4,780,wavlm+beats+ced+egemaps,0.3902312254397621,0.3791564039459363,6,390,"{""wavlm"": 0.2721966801225911, ""beats"": 0.17992242744348494, ""ced"": 0.3003919104989279, ""egemaps"": 0.2474889819349962}"
singmos,4,inner_search,5,781,whisper+wavlm+beats+ced+egemaps,0.3828654145235866,0.3769045089198283,6,390,"{""whisper"": 0.12650822138766443, ""wavlm"": 0.2206554115279724, ""beats"": 0.16070835963903765, ""ced"": 0.27082945838529404, ""egemaps"": 0.22129854906003155}"
singmos,4,inner_search,6,783,whisper+contentvec12+wavlm+beats+ced+egemaps,0.3794033853435201,0.3766135592331327,6,390,"{""whisper"": 0.11662240657516373, ""contentvec12"": 0.08455691389932643, ""wavlm"": 0.1986633394918387, ""beats"": 0.14580115286288917, ""ced"": 0.2572981732149206, ""egemaps"": 0.19705801395586148}"
singmos,4,inner_search,7,815,whisper+contentvec12+wavlm+beats+speaker+ced+egemaps,0.3773472478267195,0.3829625906109445,6,390,"{""whisper"": 0.10898641739005656, ""contentvec12"": 0.08062801708574611, ""wavlm"": 0.18665997592342662, ""beats"": 0.1403392762034924, ""speaker"": 0.10139728917274163, ""ced"": 0.23553112540365087, ""egemaps"": 0.1464578988208857}"
singmos,4,inner_search,8,831,whisper+contentvec12+wavlm+beats+auditory_erb+speaker+ced+egemaps,0.3773353011770466,0.3834436157415369,6,390,"{""whisper"": 0.10893404260869181, ""contentvec12"": 0.08047783726803716, ""wavlm"": 0.1861780595356701, ""beats"": 0.13976863800854247, ""auditory_erb"": 0.00843103674172898, ""speaker"": 0.09989610558858945, ""ced"": 0.23508479096276813, ""egemaps"": 0.141229489285972}"
singmos,4,inner_search,9,959,whisper+contentvec12+wavlm+beats+auditory_erb+speaker+rmvpe_quant+ced+egemaps,0.3773353011769539,0.3834436448613892,6,390,"{""whisper"": 0.10893360330609171, ""contentvec12"": 0.08047808835565905, ""wavlm"": 0.18617814136935806, ""beats"": 0.13976889700496192, ""auditory_erb"": 0.008431235417465184, ""speaker"": 0.09989613393613157, ""rmvpe_quant"": 0.0, ""ced"": 0.23508459168760715, ""egemaps"": 0.1412293089227254}"
singmos,4,inner_search,10,1023,whisper+contentvec12+wavlm+beats+auditory_erb+speaker+rmvpe_cont+rmvpe_quant+ced+egemaps,0.3773353011768953,0.383443595723733,6,390,"{""whisper"": 0.10893394123301832, ""contentvec12"": 0.0804782740490883, ""wavlm"": 0.18617821594086265, ""beats"": 0.13976890929009822, ""auditory_erb"": 0.00843076700288468, ""speaker"": 0.09989601663341258, ""rmvpe_cont"": 0.0, ""rmvpe_quant"": 5.196547131405133e-19, ""ced"": 0.23508478340181482, ""egemaps"": 0.14122909244882054}"
tmhintqi,0,gate,1,32,speaker,1.0070380920880464,1.4347334183356404,16,2317,"{""speaker"": 1.0}"
tmhintqi,0,gate,2,36,wavlm+speaker,0.9463795862539032,1.0744176345425345,16,2317,"{""wavlm"": 0.5083103205997254, ""speaker"": 0.49168967940027464}"
tmhintqi,0,gate,3,37,whisper+wavlm+speaker,0.93026015331513,1.027982405937132,16,2317,"{""whisper"": 0.24742907351949733, ""wavlm"": 0.3722945834163317, ""speaker"": 0.3802763430641709}"
tmhintqi,0,gate,4,45,whisper+wavlm+beats+speaker,0.9196145840615664,0.9542694682220352,16,2317,"{""whisper"": 0.20209920178286017, ""wavlm"": 0.272559675215375, ""beats"": 0.23471253892877506, ""speaker"": 0.29062858407298986}"
tmhintqi,0,gate,5,301,whisper+wavlm+beats+speaker+ced,0.916250713204838,0.8996926075684313,16,2317,"{""whisper"": 0.18155475120518794, ""wavlm"": 0.23669553782239633, ""beats"": 0.18459526971851017, ""speaker"": 0.23281194232802344, ""ced"": 0.16434249892588212}"
tmhintqi,0,gate,6,303,whisper+contentvec12+wavlm+beats+speaker+ced,0.912977712021259,0.9041761797478032,16,2317,"{""whisper"": 0.17092105390016568, ""contentvec12"": 0.12700269912045187, ""wavlm"": 0.19121351898355227, ""beats"": 0.1664276920155749, ""speaker"": 0.20277894766362342, ""ced"": 0.14165608831663207}"
tmhintqi,0,gate,7,815,whisper+contentvec12+wavlm+beats+speaker+ced+egemaps,0.91286313238644,0.9073237634054138,16,2317,"{""whisper"": 0.17043425586673425, ""contentvec12"": 0.12306231813399181, ""wavlm"": 0.18681972847900644, ""beats"": 0.1636806266385374, ""speaker"": 0.1934772554270255, ""ced"": 0.13426855310005376, ""egemaps"": 0.02825726235465087}"
tmhintqi,0,gate,8,879,whisper+contentvec12+wavlm+beats+speaker+rmvpe_cont+ced+egemaps,0.9128631323864418,0.9073237581703552,16,2317,"{""whisper"": 0.17043476046835046, ""contentvec12"": 0.12306295579337212, ""wavlm"": 0.1868194261221102, ""beats"": 0.16368042968058344, ""speaker"": 0.19347683191224313, ""rmvpe_cont"": 1.3756291519442668e-17, ""ced"": 0.13426841031726247, ""egemaps"": 0.02825718570607824}"
tmhintqi,0,gate,9,1007,whisper+contentvec12+wavlm+beats+speaker+rmvpe_cont+rmvpe_quant+ced+egemaps,0.9128631323865848,0.9073235577493856,16,2317,"{""whisper"": 0.17043527304897613, ""contentvec12"": 0.12306274350144464, ""wavlm"": 0.1868193627938396, ""beats"": 0.16368128079296268, ""speaker"": 0.19347693711370753, ""rmvpe_cont"": 2.007768516991171e-17, ""rmvpe_quant"": 3.976713808240533e-18, ""ced"": 0.1342683177557817, ""egemaps"": 0.02825608499328784}"
tmhintqi,0,gate,10,1023,whisper+contentvec12+wavlm+beats+auditory_erb+speaker+rmvpe_cont+rmvpe_quant+ced+egemaps,0.9128631323869372,0.9073238059525934,16,2317,"{""whisper"": 0.17043597499892013, ""contentvec12"": 0.12306195691242802, ""wavlm"": 0.18681910924645756, ""beats"": 0.16367994337786373, ""auditory_erb"": 3.0680327442938813e-18, ""speaker"": 0.19347713629733232, ""rmvpe_cont"": 1.928784018148688e-17, ""rmvpe_quant"": 3.117822399724673e-18, ""ced"": 0.13426874161087937, ""egemaps"": 0.028257137556118878}"
tmhintqi,0,shapley,1,4,wavlm,1.0031361427403471,1.0061286411649737,16,2317,"{""wavlm"": 1.0}"
tmhintqi,0,shapley,2,36,wavlm+speaker,0.9463795862539032,1.0744176345425345,16,2317,"{""wavlm"": 0.5083103205997254, ""speaker"": 0.49168967940027464}"
tmhintqi,0,shapley,3,292,wavlm+speaker+ced,0.9322343149447718,0.9220516437683292,16,2317,"{""wavlm"": 0.37110893447558463, ""speaker"": 0.3232537905814553, ""ced"": 0.30563727494296006}"
tmhintqi,0,shapley,4,300,wavlm+beats+speaker+ced,0.9242581176066144,0.8984339657521053,16,2317,"{""wavlm"": 0.30038677688469273, ""beats"": 0.21517540296511817, ""speaker"": 0.2758281092915299, ""ced"": 0.20860971085865923}"
tmhintqi,0,shapley,5,301,whisper+wavlm+beats+speaker+ced,0.916250713204838,0.8996926075684313,16,2317,"{""whisper"": 0.18155475120518794, ""wavlm"": 0.23669553782239633, ""beats"": 0.18459526971851017, ""speaker"": 0.23281194232802344, ""ced"": 0.16434249892588212}"
tmhintqi,0,shapley,6,303,whisper+contentvec12+wavlm+beats+speaker+ced,0.912977712021259,0.9041761797478032,16,2317,"{""whisper"": 0.17092105390016568, ""contentvec12"": 0.12700269912045187, ""wavlm"": 0.19121351898355227, ""beats"": 0.1664276920155749, ""speaker"": 0.20277894766362342, ""ced"": 0.14165608831663207}"
tmhintqi,0,shapley,7,815,whisper+contentvec12+wavlm+beats+speaker+ced+egemaps,0.91286313238644,0.9073237634054138,16,2317,"{""whisper"": 0.17043425586673425, ""contentvec12"": 0.12306231813399181, ""wavlm"": 0.18681972847900644, ""beats"": 0.1636806266385374, ""speaker"": 0.1934772554270255, ""ced"": 0.13426855310005376, ""egemaps"": 0.02825726235465087}"
tmhintqi,0,shapley,8,831,whisper+contentvec12+wavlm+beats+auditory_erb+speaker+ced+egemaps,0.9128631323869836,0.9073236460552004,16,2317,"{""whisper"": 0.1704340680355164, ""contentvec12"": 0.12306400822569254, ""wavlm"": 0.18681882146051404, ""beats"": 0.16368078175758982, ""auditory_erb"": 1.3543633310122635e-17, ""speaker"": 0.19347698054341653, ""ced"": 0.13426871853202269, ""egemaps"": 0.028256621445248112}"
tmhintqi,0,shapley,9,895,whisper+contentvec12+wavlm+beats+auditory_erb+speaker+rmvpe_cont+ced+egemaps,0.9128631323867776,0.9073235312919072,16,2317,"{""whisper"": 0.17043491804300615, ""contentvec12"": 0.12306361114333039, ""wavlm"": 0.18681901509216378, ""beats"": 0.163681211009112, ""auditory_erb"": 0.0, ""speaker"": 0.1934767851733256, ""rmvpe_cont"": 7.221485270934944e-18, ""ced"": 0.13426843604695876, ""egemaps"": 0.028256023492103387}"
tmhintqi,0,shapley,10,1023,whisper+contentvec12+wavlm+beats+auditory_erb+speaker+rmvpe_cont+rmvpe_quant+ced+egemaps,0.9128631323869372,0.9073238059525934,16,2317,"{""whisper"": 0.17043597499892013, ""contentvec12"": 0.12306195691242802, ""wavlm"": 0.18681910924645756, ""beats"": 0.16367994337786373, ""auditory_erb"": 3.0680327442938813e-18, ""speaker"": 0.19347713629733232, ""rmvpe_cont"": 1.928784018148688e-17, ""rmvpe_quant"": 3.117822399724673e-18, ""ced"": 0.13426874161087937, ""egemaps"": 0.028257137556118878}"
tmhintqi,0,singleton,1,4,wavlm,1.0031361427403471,1.0061286411649737,16,2317,"{""wavlm"": 1.0}"
tmhintqi,0,singleton,2,260,wavlm+ced,0.948912585417578,0.8491652532122563,16,2317,"{""wavlm"": 0.5065878059286992, ""ced"": 0.4934121940713007}"
tmhintqi,0,singleton,3,292,wavlm+speaker+ced,0.9322343149447718,0.9220516437683292,16,2317,"{""wavlm"": 0.37110893447558463, ""speaker"": 0.3232537905814553, ""ced"": 0.30563727494296006}"
tmhintqi,0,singleton,4,300,wavlm+beats+speaker+ced,0.9242581176066144,0.8984339657521053,16,2317,"{""wavlm"": 0.30038677688469273, ""beats"": 0.21517540296511817, ""speaker"": 0.2758281092915299, ""ced"": 0.20860971085865923}"
tmhintqi,0,singleton,5,812,wavlm+beats+speaker+ced+egemaps,0.9237189207861968,0.906207333458824,16,2317,"{""wavlm"": 0.2873604749538882, ""beats"": 0.2078011255335384, ""speaker"": 0.253529076391686, ""ced"": 0.1908787966662034, ""egemaps"": 0.060430526454684046}"
tmhintqi,0,singleton,6,814,contentvec12+wavlm+beats+speaker+ced+egemaps,0.9198574649815424,0.9063825994186692,16,2317,"{""contentvec12"": 0.13930989335054397, ""wavlm"": 0.23925309524634783, ""beats"": 0.18923308160176588, ""speaker"": 0.22787751476268933, ""ced"": 0.17114524821345192, ""egemaps"": 0.03318116682520109}"
tmhintqi,0,singleton,7,815,whisper+contentvec12+wavlm+beats+speaker+ced+egemaps,0.91286313238644,0.9073237634054138,16,2317,"{""whisper"": 0.17043425586673425, ""contentvec12"": 0.12306231813399181, ""wavlm"": 0.18681972847900644, ""beats"": 0.1636806266385374, ""speaker"": 0.1934772554270255, ""ced"": 0.13426855310005376, ""egemaps"": 0.02825726235465087}"
tmhintqi,0,singleton,8,831,whisper+contentvec12+wavlm+beats+auditory_erb+speaker+ced+egemaps,0.9128631323869836,0.9073236460552004,16,2317,"{""whisper"": 0.1704340680355164, ""contentvec12"": 0.12306400822569254, ""wavlm"": 0.18681882146051404, ""beats"": 0.16368078175758982, ""auditory_erb"": 1.3543633310122635e-17, ""speaker"": 0.19347698054341653, ""ced"": 0.13426871853202269, ""egemaps"": 0.028256621445248112}"
tmhintqi,0,singleton,9,895,whisper+contentvec12+wavlm+beats+auditory_erb+speaker+rmvpe_cont+ced+egemaps,0.9128631323867776,0.9073235312919072,16,2317,"{""whisper"": 0.17043491804300615, ""contentvec12"": 0.12306361114333039, ""wavlm"": 0.18681901509216378, ""beats"": 0.163681211009112, ""auditory_erb"": 0.0, ""speaker"": 0.1934767851733256, ""rmvpe_cont"": 7.221485270934944e-18, ""ced"": 0.13426843604695876, ""egemaps"": 0.028256023492103387}"
tmhintqi,0,singleton,10,1023,whisper+contentvec12+wavlm+beats+auditory_erb+speaker+rmvpe_cont+rmvpe_quant+ced+egemaps,0.9128631323869372,0.9073238059525934,16,2317,"{""whisper"": 0.17043597499892013, ""contentvec12"": 0.12306195691242802, ""wavlm"": 0.18681910924645756, ""beats"": 0.16367994337786373, ""auditory_erb"": 3.0680327442938813e-18, ""speaker"": 0.19347713629733232, ""rmvpe_cont"": 1.928784018148688e-17, ""rmvpe_quant"": 3.117822399724673e-18, ""ced"": 0.13426874161087937, ""egemaps"": 0.028257137556118878}"
tmhintqi,0,inner_search,1,4,wavlm,1.0031361427403471,1.0061286411649737,16,2317,"{""wavlm"": 1.0}"
tmhintqi,0,inner_search,2,36,wavlm+speaker,0.9463795862539032,1.0744176345425345,16,2317,"{""wavlm"": 0.5083103205997254, ""speaker"": 0.49168967940027464}"
tmhintqi,0,inner_search,3,44,wavlm+beats+speaker,0.9298486416306532,0.9710914375886888,16,2317,"{""wavlm"": 0.35677806542246426, ""beats"": 0.2853225971603069, ""speaker"": 0.35789933741722896}"
tmhintqi,0,inner_search,4,45,whisper+wavlm+beats+speaker,0.9196145840615664,0.9542694682220352,16,2317,"{""whisper"": 0.20209920178286017, ""wavlm"": 0.272559675215375, ""beats"": 0.23471253892877506, ""speaker"": 0.29062858407298986}"
tmhintqi,0,inner_search,5,47,whisper+contentvec12+wavlm+beats+speaker,0.9154289571542032,0.9503328938502916,16,2317,"{""whisper"": 0.18701402328689665, ""contentvec12"": 0.14223520468035156, ""wavlm"": 0.21607751635636044, ""beats"": 0.20661793106472076, ""speaker"": 0.24805532461167074}"
tmhintqi,0,inner_search,6,303,whisper+contentvec12+wavlm+beats+speaker+ced,0.912977712021259,0.9041761797478032,16,2317,"{""whisper"": 0.17092105390016568, ""contentvec12"": 0.12700269912045187, ""wavlm"": 0.19121351898355227, ""beats"": 0.1664276920155749, ""speaker"": 0.20277894766362342, ""ced"": 0.14165608831663207}"
tmhintqi,0,inner_search,7,815,whisper+contentvec12+wavlm+beats+speaker+ced+egemaps,0.91286313238644,0.9073237634054138,16,2317,"{""whisper"": 0.17043425586673425, ""contentvec12"": 0.12306231813399181, ""wavlm"": 0.18681972847900644, ""beats"": 0.1636806266385374, ""speaker"": 0.1934772554270255, ""ced"": 0.13426855310005376, ""egemaps"": 0.02825726235465087}"
tmhintqi,0,inner_search,8,879,whisper+contentvec12+wavlm+beats+speaker+rmvpe_cont+ced+egemaps,0.9128631323864418,0.9073237581703552,16,2317,"{""whisper"": 0.17043476046835046, ""contentvec12"": 0.12306295579337212, ""wavlm"": 0.1868194261221102, ""beats"": 0.16368042968058344, ""speaker"": 0.19347683191224313, ""rmvpe_cont"": 1.3756291519442668e-17, ""ced"": 0.13426841031726247, ""egemaps"": 0.02825718570607824}"
tmhintqi,0,inner_search,9,1007,whisper+contentvec12+wavlm+beats+speaker+rmvpe_cont+rmvpe_quant+ced+egemaps,0.9128631323865848,0.9073235577493856,16,2317,"{""whisper"": 0.17043527304897613, ""contentvec12"": 0.12306274350144464, ""wavlm"": 0.1868193627938396, ""beats"": 0.16368128079296268, ""speaker"": 0.19347693711370753, ""rmvpe_cont"": 2.007768516991171e-17, ""rmvpe_quant"": 3.976713808240533e-18, ""ced"": 0.1342683177557817, ""egemaps"": 0.02825608499328784}"
tmhintqi,0,inner_search,10,1023,whisper+contentvec12+wavlm+beats+auditory_erb+speaker+rmvpe_cont+rmvpe_quant+ced+egemaps,0.9128631323869372,0.9073238059525934,16,2317,"{""whisper"": 0.17043597499892013, ""contentvec12"": 0.12306195691242802, ""wavlm"": 0.18681910924645756, ""beats"": 0.16367994337786373, ""auditory_erb"": 3.0680327442938813e-18, ""speaker"": 0.19347713629733232, ""rmvpe_cont"": 1.928784018148688e-17, ""rmvpe_quant"": 3.117822399724673e-18, ""ced"": 0.13426874161087937, ""egemaps"": 0.028257137556118878}"
tmhintqi,1,gate,1,256,ced,0.993242239229975,0.946638711355306,20,2301,"{""ced"": 1.0}"
tmhintqi,1,gate,2,257,whisper+ced,0.9387633562328676,0.9020471346467116,20,2301,"{""whisper"": 0.4033320538033264, ""ced"": 0.5966679461966736}"
tmhintqi,1,gate,3,265,whisper+beats+ced,0.9224595604808437,0.8848704483913972,20,2301,"{""whisper"": 0.3246191814595774, ""beats"": 0.2809512332322627, ""ced"": 0.39442958530815997}"
tmhintqi,1,gate,4,269,whisper+wavlm+beats+ced,0.9151933908078004,0.8777070533212605,20,2301,"{""whisper"": 0.2639987188363368, ""wavlm"": 0.2103118707132811, ""beats"": 0.2221302162986794, ""ced"": 0.3035591941517028}"
tmhintqi,1,gate,5,271,whisper+contentvec12+wavlm+beats+ced,0.9146343787912556,0.8747360999906358,20,2301,"{""whisper"": 0.25795666458249283, ""contentvec12"": 0.05120534335052907, ""wavlm"": 0.1885424570289991, ""beats"": 0.213235280375241, ""ced"": 0.28906025466273805}"
tmhintqi,1,gate,6,783,whisper+contentvec12+wavlm+beats+ced+egemaps,0.9146343787914174,0.8747361220062742,20,2301,"{""whisper"": 0.2579567155609633, ""contentvec12"": 0.05120494356691012, ""wavlm"": 0.18854199188293638, ""beats"": 0.21323570650918466, ""ced"": 0.2890606424800054, ""egemaps"": 0.0}"
tmhintqi,1,gate,7,815,whisper+contentvec12+wavlm+beats+speaker+ced+egemaps,0.914634378791582,0.8747361340267558,20,2301,"{""whisper"": 0.2579569262196628, ""contentvec12"": 0.05120471511841804, ""wavlm"": 0.18854177853032048, ""beats"": 0.21323591038063897, ""speaker"": 6.58949281316483e-18, ""ced"": 0.28906066975095984, ""egemaps"": 4.028647515819063e-18}"
tmhintqi,1,gate,8,831,whisper+contentvec12+wavlm+beats+auditory_erb+speaker+ced+egemaps,0.91463437879126,0.8747361034816842,20,2301,"{""whisper"": 0.25795652901107435, ""contentvec12"": 0.051205241286601685, ""wavlm"": 0.18854248522676628, ""beats"": 0.21323542645940938, ""auditory_erb"": 9.83426427585924e-18, ""speaker"": 0.0, ""ced"": 0.2890603180161483, ""egemaps"": 0.0}"
tmhintqi,1,gate,9,895,whisper+contentvec12+wavlm+beats+auditory_erb+speaker+rmvpe_cont+ced+egemaps,0.9146343787912437,0.8747361003825442,20,2301,"{""whisper"": 0.2579564656993877, ""contentvec12"": 0.05120529810315594, ""wavlm"": 0.18854264325510578, ""beats"": 0.21323529889570894, ""auditory_erb"": 1.0156643030350757e-17, ""speaker"": 0.0, ""rmvpe_cont"": 6.512015768270663e-18, ""ced"": 0.2890602940466417, ""egemaps"": 0.0}"
tmhintqi,1,gate,10,1023,whisper+contentvec12+wavlm+beats+auditory_erb+speaker+rmvpe_cont+rmvpe_quant+ced+egemaps,0.9146343787913528,0.8747361151231002,20,2301,"{""whisper"": 0.2579567291302453, ""contentvec12"": 0.051205034436538586, ""wavlm"": 0.18854215786127038, ""beats"": 0.21323567204707605, ""auditory_erb"": 0.0, ""speaker"": 6.735394238329381e-18, ""rmvpe_cont"": 0.0, ""rmvpe_quant"": 0.0, ""ced"": 0.28906040652486953, ""egemaps"": 1.1790063351069417e-17}"
tmhintqi,1,shapley,1,256,ced,0.993242239229975,0.946638711355306,20,2301,"{""ced"": 1.0}"
tmhintqi,1,shapley,2,257,whisper+ced,0.9387633562328676,0.9020471346467116,20,2301,"{""whisper"": 0.4033320538033264, ""ced"": 0.5966679461966736}"
tmhintqi,1,shapley,3,261,whisper+wavlm+ced,0.9244723755404356,0.8864828351584907,20,2301,"{""whisper"": 0.3001600745547572, ""wavlm"": 0.2814302855861573, ""ced"": 0.41840963985908547}"
tmhintqi,1,shapley,4,269,whisper+wavlm+beats+ced,0.9151933908078004,0.8777070533212605,20,2301,"{""whisper"": 0.2639987188363368, ""wavlm"": 0.2103118707132811, ""beats"": 0.2221302162986794, ""ced"": 0.3035591941517028}"
tmhintqi,1,shapley,5,271,whisper+contentvec12+wavlm+beats+ced,0.9146343787912556,0.8747360999906358,20,2301,"{""whisper"": 0.25795666458249283, ""contentvec12"": 0.05120534335052907, ""wavlm"": 0.1885424570289991, ""beats"": 0.213235280375241, ""ced"": 0.28906025466273805}"
tmhintqi,1,shapley,6,783,whisper+contentvec12+wavlm+beats+ced+egemaps,0.9146343787914174,0.8747361220062742,20,2301,"{""whisper"": 0.2579567155609633, ""contentvec12"": 0.05120494356691012, ""wavlm"": 0.18854199188293638, ""beats"": 0.21323570650918466, ""ced"": 0.2890606424800054, ""egemaps"": 0.0}"
tmhintqi,1,shapley,7,815,whisper+contentvec12+wavlm+beats+speaker+ced+egemaps,0.914634378791582,0.8747361340267558,20,2301,"{""whisper"": 0.2579569262196628, ""contentvec12"": 0.05120471511841804, ""wavlm"": 0.18854177853032048, ""beats"": 0.21323591038063897, ""speaker"": 6.58949281316483e-18, ""ced"": 0.28906066975095984, ""egemaps"": 4.028647515819063e-18}"
tmhintqi,1,shapley,8,879,whisper+contentvec12+wavlm+beats+speaker+rmvpe_cont+ced+egemaps,0.9146343787912544,0.874736102471979,20,2301,"{""whisper"": 0.25795652217911397, ""contentvec12"": 0.05120526126270348, ""wavlm"": 0.1885425182000109, ""beats"": 0.21323539241162465, ""speaker"": 0.0, ""rmvpe_cont"": 2.4740879477232452e-17, ""ced"": 0.2890603059465471, ""egemaps"": 0.0}"
tmhintqi,1,shapley,9,895,whisper+contentvec12+wavlm+beats+auditory_erb+speaker+rmvpe_cont+ced+egemaps,0.9146343787912437,0.8747361003825442,20,2301,"{""whisper"": 0.2579564656993877, ""contentvec12"": 0.05120529810315594, ""wavlm"": 0.18854264325510578, ""beats"": 0.21323529889570894, ""auditory_erb"": 1.0156643030350757e-17, ""speaker"": 0.0, ""rmvpe_cont"": 6.512015768270663e-18, ""ced"": 0.2890602940466417, ""egemaps"": 0.0}"
tmhintqi,1,shapley,10,1023,whisper+contentvec12+wavlm+beats+auditory_erb+speaker+rmvpe_cont+rmvpe_quant+ced+egemaps,0.9146343787913528,0.8747361151231002,20,2301,"{""whisper"": 0.2579567291302453, ""contentvec12"": 0.051205034436538586, ""wavlm"": 0.18854215786127038, ""beats"": 0.21323567204707605, ""auditory_erb"": 0.0, ""speaker"": 6.735394238329381e-18, ""rmvpe_cont"": 0.0, ""rmvpe_quant"": 0.0, ""ced"": 0.28906040652486953, ""egemaps"": 1.1790063351069417e-17}"
tmhintqi,1,singleton,1,256,ced,0.993242239229975,0.946638711355306,20,2301,"{""ced"": 1.0}"
tmhintqi,1,singleton,2,260,wavlm+ced,0.948621061229308,0.9051834624668954,20,2301,"{""wavlm"": 0.44489019745439357, ""ced"": 0.5551098025456065}"
tmhintqi,1,singleton,3,268,wavlm+beats+ced,0.9331940916713451,0.8908984771405923,20,2301,"{""wavlm"": 0.32994838039862723, ""beats"": 0.28115541568374314, ""ced"": 0.3888962039176297}"
tmhintqi,1,singleton,4,269,whisper+wavlm+beats+ced,0.9151933908078004,0.8777070533212605,20,2301,"{""whisper"": 0.2639987188363368, ""wavlm"": 0.2103118707132811, ""beats"": 0.2221302162986794, ""ced"": 0.3035591941517028}"
tmhintqi,1,singleton,5,271,whisper+contentvec12+wavlm+beats+ced,0.9146343787912556,0.8747360999906358,20,2301,"{""whisper"": 0.25795666458249283, ""contentvec12"": 0.05120534335052907, ""wavlm"": 0.1885424570289991, ""beats"": 0.213235280375241, ""ced"": 0.28906025466273805}"
tmhintqi,1,singleton,6,783,whisper+contentvec12+wavlm+beats+ced+egemaps,0.9146343787914174,0.8747361220062742,20,2301,"{""whisper"": 0.2579567155609633, ""contentvec12"": 0.05120494356691012, ""wavlm"": 0.18854199188293638, ""beats"": 0.21323570650918466, ""ced"": 0.2890606424800054, ""egemaps"": 0.0}"
tmhintqi,1,singleton,7,815,whisper+contentvec12+wavlm+beats+speaker+ced+egemaps,0.914634378791582,0.8747361340267558,20,2301,"{""whisper"": 0.2579569262196628, ""contentvec12"": 0.05120471511841804, ""wavlm"": 0.18854177853032048, ""beats"": 0.21323591038063897, ""speaker"": 6.58949281316483e-18, ""ced"": 0.28906066975095984, ""egemaps"": 4.028647515819063e-18}"
tmhintqi,1,singleton,8,879,whisper+contentvec12+wavlm+beats+speaker+rmvpe_cont+ced+egemaps,0.9146343787912544,0.874736102471979,20,2301,"{""whisper"": 0.25795652217911397, ""contentvec12"": 0.05120526126270348, ""wavlm"": 0.1885425182000109, ""beats"": 0.21323539241162465, ""speaker"": 0.0, ""rmvpe_cont"": 2.4740879477232452e-17, ""ced"": 0.2890603059465471, ""egemaps"": 0.0}"
tmhintqi,1,singleton,9,895,whisper+contentvec12+wavlm+beats+auditory_erb+speaker+rmvpe_cont+ced+egemaps,0.9146343787912437,0.8747361003825442,20,2301,"{""whisper"": 0.2579564656993877, ""contentvec12"": 0.05120529810315594, ""wavlm"": 0.18854264325510578, ""beats"": 0.21323529889570894, ""auditory_erb"": 1.0156643030350757e-17, ""speaker"": 0.0, ""rmvpe_cont"": 6.512015768270663e-18, ""ced"": 0.2890602940466417, ""egemaps"": 0.0}"
tmhintqi,1,singleton,10,1023,whisper+contentvec12+wavlm+beats+auditory_erb+speaker+rmvpe_cont+rmvpe_quant+ced+egemaps,0.9146343787913528,0.8747361151231002,20,2301,"{""whisper"": 0.2579567291302453, ""contentvec12"": 0.051205034436538586, ""wavlm"": 0.18854215786127038, ""beats"": 0.21323567204707605, ""auditory_erb"": 0.0, ""speaker"": 6.735394238329381e-18, ""rmvpe_cont"": 0.0, ""rmvpe_quant"": 0.0, ""ced"": 0.28906040652486953, ""egemaps"": 1.1790063351069417e-17}"
tmhintqi,1,inner_search,1,256,ced,0.993242239229975,0.946638711355306,20,2301,"{""ced"": 1.0}"
tmhintqi,1,inner_search,2,257,whisper+ced,0.9387633562328676,0.9020471346467116,20,2301,"{""whisper"": 0.4033320538033264, ""ced"": 0.5966679461966736}"
tmhintqi,1,inner_search,3,265,whisper+beats+ced,0.9224595604808437,0.8848704483913972,20,2301,"{""whisper"": 0.3246191814595774, ""beats"": 0.2809512332322627, ""ced"": 0.39442958530815997}"
tmhintqi,1,inner_search,4,269,whisper+wavlm+beats+ced,0.9151933908078004,0.8777070533212605,20,2301,"{""whisper"": 0.2639987188363368, ""wavlm"": 0.2103118707132811, ""beats"": 0.2221302162986794, ""ced"": 0.3035591941517028}"
tmhintqi,1,inner_search,5,271,whisper+contentvec12+wavlm+beats+ced,0.9146343787912556,0.8747360999906358,20,2301,"{""whisper"": 0.25795666458249283, ""contentvec12"": 0.05120534335052907, ""wavlm"": 0.1885424570289991, ""beats"": 0.213235280375241, ""ced"": 0.28906025466273805}"
tmhintqi,1,inner_search,6,287,whisper+contentvec12+wavlm+beats+auditory_erb+ced,0.9146343787914,0.8747361108092124,20,2301,"{""whisper"": 0.2579570262813409, ""contentvec12"": 0.05120516215128812, ""wavlm"": 0.1885419591396836, ""beats"": 0.213235596948698, ""auditory_erb"": 5.20289987850954e-19, ""ced"": 0.2890602554789895}"
tmhintqi,1,inner_search,7,319,whisper+contentvec12+wavlm+beats+auditory_erb+speaker+ced,0.9146343787912472,0.8747361017229491,20,2301,"{""whisper"": 0.25795648187423037, ""contentvec12"": 0.05120527306416848, ""wavlm"": 0.1885425985767029, ""beats"": 0.21323533837163347, ""auditory_erb"": 3.1412481546721745e-18, ""speaker"": 0.0, ""ced"": 0.28906030811326483}"
tmhintqi,1,inner_search,8,975,whisper+contentvec12+wavlm+beats+rmvpe_cont+rmvpe_quant+ced+egemaps,0.9146343787912466,0.8747361009868246,20,2301,"{""whisper"": 0.25795646465385746, ""contentvec12"": 0.0512052897050065, ""wavlm"": 0.18854260121479613, ""beats"": 0.21323532575900017, ""rmvpe_cont"": 0.0, ""rmvpe_quant"": 0.0, ""ced"": 0.2890603186673396, ""egemaps"": 0.0}"
tmhintqi,1,inner_search,9,895,whisper+contentvec12+wavlm+beats+auditory_erb+speaker+rmvpe_cont+ced+egemaps,0.9146343787912437,0.8747361003825442,20,2301,"{""whisper"": 0.2579564656993877, ""contentvec12"": 0.05120529810315594, ""wavlm"": 0.18854264325510578, ""beats"": 0.21323529889570894, ""auditory_erb"": 1.0156643030350757e-17, ""speaker"": 0.0, ""rmvpe_cont"": 6.512015768270663e-18, ""ced"": 0.2890602940466417, ""egemaps"": 0.0}"
tmhintqi,1,inner_search,10,1023,whisper+contentvec12+wavlm+beats+auditory_erb+speaker+rmvpe_cont+rmvpe_quant+ced+egemaps,0.9146343787913528,0.8747361151231002,20,2301,"{""whisper"": 0.2579567291302453, ""contentvec12"": 0.051205034436538586, ""wavlm"": 0.18854215786127038, ""beats"": 0.21323567204707605, ""auditory_erb"": 0.0, ""speaker"": 6.735394238329381e-18, ""rmvpe_cont"": 0.0, ""rmvpe_quant"": 0.0, ""ced"": 0.28906040652486953, ""egemaps"": 1.1790063351069417e-17}"
tmhintqi,2,gate,1,256,ced,0.973368242564414,0.984115472368108,21,2393,"{""ced"": 1.0}"
tmhintqi,2,gate,2,257,whisper+ced,0.925047194787338,0.9316861913039473,21,2393,"{""whisper"": 0.3799159805076271, ""ced"": 0.6200840194923729}"
tmhintqi,2,gate,3,265,whisper+beats+ced,0.9078916876323102,0.9109442994150037,21,2393,"{""whisper"": 0.29617035451331947, ""beats"": 0.2876591568064244, ""ced"": 0.4161704886802562}"
tmhintqi,2,gate,4,269,whisper+wavlm+beats+ced,0.9006051172372376,0.9003027926191836,21,2393,"{""whisper"": 0.23648330797981665, ""wavlm"": 0.20894371374004592, ""beats"": 0.22120499615933512, ""ced"": 0.33336798212080243}"
tmhintqi,2,gate,5,271,whisper+contentvec12+wavlm+beats+ced,0.8987467599442728,0.8986369283842531,21,2393,"{""whisper"": 0.22247230997638937, ""contentvec12"": 0.09467596837755611, ""wavlm"": 0.17052226995140488, ""beats"": 0.20623625259198414, ""ced"": 0.3060931991026655}"
tmhintqi,2,gate,6,303,whisper+contentvec12+wavlm+beats+speaker+ced,0.898492086198613,0.8987441892419902,21,2393,"{""whisper"": 0.21779049477363027, ""contentvec12"": 0.08673608011144075, ""wavlm"": 0.16625418097463232, ""beats"": 0.19948733681821126, ""speaker"": 0.03108876649719822, ""ced"": 0.2986431408248872}"
tmhintqi,2,gate,7,367,whisper+contentvec12+wavlm+beats+speaker+rmvpe_cont+ced,0.898492086198563,0.8987441731752976,21,2393,"{""whisper"": 0.2177906471219154, ""contentvec12"": 0.08673651964857768, ""wavlm"": 0.16625427510834703, ""beats"": 0.19948729064716314, ""speaker"": 0.03108835072309322, ""rmvpe_cont"": 2.2457278651434858e-17, ""ced"": 0.2986429167509036}"
tmhintqi,2,gate,8,383,whisper+contentvec12+wavlm+beats+auditory_erb+speaker+rmvpe_cont+ced,0.8984920861986043,0.898744172333269,21,2393,"{""whisper"": 0.21779053050550026, ""contentvec12"": 0.08673657412357602, ""wavlm"": 0.16625436498847745, ""beats"": 0.19948728842129282, ""auditory_erb"": 0.0, ""speaker"": 0.03108835377139189, ""rmvpe_cont"": 0.0, ""ced"": 0.2986428881897615}"
tmhintqi,2,gate,9,511,whisper+contentvec12+wavlm+beats+auditory_erb+speaker+rmvpe_cont+rmvpe_quant+ced,0.8984920861985219,0.8987441737267425,21,2393,"{""whisper"": 0.217790915458641, ""contentvec12"": 0.08673595782528588, ""wavlm"": 0.166253852178162, ""beats"": 0.1994878268512139, ""auditory_erb"": 0.0, ""speaker"": 0.031088550297460434, ""rmvpe_cont"": 0.0, ""rmvpe_quant"": 0.0, ""ced"": 0.29864289738923694}"
tmhintqi,2,gate,10,1023,whisper+contentvec12+wavlm+beats+auditory_erb+speaker+rmvpe_cont+rmvpe_quant+ced+egemaps,0.8984920861986118,0.8987441810755147,21,2393,"{""whisper"": 0.21779055576794906, ""contentvec12"": 0.08673597359719377, ""wavlm"": 0.1662538848544244, ""beats"": 0.19948798997185715, ""auditory_erb"": 0.0, ""speaker"": 0.03108860098539969, ""rmvpe_cont"": 6.424055036292999e-18, ""rmvpe_quant"": 0.0, ""ced"": 0.298642994823176, ""egemaps"": 0.0}"
tmhintqi,2,shapley,1,256,ced,0.973368242564414,0.984115472368108,21,2393,"{""ced"": 1.0}"
tmhintqi,2,shapley,2,264,beats+ced,0.9337224209679112,0.9392698758617944,21,2393,"{""beats"": 0.4101298025819903, ""ced"": 0.5898701974180097}"
tmhintqi,2,shapley,3,268,wavlm+beats+ced,0.9150009733479666,0.9147582288047618,21,2393,"{""wavlm"": 0.31313272741985265, ""beats"": 0.2735493715508605, ""ced"": 0.41331790102928695}"
tmhintqi,2,shapley,4,269,whisper+wavlm+beats+ced,0.9006051172372376,0.9003027926191836,21,2393,"{""whisper"": 0.23648330797981665, ""wavlm"": 0.20894371374004592, ""beats"": 0.22120499615933512, ""ced"": 0.33336798212080243}"
tmhintqi,2,shapley,5,271,whisper+contentvec12+wavlm+beats+ced,0.8987467599442728,0.8986369283842531,21,2393,"{""whisper"": 0.22247230997638937, ""contentvec12"": 0.09467596837755611, ""wavlm"": 0.17052226995140488, ""beats"": 0.20623625259198414, ""ced"": 0.3060931991026655}"
tmhintqi,2,shapley,6,303,whisper+contentvec12+wavlm+beats+speaker+ced,0.898492086198613,0.8987441892419902,21,2393,"{""whisper"": 0.21779049477363027, ""contentvec12"": 0.08673608011144075, ""wavlm"": 0.16625418097463232, ""beats"": 0.19948733681821126, ""speaker"": 0.03108876649719822, ""ced"": 0.2986431408248872}"
tmhintqi,2,shapley,7,815,whisper+contentvec12+wavlm+beats+speaker+ced+egemaps,0.89849208619876,0.8987441619497017,21,2393,"{""whisper"": 0.21779034527140095, ""contentvec12"": 0.08673645377249675, ""wavlm"": 0.16625504127283416, ""beats"": 0.19948700580240028, ""speaker"": 0.031088397916669463, ""ced"": 0.2986427559641983, ""egemaps"": 0.0}"
tmhintqi,2,shapley,8,879,whisper+contentvec12+wavlm+beats+speaker+rmvpe_cont+ced+egemaps,0.8984920861987152,0.8987441671910079,21,2393,"{""whisper"": 0.21779026599623613, ""contentvec12"": 0.08673638914175515, ""wavlm"": 0.16625489725506865, ""beats"": 0.19948740015705954, ""speaker"": 0.03108806828512319, ""rmvpe_cont"": 0.0, ""ced"": 0.2986429791647574, ""egemaps"": 1.9602459981832646e-18}"
tmhintqi,2,shapley,9,895,whisper+contentvec12+wavlm+beats+auditory_erb+speaker+rmvpe_cont+ced+egemaps,0.8984920861986243,0.8987441710681664,21,2393,"{""whisper"": 0.21779042674937812, ""contentvec12"": 0.08673647137223381, ""wavlm"": 0.1662543514839717, ""beats"": 0.19948743909380723, ""auditory_erb"": 0.0, ""speaker"": 0.031088518972977028, ""rmvpe_cont"": 1.5908284601060625e-17, ""ced"": 0.2986427923276321, ""egemaps"": 0.0}"
tmhintqi,2,shapley,10,1023,whisper+contentvec12+wavlm+beats+auditory_erb+speaker+rmvpe_cont+rmvpe_quant+ced+egemaps,0.8984920861986118,0.8987441810755147,21,2393,"{""whisper"": 0.21779055576794906, ""contentvec12"": 0.08673597359719377, ""wavlm"": 0.1662538848544244, ""beats"": 0.19948798997185715, ""auditory_erb"": 0.0, ""speaker"": 0.03108860098539969, ""rmvpe_cont"": 6.424055036292999e-18, ""rmvpe_quant"": 0.0, ""ced"": 0.298642994823176, ""egemaps"": 0.0}"
tmhintqi,2,singleton,1,256,ced,0.973368242564414,0.984115472368108,21,2393,"{""ced"": 1.0}"
tmhintqi,2,singleton,2,260,wavlm+ced,0.9292837663937076,0.9305127162603938,21,2393,"{""wavlm"": 0.43240889280861305, ""ced"": 0.567591107191387}"
tmhintqi,2,singleton,3,268,wavlm+beats+ced,0.9150009733479666,0.9147582288047618,21,2393,"{""wavlm"": 0.31313272741985265, ""beats"": 0.2735493715508605, ""ced"": 0.41331790102928695}"
tmhintqi,2,singleton,4,269,whisper+wavlm+beats+ced,0.9006051172372376,0.9003027926191836,21,2393,"{""whisper"": 0.23648330797981665, ""wavlm"": 0.20894371374004592, ""beats"": 0.22120499615933512, ""ced"": 0.33336798212080243}"
tmhintqi,2,singleton,5,271,whisper+contentvec12+wavlm+beats+ced,0.8987467599442728,0.8986369283842531,21,2393,"{""whisper"": 0.22247230997638937, ""contentvec12"": 0.09467596837755611, ""wavlm"": 0.17052226995140488, ""beats"": 0.20623625259198414, ""ced"": 0.3060931991026655}"
tmhintqi,2,singleton,6,783,whisper+contentvec12+wavlm+beats+ced+egemaps,0.8987467599442689,0.8986369401137471,21,2393,"{""whisper"": 0.22247205253336855, ""contentvec12"": 0.09467601476615792, ""wavlm"": 0.17052232315098964, ""beats"": 0.20623617807060662, ""ced"": 0.3060934314788773, ""egemaps"": 5.656294115862105e-19}"
tmhintqi,2,singleton,7,815,whisper+contentvec12+wavlm+beats+speaker+ced+egemaps,0.89849208619876,0.8987441619497017,21,2393,"{""whisper"": 0.21779034527140095, ""contentvec12"": 0.08673645377249675, ""wavlm"": 0.16625504127283416, ""beats"": 0.19948700580240028, ""speaker"": 0.031088397916669463, ""ced"": 0.2986427559641983, ""egemaps"": 0.0}"
tmhintqi,2,singleton,8,879,whisper+contentvec12+wavlm+beats+speaker+rmvpe_cont+ced+egemaps,0.8984920861987152,0.8987441671910079,21,2393,"{""whisper"": 0.21779026599623613, ""contentvec12"": 0.08673638914175515, ""wavlm"": 0.16625489725506865, ""beats"": 0.19948740015705954, ""speaker"": 0.03108806828512319, ""rmvpe_cont"": 0.0, ""ced"": 0.2986429791647574, ""egemaps"": 1.9602459981832646e-18}"
tmhintqi,2,singleton,9,895,whisper+contentvec12+wavlm+beats+auditory_erb+speaker+rmvpe_cont+ced+egemaps,0.8984920861986243,0.8987441710681664,21,2393,"{""whisper"": 0.21779042674937812, ""contentvec12"": 0.08673647137223381, ""wavlm"": 0.1662543514839717, ""beats"": 0.19948743909380723, ""auditory_erb"": 0.0, ""speaker"": 0.031088518972977028, ""rmvpe_cont"": 1.5908284601060625e-17, ""ced"": 0.2986427923276321, ""egemaps"": 0.0}"
tmhintqi,2,singleton,10,1023,whisper+contentvec12+wavlm+beats+auditory_erb+speaker+rmvpe_cont+rmvpe_quant+ced+egemaps,0.8984920861986118,0.8987441810755147,21,2393,"{""whisper"": 0.21779055576794906, ""contentvec12"": 0.08673597359719377, ""wavlm"": 0.1662538848544244, ""beats"": 0.19948798997185715, ""auditory_erb"": 0.0, ""speaker"": 0.03108860098539969, ""rmvpe_cont"": 6.424055036292999e-18, ""rmvpe_quant"": 0.0, ""ced"": 0.298642994823176, ""egemaps"": 0.0}"
tmhintqi,2,inner_search,1,256,ced,0.973368242564414,0.984115472368108,21,2393,"{""ced"": 1.0}"
tmhintqi,2,inner_search,2,257,whisper+ced,0.925047194787338,0.9316861913039473,21,2393,"{""whisper"": 0.3799159805076271, ""ced"": 0.6200840194923729}"
tmhintqi,2,inner_search,3,265,whisper+beats+ced,0.9078916876323102,0.9109442994150037,21,2393,"{""whisper"": 0.29617035451331947, ""beats"": 0.2876591568064244, ""ced"": 0.4161704886802562}"
tmhintqi,2,inner_search,4,269,whisper+wavlm+beats+ced,0.9006051172372376,0.9003027926191836,21,2393,"{""whisper"": 0.23648330797981665, ""wavlm"": 0.20894371374004592, ""beats"": 0.22120499615933512, ""ced"": 0.33336798212080243}"
tmhintqi,2,inner_search,5,271,whisper+contentvec12+wavlm+beats+ced,0.8987467599442728,0.8986369283842531,21,2393,"{""whisper"": 0.22247230997638937, ""contentvec12"": 0.09467596837755611, ""wavlm"": 0.17052226995140488, ""beats"": 0.20623625259198414, ""ced"": 0.3060931991026655}"
tmhintqi,2,inner_search,6,303,whisper+contentvec12+wavlm+beats+speaker+ced,0.898492086198613,0.8987441892419902,21,2393,"{""whisper"": 0.21779049477363027, ""contentvec12"": 0.08673608011144075, ""wavlm"": 0.16625418097463232, ""beats"": 0.19948733681821126, ""speaker"": 0.03108876649719822, ""ced"": 0.2986431408248872}"
tmhintqi,2,inner_search,7,319,whisper+contentvec12+wavlm+beats+auditory_erb+speaker+ced,0.8984920861985498,0.8987441736751911,21,2393,"{""whisper"": 0.21779068494758447, ""contentvec12"": 0.08673648390066689, ""wavlm"": 0.16625424598980976, ""beats"": 0.199487288575373, ""auditory_erb"": 3.914668644854155e-18, ""speaker"": 0.03108837129493964, ""ced"": 0.29864292529162617}"
tmhintqi,2,inner_search,8,383,whisper+contentvec12+wavlm+beats+auditory_erb+speaker+rmvpe_cont+ced,0.8984920861986043,0.898744172333269,21,2393,"{""whisper"": 0.21779053050550026, ""contentvec12"": 0.08673657412357602, ""wavlm"": 0.16625436498847745, ""beats"": 0.19948728842129282, ""auditory_erb"": 0.0, ""speaker"": 0.03108835377139189, ""rmvpe_cont"": 0.0, ""ced"": 0.2986428881897615}"
tmhintqi,2,inner_search,9,511,whisper+contentvec12+wavlm+beats+auditory_erb+speaker+rmvpe_cont+rmvpe_quant+ced,0.8984920861985219,0.8987441737267425,21,2393,"{""whisper"": 0.217790915458641, ""contentvec12"": 0.08673595782528588, ""wavlm"": 0.166253852178162, ""beats"": 0.1994878268512139, ""auditory_erb"": 0.0, ""speaker"": 0.031088550297460434, ""rmvpe_cont"": 0.0, ""rmvpe_quant"": 0.0, ""ced"": 0.29864289738923694}"
tmhintqi,2,inner_search,10,1023,whisper+contentvec12+wavlm+beats+auditory_erb+speaker+rmvpe_cont+rmvpe_quant+ced+egemaps,0.8984920861986118,0.8987441810755147,21,2393,"{""whisper"": 0.21779055576794906, ""contentvec12"": 0.08673597359719377, ""wavlm"": 0.1662538848544244, ""beats"": 0.19948798997185715, ""auditory_erb"": 0.0, ""speaker"": 0.03108860098539969, ""rmvpe_cont"": 6.424055036292999e-18, ""rmvpe_quant"": 0.0, ""ced"": 0.298642994823176, ""egemaps"": 0.0}"
tmhintqi,3,gate,1,4,wavlm,0.970257211489047,1.0038065065858877,20,2301,"{""wavlm"": 1.0}"
tmhintqi,3,gate,2,260,wavlm+ced,0.9181660774662924,0.9496335415344136,20,2301,"{""wavlm"": 0.523791089717655, ""ced"": 0.476208910282345}"
tmhintqi,3,gate,3,261,whisper+wavlm+ced,0.902910578032076,0.932615487641628,20,2301,"{""whisper"": 0.23173745551784444, ""wavlm"": 0.4085185961932641, ""ced"": 0.3597439482888915}"
tmhintqi,3,gate,4,269,whisper+wavlm+beats+ced,0.8955122826448401,0.9225454927244376,20,2301,"{""whisper"": 0.18951380247820876, ""wavlm"": 0.3588641215439616, ""beats"": 0.1843397478278691, ""ced"": 0.2672823281499606}"
tmhintqi,3,gate,5,271,whisper+contentvec12+wavlm+beats+ced,0.8933128831621705,0.9215756142076984,20,2301,"{""whisper"": 0.17327693227099675, ""contentvec12"": 0.1022206472601915, ""wavlm"": 0.31840424886370033, ""beats"": 0.1694683308663291, ""ced"": 0.2366298407387824}"
tmhintqi,3,gate,6,783,whisper+contentvec12+wavlm+beats+ced+egemaps,0.8932775254651669,0.9216252349149494,20,2301,"{""whisper"": 0.1728431850346758, ""contentvec12"": 0.09887632330018878, ""wavlm"": 0.3157416622277116, ""beats"": 0.16767554747333804, ""ced"": 0.2315150633699721, ""egemaps"": 0.013348218594113762}"
tmhintqi,3,gate,7,911,whisper+contentvec12+wavlm+beats+rmvpe_quant+ced+egemaps,0.8932775254648471,0.9216252261140812,20,2301,"{""whisper"": 0.17284347007374287, ""contentvec12"": 0.09887649495981884, ""wavlm"": 0.31574145870867815, ""beats"": 0.16767525160467853, ""rmvpe_quant"": 0.0, ""ced"": 0.231515678586096, ""egemaps"": 0.013347646066985682}"
tmhintqi,3,gate,8,943,whisper+contentvec12+wavlm+beats+speaker+rmvpe_quant+ced+egemaps,0.8932775254654839,0.921625177862492,20,2301,"{""whisper"": 0.17284373549150303, ""contentvec12"": 0.09887592552767414, ""wavlm"": 0.3157403837235144, ""beats"": 0.16767516684082814, ""speaker"": 0.0, ""rmvpe_quant"": 6.0277114457882164e-18, ""ced"": 0.2315178559108247, ""egemaps"": 0.013346932505655768}"
tmhintqi,3,gate,9,1007,whisper+contentvec12+wavlm+beats+speaker+rmvpe_cont+rmvpe_quant+ced+egemaps,0.8932775254649608,0.9216251720987904,20,2301,"{""whisper"": 0.1728449585517321, ""contentvec12"": 0.09887571087365897, ""wavlm"": 0.3157415063274154, ""beats"": 0.1676755840595646, ""speaker"": 0.0, ""rmvpe_cont"": 0.0, ""rmvpe_quant"": 0.0, ""ced"": 0.23151515596989194, ""egemaps"": 0.013347084217737048}"
tmhintqi,3,gate,10,1023,whisper+contentvec12+wavlm+beats+auditory_erb+speaker+rmvpe_cont+rmvpe_quant+ced+egemaps,0.8932775254646942,0.921625196866316,20,2301,"{""whisper"": 0.1728444602786051, ""contentvec12"": 0.09887608688986674, ""wavlm"": 0.3157416180851612, ""beats"": 0.167675231876745, ""auditory_erb"": 0.0, ""speaker"": 7.887550952497345e-18, ""rmvpe_cont"": 3.451136481914141e-18, ""rmvpe_quant"": 9.056079225348955e-18, ""ced"": 0.23151571083164602, ""egemaps"": 0.013346892037976016}"
tmhintqi,3,shapley,1,4,wavlm,0.970257211489047,1.0038065065858877,20,2301,"{""wavlm"": 1.0}"
tmhintqi,3,shapley,2,260,wavlm+ced,0.9181660774662924,0.9496335415344136,20,2301,"{""wavlm"": 0.523791089717655, ""ced"": 0.476208910282345}"
tmhintqi,3,shapley,3,268,wavlm+beats+ced,0.9050612936478768,0.933412284575845,20,2301,"{""wavlm"": 0.43281446218436226, ""beats"": 0.2373501882454011, ""ced"": 0.3298353495702367}"
tmhintqi,3,shapley,4,269,whisper+wavlm+beats+ced,0.8955122826448401,0.9225454927244376,20,2301,"{""whisper"": 0.18951380247820876, ""wavlm"": 0.3588641215439616, ""beats"": 0.1843397478278691, ""ced"": 0.2672823281499606}"
tmhintqi,3,shapley,5,271,whisper+contentvec12+wavlm+beats+ced,0.8933128831621705,0.9215756142076984,20,2301,"{""whisper"": 0.17327693227099675, ""contentvec12"": 0.1022206472601915, ""wavlm"": 0.31840424886370033, ""beats"": 0.1694683308663291, ""ced"": 0.2366298407387824}"
tmhintqi,3,shapley,6,783,whisper+contentvec12+wavlm+beats+ced+egemaps,0.8932775254651669,0.9216252349149494,20,2301,"{""whisper"": 0.1728431850346758, ""contentvec12"": 0.09887632330018878, ""wavlm"": 0.3157416622277116, ""beats"": 0.16767554747333804, ""ced"": 0.2315150633699721, ""egemaps"": 0.013348218594113762}"
tmhintqi,3,shapley,7,815,whisper+contentvec12+wavlm+beats+speaker+ced+egemaps,0.8932775254647732,0.9216251924658552,20,2301,"{""whisper"": 0.17284397541040475, ""contentvec12"": 0.0988764649205758, ""wavlm"": 0.3157411578255908, ""beats"": 0.1676756089984466, ""speaker"": 1.65224364273792e-19, ""ced"": 0.23151562996957448, ""egemaps"": 0.013347162875407626}"
tmhintqi,3,shapley,8,879,whisper+contentvec12+wavlm+beats+speaker+rmvpe_cont+ced+egemaps,0.893277525464929,0.9216252182882788,20,2301,"{""whisper"": 0.17284380921222411, ""contentvec12"": 0.0988762014259695, ""wavlm"": 0.31574173370444325, ""beats"": 0.16767485869015644, ""speaker"": 0.0, ""rmvpe_cont"": 2.1395231684475974e-17, ""ced"": 0.23151708236986235, ""egemaps"": 0.013346314597344344}"
tmhintqi,3,shapley,9,895,whisper+contentvec12+wavlm+beats+auditory_erb+speaker+rmvpe_cont+ced+egemaps,0.8932775254651879,0.9216251624480312,20,2301,"{""whisper"": 0.17284504492649158, ""contentvec12"": 0.09887534359172546, ""wavlm"": 0.3157415096209967, ""beats"": 0.16767585440203997, ""auditory_erb"": 0.0, ""speaker"": 0.0, ""rmvpe_cont"": 0.0, ""ced"": 0.23151488443911403, ""egemaps"": 0.013347363019632243}"
tmhintqi,3,shapley,10,1023,whisper+contentvec12+wavlm+beats+auditory_erb+speaker+rmvpe_cont+rmvpe_quant+ced+egemaps,0.8932775254646942,0.921625196866316,20,2301,"{""whisper"": 0.1728444602786051, ""contentvec12"": 0.09887608688986674, ""wavlm"": 0.3157416180851612, ""beats"": 0.167675231876745, ""auditory_erb"": 0.0, ""speaker"": 7.887550952497345e-18, ""rmvpe_cont"": 3.451136481914141e-18, ""rmvpe_quant"": 9.056079225348955e-18, ""ced"": 0.23151571083164602, ""egemaps"": 0.013346892037976016}"
tmhintqi,3,singleton,1,4,wavlm,0.970257211489047,1.0038065065858877,20,2301,"{""wavlm"": 1.0}"
tmhintqi,3,singleton,2,260,wavlm+ced,0.9181660774662924,0.9496335415344136,20,2301,"{""wavlm"": 0.523791089717655, ""ced"": 0.476208910282345}"
tmhintqi,3,singleton,3,268,wavlm+beats+ced,0.9050612936478768,0.933412284575845,20,2301,"{""wavlm"": 0.43281446218436226, ""beats"": 0.2373501882454011, ""ced"": 0.3298353495702367}"
tmhintqi,3,singleton,4,270,contentvec12+wavlm+beats+ced,0.90104918476758,0.9312417315446332,20,2301,"{""contentvec12"": 0.13591294466449597, ""wavlm"": 0.37059488890545894, ""beats"": 0.21153828361881138, ""ced"": 0.28195388281123374}"
tmhintqi,3,singleton,5,271,whisper+contentvec12+wavlm+beats+ced,0.8933128831621705,0.9215756142076984,20,2301,"{""whisper"": 0.17327693227099675, ""contentvec12"": 0.1022206472601915, ""wavlm"": 0.31840424886370033, ""beats"": 0.1694683308663291, ""ced"": 0.2366298407387824}"
tmhintqi,3,singleton,6,783,whisper+contentvec12+wavlm+beats+ced+egemaps,0.8932775254651669,0.9216252349149494,20,2301,"{""whisper"": 0.1728431850346758, ""contentvec12"": 0.09887632330018878, ""wavlm"": 0.3157416622277116, ""beats"": 0.16767554747333804, ""ced"": 0.2315150633699721, ""egemaps"": 0.013348218594113762}"
tmhintqi,3,singleton,7,815,whisper+contentvec12+wavlm+beats+speaker+ced+egemaps,0.8932775254647732,0.9216251924658552,20,2301,"{""whisper"": 0.17284397541040475, ""contentvec12"": 0.0988764649205758, ""wavlm"": 0.3157411578255908, ""beats"": 0.1676756089984466, ""speaker"": 1.65224364273792e-19, ""ced"": 0.23151562996957448, ""egemaps"": 0.013347162875407626}"
tmhintqi,3,singleton,8,879,whisper+contentvec12+wavlm+beats+speaker+rmvpe_cont+ced+egemaps,0.893277525464929,0.9216252182882788,20,2301,"{""whisper"": 0.17284380921222411, ""contentvec12"": 0.0988762014259695, ""wavlm"": 0.31574173370444325, ""beats"": 0.16767485869015644, ""speaker"": 0.0, ""rmvpe_cont"": 2.1395231684475974e-17, ""ced"": 0.23151708236986235, ""egemaps"": 0.013346314597344344}"
tmhintqi,3,singleton,9,895,whisper+contentvec12+wavlm+beats+auditory_erb+speaker+rmvpe_cont+ced+egemaps,0.8932775254651879,0.9216251624480312,20,2301,"{""whisper"": 0.17284504492649158, ""contentvec12"": 0.09887534359172546, ""wavlm"": 0.3157415096209967, ""beats"": 0.16767585440203997, ""auditory_erb"": 0.0, ""speaker"": 0.0, ""rmvpe_cont"": 0.0, ""ced"": 0.23151488443911403, ""egemaps"": 0.013347363019632243}"
tmhintqi,3,singleton,10,1023,whisper+contentvec12+wavlm+beats+auditory_erb+speaker+rmvpe_cont+rmvpe_quant+ced+egemaps,0.8932775254646942,0.921625196866316,20,2301,"{""whisper"": 0.1728444602786051, ""contentvec12"": 0.09887608688986674, ""wavlm"": 0.3157416180851612, ""beats"": 0.167675231876745, ""auditory_erb"": 0.0, ""speaker"": 7.887550952497345e-18, ""rmvpe_cont"": 3.451136481914141e-18, ""rmvpe_quant"": 9.056079225348955e-18, ""ced"": 0.23151571083164602, ""egemaps"": 0.013346892037976016}"
tmhintqi,3,inner_search,1,4,wavlm,0.970257211489047,1.0038065065858877,20,2301,"{""wavlm"": 1.0}"
tmhintqi,3,inner_search,2,260,wavlm+ced,0.9181660774662924,0.9496335415344136,20,2301,"{""wavlm"": 0.523791089717655, ""ced"": 0.476208910282345}"
tmhintqi,3,inner_search,3,261,whisper+wavlm+ced,0.902910578032076,0.932615487641628,20,2301,"{""whisper"": 0.23173745551784444, ""wavlm"": 0.4085185961932641, ""ced"": 0.3597439482888915}"
tmhintqi,3,inner_search,4,269,whisper+wavlm+beats+ced,0.8955122826448401,0.9225454927244376,20,2301,"{""whisper"": 0.18951380247820876, ""wavlm"": 0.3588641215439616, ""beats"": 0.1843397478278691, ""ced"": 0.2672823281499606}"
tmhintqi,3,inner_search,5,271,whisper+contentvec12+wavlm+beats+ced,0.8933128831621705,0.9215756142076984,20,2301,"{""whisper"": 0.17327693227099675, ""contentvec12"": 0.1022206472601915, ""wavlm"": 0.31840424886370033, ""beats"": 0.1694683308663291, ""ced"": 0.2366298407387824}"
tmhintqi,3,inner_search,6,783,whisper+contentvec12+wavlm+beats+ced+egemaps,0.8932775254651669,0.9216252349149494,20,2301,"{""whisper"": 0.1728431850346758, ""contentvec12"": 0.09887632330018878, ""wavlm"": 0.3157416622277116, ""beats"": 0.16767554747333804, ""ced"": 0.2315150633699721, ""egemaps"": 0.013348218594113762}"
tmhintqi,3,inner_search,7,847,whisper+contentvec12+wavlm+beats+rmvpe_cont+ced+egemaps,0.8932775254646431,0.9216252233686696,20,2301,"{""whisper"": 0.17284397937288262, ""contentvec12"": 0.0988763411853512, ""wavlm"": 0.31574184302082087, ""beats"": 0.1676750310462498, ""rmvpe_cont"": 1.523918151228893e-17, ""ced"": 0.23151573205050274, ""egemaps"": 0.01334707332419268}"
tmhintqi,3,inner_search,8,975,whisper+contentvec12+wavlm+beats+rmvpe_cont+rmvpe_quant+ced+egemaps,0.8932775254648344,0.9216252450015042,20,2301,"{""whisper"": 0.17284340553840746, ""contentvec12"": 0.09887664722841971, ""wavlm"": 0.315741805788109, ""beats"": 0.16767493999259497, ""rmvpe_cont"": 1.2051161257060558e-17, ""rmvpe_quant"": 0.0, ""ced"": 0.23151570863184623, ""egemaps"": 0.01334749282062254}"
tmhintqi,3,inner_search,9,1007,whisper+contentvec12+wavlm+beats+speaker+rmvpe_cont+rmvpe_quant+ced+egemaps,0.8932775254649608,0.9216251720987904,20,2301,"{""whisper"": 0.1728449585517321, ""contentvec12"": 0.09887571087365897, ""wavlm"": 0.3157415063274154, ""beats"": 0.1676755840595646, ""speaker"": 0.0, ""rmvpe_cont"": 0.0, ""rmvpe_quant"": 0.0, ""ced"": 0.23151515596989194, ""egemaps"": 0.013347084217737048}"
tmhintqi,3,inner_search,10,1023,whisper+contentvec12+wavlm+beats+auditory_erb+speaker+rmvpe_cont+rmvpe_quant+ced+egemaps,0.8932775254646942,0.921625196866316,20,2301,"{""whisper"": 0.1728444602786051, ""contentvec12"": 0.09887608688986674, ""wavlm"": 0.3157416180851612, ""beats"": 0.167675231876745, ""auditory_erb"": 0.0, ""speaker"": 7.887550952497345e-18, ""rmvpe_cont"": 3.451136481914141e-18, ""rmvpe_quant"": 9.056079225348955e-18, ""ced"": 0.23151571083164602, ""egemaps"": 0.013346892037976016}"
tmhintqi,4,gate,1,4,wavlm,1.0024155192290616,0.9914507077650536,21,2332,"{""wavlm"": 1.0}"
tmhintqi,4,gate,2,5,whisper+wavlm,0.950829369829534,0.944871648645254,21,2332,"{""whisper"": 0.3974929016059817, ""wavlm"": 0.6025070983940183}"
tmhintqi,4,gate,3,261,whisper+wavlm+ced,0.9252838069183236,0.932893216018981,21,2332,"{""whisper"": 0.28302399574546816, ""wavlm"": 0.3709199441168742, ""ced"": 0.3460560601376576}"
tmhintqi,4,gate,4,269,whisper+wavlm+beats+ced,0.9189370139274524,0.9262882812145616,21,2332,"{""whisper"": 0.25388206321113155, ""wavlm"": 0.3193626238662712, ""beats"": 0.18730132246216796, ""ced"": 0.23945399046042934}"
tmhintqi,4,gate,5,271,whisper+contentvec12+wavlm+beats+ced,0.9164117092104628,0.9228215160937672,21,2332,"{""whisper"": 0.2411235171326122, ""contentvec12"": 0.11003253890376283, ""wavlm"": 0.2772862155063572, ""beats"": 0.16429966529746157, ""ced"": 0.2072580631598063}"
tmhintqi,4,gate,6,287,whisper+contentvec12+wavlm+beats+auditory_erb+ced,0.9164117092104036,0.9228215120666924,21,2332,"{""whisper"": 0.2411232641788419, ""contentvec12"": 0.11003284884376728, ""wavlm"": 0.2772862993468462, ""beats"": 0.16429983820553204, ""auditory_erb"": 2.1037545552718247e-17, ""ced"": 0.20725774942501268}"
tmhintqi,4,gate,7,799,whisper+contentvec12+wavlm+beats+auditory_erb+ced+egemaps,0.9164117092104348,0.9228215159955424,21,2332,"{""whisper"": 0.24112317512838188, ""contentvec12"": 0.11003257765519042, ""wavlm"": 0.2772862766960941, ""beats"": 0.16430004886881425, ""auditory_erb"": 0.0, ""ced"": 0.20725792165151938, ""egemaps"": 0.0}"
tmhintqi,4,gate,8,863,whisper+contentvec12+wavlm+beats+auditory_erb+rmvpe_cont+ced+egemaps,0.916411709210574,0.9228215309913989,21,2332,"{""whisper"": 0.24112282356474574, ""contentvec12"": 0.1100321786805608, ""wavlm"": 0.27728683022948547, ""beats"": 0.1643000537014294, ""auditory_erb"": 5.197182406115573e-18, ""rmvpe_cont"": 0.0, ""ced"": 0.20725811382377865, ""egemaps"": 1.3511657816363785e-17}"
tmhintqi,4,gate,9,895,whisper+contentvec12+wavlm+beats+auditory_erb+speaker+rmvpe_cont+ced+egemaps,0.916411709210432,0.9228215166514132,21,2332,"{""whisper"": 0.24112308275354474, ""contentvec12"": 0.11003261630111416, ""wavlm"": 0.27728637590973354, ""beats"": 0.16430007098331414, ""auditory_erb"": 3.1562988713536994e-17, ""speaker"": 0.0, ""rmvpe_cont"": 0.0, ""ced"": 0.2072578540522934, ""egemaps"": 3.495016759048853e-18}"
tmhintqi,4,gate,10,1023,whisper+contentvec12+wavlm+beats+auditory_erb+speaker+rmvpe_cont+rmvpe_quant+ced+egemaps,0.9164117092104096,0.9228215127269576,21,2332,"{""whisper"": 0.2411232414832795, ""contentvec12"": 0.11003274389918606, ""wavlm"": 0.27728627202784517, ""beats"": 0.16429995211196002, ""auditory_erb"": 1.3753697481041702e-17, ""speaker"": 0.0, ""rmvpe_cont"": 7.513499879500864e-18, ""rmvpe_quant"": 0.0, ""ced"": 0.20725779047772935, ""egemaps"": 1.1484866792261855e-17}"
tmhintqi,4,shapley,1,4,wavlm,1.0024155192290616,0.9914507077650536,21,2332,"{""wavlm"": 1.0}"
tmhintqi,4,shapley,2,5,whisper+wavlm,0.950829369829534,0.944871648645254,21,2332,"{""whisper"": 0.3974929016059817, ""wavlm"": 0.6025070983940183}"
tmhintqi,4,shapley,3,261,whisper+wavlm+ced,0.9252838069183236,0.932893216018981,21,2332,"{""whisper"": 0.28302399574546816, ""wavlm"": 0.3709199441168742, ""ced"": 0.3460560601376576}"
tmhintqi,4,shapley,4,269,whisper+wavlm+beats+ced,0.9189370139274524,0.9262882812145616,21,2332,"{""whisper"": 0.25388206321113155, ""wavlm"": 0.3193626238662712, ""beats"": 0.18730132246216796, ""ced"": 0.23945399046042934}"
tmhintqi,4,shapley,5,271,whisper+contentvec12+wavlm+beats+ced,0.9164117092104628,0.9228215160937672,21,2332,"{""whisper"": 0.2411235171326122, ""contentvec12"": 0.11003253890376283, ""wavlm"": 0.2772862155063572, ""beats"": 0.16429966529746157, ""ced"": 0.2072580631598063}"
tmhintqi,4,shapley,6,303,whisper+contentvec12+wavlm+beats+speaker+ced,0.9164117092104604,0.9228215138135222,21,2332,"{""whisper"": 0.24112300074539578, ""contentvec12"": 0.11003298507269584, ""wavlm"": 0.277285960398715, ""beats"": 0.16430000392178776, ""speaker"": 3.394484536121609e-19, ""ced"": 0.20725804986140578}"
tmhintqi,4,shapley,7,815,whisper+contentvec12+wavlm+beats+speaker+ced+egemaps,0.9164117092104154,0.9228215142583152,21,2332,"{""whisper"": 0.24112315596806816, ""contentvec12"": 0.11003271273776176, ""wavlm"": 0.2772863118332764, ""beats"": 0.16430000838027836, ""speaker"": 0.0, ""ced"": 0.20725781108061544, ""egemaps"": 8.111399261143994e-19}"
tmhintqi,4,shapley,8,879,whisper+contentvec12+wavlm+beats+speaker+rmvpe_cont+ced+egemaps,0.9164117092105956,0.9228215217326772,21,2332,"{""whisper"": 0.2411224066100133, ""contentvec12"": 0.11003319919884522, ""wavlm"": 0.2772866994893516, ""beats"": 0.16429997569728488, ""speaker"": 7.02566184144159e-18, ""rmvpe_cont"": 0.0, ""ced"": 0.20725771900450513, ""egemaps"": 1.2462554571630131e-17}"
tmhintqi,4,shapley,9,895,whisper+contentvec12+wavlm+beats+auditory_erb+speaker+rmvpe_cont+ced+egemaps,0.916411709210432,0.9228215166514132,21,2332,"{""whisper"": 0.24112308275354474, ""contentvec12"": 0.11003261630111416, ""wavlm"": 0.27728637590973354, ""beats"": 0.16430007098331414, ""auditory_erb"": 3.1562988713536994e-17, ""speaker"": 0.0, ""rmvpe_cont"": 0.0, ""ced"": 0.2072578540522934, ""egemaps"": 3.495016759048853e-18}"
tmhintqi,4,shapley,10,1023,whisper+contentvec12+wavlm+beats+auditory_erb+speaker+rmvpe_cont+rmvpe_quant+ced+egemaps,0.9164117092104096,0.9228215127269576,21,2332,"{""whisper"": 0.2411232414832795, ""contentvec12"": 0.11003274389918606, ""wavlm"": 0.27728627202784517, ""beats"": 0.16429995211196002, ""auditory_erb"": 1.3753697481041702e-17, ""speaker"": 0.0, ""rmvpe_cont"": 7.513499879500864e-18, ""rmvpe_quant"": 0.0, ""ced"": 0.20725779047772935, ""egemaps"": 1.1484866792261855e-17}"
tmhintqi,4,singleton,1,4,wavlm,1.0024155192290616,0.9914507077650536,21,2332,"{""wavlm"": 1.0}"
tmhintqi,4,singleton,2,260,wavlm+ced,0.9476853001510076,0.9557080288231546,21,2332,"{""wavlm"": 0.5312085180026812, ""ced"": 0.46879148199731885}"
tmhintqi,4,singleton,3,268,wavlm+beats+ced,0.9363126032747164,0.9432479240474276,21,2332,"{""wavlm"": 0.44176022134427984, ""beats"": 0.2461600637405266, ""ced"": 0.3120797149151935}"
tmhintqi,4,singleton,4,269,whisper+wavlm+beats+ced,0.9189370139274524,0.9262882812145616,21,2332,"{""whisper"": 0.25388206321113155, ""wavlm"": 0.3193626238662712, ""beats"": 0.18730132246216796, ""ced"": 0.23945399046042934}"
tmhintqi,4,singleton,5,271,whisper+contentvec12+wavlm+beats+ced,0.9164117092104628,0.9228215160937672,21,2332,"{""whisper"": 0.2411235171326122, ""contentvec12"": 0.11003253890376283, ""wavlm"": 0.2772862155063572, ""beats"": 0.16429966529746157, ""ced"": 0.2072580631598063}"
tmhintqi,4,singleton,6,303,whisper+contentvec12+wavlm+beats+speaker+ced,0.9164117092104604,0.9228215138135222,21,2332,"{""whisper"": 0.24112300074539578, ""contentvec12"": 0.11003298507269584, ""wavlm"": 0.277285960398715, ""beats"": 0.16430000392178776, ""speaker"": 3.394484536121609e-19, ""ced"": 0.20725804986140578}"
tmhintqi,4,singleton,7,815,whisper+contentvec12+wavlm+beats+speaker+ced+egemaps,0.9164117092104154,0.9228215142583152,21,2332,"{""whisper"": 0.24112315596806816, ""contentvec12"": 0.11003271273776176, ""wavlm"": 0.2772863118332764, ""beats"": 0.16430000838027836, ""speaker"": 0.0, ""ced"": 0.20725781108061544, ""egemaps"": 8.111399261143994e-19}"
tmhintqi,4,singleton,8,879,whisper+contentvec12+wavlm+beats+speaker+rmvpe_cont+ced+egemaps,0.9164117092105956,0.9228215217326772,21,2332,"{""whisper"": 0.2411224066100133, ""contentvec12"": 0.11003319919884522, ""wavlm"": 0.2772866994893516, ""beats"": 0.16429997569728488, ""speaker"": 7.02566184144159e-18, ""rmvpe_cont"": 0.0, ""ced"": 0.20725771900450513, ""egemaps"": 1.2462554571630131e-17}"
tmhintqi,4,singleton,9,895,whisper+contentvec12+wavlm+beats+auditory_erb+speaker+rmvpe_cont+ced+egemaps,0.916411709210432,0.9228215166514132,21,2332,"{""whisper"": 0.24112308275354474, ""contentvec12"": 0.11003261630111416, ""wavlm"": 0.27728637590973354, ""beats"": 0.16430007098331414, ""auditory_erb"": 3.1562988713536994e-17, ""speaker"": 0.0, ""rmvpe_cont"": 0.0, ""ced"": 0.2072578540522934, ""egemaps"": 3.495016759048853e-18}"
tmhintqi,4,singleton,10,1023,whisper+contentvec12+wavlm+beats+auditory_erb+speaker+rmvpe_cont+rmvpe_quant+ced+egemaps,0.9164117092104096,0.9228215127269576,21,2332,"{""whisper"": 0.2411232414832795, ""contentvec12"": 0.11003274389918606, ""wavlm"": 0.27728627202784517, ""beats"": 0.16429995211196002, ""auditory_erb"": 1.3753697481041702e-17, ""speaker"": 0.0, ""rmvpe_cont"": 7.513499879500864e-18, ""rmvpe_quant"": 0.0, ""ced"": 0.20725779047772935, ""egemaps"": 1.1484866792261855e-17}"
tmhintqi,4,inner_search,1,4,wavlm,1.0024155192290616,0.9914507077650536,21,2332,"{""wavlm"": 1.0}"
tmhintqi,4,inner_search,2,260,wavlm+ced,0.9476853001510076,0.9557080288231546,21,2332,"{""wavlm"": 0.5312085180026812, ""ced"": 0.46879148199731885}"
tmhintqi,4,inner_search,3,261,whisper+wavlm+ced,0.9252838069183236,0.932893216018981,21,2332,"{""whisper"": 0.28302399574546816, ""wavlm"": 0.3709199441168742, ""ced"": 0.3460560601376576}"
tmhintqi,4,inner_search,4,269,whisper+wavlm+beats+ced,0.9189370139274524,0.9262882812145616,21,2332,"{""whisper"": 0.25388206321113155, ""wavlm"": 0.3193626238662712, ""beats"": 0.18730132246216796, ""ced"": 0.23945399046042934}"
tmhintqi,4,inner_search,5,271,whisper+contentvec12+wavlm+beats+ced,0.9164117092104628,0.9228215160937672,21,2332,"{""whisper"": 0.2411235171326122, ""contentvec12"": 0.11003253890376283, ""wavlm"": 0.2772862155063572, ""beats"": 0.16429966529746157, ""ced"": 0.2072580631598063}"
tmhintqi,4,inner_search,6,287,whisper+contentvec12+wavlm+beats+auditory_erb+ced,0.9164117092104036,0.9228215120666924,21,2332,"{""whisper"": 0.2411232641788419, ""contentvec12"": 0.11003284884376728, ""wavlm"": 0.2772862993468462, ""beats"": 0.16429983820553204, ""auditory_erb"": 2.1037545552718247e-17, ""ced"": 0.20725774942501268}"
tmhintqi,4,inner_search,7,847,whisper+contentvec12+wavlm+beats+rmvpe_cont+ced+egemaps,0.9164117092104044,0.92282151211682,21,2332,"{""whisper"": 0.241123206021303, ""contentvec12"": 0.11003283389451558, ""wavlm"": 0.27728630582411573, ""beats"": 0.16429992405945232, ""rmvpe_cont"": 0.0, ""ced"": 0.20725773020061336, ""egemaps"": 0.0}"
tmhintqi,4,inner_search,8,831,whisper+contentvec12+wavlm+beats+auditory_erb+speaker+ced+egemaps,0.9164117092104476,0.922821504538018,21,2332,"{""whisper"": 0.24112326442642862, ""contentvec12"": 0.11003315384094339, ""wavlm"": 0.27728583149753927, ""beats"": 0.16429998386323139, ""auditory_erb"": 1.0224005310714625e-17, ""speaker"": 0.0, ""ced"": 0.20725776637185742, ""egemaps"": 0.0}"
tmhintqi,4,inner_search,9,1007,whisper+contentvec12+wavlm+beats+speaker+rmvpe_cont+rmvpe_quant+ced+egemaps,0.9164117092104256,0.9228215160901936,21,2332,"{""whisper"": 0.24112310043647828, ""contentvec12"": 0.11003264000569708, ""wavlm"": 0.2772863884937233, ""beats"": 0.16430004895371816, ""speaker"": 0.0, ""rmvpe_cont"": 0.0, ""rmvpe_quant"": 1.0559324478708919e-17, ""ced"": 0.20725782211038313, ""egemaps"": 0.0}"
tmhintqi,4,inner_search,10,1023,whisper+contentvec12+wavlm+beats+auditory_erb+speaker+rmvpe_cont+rmvpe_quant+ced+egemaps,0.9164117092104096,0.9228215127269576,21,2332,"{""whisper"": 0.2411232414832795, ""contentvec12"": 0.11003274389918606, ""wavlm"": 0.27728627202784517, ""beats"": 0.16429995211196002, ""auditory_erb"": 1.3753697481041702e-17, ""speaker"": 0.0, ""rmvpe_cont"": 7.513499879500864e-18, ""rmvpe_quant"": 0.0, ""ced"": 0.20725779047772935, ""egemaps"": 1.1484866792261855e-17}"
