dataset,bootstrap,n_system_draws,n_unique_systems_drawn,alpha,feature,shapley_mse_utility
brspeech,0,6,4,10.0,auditory_erb,-1.5970891302014028
brspeech,0,6,4,10.0,beats,-0.1190137761019783
brspeech,0,6,4,10.0,ced,0.1711712488650394
brspeech,0,6,4,10.0,contentvec12,0.2322468059288127
brspeech,0,6,4,10.0,egemaps,0.7239994786745079
brspeech,0,6,4,10.0,rmvpe_cont,0.2001661984499475
brspeech,0,6,4,10.0,rmvpe_quant,-0.0027318434104417
brspeech,0,6,4,10.0,speaker,0.4509598328771964
brspeech,0,6,4,10.0,wavlm,0.2646542657893952
brspeech,0,6,4,10.0,whisper,0.0936439629408794
brspeech,1,6,3,10.0,auditory_erb,-5.852035366460207
brspeech,1,6,3,10.0,beats,0.2996822271392506
brspeech,1,6,3,10.0,ced,0.0793518285234156
brspeech,1,6,3,10.0,contentvec12,0.6213335433764646
brspeech,1,6,3,10.0,egemaps,1.357620232230092
brspeech,1,6,3,10.0,rmvpe_cont,0.917100513611979
brspeech,1,6,3,10.0,rmvpe_quant,0.6868971685717096
brspeech,1,6,3,10.0,speaker,0.6771481542466035
brspeech,1,6,3,10.0,wavlm,0.871126870278009
brspeech,1,6,3,10.0,whisper,0.7818579169751926
brspeech,2,6,5,10.0,auditory_erb,-0.5649555686151387
brspeech,2,6,5,10.0,beats,-0.3897221584993657
brspeech,2,6,5,10.0,ced,0.1775668373386759
brspeech,2,6,5,10.0,contentvec12,0.1696684095441255
brspeech,2,6,5,10.0,egemaps,0.403776058180873
brspeech,2,6,5,10.0,rmvpe_cont,0.1684615237853135
brspeech,2,6,5,10.0,rmvpe_quant,0.0206442486951286
brspeech,2,6,5,10.0,speaker,0.2020843704574253
brspeech,2,6,5,10.0,wavlm,0.1203108244598112
brspeech,2,6,5,10.0,whisper,-0.0161835833907994
brspeech,3,6,2,10.0,auditory_erb,0.2358444936751329
brspeech,3,6,2,10.0,beats,-0.5701445621483895
brspeech,3,6,2,10.0,ced,0.1555889384804895
brspeech,3,6,2,10.0,contentvec12,0.0344568434796984
brspeech,3,6,2,10.0,egemaps,0.548984277940897
brspeech,3,6,2,10.0,rmvpe_cont,0.0970408880492069
brspeech,3,6,2,10.0,rmvpe_quant,-0.2521505259991723
brspeech,3,6,2,10.0,speaker,0.1704564721691215
brspeech,3,6,2,10.0,wavlm,0.2224136305587965
brspeech,3,6,2,10.0,whisper,-0.0364290826617064
brspeech,4,6,6,10.0,auditory_erb,0.0513793800170303
brspeech,4,6,6,10.0,beats,0.0488489746703389
brspeech,4,6,6,10.0,ced,0.1242971455609877
brspeech,4,6,6,10.0,contentvec12,0.088477465354235
brspeech,4,6,6,10.0,egemaps,0.1692911411178256
brspeech,4,6,6,10.0,rmvpe_cont,0.0041731209185727
brspeech,4,6,6,10.0,rmvpe_quant,-0.0033467639447388
brspeech,4,6,6,10.0,speaker,0.1201644830570455
brspeech,4,6,6,10.0,wavlm,0.12949440412201
brspeech,4,6,6,10.0,whisper,-0.0486001953041868
brspeech,5,6,4,10.0,auditory_erb,0.150231038616266
brspeech,5,6,4,10.0,beats,-0.0869693501455964
brspeech,5,6,4,10.0,ced,0.204984044227755
brspeech,5,6,4,10.0,contentvec12,0.1263030025736938
brspeech,5,6,4,10.0,egemaps,0.3066861842318784
brspeech,5,6,4,10.0,rmvpe_cont,0.0631764724617667
brspeech,5,6,4,10.0,rmvpe_quant,-0.5468161102036213
brspeech,5,6,4,10.0,speaker,0.1791939062035554
brspeech,5,6,4,10.0,wavlm,0.1437857611920291
brspeech,5,6,4,10.0,whisper,0.0126160048412558
brspeech,6,6,3,10.0,auditory_erb,0.0721731213402081
brspeech,6,6,3,10.0,beats,0.0416761085187341
brspeech,6,6,3,10.0,ced,0.1361225831899548
brspeech,6,6,3,10.0,contentvec12,0.0132304527426349
brspeech,6,6,3,10.0,egemaps,0.7351128285886193
brspeech,6,6,3,10.0,rmvpe_cont,0.075471191169586
brspeech,6,6,3,10.0,rmvpe_quant,-0.0775080951387144
brspeech,6,6,3,10.0,speaker,0.2029343391137633
brspeech,6,6,3,10.0,wavlm,0.4348551238627162
brspeech,6,6,3,10.0,whisper,-0.457720440280577
brspeech,7,6,3,10.0,auditory_erb,-0.1347501071000045
brspeech,7,6,3,10.0,beats,-0.0853362257337246
brspeech,7,6,3,10.0,ced,0.1033376618272719
brspeech,7,6,3,10.0,contentvec12,-0.0984033583314901
brspeech,7,6,3,10.0,egemaps,0.4073096082187276
brspeech,7,6,3,10.0,rmvpe_cont,0.1345688440173889
brspeech,7,6,3,10.0,rmvpe_quant,0.0514112826639167
brspeech,7,6,3,10.0,speaker,0.1933882834240947
brspeech,7,6,3,10.0,wavlm,-0.0396478419702121
brspeech,7,6,3,10.0,whisper,-0.1391576875654285
brspeech,8,6,3,10.0,auditory_erb,0.0683476127405864
brspeech,8,6,3,10.0,beats,-0.0086949569092735
brspeech,8,6,3,10.0,ced,0.0818842231939069
brspeech,8,6,3,10.0,contentvec12,0.1162994898884915
brspeech,8,6,3,10.0,egemaps,0.393027292104648
brspeech,8,6,3,10.0,rmvpe_cont,0.029710416956639
brspeech,8,6,3,10.0,rmvpe_quant,-0.0301430803692535
brspeech,8,6,3,10.0,speaker,0.16485740484334
brspeech,8,6,3,10.0,wavlm,0.2160068067282806
brspeech,8,6,3,10.0,whisper,-0.1314488710077213
brspeech,9,6,4,10.0,auditory_erb,-1.1117246642235885
brspeech,9,6,4,10.0,beats,-0.099409696227807
brspeech,9,6,4,10.0,ced,0.1361679332845399
brspeech,9,6,4,10.0,contentvec12,0.1919529346637151
brspeech,9,6,4,10.0,egemaps,0.5158095833144027
brspeech,9,6,4,10.0,rmvpe_cont,0.1806592363805247
brspeech,9,6,4,10.0,rmvpe_quant,0.0092095424619151
brspeech,9,6,4,10.0,speaker,0.2871221040603255
brspeech,9,6,4,10.0,wavlm,0.1848342316878328
brspeech,9,6,4,10.0,whisper,0.0546068737635634
brspeech,10,6,4,10.0,auditory_erb,-1.8641819339496384
brspeech,10,6,4,10.0,beats,-0.431575236538033
brspeech,10,6,4,10.0,ced,0.32057204947678
brspeech,10,6,4,10.0,contentvec12,0.3181772136539619
brspeech,10,6,4,10.0,egemaps,0.8245578968423699
brspeech,10,6,4,10.0,rmvpe_cont,0.1702202847858644
brspeech,10,6,4,10.0,rmvpe_quant,-0.0116406327135743
brspeech,10,6,4,10.0,speaker,0.4485734155967267
brspeech,10,6,4,10.0,wavlm,0.383916371842585
brspeech,10,6,4,10.0,whisper,0.1464816244442716
brspeech,11,6,4,10.0,auditory_erb,-0.0735913380246006
brspeech,11,6,4,10.0,beats,-0.0096884419288344
brspeech,11,6,4,10.0,ced,0.0674594132249029
brspeech,11,6,4,10.0,contentvec12,0.1015335931325419
brspeech,11,6,4,10.0,egemaps,0.3443246811782695
brspeech,11,6,4,10.0,rmvpe_cont,0.0323098685152437
brspeech,11,6,4,10.0,rmvpe_quant,-0.4630079015900443
brspeech,11,6,4,10.0,speaker,0.2189203204961141
brspeech,11,6,4,10.0,wavlm,0.1988709364362583
brspeech,11,6,4,10.0,whisper,-0.0958094462127239
brspeech,12,6,5,10.0,auditory_erb,-1.312633104959142
brspeech,12,6,5,10.0,beats,-0.4618265214290691
brspeech,12,6,5,10.0,ced,0.1827806960976624
brspeech,12,6,5,10.0,contentvec12,0.2966060512211377
brspeech,12,6,5,10.0,egemaps,0.6794571170566711
brspeech,12,6,5,10.0,rmvpe_cont,0.1832432103981778
brspeech,12,6,5,10.0,rmvpe_quant,0.0177564580440579
brspeech,12,6,5,10.0,speaker,0.410552317895251
brspeech,12,6,5,10.0,wavlm,0.2984561565450164
brspeech,12,6,5,10.0,whisper,0.0720410109736164
brspeech,13,6,4,10.0,auditory_erb,-1.220895110192715
brspeech,13,6,4,10.0,beats,-0.2717067548004939
brspeech,13,6,4,10.0,ced,0.1163777400543865
brspeech,13,6,4,10.0,contentvec12,0.0492263639669463
brspeech,13,6,4,10.0,egemaps,0.9405740143084798
brspeech,13,6,4,10.0,rmvpe_cont,0.1750829393877334
brspeech,13,6,4,10.0,rmvpe_quant,0.0524879432186821
brspeech,13,6,4,10.0,speaker,0.5313330719306941
brspeech,13,6,4,10.0,wavlm,0.1423360703917295
brspeech,13,6,4,10.0,whisper,0.0909929928381079
brspeech,14,6,4,10.0,auditory_erb,-7.084613688176173
brspeech,14,6,4,10.0,beats,0.826775510254337
brspeech,14,6,4,10.0,ced,0.3784024795501911
brspeech,14,6,4,10.0,contentvec12,0.666706308358423
brspeech,14,6,4,10.0,egemaps,3.6608276772276698
brspeech,14,6,4,10.0,rmvpe_cont,0.0660278698341782
brspeech,14,6,4,10.0,rmvpe_quant,-0.0379879686842395
brspeech,14,6,4,10.0,speaker,0.28643129139468
brspeech,14,6,4,10.0,wavlm,1.0601515730403857
brspeech,14,6,4,10.0,whisper,0.6136352732386334
brspeech,15,6,3,10.0,auditory_erb,10.17248694426228
brspeech,15,6,3,10.0,beats,6.430468959342655
brspeech,15,6,3,10.0,ced,5.149180057129185
brspeech,15,6,3,10.0,contentvec12,6.210407042765878
brspeech,15,6,3,10.0,egemaps,11.081509613981565
brspeech,15,6,3,10.0,rmvpe_cont,11.496228970661427
brspeech,15,6,3,10.0,rmvpe_quant,-69.88653056612118
brspeech,15,6,3,10.0,speaker,9.411736321253628
brspeech,15,6,3,10.0,wavlm,4.510348533629687
brspeech,15,6,3,10.0,whisper,6.252446095287053
brspeech,16,6,5,10.0,auditory_erb,0.0610562914777205
brspeech,16,6,5,10.0,beats,0.0465952735111764
brspeech,16,6,5,10.0,ced,0.1512104960127799
brspeech,16,6,5,10.0,contentvec12,0.0693008127913254
brspeech,16,6,5,10.0,egemaps,0.1767653907348658
brspeech,16,6,5,10.0,rmvpe_cont,0.0027290232454836
brspeech,16,6,5,10.0,rmvpe_quant,0.0035982766909606
brspeech,16,6,5,10.0,speaker,0.1282497744992058
brspeech,16,6,5,10.0,wavlm,0.1144722542978753
brspeech,16,6,5,10.0,whisper,-0.0738201097067716
brspeech,17,6,4,10.0,auditory_erb,0.0556220659325781
brspeech,17,6,4,10.0,beats,-0.0438547008823274
brspeech,17,6,4,10.0,ced,0.1006827939272206
brspeech,17,6,4,10.0,contentvec12,0.0366419610646924
brspeech,17,6,4,10.0,egemaps,0.4070913317988035
brspeech,17,6,4,10.0,rmvpe_cont,0.0814053414254873
brspeech,17,6,4,10.0,rmvpe_quant,-0.0635539708371416
brspeech,17,6,4,10.0,speaker,0.1956835595257074
brspeech,17,6,4,10.0,wavlm,0.3485373034293824
brspeech,17,6,4,10.0,whisper,-0.3399952760047926
brspeech,18,6,3,10.0,auditory_erb,0.0390518250584365
brspeech,18,6,3,10.0,beats,-0.0937247216123603
brspeech,18,6,3,10.0,ced,0.151846140324621
brspeech,18,6,3,10.0,contentvec12,0.1378279429403134
brspeech,18,6,3,10.0,egemaps,0.3479656966636643
brspeech,18,6,3,10.0,rmvpe_cont,0.1035073676354459
brspeech,18,6,3,10.0,rmvpe_quant,-0.2817456945697333
brspeech,18,6,3,10.0,speaker,0.1241803980683055
brspeech,18,6,3,10.0,wavlm,0.2067762760161837
brspeech,18,6,3,10.0,whisper,-0.1365783204927347
brspeech,19,6,4,10.0,auditory_erb,0.158867002042514
brspeech,19,6,4,10.0,beats,-0.0801590639576095
brspeech,19,6,4,10.0,ced,0.1361256254791193
brspeech,19,6,4,10.0,contentvec12,0.0060861284012607
brspeech,19,6,4,10.0,egemaps,0.2708905260995183
brspeech,19,6,4,10.0,rmvpe_cont,0.0632993833570706
brspeech,19,6,4,10.0,rmvpe_quant,-0.2599378371012881
brspeech,19,6,4,10.0,speaker,0.1829529147655969
brspeech,19,6,4,10.0,wavlm,0.1214254866726469
brspeech,19,6,4,10.0,whisper,-0.0928783242992726
brspeech,20,6,3,10.0,auditory_erb,0.4238652627360861
brspeech,20,6,3,10.0,beats,-0.2219000327789072
brspeech,20,6,3,10.0,ced,0.2388849429412604
brspeech,20,6,3,10.0,contentvec12,-0.3550952676365972
brspeech,20,6,3,10.0,egemaps,0.4020950971139708
brspeech,20,6,3,10.0,rmvpe_cont,0.1687575913366328
brspeech,20,6,3,10.0,rmvpe_quant,-0.3945749143016955
brspeech,20,6,3,10.0,speaker,0.1441599190897575
brspeech,20,6,3,10.0,wavlm,-0.1283570462341247
brspeech,20,6,3,10.0,whisper,-0.2287723452764045
brspeech,21,6,5,10.0,auditory_erb,0.0697426904204933
brspeech,21,6,5,10.0,beats,0.0451985339430014
brspeech,21,6,5,10.0,ced,0.1538212656212225
brspeech,21,6,5,10.0,contentvec12,0.0604334763155106
brspeech,21,6,5,10.0,egemaps,0.1931325148164918
brspeech,21,6,5,10.0,rmvpe_cont,0.0037693737039925
brspeech,21,6,5,10.0,rmvpe_quant,0.0066670651278136
brspeech,21,6,5,10.0,speaker,0.131150518004108
brspeech,21,6,5,10.0,wavlm,0.0986269246210427
brspeech,21,6,5,10.0,whisper,-0.0895150701104885
brspeech,22,6,4,10.0,auditory_erb,0.1581877463166602
brspeech,22,6,4,10.0,beats,-0.1339098714214577
brspeech,22,6,4,10.0,ced,0.2008556248880189
brspeech,22,6,4,10.0,contentvec12,0.1198489795892405
brspeech,22,6,4,10.0,egemaps,0.3116400388007979
brspeech,22,6,4,10.0,rmvpe_cont,0.0602370294160684
brspeech,22,6,4,10.0,rmvpe_quant,-0.4621573865955872
brspeech,22,6,4,10.0,speaker,0.1831296327154628
brspeech,22,6,4,10.0,wavlm,0.1439494815358702
brspeech,22,6,4,10.0,whisper,-0.0009931173711502
brspeech,23,6,5,10.0,auditory_erb,-1.3314877827467482
brspeech,23,6,5,10.0,beats,-0.1058490784629814
brspeech,23,6,5,10.0,ced,0.1621000952648169
brspeech,23,6,5,10.0,contentvec12,0.3277110076388925
brspeech,23,6,5,10.0,egemaps,0.5707757033561338
brspeech,23,6,5,10.0,rmvpe_cont,0.1335854083580801
brspeech,23,6,5,10.0,rmvpe_quant,0.0108573431989276
brspeech,23,6,5,10.0,speaker,0.3744870917096201
brspeech,23,6,5,10.0,wavlm,0.326762910537263
brspeech,23,6,5,10.0,whisper,0.0522303104906619
brspeech,24,6,5,10.0,auditory_erb,0.0450647826323229
brspeech,24,6,5,10.0,beats,0.0311004192221215
brspeech,24,6,5,10.0,ced,0.0950905043162399
brspeech,24,6,5,10.0,contentvec12,0.0507823739209542
brspeech,24,6,5,10.0,egemaps,0.2284160757105406
brspeech,24,6,5,10.0,rmvpe_cont,0.0378039512532628
brspeech,24,6,5,10.0,rmvpe_quant,-0.0190019672949736
brspeech,24,6,5,10.0,speaker,0.1287819683892193
brspeech,24,6,5,10.0,wavlm,0.066440783371733
brspeech,24,6,5,10.0,whisper,-0.0812695936418677
brspeech,25,6,4,10.0,auditory_erb,0.0588906606791915
brspeech,25,6,4,10.0,beats,0.0346398812838042
brspeech,25,6,4,10.0,ced,0.131362016911913
brspeech,25,6,4,10.0,contentvec12,0.0695475699152507
brspeech,25,6,4,10.0,egemaps,0.2110717102467202
brspeech,25,6,4,10.0,rmvpe_cont,0.0210217299758144
brspeech,25,6,4,10.0,rmvpe_quant,-0.0063011347609302
brspeech,25,6,4,10.0,speaker,0.1336352900111266
brspeech,25,6,4,10.0,wavlm,0.1130800198861009
brspeech,25,6,4,10.0,whisper,-0.0908128635661775
brspeech,26,6,4,10.0,auditory_erb,0.096320052354366
brspeech,26,6,4,10.0,beats,0.0210660029138381
brspeech,26,6,4,10.0,ced,0.2120130734934651
brspeech,26,6,4,10.0,contentvec12,0.1194437352527885
brspeech,26,6,4,10.0,egemaps,0.385810353781612
brspeech,26,6,4,10.0,rmvpe_cont,0.068517875905717
brspeech,26,6,4,10.0,rmvpe_quant,-0.665259038061979
brspeech,26,6,4,10.0,speaker,0.1725769377766409
brspeech,26,6,4,10.0,wavlm,0.1690756163967557
brspeech,26,6,4,10.0,whisper,0.0111398206613348
brspeech,27,6,4,10.0,auditory_erb,0.2370065238445126
brspeech,27,6,4,10.0,beats,0.0646066316133623
brspeech,27,6,4,10.0,ced,0.2580346112917225
brspeech,27,6,4,10.0,contentvec12,0.0985185509999511
brspeech,27,6,4,10.0,egemaps,0.4879262858116253
brspeech,27,6,4,10.0,rmvpe_cont,0.1682475322353633
brspeech,27,6,4,10.0,rmvpe_quant,-1.2671625235062094
brspeech,27,6,4,10.0,speaker,0.2192486367624182
brspeech,27,6,4,10.0,wavlm,0.1830231975861549
brspeech,27,6,4,10.0,whisper,-0.0172233157972626
brspeech,28,6,4,10.0,auditory_erb,-6.868852589143449
brspeech,28,6,4,10.0,beats,0.6454438100981797
brspeech,28,6,4,10.0,ced,0.6166334653896867
brspeech,28,6,4,10.0,contentvec12,0.6410740596682467
brspeech,28,6,4,10.0,egemaps,2.6740543866592943
brspeech,28,6,4,10.0,rmvpe_cont,0.3903336018411361
brspeech,28,6,4,10.0,rmvpe_quant,-0.0322697538203306
brspeech,28,6,4,10.0,speaker,0.1580422071075835
brspeech,28,6,4,10.0,wavlm,1.084515131529202
brspeech,28,6,4,10.0,whisper,0.8004249799271839
brspeech,29,6,4,10.0,auditory_erb,-0.8594935062058672
brspeech,29,6,4,10.0,beats,-0.5482273358471438
brspeech,29,6,4,10.0,ced,0.2425515655162112
brspeech,29,6,4,10.0,contentvec12,0.1844244514224759
brspeech,29,6,4,10.0,egemaps,0.5266368861659361
brspeech,29,6,4,10.0,rmvpe_cont,0.194995849588747
brspeech,29,6,4,10.0,rmvpe_quant,0.0058847592870499
brspeech,29,6,4,10.0,speaker,0.2504968117491022
brspeech,29,6,4,10.0,wavlm,0.1662480007489079
brspeech,29,6,4,10.0,whisper,0.0014576149875275
brspeech,30,6,4,10.0,auditory_erb,-7.0701464472840545
brspeech,30,6,4,10.0,beats,0.781613441755936
brspeech,30,6,4,10.0,ced,0.5095300542635418
brspeech,30,6,4,10.0,contentvec12,0.9743555027367066
brspeech,30,6,4,10.0,egemaps,2.339938867644587
brspeech,30,6,4,10.0,rmvpe_cont,0.06983090723674372
brspeech,30,6,4,10.0,rmvpe_quant,-0.048788597096350694
brspeech,30,6,4,10.0,speaker,0.744371593075323
brspeech,30,6,4,10.0,wavlm,1.1354726622442133
brspeech,30,6,4,10.0,whisper,1.048919826134944
brspeech,31,6,4,10.0,auditory_erb,0.14413400393845757
brspeech,31,6,4,10.0,beats,0.03866057000320182
brspeech,31,6,4,10.0,ced,0.22457855154862347
brspeech,31,6,4,10.0,contentvec12,0.12102830348384017
brspeech,31,6,4,10.0,egemaps,0.4549295949844541
brspeech,31,6,4,10.0,rmvpe_cont,0.0767865106989988
brspeech,31,6,4,10.0,rmvpe_quant,-0.9480746417185928
brspeech,31,6,4,10.0,speaker,0.19893541078505406
brspeech,31,6,4,10.0,wavlm,0.18934966918859544
brspeech,31,6,4,10.0,whisper,-0.0005469325375579463
brspeech,32,6,3,10.0,auditory_erb,-1.0220804112878903
brspeech,32,6,3,10.0,beats,-0.3153616370173557
brspeech,32,6,3,10.0,ced,0.21649456644632115
brspeech,32,6,3,10.0,contentvec12,0.1194664775681332
brspeech,32,6,3,10.0,egemaps,0.6672744222529642
brspeech,32,6,3,10.0,rmvpe_cont,0.22254285417424086
brspeech,32,6,3,10.0,rmvpe_quant,0.0016226748641652068
brspeech,32,6,3,10.0,speaker,0.3534011186461186
brspeech,32,6,3,10.0,wavlm,0.11619857593929178
brspeech,32,6,3,10.0,whisper,0.0014283028092131425
brspeech,33,6,4,10.0,auditory_erb,0.05030468146947167
brspeech,33,6,4,10.0,beats,-0.005503400392155152
brspeech,33,6,4,10.0,ced,0.10392597865619138
brspeech,33,6,4,10.0,contentvec12,0.033226784088751904
brspeech,33,6,4,10.0,egemaps,0.33061973169395675
brspeech,33,6,4,10.0,rmvpe_cont,0.07638628459796808
brspeech,33,6,4,10.0,rmvpe_quant,-0.04940766113095632
brspeech,33,6,4,10.0,speaker,0.14046651562374252
brspeech,33,6,4,10.0,wavlm,0.2982276997980657
brspeech,33,6,4,10.0,whisper,-0.30131105935031377
brspeech,34,6,4,10.0,auditory_erb,0.15024536470586614
brspeech,34,6,4,10.0,beats,0.048035815753140615
brspeech,34,6,4,10.0,ced,0.21590645361269425
brspeech,34,6,4,10.0,contentvec12,0.10836380200362142
brspeech,34,6,4,10.0,egemaps,0.4852557196284228
brspeech,34,6,4,10.0,rmvpe_cont,0.1016619288105042
brspeech,34,6,4,10.0,rmvpe_quant,-1.0227817269722606
brspeech,34,6,4,10.0,speaker,0.20022635144857376
brspeech,34,6,4,10.0,wavlm,0.19062736190058618
brspeech,34,6,4,10.0,whisper,-0.006166404168068052
brspeech,35,6,4,10.0,auditory_erb,0.1269139298321723
brspeech,35,6,4,10.0,beats,-0.12311818343471616
brspeech,35,6,4,10.0,ced,0.16602276331187
brspeech,35,6,4,10.0,contentvec12,-0.00378435494245506
brspeech,35,6,4,10.0,egemaps,0.42528194623993343
brspeech,35,6,4,10.0,rmvpe_cont,0.08113809575756906
brspeech,35,6,4,10.0,rmvpe_quant,-0.6788898238009695
brspeech,35,6,4,10.0,speaker,0.20179624531234583
brspeech,35,6,4,10.0,wavlm,0.1266457276692035
brspeech,35,6,4,10.0,whisper,-0.1578256707249407
brspeech,36,6,4,10.0,auditory_erb,0.055710291279377065
brspeech,36,6,4,10.0,beats,-0.04152767750879798
brspeech,36,6,4,10.0,ced,0.02839205989028657
brspeech,36,6,4,10.0,contentvec12,-0.11243712972174622
brspeech,36,6,4,10.0,egemaps,0.3515258809936727
brspeech,36,6,4,10.0,rmvpe_cont,0.11038550927036048
brspeech,36,6,4,10.0,rmvpe_quant,0.07236612684409398
brspeech,36,6,4,10.0,speaker,0.15002182507887285
brspeech,36,6,4,10.0,wavlm,-0.05869047023502623
brspeech,36,6,4,10.0,whisper,-0.1388232689995619
brspeech,37,6,5,10.0,auditory_erb,0.06105665344840225
brspeech,37,6,5,10.0,beats,0.04659657083340946
brspeech,37,6,5,10.0,ced,0.15121406531989026
brspeech,37,6,5,10.0,contentvec12,0.06929674954676109
brspeech,37,6,5,10.0,egemaps,0.1767661016948652
brspeech,37,6,5,10.0,rmvpe_cont,0.0027284528937031095
brspeech,37,6,5,10.0,rmvpe_quant,0.003599469080431891
brspeech,37,6,5,10.0,speaker,0.12824956199559334
brspeech,37,6,5,10.0,wavlm,0.11447374867834358
brspeech,37,6,5,10.0,whisper,-0.0738164525348988
brspeech,38,6,4,10.0,auditory_erb,0.058369400208190314
brspeech,38,6,4,10.0,beats,0.027492870751275187
brspeech,38,6,4,10.0,ced,0.0982396443103034
brspeech,38,6,4,10.0,contentvec12,0.06416182194207609
brspeech,38,6,4,10.0,egemaps,0.29303968080238235
brspeech,38,6,4,10.0,rmvpe_cont,0.0213803129009111
brspeech,38,6,4,10.0,rmvpe_quant,-0.009723295091908817
brspeech,38,6,4,10.0,speaker,0.14259022552404696
brspeech,38,6,4,10.0,wavlm,0.14733921620892623
brspeech,38,6,4,10.0,whisper,-0.07671680335349151
brspeech,39,6,3,10.0,auditory_erb,-6.807111698525194
brspeech,39,6,3,10.0,beats,0.5083783303217372
brspeech,39,6,3,10.0,ced,0.010987081959093207
brspeech,39,6,3,10.0,contentvec12,0.8165345334475622
brspeech,39,6,3,10.0,egemaps,1.5840323361227278
brspeech,39,6,3,10.0,rmvpe_cont,1.0507160645482465
brspeech,39,6,3,10.0,rmvpe_quant,0.8729614264789045
brspeech,39,6,3,10.0,speaker,0.7133268975582994
brspeech,39,6,3,10.0,wavlm,0.9826882689038507
brspeech,39,6,3,10.0,whisper,1.0036000759821422
brspeech,40,6,4,10.0,auditory_erb,0.10843174998915982
brspeech,40,6,4,10.0,beats,-0.05700346205118606
brspeech,40,6,4,10.0,ced,0.1333071850141357
brspeech,40,6,4,10.0,contentvec12,0.09200505947576704
brspeech,40,6,4,10.0,egemaps,0.30350234277503596
brspeech,40,6,4,10.0,rmvpe_cont,0.03564213092407719
brspeech,40,6,4,10.0,rmvpe_quant,-0.2975730591640364
brspeech,40,6,4,10.0,speaker,0.14599311191252534
brspeech,40,6,4,10.0,wavlm,0.14020902964918316
brspeech,40,6,4,10.0,whisper,-0.03978505224989105
brspeech,41,6,5,10.0,auditory_erb,0.07325545344061316
brspeech,41,6,5,10.0,beats,0.02408032742588184
brspeech,41,6,5,10.0,ced,0.13448231828702328
brspeech,41,6,5,10.0,contentvec12,0.07276651111913489
brspeech,41,6,5,10.0,egemaps,0.17292765729741075
brspeech,41,6,5,10.0,rmvpe_cont,-0.01740685901579386
brspeech,41,6,5,10.0,rmvpe_quant,0.03198614175082665
brspeech,41,6,5,10.0,speaker,0.12277308286202111
brspeech,41,6,5,10.0,wavlm,0.1300898579519276
brspeech,41,6,5,10.0,whisper,-0.11156079590739658
brspeech,42,6,5,10.0,auditory_erb,0.1022648724839164
brspeech,42,6,5,10.0,beats,0.023588921618576227
brspeech,42,6,5,10.0,ced,0.19812133906190216
brspeech,42,6,5,10.0,contentvec12,0.12708622130527086
brspeech,42,6,5,10.0,egemaps,0.37530246813537627
brspeech,42,6,5,10.0,rmvpe_cont,0.04815181610385315
brspeech,42,6,5,10.0,rmvpe_quant,-0.6976294993801995
brspeech,42,6,5,10.0,speaker,0.17915048613282097
brspeech,42,6,5,10.0,wavlm,0.1680280173176794
brspeech,42,6,5,10.0,whisper,0.024858896212154733
brspeech,43,6,4,10.0,auditory_erb,0.055714928997225924
brspeech,43,6,4,10.0,beats,-0.04157937884492207
brspeech,43,6,4,10.0,ced,0.028411004570574997
brspeech,43,6,4,10.0,contentvec12,-0.11243361850702846
brspeech,43,6,4,10.0,egemaps,0.3515313425565278
brspeech,43,6,4,10.0,rmvpe_cont,0.11038987190730547
brspeech,43,6,4,10.0,rmvpe_quant,0.07236300458383009
brspeech,43,6,4,10.0,speaker,0.15002387682519341
brspeech,43,6,4,10.0,wavlm,-0.058685722725391236
brspeech,43,6,4,10.0,whisper,-0.13881607558015077
brspeech,44,6,5,10.0,auditory_erb,0.06974259891506253
brspeech,44,6,5,10.0,beats,0.045198671030504414
brspeech,44,6,5,10.0,ced,0.15382177758863097
brspeech,44,6,5,10.0,contentvec12,0.060435372061597284
brspeech,44,6,5,10.0,egemaps,0.19313140644963395
brspeech,44,6,5,10.0,rmvpe_cont,0.0037691911734671017
brspeech,44,6,5,10.0,rmvpe_quant,0.006671092970165883
brspeech,44,6,5,10.0,speaker,0.1311498443848642
brspeech,44,6,5,10.0,wavlm,0.09862419447848464
brspeech,44,6,5,10.0,whisper,-0.08951632436918311
brspeech,45,6,4,10.0,auditory_erb,-1.7486814165654714
brspeech,45,6,4,10.0,beats,-0.16167559824720498
brspeech,45,6,4,10.0,ced,0.2691037129212961
brspeech,45,6,4,10.0,contentvec12,0.36544481628745445
brspeech,45,6,4,10.0,egemaps,0.6650176923008577
brspeech,45,6,4,10.0,rmvpe_cont,0.15910609674390058
brspeech,45,6,4,10.0,rmvpe_quant,-0.009069452141768544
brspeech,45,6,4,10.0,speaker,0.39314917476338146
brspeech,45,6,4,10.0,wavlm,0.367923374195122
brspeech,45,6,4,10.0,whisper,0.09713506254361806
brspeech,46,6,4,10.0,auditory_erb,0.23700908687132385
brspeech,46,6,4,10.0,beats,0.06463388005881728
brspeech,46,6,4,10.0,ced,0.25802991588064345
brspeech,46,6,4,10.0,contentvec12,0.09850921432693052
brspeech,46,6,4,10.0,egemaps,0.4878741941465936
brspeech,46,6,4,10.0,rmvpe_cont,0.16822477248995793
brspeech,46,6,4,10.0,rmvpe_quant,-1.2671004147759193
brspeech,46,6,4,10.0,speaker,0.21924830647413038
brspeech,46,6,4,10.0,wavlm,0.1830228476346484
brspeech,46,6,4,10.0,whisper,-0.017213437500135372
brspeech,47,6,3,10.0,auditory_erb,-1.4611020865499684
brspeech,47,6,3,10.0,beats,0.2074456759486396
brspeech,47,6,3,10.0,ced,-0.027251046569381997
brspeech,47,6,3,10.0,contentvec12,-0.01933482335363571
brspeech,47,6,3,10.0,egemaps,0.11008448051169577
brspeech,47,6,3,10.0,rmvpe_cont,0.41532755273930005
brspeech,47,6,3,10.0,rmvpe_quant,-0.23135687601164587
brspeech,47,6,3,10.0,speaker,0.013242180545425104
brspeech,47,6,3,10.0,wavlm,0.1310895780609578
brspeech,47,6,3,10.0,whisper,0.13798955433374457
brspeech,48,6,5,10.0,auditory_erb,0.06105558099490419
brspeech,48,6,5,10.0,beats,0.04659570482186906
brspeech,48,6,5,10.0,ced,0.15122004085031662
brspeech,48,6,5,10.0,contentvec12,0.06929804126373566
brspeech,48,6,5,10.0,egemaps,0.17676317591524168
brspeech,48,6,5,10.0,rmvpe_cont,0.0027307546705551858
brspeech,48,6,5,10.0,rmvpe_quant,0.0035987043524973363
brspeech,48,6,5,10.0,speaker,0.12824869128609565
brspeech,48,6,5,10.0,wavlm,0.11447109210574594
brspeech,48,6,5,10.0,whisper,-0.07381783782385233
brspeech,49,6,5,10.0,auditory_erb,0.06209161201450106
brspeech,49,6,5,10.0,beats,0.048264227967440454
brspeech,49,6,5,10.0,ced,0.1383726582376259
brspeech,49,6,5,10.0,contentvec12,0.0827801203595563
brspeech,49,6,5,10.0,egemaps,0.20620167248341859
brspeech,49,6,5,10.0,rmvpe_cont,0.012405710530769875
brspeech,49,6,5,10.0,rmvpe_quant,0.00252106277566053
brspeech,49,6,5,10.0,speaker,0.13257248222726672
brspeech,49,6,5,10.0,wavlm,0.12354578001249057
brspeech,49,6,5,10.0,whisper,-0.0715767451727548
bvcc,0,175,107,10.0,auditory_erb,0.0217634783087542
bvcc,0,175,107,10.0,beats,0.1093947338690171
bvcc,0,175,107,10.0,ced,0.1216936662710972
bvcc,0,175,107,10.0,contentvec12,0.0700625902699676
bvcc,0,175,107,10.0,egemaps,0.0526555385377354
bvcc,0,175,107,10.0,rmvpe_cont,0.0085139870027121
bvcc,0,175,107,10.0,rmvpe_quant,0.0025082519617698
bvcc,0,175,107,10.0,speaker,0.0915872515031017
bvcc,0,175,107,10.0,wavlm,0.0883744116949581
bvcc,0,175,107,10.0,whisper,0.0632663640162153
bvcc,1,175,111,10.0,auditory_erb,0.0175571392905002
bvcc,1,175,111,10.0,beats,0.1091265374885705
bvcc,1,175,111,10.0,ced,0.1225059944261476
bvcc,1,175,111,10.0,contentvec12,0.0659825217635007
bvcc,1,175,111,10.0,egemaps,0.0552116651003352
bvcc,1,175,111,10.0,rmvpe_cont,0.0096674972700236
bvcc,1,175,111,10.0,rmvpe_quant,0.0030608569696361
bvcc,1,175,111,10.0,speaker,0.0918765944771183
bvcc,1,175,111,10.0,wavlm,0.0975740206924078
bvcc,1,175,111,10.0,whisper,0.0554471711386847
bvcc,2,175,105,10.0,auditory_erb,0.0202266462276597
bvcc,2,175,105,10.0,beats,0.1092885169262007
bvcc,2,175,105,10.0,ced,0.1227731954312527
bvcc,2,175,105,10.0,contentvec12,0.0675367647998957
bvcc,2,175,105,10.0,egemaps,0.0509472975409675
bvcc,2,175,105,10.0,rmvpe_cont,0.009559565886143
bvcc,2,175,105,10.0,rmvpe_quant,0.001853518325523
bvcc,2,175,105,10.0,speaker,0.0987316449978572
bvcc,2,175,105,10.0,wavlm,0.0903626710313887
bvcc,2,175,105,10.0,whisper,0.0493937143260835
bvcc,3,175,111,10.0,auditory_erb,0.0208704650936502
bvcc,3,175,111,10.0,beats,0.10085264040974
bvcc,3,175,111,10.0,ced,0.1168026695200123
bvcc,3,175,111,10.0,contentvec12,0.076467248870917
bvcc,3,175,111,10.0,egemaps,0.0459590770056791
bvcc,3,175,111,10.0,rmvpe_cont,0.0055194158024918
bvcc,3,175,111,10.0,rmvpe_quant,-0.0007665381251839
bvcc,3,175,111,10.0,speaker,0.0888901709436415
bvcc,3,175,111,10.0,wavlm,0.0854564803413772
bvcc,3,175,111,10.0,whisper,0.0775135633101185
bvcc,4,175,109,10.0,auditory_erb,0.0225619236261925
bvcc,4,175,109,10.0,beats,0.1105024641545119
bvcc,4,175,109,10.0,ced,0.1172362155084894
bvcc,4,175,109,10.0,contentvec12,0.0680001896303606
bvcc,4,175,109,10.0,egemaps,0.0509463229743297
bvcc,4,175,109,10.0,rmvpe_cont,0.0077441838819767
bvcc,4,175,109,10.0,rmvpe_quant,-0.004695796069413
bvcc,4,175,109,10.0,speaker,0.0964559322369691
bvcc,4,175,109,10.0,wavlm,0.0941967908372844
bvcc,4,175,109,10.0,whisper,0.0639514715279494
bvcc,5,175,107,10.0,auditory_erb,0.024887718161412
bvcc,5,175,107,10.0,beats,0.1140576338697695
bvcc,5,175,107,10.0,ced,0.1219019554125424
bvcc,5,175,107,10.0,contentvec12,0.0705372824378083
bvcc,5,175,107,10.0,egemaps,0.0472639140320361
bvcc,5,175,107,10.0,rmvpe_cont,0.0053788018679291
bvcc,5,175,107,10.0,rmvpe_quant,0.0032590209271461
bvcc,5,175,107,10.0,speaker,0.0973130615374084
bvcc,5,175,107,10.0,wavlm,0.081405213286161
bvcc,5,175,107,10.0,whisper,0.0587672770683329
bvcc,6,175,114,10.0,auditory_erb,0.0153996677941397
bvcc,6,175,114,10.0,beats,0.1159704282326551
bvcc,6,175,114,10.0,ced,0.1141962242680959
bvcc,6,175,114,10.0,contentvec12,0.0709380653630266
bvcc,6,175,114,10.0,egemaps,0.0515321107187247
bvcc,6,175,114,10.0,rmvpe_cont,0.0047106103846352
bvcc,6,175,114,10.0,rmvpe_quant,-0.0019550600856527
bvcc,6,175,114,10.0,speaker,0.0966711502155366
bvcc,6,175,114,10.0,wavlm,0.089974231232394
bvcc,6,175,114,10.0,whisper,0.0715891233037008
bvcc,7,175,110,10.0,auditory_erb,0.0141606545941825
bvcc,7,175,110,10.0,beats,0.1206367428665374
bvcc,7,175,110,10.0,ced,0.1129470542709155
bvcc,7,175,110,10.0,contentvec12,0.0632989630887792
bvcc,7,175,110,10.0,egemaps,0.0492888391273667
bvcc,7,175,110,10.0,rmvpe_cont,0.007928791598008
bvcc,7,175,110,10.0,rmvpe_quant,-0.0012070536485913
bvcc,7,175,110,10.0,speaker,0.1012127667556846
bvcc,7,175,110,10.0,wavlm,0.0922972180804114
bvcc,7,175,110,10.0,whisper,0.0657377086949209
bvcc,8,175,108,10.0,auditory_erb,0.0207780394608061
bvcc,8,175,108,10.0,beats,0.1121854073805107
bvcc,8,175,108,10.0,ced,0.1243166869848248
bvcc,8,175,108,10.0,contentvec12,0.0740981303867901
bvcc,8,175,108,10.0,egemaps,0.0503997943976925
bvcc,8,175,108,10.0,rmvpe_cont,0.0075266414339444
bvcc,8,175,108,10.0,rmvpe_quant,0.0002254230946059
bvcc,8,175,108,10.0,speaker,0.0930119633736781
bvcc,8,175,108,10.0,wavlm,0.0920955302465262
bvcc,8,175,108,10.0,whisper,0.058972845233616
bvcc,9,175,107,10.0,auditory_erb,0.0188603613676166
bvcc,9,175,107,10.0,beats,0.1091772507517489
bvcc,9,175,107,10.0,ced,0.1152497197744893
bvcc,9,175,107,10.0,contentvec12,0.0765924851712028
bvcc,9,175,107,10.0,egemaps,0.0491592531660723
bvcc,9,175,107,10.0,rmvpe_cont,0.0054602223080912
bvcc,9,175,107,10.0,rmvpe_quant,0.000599073900827
bvcc,9,175,107,10.0,speaker,0.0988919271491109
bvcc,9,175,107,10.0,wavlm,0.1022518899287486
bvcc,9,175,107,10.0,whisper,0.045557000746323
bvcc,10,175,107,10.0,auditory_erb,0.0165716644096423
bvcc,10,175,107,10.0,beats,0.1140912315900191
bvcc,10,175,107,10.0,ced,0.1235920204597863
bvcc,10,175,107,10.0,contentvec12,0.0787048307302188
bvcc,10,175,107,10.0,egemaps,0.0361707179280606
bvcc,10,175,107,10.0,rmvpe_cont,0.0039085039670289
bvcc,10,175,107,10.0,rmvpe_quant,-0.0002908393734439
bvcc,10,175,107,10.0,speaker,0.0819843142764836
bvcc,10,175,107,10.0,wavlm,0.1034467431692112
bvcc,10,175,107,10.0,whisper,0.0611456774547519
bvcc,11,175,118,10.0,auditory_erb,0.0223638129538188
bvcc,11,175,118,10.0,beats,0.10852993418843
bvcc,11,175,118,10.0,ced,0.1181694212817326
bvcc,11,175,118,10.0,contentvec12,0.0716888970525965
bvcc,11,175,118,10.0,egemaps,0.0497744352997057
bvcc,11,175,118,10.0,rmvpe_cont,0.007978167118687
bvcc,11,175,118,10.0,rmvpe_quant,-0.002777154679976
bvcc,11,175,118,10.0,speaker,0.0966749369231525
bvcc,11,175,118,10.0,wavlm,0.093225144252215
bvcc,11,175,118,10.0,whisper,0.0509076084504022
bvcc,12,175,107,10.0,auditory_erb,0.025863899424831
bvcc,12,175,107,10.0,beats,0.1036989011657311
bvcc,12,175,107,10.0,ced,0.1233720651419234
bvcc,12,175,107,10.0,contentvec12,0.0744136019073236
bvcc,12,175,107,10.0,egemaps,0.0539965607914286
bvcc,12,175,107,10.0,rmvpe_cont,0.0112064771089989
bvcc,12,175,107,10.0,rmvpe_quant,0.0008818008991282
bvcc,12,175,107,10.0,speaker,0.097107181014405
bvcc,12,175,107,10.0,wavlm,0.0810103850411608
bvcc,12,175,107,10.0,whisper,0.0555430551317154
bvcc,13,175,115,10.0,auditory_erb,0.0178657674844292
bvcc,13,175,115,10.0,beats,0.1098920287054662
bvcc,13,175,115,10.0,ced,0.122247960387139
bvcc,13,175,115,10.0,contentvec12,0.0706416373401552
bvcc,13,175,115,10.0,egemaps,0.0492504725122885
bvcc,13,175,115,10.0,rmvpe_cont,0.0097733808928658
bvcc,13,175,115,10.0,rmvpe_quant,3.5145668952964043e-05
bvcc,13,175,115,10.0,speaker,0.10098061369906
bvcc,13,175,115,10.0,wavlm,0.0826905042272505
bvcc,13,175,115,10.0,whisper,0.0603032426811022
bvcc,14,175,113,10.0,auditory_erb,0.0178420492617458
bvcc,14,175,113,10.0,beats,0.1211973410382816
bvcc,14,175,113,10.0,ced,0.1176652931961761
bvcc,14,175,113,10.0,contentvec12,0.067164468994982
bvcc,14,175,113,10.0,egemaps,0.0539725141352294
bvcc,14,175,113,10.0,rmvpe_cont,0.0080913804136024
bvcc,14,175,113,10.0,rmvpe_quant,0.0017914915588619
bvcc,14,175,113,10.0,speaker,0.0958692513059489
bvcc,14,175,113,10.0,wavlm,0.0913766182612222
bvcc,14,175,113,10.0,whisper,0.0531546658360086
bvcc,15,175,108,10.0,auditory_erb,0.0240961339360749
bvcc,15,175,108,10.0,beats,0.1032452373632496
bvcc,15,175,108,10.0,ced,0.118428161477502
bvcc,15,175,108,10.0,contentvec12,0.0694938974550625
bvcc,15,175,108,10.0,egemaps,0.047789905311745
bvcc,15,175,108,10.0,rmvpe_cont,0.0075971393703481
bvcc,15,175,108,10.0,rmvpe_quant,0.0009902191452961
bvcc,15,175,108,10.0,speaker,0.0945426634629379
bvcc,15,175,108,10.0,wavlm,0.0896899510692633
bvcc,15,175,108,10.0,whisper,0.0609929481480851
bvcc,16,175,110,10.0,auditory_erb,0.0254773690611574
bvcc,16,175,110,10.0,beats,0.1061731286069555
bvcc,16,175,110,10.0,ced,0.1202764421046773
bvcc,16,175,110,10.0,contentvec12,0.0679814214599013
bvcc,16,175,110,10.0,egemaps,0.050651106913881
bvcc,16,175,110,10.0,rmvpe_cont,0.0027298824917221
bvcc,16,175,110,10.0,rmvpe_quant,-0.0029888089675583
bvcc,16,175,110,10.0,speaker,0.0913968924957652
bvcc,16,175,110,10.0,wavlm,0.0925597128059625
bvcc,16,175,110,10.0,whisper,0.0633730824976132
bvcc,17,175,114,10.0,auditory_erb,0.0198765185468708
bvcc,17,175,114,10.0,beats,0.0979379572140249
bvcc,17,175,114,10.0,ced,0.1221497225564622
bvcc,17,175,114,10.0,contentvec12,0.0746935910858024
bvcc,17,175,114,10.0,egemaps,0.0536580354228798
bvcc,17,175,114,10.0,rmvpe_cont,0.0086413056305085
bvcc,17,175,114,10.0,rmvpe_quant,-0.0016254657818605
bvcc,17,175,114,10.0,speaker,0.0890996676258109
bvcc,17,175,114,10.0,wavlm,0.0942524285085328
bvcc,17,175,114,10.0,whisper,0.0711718737962102
bvcc,18,175,117,10.0,auditory_erb,0.0226085951592928
bvcc,18,175,117,10.0,beats,0.1081420516315374
bvcc,18,175,117,10.0,ced,0.1243615664473782
bvcc,18,175,117,10.0,contentvec12,0.0769685925811579
bvcc,18,175,117,10.0,egemaps,0.0542015741229273
bvcc,18,175,117,10.0,rmvpe_cont,0.0048737804707467
bvcc,18,175,117,10.0,rmvpe_quant,-0.0088889516552007
bvcc,18,175,117,10.0,speaker,0.1004156868414059
bvcc,18,175,117,10.0,wavlm,0.0949945530284502
bvcc,18,175,117,10.0,whisper,0.0538859167737996
bvcc,19,175,107,10.0,auditory_erb,0.0239581268473916
bvcc,19,175,107,10.0,beats,0.1110284899062204
bvcc,19,175,107,10.0,ced,0.1148645698361705
bvcc,19,175,107,10.0,contentvec12,0.0743921055938965
bvcc,19,175,107,10.0,egemaps,0.0523519792195086
bvcc,19,175,107,10.0,rmvpe_cont,0.0112332168739722
bvcc,19,175,107,10.0,rmvpe_quant,-0.0044542328041415
bvcc,19,175,107,10.0,speaker,0.1017005051572267
bvcc,19,175,107,10.0,wavlm,0.0878153536323406
bvcc,19,175,107,10.0,whisper,0.0653427261932194
bvcc,20,175,116,10.0,auditory_erb,0.0166735289305324
bvcc,20,175,116,10.0,beats,0.1033589450811933
bvcc,20,175,116,10.0,ced,0.1248877004675931
bvcc,20,175,116,10.0,contentvec12,0.0782597916729025
bvcc,20,175,116,10.0,egemaps,0.0564554282766749
bvcc,20,175,116,10.0,rmvpe_cont,0.0100408907679759
bvcc,20,175,116,10.0,rmvpe_quant,0.0026335091958238
bvcc,20,175,116,10.0,speaker,0.094142577858441
bvcc,20,175,116,10.0,wavlm,0.079817740380642
bvcc,20,175,116,10.0,whisper,0.0579084883286497
bvcc,21,175,112,10.0,auditory_erb,0.0213709221060722
bvcc,21,175,112,10.0,beats,0.1236143923391408
bvcc,21,175,112,10.0,ced,0.1266311910638281
bvcc,21,175,112,10.0,contentvec12,0.068849471425367
bvcc,21,175,112,10.0,egemaps,0.0539992500818265
bvcc,21,175,112,10.0,rmvpe_cont,0.0081776488365606
bvcc,21,175,112,10.0,rmvpe_quant,0.0028699613103225
bvcc,21,175,112,10.0,speaker,0.0908637119669453
bvcc,21,175,112,10.0,wavlm,0.0775938312321885
bvcc,21,175,112,10.0,whisper,0.0502284528498196
bvcc,22,175,113,10.0,auditory_erb,0.02705122518733
bvcc,22,175,113,10.0,beats,0.1096599047901373
bvcc,22,175,113,10.0,ced,0.1112628850656318
bvcc,22,175,113,10.0,contentvec12,0.0743128648037053
bvcc,22,175,113,10.0,egemaps,0.0466345455787699
bvcc,22,175,113,10.0,rmvpe_cont,0.0063046154655746
bvcc,22,175,113,10.0,rmvpe_quant,-0.0009604423900865
bvcc,22,175,113,10.0,speaker,0.0904983239302966
bvcc,22,175,113,10.0,wavlm,0.1001069886547578
bvcc,22,175,113,10.0,whisper,0.0417517705321364
bvcc,23,175,105,10.0,auditory_erb,0.0175780780517132
bvcc,23,175,105,10.0,beats,0.1121134226721335
bvcc,23,175,105,10.0,ced,0.1236784194060178
bvcc,23,175,105,10.0,contentvec12,0.0721020261410126
bvcc,23,175,105,10.0,egemaps,0.0439050306130292
bvcc,23,175,105,10.0,rmvpe_cont,0.006765217875697
bvcc,23,175,105,10.0,rmvpe_quant,-0.0012316682911031
bvcc,23,175,105,10.0,speaker,0.0842821233101166
bvcc,23,175,105,10.0,wavlm,0.0856197369791377
bvcc,23,175,105,10.0,whisper,0.0690164435491001
bvcc,24,175,109,10.0,auditory_erb,0.0300692551997207
bvcc,24,175,109,10.0,beats,0.1193104679756598
bvcc,24,175,109,10.0,ced,0.1201220960732065
bvcc,24,175,109,10.0,contentvec12,0.0778913574033687
bvcc,24,175,109,10.0,egemaps,0.0556907223125579
bvcc,24,175,109,10.0,rmvpe_cont,0.0092991426073734
bvcc,24,175,109,10.0,rmvpe_quant,-0.0052753153576167
bvcc,24,175,109,10.0,speaker,0.0952104522125619
bvcc,24,175,109,10.0,wavlm,0.1026079738115689
bvcc,24,175,109,10.0,whisper,0.0496942071435503
bvcc,25,175,116,10.0,auditory_erb,0.0278768302814093
bvcc,25,175,116,10.0,beats,0.1076107634878354
bvcc,25,175,116,10.0,ced,0.1173294343057218
bvcc,25,175,116,10.0,contentvec12,0.0760765696256272
bvcc,25,175,116,10.0,egemaps,0.0497174550875087
bvcc,25,175,116,10.0,rmvpe_cont,0.0087013257108059
bvcc,25,175,116,10.0,rmvpe_quant,0.0002574722003287
bvcc,25,175,116,10.0,speaker,0.0883250557774542
bvcc,25,175,116,10.0,wavlm,0.097504005176522
bvcc,25,175,116,10.0,whisper,0.0556224948861731
bvcc,26,175,110,10.0,auditory_erb,0.0238086751386588
bvcc,26,175,110,10.0,beats,0.1079066715128396
bvcc,26,175,110,10.0,ced,0.1162694682062996
bvcc,26,175,110,10.0,contentvec12,0.0698862663497612
bvcc,26,175,110,10.0,egemaps,0.0533604284033609
bvcc,26,175,110,10.0,rmvpe_cont,0.0069132446680131
bvcc,26,175,110,10.0,rmvpe_quant,0.0006898593330249
bvcc,26,175,110,10.0,speaker,0.0930843839278762
bvcc,26,175,110,10.0,wavlm,0.0936406936213766
bvcc,26,175,110,10.0,whisper,0.0419747540470024
bvcc,27,175,119,10.0,auditory_erb,0.0268045207973868
bvcc,27,175,119,10.0,beats,0.1069537918838712
bvcc,27,175,119,10.0,ced,0.1169364633132431
bvcc,27,175,119,10.0,contentvec12,0.072531426970625
bvcc,27,175,119,10.0,egemaps,0.0562366800801058
bvcc,27,175,119,10.0,rmvpe_cont,0.0104952774838662
bvcc,27,175,119,10.0,rmvpe_quant,-0.0013096963979886
bvcc,27,175,119,10.0,speaker,0.0937856428610004
bvcc,27,175,119,10.0,wavlm,0.0983143853354739
bvcc,27,175,119,10.0,whisper,0.0430358773024587
bvcc,28,175,111,10.0,auditory_erb,0.0263232726041777
bvcc,28,175,111,10.0,beats,0.1079649660926253
bvcc,28,175,111,10.0,ced,0.1199634884897229
bvcc,28,175,111,10.0,contentvec12,0.0673735380282578
bvcc,28,175,111,10.0,egemaps,0.0510969029907246
bvcc,28,175,111,10.0,rmvpe_cont,0.0093041697289898
bvcc,28,175,111,10.0,rmvpe_quant,-0.0036989115726271
bvcc,28,175,111,10.0,speaker,0.0928287174209942
bvcc,28,175,111,10.0,wavlm,0.0930368402092753
bvcc,28,175,111,10.0,whisper,0.0626786208065621
bvcc,29,175,108,10.0,auditory_erb,0.017324255305081
bvcc,29,175,108,10.0,beats,0.1066904988204829
bvcc,29,175,108,10.0,ced,0.1180767245320359
bvcc,29,175,108,10.0,contentvec12,0.0698255968405004
bvcc,29,175,108,10.0,egemaps,0.0523711133908924
bvcc,29,175,108,10.0,rmvpe_cont,0.0071446084948675
bvcc,29,175,108,10.0,rmvpe_quant,-0.0026864879918854
bvcc,29,175,108,10.0,speaker,0.0877397188082311
bvcc,29,175,108,10.0,wavlm,0.0915977311482291
bvcc,29,175,108,10.0,whisper,0.0648653678937771
bvcc,30,175,107,10.0,auditory_erb,0.026301025294991846
bvcc,30,175,107,10.0,beats,0.11199108814181236
bvcc,30,175,107,10.0,ced,0.12152906219359337
bvcc,30,175,107,10.0,contentvec12,0.06674492491319789
bvcc,30,175,107,10.0,egemaps,0.05006007011555571
bvcc,30,175,107,10.0,rmvpe_cont,0.008619310492747381
bvcc,30,175,107,10.0,rmvpe_quant,0.00046079720928320344
bvcc,30,175,107,10.0,speaker,0.09230187237470522
bvcc,30,175,107,10.0,wavlm,0.09031890853130999
bvcc,30,175,107,10.0,whisper,0.056350531206847604
bvcc,31,175,114,10.0,auditory_erb,0.01977058630138902
bvcc,31,175,114,10.0,beats,0.11579618906705233
bvcc,31,175,114,10.0,ced,0.11805439674974055
bvcc,31,175,114,10.0,contentvec12,0.07743701794886357
bvcc,31,175,114,10.0,egemaps,0.0545761069837105
bvcc,31,175,114,10.0,rmvpe_cont,0.00755095625934953
bvcc,31,175,114,10.0,rmvpe_quant,0.0020393506980603167
bvcc,31,175,114,10.0,speaker,0.10083143660819532
bvcc,31,175,114,10.0,wavlm,0.09318602720543329
bvcc,31,175,114,10.0,whisper,0.047735833936173304
bvcc,32,175,118,10.0,auditory_erb,0.024852333942045148
bvcc,32,175,118,10.0,beats,0.09604575550951179
bvcc,32,175,118,10.0,ced,0.1179233743213216
bvcc,32,175,118,10.0,contentvec12,0.07596256286529562
bvcc,32,175,118,10.0,egemaps,0.052201590350625875
bvcc,32,175,118,10.0,rmvpe_cont,0.009311142057812014
bvcc,32,175,118,10.0,rmvpe_quant,-0.00033832208006057916
bvcc,32,175,118,10.0,speaker,0.0855724390469685
bvcc,32,175,118,10.0,wavlm,0.08254100060951361
bvcc,32,175,118,10.0,whisper,0.07452039709328352
bvcc,33,175,116,10.0,auditory_erb,0.01988036078158718
bvcc,33,175,116,10.0,beats,0.10990568969671834
bvcc,33,175,116,10.0,ced,0.12288033114898549
bvcc,33,175,116,10.0,contentvec12,0.07122440260023771
bvcc,33,175,116,10.0,egemaps,0.04950784215004089
bvcc,33,175,116,10.0,rmvpe_cont,0.00563448294892059
bvcc,33,175,116,10.0,rmvpe_quant,0.0015601724002392147
bvcc,33,175,116,10.0,speaker,0.09122487936391936
bvcc,33,175,116,10.0,wavlm,0.08907284428879181
bvcc,33,175,116,10.0,whisper,0.0687866078011557
bvcc,34,175,107,10.0,auditory_erb,0.01792110020234033
bvcc,34,175,107,10.0,beats,0.10654357990627317
bvcc,34,175,107,10.0,ced,0.11825465581216607
bvcc,34,175,107,10.0,contentvec12,0.06968675298554057
bvcc,34,175,107,10.0,egemaps,0.04844224387845813
bvcc,34,175,107,10.0,rmvpe_cont,0.01000873600298233
bvcc,34,175,107,10.0,rmvpe_quant,-0.0026874958472028576
bvcc,34,175,107,10.0,speaker,0.10546439544218256
bvcc,34,175,107,10.0,wavlm,0.09213444575702885
bvcc,34,175,107,10.0,whisper,0.05359520933854768
bvcc,35,175,113,10.0,auditory_erb,0.020797680999484605
bvcc,35,175,113,10.0,beats,0.10918734772211289
bvcc,35,175,113,10.0,ced,0.12070133938767523
bvcc,35,175,113,10.0,contentvec12,0.0733407736025742
bvcc,35,175,113,10.0,egemaps,0.04705125751239734
bvcc,35,175,113,10.0,rmvpe_cont,0.009558639194920372
bvcc,35,175,113,10.0,rmvpe_quant,-0.00619309724502456
bvcc,35,175,113,10.0,speaker,0.09369931045195758
bvcc,35,175,113,10.0,wavlm,0.0977176505395519
bvcc,35,175,113,10.0,whisper,0.050838217155735804
bvcc,36,175,114,10.0,auditory_erb,0.019875737583038833
bvcc,36,175,114,10.0,beats,0.1128808315078807
bvcc,36,175,114,10.0,ced,0.10978105084365544
bvcc,36,175,114,10.0,contentvec12,0.07861686824304492
bvcc,36,175,114,10.0,egemaps,0.04795524004799187
bvcc,36,175,114,10.0,rmvpe_cont,0.009018934455927151
bvcc,36,175,114,10.0,rmvpe_quant,0.003330561518641321
bvcc,36,175,114,10.0,speaker,0.0906836668104017
bvcc,36,175,114,10.0,wavlm,0.09102102990652207
bvcc,36,175,114,10.0,whisper,0.05359378858930502
bvcc,37,175,109,10.0,auditory_erb,0.022473731913909032
bvcc,37,175,109,10.0,beats,0.10193626549434301
bvcc,37,175,109,10.0,ced,0.12341121978872878
bvcc,37,175,109,10.0,contentvec12,0.07028106545444432
bvcc,37,175,109,10.0,egemaps,0.052272359012210876
bvcc,37,175,109,10.0,rmvpe_cont,0.004711993014048646
bvcc,37,175,109,10.0,rmvpe_quant,0.0013620038026378601
bvcc,37,175,109,10.0,speaker,0.09110018104876283
bvcc,37,175,109,10.0,wavlm,0.09126695956158848
bvcc,37,175,109,10.0,whisper,0.051883121098890185
bvcc,38,175,113,10.0,auditory_erb,0.024321765694494974
bvcc,38,175,113,10.0,beats,0.10324745908736742
bvcc,38,175,113,10.0,ced,0.10603908708031348
bvcc,38,175,113,10.0,contentvec12,0.07196216735805004
bvcc,38,175,113,10.0,egemaps,0.04803290038859555
bvcc,38,175,113,10.0,rmvpe_cont,0.009405218324407
bvcc,38,175,113,10.0,rmvpe_quant,-0.002343571945225021
bvcc,38,175,113,10.0,speaker,0.10144727659266135
bvcc,38,175,113,10.0,wavlm,0.09768074050978616
bvcc,38,175,113,10.0,whisper,0.058882970824513686
bvcc,39,175,115,10.0,auditory_erb,0.020434534064241665
bvcc,39,175,115,10.0,beats,0.11614382243172727
bvcc,39,175,115,10.0,ced,0.11521643585828586
bvcc,39,175,115,10.0,contentvec12,0.06581900013020146
bvcc,39,175,115,10.0,egemaps,0.05661918280409551
bvcc,39,175,115,10.0,rmvpe_cont,0.005162458786210792
bvcc,39,175,115,10.0,rmvpe_quant,-0.0015717491280598532
bvcc,39,175,115,10.0,speaker,0.0908312903247651
bvcc,39,175,115,10.0,wavlm,0.08851992420485345
bvcc,39,175,115,10.0,whisper,0.06740978473853297
bvcc,40,175,105,10.0,auditory_erb,0.027418305108468176
bvcc,40,175,105,10.0,beats,0.10433511982884297
bvcc,40,175,105,10.0,ced,0.11494131946358982
bvcc,40,175,105,10.0,contentvec12,0.06931146434916598
bvcc,40,175,105,10.0,egemaps,0.049761586478645904
bvcc,40,175,105,10.0,rmvpe_cont,0.008459081460668453
bvcc,40,175,105,10.0,rmvpe_quant,-0.0003165527052489082
bvcc,40,175,105,10.0,speaker,0.0950627718933505
bvcc,40,175,105,10.0,wavlm,0.08158751133413233
bvcc,40,175,105,10.0,whisper,0.05838226502709408
bvcc,41,175,107,10.0,auditory_erb,0.0213347088282065
bvcc,41,175,107,10.0,beats,0.10365957445778712
bvcc,41,175,107,10.0,ced,0.12701420139848607
bvcc,41,175,107,10.0,contentvec12,0.0655588118583886
bvcc,41,175,107,10.0,egemaps,0.05112953562302062
bvcc,41,175,107,10.0,rmvpe_cont,0.010063177604584373
bvcc,41,175,107,10.0,rmvpe_quant,0.0015785849677304186
bvcc,41,175,107,10.0,speaker,0.0834534810641713
bvcc,41,175,107,10.0,wavlm,0.09181386193916333
bvcc,41,175,107,10.0,whisper,0.059026971168127745
bvcc,42,175,115,10.0,auditory_erb,0.023081929195285258
bvcc,42,175,115,10.0,beats,0.10559747540963801
bvcc,42,175,115,10.0,ced,0.10791597958536651
bvcc,42,175,115,10.0,contentvec12,0.07353614288391908
bvcc,42,175,115,10.0,egemaps,0.0527226132790155
bvcc,42,175,115,10.0,rmvpe_cont,0.007364558563158179
bvcc,42,175,115,10.0,rmvpe_quant,-0.0019638576380415548
bvcc,42,175,115,10.0,speaker,0.09045676261206306
bvcc,42,175,115,10.0,wavlm,0.08866335012389433
bvcc,42,175,115,10.0,whisper,0.07035647977981632
bvcc,43,175,114,10.0,auditory_erb,0.025153639130835924
bvcc,43,175,114,10.0,beats,0.10551535312899893
bvcc,43,175,114,10.0,ced,0.11517854673228513
bvcc,43,175,114,10.0,contentvec12,0.07042322784702866
bvcc,43,175,114,10.0,egemaps,0.048324073319687355
bvcc,43,175,114,10.0,rmvpe_cont,0.007972617736570004
bvcc,43,175,114,10.0,rmvpe_quant,0.003986351936900053
bvcc,43,175,114,10.0,speaker,0.0935153858561103
bvcc,43,175,114,10.0,wavlm,0.0939596831965174
bvcc,43,175,114,10.0,whisper,0.056819685625399956
bvcc,44,175,109,10.0,auditory_erb,0.027397770309902505
bvcc,44,175,109,10.0,beats,0.10664849907890299
bvcc,44,175,109,10.0,ced,0.11835761392946306
bvcc,44,175,109,10.0,contentvec12,0.07321332206607745
bvcc,44,175,109,10.0,egemaps,0.05106730222065927
bvcc,44,175,109,10.0,rmvpe_cont,0.009011745121163735
bvcc,44,175,109,10.0,rmvpe_quant,-0.0037813612278942144
bvcc,44,175,109,10.0,speaker,0.08577560585954684
bvcc,44,175,109,10.0,wavlm,0.09612229821165559
bvcc,44,175,109,10.0,whisper,0.06631992487771879
bvcc,45,175,106,10.0,auditory_erb,0.02089566161687304
bvcc,45,175,106,10.0,beats,0.10554654545699761
bvcc,45,175,106,10.0,ced,0.12253763844436512
bvcc,45,175,106,10.0,contentvec12,0.06738173928142083
bvcc,45,175,106,10.0,egemaps,0.05647470731589622
bvcc,45,175,106,10.0,rmvpe_cont,0.005759720116606934
bvcc,45,175,106,10.0,rmvpe_quant,0.0012649171581935533
bvcc,45,175,106,10.0,speaker,0.09037970762544262
bvcc,45,175,106,10.0,wavlm,0.08817096824951845
bvcc,45,175,106,10.0,whisper,0.06595454514305481
bvcc,46,175,119,10.0,auditory_erb,0.024382415420302908
bvcc,46,175,119,10.0,beats,0.10533935949817015
bvcc,46,175,119,10.0,ced,0.11358147279952122
bvcc,46,175,119,10.0,contentvec12,0.08049882605045745
bvcc,46,175,119,10.0,egemaps,0.04755972411901562
bvcc,46,175,119,10.0,rmvpe_cont,0.008013728581076861
bvcc,46,175,119,10.0,rmvpe_quant,0.0057553745485011765
bvcc,46,175,119,10.0,speaker,0.09143620109380603
bvcc,46,175,119,10.0,wavlm,0.08803018505526108
bvcc,46,175,119,10.0,whisper,0.06319239381928272
bvcc,47,175,115,10.0,auditory_erb,0.02279202938659305
bvcc,47,175,115,10.0,beats,0.10932157957927721
bvcc,47,175,115,10.0,ced,0.11992175809254146
bvcc,47,175,115,10.0,contentvec12,0.06926841467700713
bvcc,47,175,115,10.0,egemaps,0.04945000707532296
bvcc,47,175,115,10.0,rmvpe_cont,0.008190470938239486
bvcc,47,175,115,10.0,rmvpe_quant,0.0018586262265989268
bvcc,47,175,115,10.0,speaker,0.0933474640289774
bvcc,47,175,115,10.0,wavlm,0.09245012663581878
bvcc,47,175,115,10.0,whisper,0.057730613035909525
bvcc,48,175,112,10.0,auditory_erb,0.023236912563156575
bvcc,48,175,112,10.0,beats,0.09936507245937674
bvcc,48,175,112,10.0,ced,0.11985499990141008
bvcc,48,175,112,10.0,contentvec12,0.07092830638547931
bvcc,48,175,112,10.0,egemaps,0.04331321605028444
bvcc,48,175,112,10.0,rmvpe_cont,0.00816520744622114
bvcc,48,175,112,10.0,rmvpe_quant,0.00010836850475984539
bvcc,48,175,112,10.0,speaker,0.09274618946022269
bvcc,48,175,112,10.0,wavlm,0.09311354159067595
bvcc,48,175,112,10.0,whisper,0.054035541340552516
bvcc,49,175,120,10.0,auditory_erb,0.023184050437902424
bvcc,49,175,120,10.0,beats,0.10931102938477033
bvcc,49,175,120,10.0,ced,0.11886449849522326
bvcc,49,175,120,10.0,contentvec12,0.07195091159146735
bvcc,49,175,120,10.0,egemaps,0.04897156236340019
bvcc,49,175,120,10.0,rmvpe_cont,0.00829831071094598
bvcc,49,175,120,10.0,rmvpe_quant,0.0030575514481779166
bvcc,49,175,120,10.0,speaker,0.08709593544749007
bvcc,49,175,120,10.0,wavlm,0.09078307536651387
bvcc,49,175,120,10.0,whisper,0.05756375292361889
singmos,0,31,20,10.0,auditory_erb,0.0323754322153606
singmos,0,31,20,10.0,beats,0.0316294281067159
singmos,0,31,20,10.0,ced,0.0534498399332455
singmos,0,31,20,10.0,contentvec12,-0.0331065763529866
singmos,0,31,20,10.0,egemaps,0.0830055180277619
singmos,0,31,20,10.0,rmvpe_cont,0.0276942856908163
singmos,0,31,20,10.0,rmvpe_quant,-0.0424329451600874
singmos,0,31,20,10.0,speaker,0.0418312184882099
singmos,0,31,20,10.0,wavlm,0.0459612753090018
singmos,0,31,20,10.0,whisper,-0.0190464238347163
singmos,1,31,17,10.0,auditory_erb,0.02855428808223
singmos,1,31,17,10.0,beats,0.0126566395364897
singmos,1,31,17,10.0,ced,0.0764357989238703
singmos,1,31,17,10.0,contentvec12,-0.0133486488980089
singmos,1,31,17,10.0,egemaps,0.0916276061600975
singmos,1,31,17,10.0,rmvpe_cont,0.0265446733580107
singmos,1,31,17,10.0,rmvpe_quant,-0.0460787112499698
singmos,1,31,17,10.0,speaker,0.0327189071102353
singmos,1,31,17,10.0,wavlm,0.0293249806827985
singmos,1,31,17,10.0,whisper,-0.0332228550266746
singmos,2,31,22,10.0,auditory_erb,0.0210550017761688
singmos,2,31,22,10.0,beats,0.0246187550947731
singmos,2,31,22,10.0,ced,0.0790088056175804
singmos,2,31,22,10.0,contentvec12,-0.0085726534526465
singmos,2,31,22,10.0,egemaps,0.0672818271858799
singmos,2,31,22,10.0,rmvpe_cont,0.0177005366621418
singmos,2,31,22,10.0,rmvpe_quant,0.0041543249921473
singmos,2,31,22,10.0,speaker,0.0311779541077348
singmos,2,31,22,10.0,wavlm,0.0398298501242189
singmos,2,31,22,10.0,whisper,-0.0274909974830046
singmos,3,31,18,10.0,auditory_erb,0.0369470333293154
singmos,3,31,18,10.0,beats,0.0228179266179931
singmos,3,31,18,10.0,ced,0.067753978627893
singmos,3,31,18,10.0,contentvec12,-0.033682930716156
singmos,3,31,18,10.0,egemaps,0.0763817125473637
singmos,3,31,18,10.0,rmvpe_cont,0.0373598902610809
singmos,3,31,18,10.0,rmvpe_quant,-0.019778569506441
singmos,3,31,18,10.0,speaker,0.0402274603089301
singmos,3,31,18,10.0,wavlm,0.0407626320373434
singmos,3,31,18,10.0,whisper,-0.057144110843631
singmos,4,31,19,10.0,auditory_erb,0.0286219225233627
singmos,4,31,19,10.0,beats,0.0404177572235346
singmos,4,31,19,10.0,ced,0.0672631320799986
singmos,4,31,19,10.0,contentvec12,-0.0119862515331501
singmos,4,31,19,10.0,egemaps,0.0652156361540232
singmos,4,31,19,10.0,rmvpe_cont,0.0253035068987159
singmos,4,31,19,10.0,rmvpe_quant,-0.0257274191015971
singmos,4,31,19,10.0,speaker,0.0260679843021099
singmos,4,31,19,10.0,wavlm,0.0319430041861594
singmos,4,31,19,10.0,whisper,-0.0301474649370553
singmos,5,31,16,10.0,auditory_erb,0.0318693822498322
singmos,5,31,16,10.0,beats,-0.0254245138977759
singmos,5,31,16,10.0,ced,0.0822981553057026
singmos,5,31,16,10.0,contentvec12,-0.0258519380477328
singmos,5,31,16,10.0,egemaps,0.0874359000215766
singmos,5,31,16,10.0,rmvpe_cont,0.0333939241942155
singmos,5,31,16,10.0,rmvpe_quant,-0.0290704118302764
singmos,5,31,16,10.0,speaker,0.0393849760273874
singmos,5,31,16,10.0,wavlm,0.0253676095359392
singmos,5,31,16,10.0,whisper,-0.0509414727359053
singmos,6,31,19,10.0,auditory_erb,0.008976968614181
singmos,6,31,19,10.0,beats,0.0306788845572222
singmos,6,31,19,10.0,ced,0.0687762399151614
singmos,6,31,19,10.0,contentvec12,-0.020748701415801
singmos,6,31,19,10.0,egemaps,0.0758389458763784
singmos,6,31,19,10.0,rmvpe_cont,0.0224097978184263
singmos,6,31,19,10.0,rmvpe_quant,0.007101375683858
singmos,6,31,19,10.0,speaker,0.0357500836330988
singmos,6,31,19,10.0,wavlm,0.0370185819351824
singmos,6,31,19,10.0,whisper,-0.0383908924488122
singmos,7,31,22,10.0,auditory_erb,0.0195376400344644
singmos,7,31,22,10.0,beats,0.0478416240997653
singmos,7,31,22,10.0,ced,0.0539776180801202
singmos,7,31,22,10.0,contentvec12,-0.0205736100713957
singmos,7,31,22,10.0,egemaps,0.0757826940097074
singmos,7,31,22,10.0,rmvpe_cont,0.0207379471946685
singmos,7,31,22,10.0,rmvpe_quant,-0.0077146685078392
singmos,7,31,22,10.0,speaker,0.0337839441824219
singmos,7,31,22,10.0,wavlm,0.038322703865021
singmos,7,31,22,10.0,whisper,-0.0258187246496424
singmos,8,31,22,10.0,auditory_erb,0.0239790739907833
singmos,8,31,22,10.0,beats,0.030392635994072
singmos,8,31,22,10.0,ced,0.058574855228536
singmos,8,31,22,10.0,contentvec12,-0.0234655089200588
singmos,8,31,22,10.0,egemaps,0.0665825690277
singmos,8,31,22,10.0,rmvpe_cont,0.0175953880215718
singmos,8,31,22,10.0,rmvpe_quant,0.0071471463868432
singmos,8,31,22,10.0,speaker,0.035037429691261
singmos,8,31,22,10.0,wavlm,0.0228569643543837
singmos,8,31,22,10.0,whisper,-0.0189226181284228
singmos,9,31,24,10.0,auditory_erb,0.0199328652101786
singmos,9,31,24,10.0,beats,0.0297883750724883
singmos,9,31,24,10.0,ced,0.0651823647374974
singmos,9,31,24,10.0,contentvec12,-0.0091062190744941
singmos,9,31,24,10.0,egemaps,0.0683456448220111
singmos,9,31,24,10.0,rmvpe_cont,0.01709575702221
singmos,9,31,24,10.0,rmvpe_quant,-0.0040426769141086
singmos,9,31,24,10.0,speaker,0.0420309549717462
singmos,9,31,24,10.0,wavlm,0.0494812710295782
singmos,9,31,24,10.0,whisper,-0.0380613734257603
singmos,10,31,19,10.0,auditory_erb,0.0237836756188256
singmos,10,31,19,10.0,beats,0.0229147744355518
singmos,10,31,19,10.0,ced,0.0691134302112853
singmos,10,31,19,10.0,contentvec12,-0.0217878176616661
singmos,10,31,19,10.0,egemaps,0.0682703787897211
singmos,10,31,19,10.0,rmvpe_cont,0.0205833827639861
singmos,10,31,19,10.0,rmvpe_quant,-0.0025538379636879
singmos,10,31,19,10.0,speaker,0.036589812190043
singmos,10,31,19,10.0,wavlm,0.0332859191225168
singmos,10,31,19,10.0,whisper,-0.0214241954027674
singmos,11,31,21,10.0,auditory_erb,0.0251435677584484
singmos,11,31,21,10.0,beats,0.0291199151941342
singmos,11,31,21,10.0,ced,0.0760370073502595
singmos,11,31,21,10.0,contentvec12,-0.0129437424208721
singmos,11,31,21,10.0,egemaps,0.0646540257589864
singmos,11,31,21,10.0,rmvpe_cont,0.0191287942222951
singmos,11,31,21,10.0,rmvpe_quant,0.0080070398930119
singmos,11,31,21,10.0,speaker,0.0454636662030521
singmos,11,31,21,10.0,wavlm,0.0362368858299136
singmos,11,31,21,10.0,whisper,-0.0421719861378072
singmos,12,31,20,10.0,auditory_erb,0.0307109678121745
singmos,12,31,20,10.0,beats,0.0212359372346446
singmos,12,31,20,10.0,ced,0.0826443852653058
singmos,12,31,20,10.0,contentvec12,-0.03492832388549
singmos,12,31,20,10.0,egemaps,0.0768087910860624
singmos,12,31,20,10.0,rmvpe_cont,0.0235926893489023
singmos,12,31,20,10.0,rmvpe_quant,-0.034074616688411
singmos,12,31,20,10.0,speaker,0.0331023298399145
singmos,12,31,20,10.0,wavlm,0.0351150471781541
singmos,12,31,20,10.0,whisper,-0.0092007861115482
singmos,13,31,18,10.0,auditory_erb,0.02840295760338
singmos,13,31,18,10.0,beats,0.0089262559373255
singmos,13,31,18,10.0,ced,0.0621843171829431
singmos,13,31,18,10.0,contentvec12,-0.0344481552100903
singmos,13,31,18,10.0,egemaps,0.0692355135550453
singmos,13,31,18,10.0,rmvpe_cont,0.0262244492088431
singmos,13,31,18,10.0,rmvpe_quant,0.0020246251967019
singmos,13,31,18,10.0,speaker,0.024807053408829
singmos,13,31,18,10.0,wavlm,0.0220463437083936
singmos,13,31,18,10.0,whisper,-0.0251154863132119
singmos,14,31,21,10.0,auditory_erb,0.0320118834087382
singmos,14,31,21,10.0,beats,0.0048492493628714
singmos,14,31,21,10.0,ced,0.0505208041919434
singmos,14,31,21,10.0,contentvec12,-0.008025463576976
singmos,14,31,21,10.0,egemaps,0.072533739291159
singmos,14,31,21,10.0,rmvpe_cont,0.0207601917429586
singmos,14,31,21,10.0,rmvpe_quant,-0.0002735209245714
singmos,14,31,21,10.0,speaker,0.0332991714402813
singmos,14,31,21,10.0,wavlm,0.0213445938806474
singmos,14,31,21,10.0,whisper,-0.0454683399752487
singmos,15,31,21,10.0,auditory_erb,0.0290133127515759
singmos,15,31,21,10.0,beats,0.0306485869943219
singmos,15,31,21,10.0,ced,0.0554301614393591
singmos,15,31,21,10.0,contentvec12,-0.0233557384010611
singmos,15,31,21,10.0,egemaps,0.0785024073007428
singmos,15,31,21,10.0,rmvpe_cont,0.0218659000775392
singmos,15,31,21,10.0,rmvpe_quant,-0.0194652900921057
singmos,15,31,21,10.0,speaker,0.0402861968037116
singmos,15,31,21,10.0,wavlm,0.0269223138940647
singmos,15,31,21,10.0,whisper,-0.0359302841081148
singmos,16,31,18,10.0,auditory_erb,0.0304067768332871
singmos,16,31,18,10.0,beats,0.0297431087299107
singmos,16,31,18,10.0,ced,0.0765716474775477
singmos,16,31,18,10.0,contentvec12,-0.0132747005897423
singmos,16,31,18,10.0,egemaps,0.062424835197289
singmos,16,31,18,10.0,rmvpe_cont,0.0269450550852344
singmos,16,31,18,10.0,rmvpe_quant,-0.020973627964468
singmos,16,31,18,10.0,speaker,0.0220718961422065
singmos,16,31,18,10.0,wavlm,0.0250815183989702
singmos,16,31,18,10.0,whisper,-0.0350483200921263
singmos,17,31,18,10.0,auditory_erb,0.0263702317497835
singmos,17,31,18,10.0,beats,0.0126131303136942
singmos,17,31,18,10.0,ced,0.0684455195820263
singmos,17,31,18,10.0,contentvec12,-0.0354818955853973
singmos,17,31,18,10.0,egemaps,0.0758775109934311
singmos,17,31,18,10.0,rmvpe_cont,0.0212274766488542
singmos,17,31,18,10.0,rmvpe_quant,0.0007543182234796
singmos,17,31,18,10.0,speaker,0.0379366822788903
singmos,17,31,18,10.0,wavlm,0.0511519616538916
singmos,17,31,18,10.0,whisper,-0.0325135220296952
singmos,18,31,18,10.0,auditory_erb,0.0359670814653786
singmos,18,31,18,10.0,beats,0.0200136073184081
singmos,18,31,18,10.0,ced,0.0574174747893462
singmos,18,31,18,10.0,contentvec12,-0.036674755088685
singmos,18,31,18,10.0,egemaps,0.0954071039513871
singmos,18,31,18,10.0,rmvpe_cont,0.0266006505609713
singmos,18,31,18,10.0,rmvpe_quant,-0.0151435486021354
singmos,18,31,18,10.0,speaker,0.0392372307827318
singmos,18,31,18,10.0,wavlm,0.0429684539732696
singmos,18,31,18,10.0,whisper,-0.0356363650968827
singmos,19,31,20,10.0,auditory_erb,0.0236048354970798
singmos,19,31,20,10.0,beats,0.0284475354619393
singmos,19,31,20,10.0,ced,0.0426003338103418
singmos,19,31,20,10.0,contentvec12,-0.0187665741689737
singmos,19,31,20,10.0,egemaps,0.0705528139556329
singmos,19,31,20,10.0,rmvpe_cont,0.0195252651504529
singmos,19,31,20,10.0,rmvpe_quant,-0.0213653991532132
singmos,19,31,20,10.0,speaker,0.0347990087272889
singmos,19,31,20,10.0,wavlm,0.0439634352447458
singmos,19,31,20,10.0,whisper,-0.0037915438746445
singmos,20,31,20,10.0,auditory_erb,0.0346104658149761
singmos,20,31,20,10.0,beats,0.0195995971623724
singmos,20,31,20,10.0,ced,0.0700168434434186
singmos,20,31,20,10.0,contentvec12,-0.0105523554328003
singmos,20,31,20,10.0,egemaps,0.0765809680525922
singmos,20,31,20,10.0,rmvpe_cont,0.0251364296695458
singmos,20,31,20,10.0,rmvpe_quant,0.0060805522061684
singmos,20,31,20,10.0,speaker,0.0312250029717209
singmos,20,31,20,10.0,wavlm,0.0175163019679413
singmos,20,31,20,10.0,whisper,-0.0768697736550908
singmos,21,31,19,10.0,auditory_erb,0.0262349658062727
singmos,21,31,19,10.0,beats,0.0388818804403717
singmos,21,31,19,10.0,ced,0.0673224512677529
singmos,21,31,19,10.0,contentvec12,-0.0198410530083919
singmos,21,31,19,10.0,egemaps,0.0838440758635031
singmos,21,31,19,10.0,rmvpe_cont,0.0236286268936029
singmos,21,31,19,10.0,rmvpe_quant,-0.0188379216990711
singmos,21,31,19,10.0,speaker,0.0411759242677179
singmos,21,31,19,10.0,wavlm,0.0483957466866387
singmos,21,31,19,10.0,whisper,-0.044390051056511
singmos,22,31,16,10.0,auditory_erb,0.0081274807327341
singmos,22,31,16,10.0,beats,0.012945959961224
singmos,22,31,16,10.0,ced,0.0753744565269402
singmos,22,31,16,10.0,contentvec12,-0.0313673373390669
singmos,22,31,16,10.0,egemaps,0.082501113275412
singmos,22,31,16,10.0,rmvpe_cont,0.0331317848939597
singmos,22,31,16,10.0,rmvpe_quant,-0.0012993583374096
singmos,22,31,16,10.0,speaker,0.0341119632651178
singmos,22,31,16,10.0,wavlm,0.0336047582893426
singmos,22,31,16,10.0,whisper,-0.0388989437028091
singmos,23,31,21,10.0,auditory_erb,0.0233272263305898
singmos,23,31,21,10.0,beats,0.0237917474541204
singmos,23,31,21,10.0,ced,0.0539939332838295
singmos,23,31,21,10.0,contentvec12,-0.0170392661623717
singmos,23,31,21,10.0,egemaps,0.0677677500947731
singmos,23,31,21,10.0,rmvpe_cont,0.0198782310920135
singmos,23,31,21,10.0,rmvpe_quant,-0.0118973066386573
singmos,23,31,21,10.0,speaker,0.0451478233340134
singmos,23,31,21,10.0,wavlm,0.0290678875664497
singmos,23,31,21,10.0,whisper,-0.0286963184019517
singmos,24,31,19,10.0,auditory_erb,0.0342209484304474
singmos,24,31,19,10.0,beats,0.004524346833642
singmos,24,31,19,10.0,ced,0.0524681168884777
singmos,24,31,19,10.0,contentvec12,-0.048403761063897
singmos,24,31,19,10.0,egemaps,0.0934860511258206
singmos,24,31,19,10.0,rmvpe_cont,0.0236984150104051
singmos,24,31,19,10.0,rmvpe_quant,0.0124112481540702
singmos,24,31,19,10.0,speaker,0.0344787362919247
singmos,24,31,19,10.0,wavlm,0.0142441083313222
singmos,24,31,19,10.0,whisper,-0.0439314173664449
singmos,25,31,20,10.0,auditory_erb,0.0286205658841347
singmos,25,31,20,10.0,beats,0.0167205939075691
singmos,25,31,20,10.0,ced,0.063695637290346
singmos,25,31,20,10.0,contentvec12,-0.0106512104984171
singmos,25,31,20,10.0,egemaps,0.0709661073394839
singmos,25,31,20,10.0,rmvpe_cont,0.0314219555188637
singmos,25,31,20,10.0,rmvpe_quant,-0.015146222426031
singmos,25,31,20,10.0,speaker,0.0410774643481594
singmos,25,31,20,10.0,wavlm,0.0297464628824702
singmos,25,31,20,10.0,whisper,-0.0469662730771967
singmos,26,31,22,10.0,auditory_erb,0.0134930989552841
singmos,26,31,22,10.0,beats,0.0316025723728554
singmos,26,31,22,10.0,ced,0.0650670726044072
singmos,26,31,22,10.0,contentvec12,-0.0107574589584592
singmos,26,31,22,10.0,egemaps,0.0596769931167304
singmos,26,31,22,10.0,rmvpe_cont,0.0174096988767077
singmos,26,31,22,10.0,rmvpe_quant,-0.001097203507985
singmos,26,31,22,10.0,speaker,0.0260929768591279
singmos,26,31,22,10.0,wavlm,0.0262868221642344
singmos,26,31,22,10.0,whisper,-0.0214463996990193
singmos,27,31,22,10.0,auditory_erb,0.0166350404774179
singmos,27,31,22,10.0,beats,0.0300644325391906
singmos,27,31,22,10.0,ced,0.0749767117397527
singmos,27,31,22,10.0,contentvec12,-0.0105952730980184
singmos,27,31,22,10.0,egemaps,0.0658446205088495
singmos,27,31,22,10.0,rmvpe_cont,0.0155985353108392
singmos,27,31,22,10.0,rmvpe_quant,0.0021081389009487
singmos,27,31,22,10.0,speaker,0.0380812276888582
singmos,27,31,22,10.0,wavlm,0.0354223841497458
singmos,27,31,22,10.0,whisper,-0.0306014394991036
singmos,28,31,20,10.0,auditory_erb,0.0385425759380561
singmos,28,31,20,10.0,beats,0.0293368842420005
singmos,28,31,20,10.0,ced,0.0915410320796134
singmos,28,31,20,10.0,contentvec12,-0.0006519779755028
singmos,28,31,20,10.0,egemaps,0.0822958286147551
singmos,28,31,20,10.0,rmvpe_cont,0.0289996013201005
singmos,28,31,20,10.0,rmvpe_quant,-0.0266747247567666
singmos,28,31,20,10.0,speaker,0.0474126862770623
singmos,28,31,20,10.0,wavlm,0.0138884149673315
singmos,28,31,20,10.0,whisper,-0.1016523574375087
singmos,29,31,21,10.0,auditory_erb,0.0295871910879996
singmos,29,31,21,10.0,beats,0.0203000875081571
singmos,29,31,21,10.0,ced,0.0635503841341127
singmos,29,31,21,10.0,contentvec12,-0.0312460397492478
singmos,29,31,21,10.0,egemaps,0.0806837414549254
singmos,29,31,21,10.0,rmvpe_cont,0.0223484443509518
singmos,29,31,21,10.0,rmvpe_quant,-0.0135432979619009
singmos,29,31,21,10.0,speaker,0.0477125308791264
singmos,29,31,21,10.0,wavlm,0.035608027261458
singmos,29,31,21,10.0,whisper,-0.0475947267574243
singmos,30,31,22,10.0,auditory_erb,0.027783636978156938
singmos,30,31,22,10.0,beats,0.03420290487695682
singmos,30,31,22,10.0,ced,0.05677893884143406
singmos,30,31,22,10.0,contentvec12,-0.0069841026889777775
singmos,30,31,22,10.0,egemaps,0.06640828644297561
singmos,30,31,22,10.0,rmvpe_cont,0.02232597168947189
singmos,30,31,22,10.0,rmvpe_quant,0.0030184982426352943
singmos,30,31,22,10.0,speaker,0.03522131322575822
singmos,30,31,22,10.0,wavlm,0.02441065422151129
singmos,30,31,22,10.0,whisper,-0.04217522336864604
singmos,31,31,18,10.0,auditory_erb,0.034383434372869025
singmos,31,31,18,10.0,beats,0.028338137314830966
singmos,31,31,18,10.0,ced,0.07210482033679626
singmos,31,31,18,10.0,contentvec12,-0.03313329695499831
singmos,31,31,18,10.0,egemaps,0.09137325466860469
singmos,31,31,18,10.0,rmvpe_cont,0.028153302258261834
singmos,31,31,18,10.0,rmvpe_quant,-0.03145492739493367
singmos,31,31,18,10.0,speaker,0.05014138128821468
singmos,31,31,18,10.0,wavlm,0.03375831374308059
singmos,31,31,18,10.0,whisper,-0.06930119871554653
singmos,32,31,20,10.0,auditory_erb,0.02649912387166373
singmos,32,31,20,10.0,beats,0.02629206524891495
singmos,32,31,20,10.0,ced,0.06427935030495482
singmos,32,31,20,10.0,contentvec12,-0.03884376075806125
singmos,32,31,20,10.0,egemaps,0.0908410550221458
singmos,32,31,20,10.0,rmvpe_cont,0.0227407845413417
singmos,32,31,20,10.0,rmvpe_quant,-0.021001642515889173
singmos,32,31,20,10.0,speaker,0.04301150222539907
singmos,32,31,20,10.0,wavlm,0.05148116910802979
singmos,32,31,20,10.0,whisper,-0.018121467829209342
singmos,33,31,22,10.0,auditory_erb,0.025899672726645763
singmos,33,31,22,10.0,beats,0.024911096183409566
singmos,33,31,22,10.0,ced,0.07019362809876784
singmos,33,31,22,10.0,contentvec12,-0.01447440434969259
singmos,33,31,22,10.0,egemaps,0.06861714242669428
singmos,33,31,22,10.0,rmvpe_cont,0.01902124237760806
singmos,33,31,22,10.0,rmvpe_quant,0.0036209957974874564
singmos,33,31,22,10.0,speaker,0.03394988598708679
singmos,33,31,22,10.0,wavlm,0.011110319815745345
singmos,33,31,22,10.0,whisper,-0.012260583808982168
singmos,34,31,15,10.0,auditory_erb,0.03959124116028931
singmos,34,31,15,10.0,beats,0.00942844526602233
singmos,34,31,15,10.0,ced,0.08271476706521835
singmos,34,31,15,10.0,contentvec12,-0.03150738543408456
singmos,34,31,15,10.0,egemaps,0.09264943478822171
singmos,34,31,15,10.0,rmvpe_cont,0.03360463461358637
singmos,34,31,15,10.0,rmvpe_quant,-0.028310201247348617
singmos,34,31,15,10.0,speaker,0.049624879163973776
singmos,34,31,15,10.0,wavlm,0.021599639868872072
singmos,34,31,15,10.0,whisper,-0.058214920777026696
singmos,35,31,20,10.0,auditory_erb,0.02594312439643717
singmos,35,31,20,10.0,beats,0.017414887782088384
singmos,35,31,20,10.0,ced,0.03277182986995844
singmos,35,31,20,10.0,contentvec12,-0.022254950165718462
singmos,35,31,20,10.0,egemaps,0.07584454631890708
singmos,35,31,20,10.0,rmvpe_cont,0.022796355245336693
singmos,35,31,20,10.0,rmvpe_quant,-0.000225262682996752
singmos,35,31,20,10.0,speaker,0.03919289680242948
singmos,35,31,20,10.0,wavlm,0.030472238385989676
singmos,35,31,20,10.0,whisper,-0.009250275820407118
singmos,36,31,21,10.0,auditory_erb,0.023893061821271055
singmos,36,31,21,10.0,beats,0.030966957436568264
singmos,36,31,21,10.0,ced,0.05408496217427076
singmos,36,31,21,10.0,contentvec12,-0.021799016767853542
singmos,36,31,21,10.0,egemaps,0.07022311690440422
singmos,36,31,21,10.0,rmvpe_cont,0.023571606980898458
singmos,36,31,21,10.0,rmvpe_quant,-0.02304297912092071
singmos,36,31,21,10.0,speaker,0.043464482320808594
singmos,36,31,21,10.0,wavlm,0.04422292204385754
singmos,36,31,21,10.0,whisper,-0.0300800190694413
singmos,37,31,21,10.0,auditory_erb,0.02523295910927695
singmos,37,31,21,10.0,beats,0.02075320116787349
singmos,37,31,21,10.0,ced,0.0487455666342877
singmos,37,31,21,10.0,contentvec12,-0.015280591242164375
singmos,37,31,21,10.0,egemaps,0.06332170819814995
singmos,37,31,21,10.0,rmvpe_cont,0.017532329677833348
singmos,37,31,21,10.0,rmvpe_quant,-0.007654491625839155
singmos,37,31,21,10.0,speaker,0.0312789026958618
singmos,37,31,21,10.0,wavlm,0.027454857187817892
singmos,37,31,21,10.0,whisper,-0.022468503443973296
singmos,38,31,20,10.0,auditory_erb,0.02333034130360456
singmos,38,31,20,10.0,beats,0.021528501294450605
singmos,38,31,20,10.0,ced,0.06087632365677997
singmos,38,31,20,10.0,contentvec12,-0.009269753551671303
singmos,38,31,20,10.0,egemaps,0.06784818293470862
singmos,38,31,20,10.0,rmvpe_cont,0.01718958884283186
singmos,38,31,20,10.0,rmvpe_quant,-0.006139718551183262
singmos,38,31,20,10.0,speaker,0.02934076856183456
singmos,38,31,20,10.0,wavlm,0.009784705796036566
singmos,38,31,20,10.0,whisper,-0.020144817469537852
singmos,39,31,23,10.0,auditory_erb,0.008862208696480961
singmos,39,31,23,10.0,beats,0.018493382365912574
singmos,39,31,23,10.0,ced,0.06630829846081156
singmos,39,31,23,10.0,contentvec12,-0.0008666219681725233
singmos,39,31,23,10.0,egemaps,0.06301405521860597
singmos,39,31,23,10.0,rmvpe_cont,0.017406175723687918
singmos,39,31,23,10.0,rmvpe_quant,0.0051033299443986975
singmos,39,31,23,10.0,speaker,0.03614609638249391
singmos,39,31,23,10.0,wavlm,0.037165203894710314
singmos,39,31,23,10.0,whisper,-0.017588356891330214
singmos,40,31,20,10.0,auditory_erb,0.027523537875628702
singmos,40,31,20,10.0,beats,0.02819547233726088
singmos,40,31,20,10.0,ced,0.05312313915989034
singmos,40,31,20,10.0,contentvec12,-0.018332757535382906
singmos,40,31,20,10.0,egemaps,0.07447235543776003
singmos,40,31,20,10.0,rmvpe_cont,0.023410724860434495
singmos,40,31,20,10.0,rmvpe_quant,-0.015750440538148683
singmos,40,31,20,10.0,speaker,0.030048518405313945
singmos,40,31,20,10.0,wavlm,0.026214325474072122
singmos,40,31,20,10.0,whisper,-0.027747613095100824
singmos,41,31,20,10.0,auditory_erb,0.023868715661752343
singmos,41,31,20,10.0,beats,0.02382326751764306
singmos,41,31,20,10.0,ced,0.06205122602141016
singmos,41,31,20,10.0,contentvec12,-0.012536385030745514
singmos,41,31,20,10.0,egemaps,0.06796447589555414
singmos,41,31,20,10.0,rmvpe_cont,0.024180562278414055
singmos,41,31,20,10.0,rmvpe_quant,-0.012145317709848495
singmos,41,31,20,10.0,speaker,0.02945806670268734
singmos,41,31,20,10.0,wavlm,0.018706175569042905
singmos,41,31,20,10.0,whisper,-0.029823026534249765
singmos,42,31,17,10.0,auditory_erb,0.03687511932716281
singmos,42,31,17,10.0,beats,0.015372566225379724
singmos,42,31,17,10.0,ced,0.06916993339070786
singmos,42,31,17,10.0,contentvec12,-0.036084025596385176
singmos,42,31,17,10.0,egemaps,0.08192470467946704
singmos,42,31,17,10.0,rmvpe_cont,0.033072593095558656
singmos,42,31,17,10.0,rmvpe_quant,-0.031043135132747233
singmos,42,31,17,10.0,speaker,0.03579231556208577
singmos,42,31,17,10.0,wavlm,0.01014379900041215
singmos,42,31,17,10.0,whisper,-0.04561320746013833
singmos,43,31,17,10.0,auditory_erb,0.026719313769050183
singmos,43,31,17,10.0,beats,0.010753084289022587
singmos,43,31,17,10.0,ced,0.07140060370574744
singmos,43,31,17,10.0,contentvec12,-0.02682046746495935
singmos,43,31,17,10.0,egemaps,0.0736915529327329
singmos,43,31,17,10.0,rmvpe_cont,0.028846306987753985
singmos,43,31,17,10.0,rmvpe_quant,-0.013219979260633388
singmos,43,31,17,10.0,speaker,0.04969628874495481
singmos,43,31,17,10.0,wavlm,0.044424125930512585
singmos,43,31,17,10.0,whisper,-0.04198814990167457
singmos,44,31,22,10.0,auditory_erb,0.026323456325105233
singmos,44,31,22,10.0,beats,0.025627867528977347
singmos,44,31,22,10.0,ced,0.07246343345844725
singmos,44,31,22,10.0,contentvec12,-0.025377497893367733
singmos,44,31,22,10.0,egemaps,0.07156964410000578
singmos,44,31,22,10.0,rmvpe_cont,0.022939398842884363
singmos,44,31,22,10.0,rmvpe_quant,-0.003792451721380064
singmos,44,31,22,10.0,speaker,0.040300004861369074
singmos,44,31,22,10.0,wavlm,0.03554706265192887
singmos,44,31,22,10.0,whisper,-0.02656544447636546
singmos,45,31,21,10.0,auditory_erb,0.02063005039769731
singmos,45,31,21,10.0,beats,0.02497662229101127
singmos,45,31,21,10.0,ced,0.060516711885539295
singmos,45,31,21,10.0,contentvec12,-0.020274461154649318
singmos,45,31,21,10.0,egemaps,0.07273113972194432
singmos,45,31,21,10.0,rmvpe_cont,0.020334642113947102
singmos,45,31,21,10.0,rmvpe_quant,-0.01843436468918368
singmos,45,31,21,10.0,speaker,0.046139128084621436
singmos,45,31,21,10.0,wavlm,0.05446771170025903
singmos,45,31,21,10.0,whisper,-0.03517523728691769
singmos,46,31,19,10.0,auditory_erb,0.03437814343804643
singmos,46,31,19,10.0,beats,0.019419836226738152
singmos,46,31,19,10.0,ced,0.06527217466488948
singmos,46,31,19,10.0,contentvec12,-0.03517507646099377
singmos,46,31,19,10.0,egemaps,0.09618043089038793
singmos,46,31,19,10.0,rmvpe_cont,0.03271796358193482
singmos,46,31,19,10.0,rmvpe_quant,-0.05300614515214976
singmos,46,31,19,10.0,speaker,0.056867059800268405
singmos,46,31,19,10.0,wavlm,0.056347046548203696
singmos,46,31,19,10.0,whisper,-0.05923897679605187
singmos,47,31,18,10.0,auditory_erb,0.03274450478214323
singmos,47,31,18,10.0,beats,0.02860068030361297
singmos,47,31,18,10.0,ced,0.06306393098401325
singmos,47,31,18,10.0,contentvec12,-0.04073218685111599
singmos,47,31,18,10.0,egemaps,0.08149021358849787
singmos,47,31,18,10.0,rmvpe_cont,0.02535827026414727
singmos,47,31,18,10.0,rmvpe_quant,-0.02015423291465503
singmos,47,31,18,10.0,speaker,0.03382961065702081
singmos,47,31,18,10.0,wavlm,0.012916383835574214
singmos,47,31,18,10.0,whisper,-0.02266297464830052
singmos,48,31,18,10.0,auditory_erb,0.049377537423601056
singmos,48,31,18,10.0,beats,0.015425988373964269
singmos,48,31,18,10.0,ced,0.06919982481022033
singmos,48,31,18,10.0,contentvec12,-0.023645149644332866
singmos,48,31,18,10.0,egemaps,0.10458749344648931
singmos,48,31,18,10.0,rmvpe_cont,0.0384884642403852
singmos,48,31,18,10.0,rmvpe_quant,-0.08381336455516138
singmos,48,31,18,10.0,speaker,0.05945087207136639
singmos,48,31,18,10.0,wavlm,0.028495665020567156
singmos,48,31,18,10.0,whisper,-0.0491484365665844
singmos,49,31,19,10.0,auditory_erb,0.021627485571190937
singmos,49,31,19,10.0,beats,0.02207061403340701
singmos,49,31,19,10.0,ced,0.07161117339484022
singmos,49,31,19,10.0,contentvec12,-0.02388114628929046
singmos,49,31,19,10.0,egemaps,0.07263073344476464
singmos,49,31,19,10.0,rmvpe_cont,0.02368184374687983
singmos,49,31,19,10.0,rmvpe_quant,-0.0025238456498781134
singmos,49,31,19,10.0,speaker,0.04319782127899742
singmos,49,31,19,10.0,wavlm,0.027872769387454917
singmos,49,31,19,10.0,whisper,-0.046139699559878546
tmhintqi,0,98,64,10.0,auditory_erb,0.0215528643348819
tmhintqi,0,98,64,10.0,beats,0.0968026373438563
tmhintqi,0,98,64,10.0,ced,0.1057249116962125
tmhintqi,0,98,64,10.0,contentvec12,0.0775165010626242
tmhintqi,0,98,64,10.0,egemaps,0.0712334833801504
tmhintqi,0,98,64,10.0,rmvpe_cont,0.0025107002193161
tmhintqi,0,98,64,10.0,rmvpe_quant,-0.0046608286871558
tmhintqi,0,98,64,10.0,speaker,0.0733009738244577
tmhintqi,0,98,64,10.0,wavlm,0.1018419083084974
tmhintqi,0,98,64,10.0,whisper,0.0976606951265189
tmhintqi,1,98,65,10.0,auditory_erb,0.017512479837108
tmhintqi,1,98,65,10.0,beats,0.1076791476287382
tmhintqi,1,98,65,10.0,ced,0.1077258060971946
tmhintqi,1,98,65,10.0,contentvec12,0.0826209417813465
tmhintqi,1,98,65,10.0,egemaps,0.0642362511675666
tmhintqi,1,98,65,10.0,rmvpe_cont,0.0027479213955579
tmhintqi,1,98,65,10.0,rmvpe_quant,0.0001666042917801
tmhintqi,1,98,65,10.0,speaker,0.0722581333636153
tmhintqi,1,98,65,10.0,wavlm,0.1137068417931795
tmhintqi,1,98,65,10.0,whisper,0.0918741685058076
tmhintqi,2,98,62,10.0,auditory_erb,0.0244456379212529
tmhintqi,2,98,62,10.0,beats,0.0999284175055254
tmhintqi,2,98,62,10.0,ced,0.1022619328139132
tmhintqi,2,98,62,10.0,contentvec12,0.0770805016113766
tmhintqi,2,98,62,10.0,egemaps,0.070868532416496
tmhintqi,2,98,62,10.0,rmvpe_cont,0.0032887700216126
tmhintqi,2,98,62,10.0,rmvpe_quant,0.001992271694105
tmhintqi,2,98,62,10.0,speaker,0.0739668225692724
tmhintqi,2,98,62,10.0,wavlm,0.1103062545685253
tmhintqi,2,98,62,10.0,whisper,0.0896816996588649
tmhintqi,3,98,62,10.0,auditory_erb,0.0205907497781974
tmhintqi,3,98,62,10.0,beats,0.0984799790676193
tmhintqi,3,98,62,10.0,ced,0.1023329420520952
tmhintqi,3,98,62,10.0,contentvec12,0.072733400940056
tmhintqi,3,98,62,10.0,egemaps,0.0729596453956048
tmhintqi,3,98,62,10.0,rmvpe_cont,0.0022545365355438
tmhintqi,3,98,62,10.0,rmvpe_quant,-0.0028395554050696
tmhintqi,3,98,62,10.0,speaker,0.0707624073150289
tmhintqi,3,98,62,10.0,wavlm,0.0958774073799563
tmhintqi,3,98,62,10.0,whisper,0.0937368669891231
tmhintqi,4,98,67,10.0,auditory_erb,0.0204537060440719
tmhintqi,4,98,67,10.0,beats,0.1062632594051046
tmhintqi,4,98,67,10.0,ced,0.1162656712499306
tmhintqi,4,98,67,10.0,contentvec12,0.0784210891922915
tmhintqi,4,98,67,10.0,egemaps,0.0650002881298426
tmhintqi,4,98,67,10.0,rmvpe_cont,-0.0013597517232139
tmhintqi,4,98,67,10.0,rmvpe_quant,7.79659190702528e-05
tmhintqi,4,98,67,10.0,speaker,0.0718838166865285
tmhintqi,4,98,67,10.0,wavlm,0.113770352291514
tmhintqi,4,98,67,10.0,whisper,0.0969570821340364
tmhintqi,5,98,61,10.0,auditory_erb,0.0243681007763235
tmhintqi,5,98,61,10.0,beats,0.0981653525058394
tmhintqi,5,98,61,10.0,ced,0.099067919281403
tmhintqi,5,98,61,10.0,contentvec12,0.0792114052373972
tmhintqi,5,98,61,10.0,egemaps,0.0760180845106314
tmhintqi,5,98,61,10.0,rmvpe_cont,0.0033455730471818
tmhintqi,5,98,61,10.0,rmvpe_quant,-0.0095872647620956
tmhintqi,5,98,61,10.0,speaker,0.0783888477270838
tmhintqi,5,98,61,10.0,wavlm,0.105088879320038
tmhintqi,5,98,61,10.0,whisper,0.0950730373578656
tmhintqi,6,98,62,10.0,auditory_erb,0.0261840150495747
tmhintqi,6,98,62,10.0,beats,0.0972035066768741
tmhintqi,6,98,62,10.0,ced,0.1061851020400226
tmhintqi,6,98,62,10.0,contentvec12,0.0758606760789658
tmhintqi,6,98,62,10.0,egemaps,0.072399394201918
tmhintqi,6,98,62,10.0,rmvpe_cont,0.003909678681391
tmhintqi,6,98,62,10.0,rmvpe_quant,-0.0220322789515695
tmhintqi,6,98,62,10.0,speaker,0.0834422646718154
tmhintqi,6,98,62,10.0,wavlm,0.1168129157681908
tmhintqi,6,98,62,10.0,whisper,0.093435349172167
tmhintqi,7,98,68,10.0,auditory_erb,0.0163919868925866
tmhintqi,7,98,68,10.0,beats,0.0960182650739716
tmhintqi,7,98,68,10.0,ced,0.1008346068457572
tmhintqi,7,98,68,10.0,contentvec12,0.0810167724512537
tmhintqi,7,98,68,10.0,egemaps,0.0719424865165889
tmhintqi,7,98,68,10.0,rmvpe_cont,0.0029350903964971
tmhintqi,7,98,68,10.0,rmvpe_quant,-0.0055558196112317
tmhintqi,7,98,68,10.0,speaker,0.0728765205425639
tmhintqi,7,98,68,10.0,wavlm,0.1076935762001846
tmhintqi,7,98,68,10.0,whisper,0.0939835038906912
tmhintqi,8,98,61,10.0,auditory_erb,0.0235785191703311
tmhintqi,8,98,61,10.0,beats,0.0944069235108284
tmhintqi,8,98,61,10.0,ced,0.1062509085826502
tmhintqi,8,98,61,10.0,contentvec12,0.0706932710421197
tmhintqi,8,98,61,10.0,egemaps,0.0745375510310145
tmhintqi,8,98,61,10.0,rmvpe_cont,0.0042744289697063
tmhintqi,8,98,61,10.0,rmvpe_quant,-0.012989513786399
tmhintqi,8,98,61,10.0,speaker,0.0797622707771395
tmhintqi,8,98,61,10.0,wavlm,0.1018105730447791
tmhintqi,8,98,61,10.0,whisper,0.0846626825929091
tmhintqi,9,98,57,10.0,auditory_erb,0.0151833000890544
tmhintqi,9,98,57,10.0,beats,0.1065813341875956
tmhintqi,9,98,57,10.0,ced,0.1070043989425512
tmhintqi,9,98,57,10.0,contentvec12,0.0804922531448789
tmhintqi,9,98,57,10.0,egemaps,0.0786920152600153
tmhintqi,9,98,57,10.0,rmvpe_cont,0.0006171708428411
tmhintqi,9,98,57,10.0,rmvpe_quant,-0.0144272220010197
tmhintqi,9,98,57,10.0,speaker,0.0749420621316542
tmhintqi,9,98,57,10.0,wavlm,0.0985397920074202
tmhintqi,9,98,57,10.0,whisper,0.0916118557337215
tmhintqi,10,98,64,10.0,auditory_erb,0.0217685702636776
tmhintqi,10,98,64,10.0,beats,0.111484470787991
tmhintqi,10,98,64,10.0,ced,0.1107970233895386
tmhintqi,10,98,64,10.0,contentvec12,0.0779983978861217
tmhintqi,10,98,64,10.0,egemaps,0.0751844389517939
tmhintqi,10,98,64,10.0,rmvpe_cont,0.0023188038723953
tmhintqi,10,98,64,10.0,rmvpe_quant,-0.0056098007116455
tmhintqi,10,98,64,10.0,speaker,0.0794626073025942
tmhintqi,10,98,64,10.0,wavlm,0.1121796832389425
tmhintqi,10,98,64,10.0,whisper,0.096504851718746
tmhintqi,11,98,62,10.0,auditory_erb,0.0204107434342471
tmhintqi,11,98,62,10.0,beats,0.0921390492485799
tmhintqi,11,98,62,10.0,ced,0.116456551965782
tmhintqi,11,98,62,10.0,contentvec12,0.0784169836013687
tmhintqi,11,98,62,10.0,egemaps,0.0583033819996191
tmhintqi,11,98,62,10.0,rmvpe_cont,-0.0009860010167603
tmhintqi,11,98,62,10.0,rmvpe_quant,-0.0007403102100739
tmhintqi,11,98,62,10.0,speaker,0.0587566935318637
tmhintqi,11,98,62,10.0,wavlm,0.1034619968569178
tmhintqi,11,98,62,10.0,whisper,0.0747112986993378
tmhintqi,12,98,63,10.0,auditory_erb,0.0251698459677242
tmhintqi,12,98,63,10.0,beats,0.0949809630405105
tmhintqi,12,98,63,10.0,ced,0.103637192804705
tmhintqi,12,98,63,10.0,contentvec12,0.0752294996276256
tmhintqi,12,98,63,10.0,egemaps,0.0687854288423368
tmhintqi,12,98,63,10.0,rmvpe_cont,0.0015764381888061
tmhintqi,12,98,63,10.0,rmvpe_quant,-0.0090619788979078
tmhintqi,12,98,63,10.0,speaker,0.0679978788002338
tmhintqi,12,98,63,10.0,wavlm,0.1167698747841577
tmhintqi,12,98,63,10.0,whisper,0.1039678278557163
tmhintqi,13,98,57,10.0,auditory_erb,0.0171453668987309
tmhintqi,13,98,57,10.0,beats,0.0969241750645428
tmhintqi,13,98,57,10.0,ced,0.0936484409128544
tmhintqi,13,98,57,10.0,contentvec12,0.0761454642934083
tmhintqi,13,98,57,10.0,egemaps,0.0731878223634399
tmhintqi,13,98,57,10.0,rmvpe_cont,0.0016982339906816
tmhintqi,13,98,57,10.0,rmvpe_quant,-0.0080625701309442
tmhintqi,13,98,57,10.0,speaker,0.0769342461363496
tmhintqi,13,98,57,10.0,wavlm,0.1000985619919574
tmhintqi,13,98,57,10.0,whisper,0.0944433433585112
tmhintqi,14,98,58,10.0,auditory_erb,0.017090582665231
tmhintqi,14,98,58,10.0,beats,0.0997293249268214
tmhintqi,14,98,58,10.0,ced,0.1002871704273701
tmhintqi,14,98,58,10.0,contentvec12,0.0694319400224832
tmhintqi,14,98,58,10.0,egemaps,0.0741418169477639
tmhintqi,14,98,58,10.0,rmvpe_cont,0.004080526698979
tmhintqi,14,98,58,10.0,rmvpe_quant,-0.0115019605501032
tmhintqi,14,98,58,10.0,speaker,0.072244035395872
tmhintqi,14,98,58,10.0,wavlm,0.094996404593783
tmhintqi,14,98,58,10.0,whisper,0.0943393953358697
tmhintqi,15,98,61,10.0,auditory_erb,0.0185871390877351
tmhintqi,15,98,61,10.0,beats,0.1032305309676495
tmhintqi,15,98,61,10.0,ced,0.1167222456407199
tmhintqi,15,98,61,10.0,contentvec12,0.0684230678927027
tmhintqi,15,98,61,10.0,egemaps,0.0722316781695381
tmhintqi,15,98,61,10.0,rmvpe_cont,-0.0010112962938116
tmhintqi,15,98,61,10.0,rmvpe_quant,0.0006181187089962
tmhintqi,15,98,61,10.0,speaker,0.0695213364816325
tmhintqi,15,98,61,10.0,wavlm,0.1067172025625109
tmhintqi,15,98,61,10.0,whisper,0.077481652687522
tmhintqi,16,98,61,10.0,auditory_erb,0.0221065362619671
tmhintqi,16,98,61,10.0,beats,0.1060714585616465
tmhintqi,16,98,61,10.0,ced,0.1084057960158925
tmhintqi,16,98,61,10.0,contentvec12,0.0758040806118308
tmhintqi,16,98,61,10.0,egemaps,0.0708348904527428
tmhintqi,16,98,61,10.0,rmvpe_cont,0.0036117873741091
tmhintqi,16,98,61,10.0,rmvpe_quant,-0.0181461507133858
tmhintqi,16,98,61,10.0,speaker,0.0816961096879417
tmhintqi,16,98,61,10.0,wavlm,0.117300897094388
tmhintqi,16,98,61,10.0,whisper,0.0912587255522093
tmhintqi,17,98,63,10.0,auditory_erb,0.0152607141135703
tmhintqi,17,98,63,10.0,beats,0.1078272933414049
tmhintqi,17,98,63,10.0,ced,0.1070111654723423
tmhintqi,17,98,63,10.0,contentvec12,0.0753783985104648
tmhintqi,17,98,63,10.0,egemaps,0.0720173636409333
tmhintqi,17,98,63,10.0,rmvpe_cont,0.0020014916158915
tmhintqi,17,98,63,10.0,rmvpe_quant,-0.0003228014105132
tmhintqi,17,98,63,10.0,speaker,0.0818996999393392
tmhintqi,17,98,63,10.0,wavlm,0.1178351812726793
tmhintqi,17,98,63,10.0,whisper,0.0986698990500419
tmhintqi,18,98,67,10.0,auditory_erb,0.0246418085546628
tmhintqi,18,98,67,10.0,beats,0.0967444818328225
tmhintqi,18,98,67,10.0,ced,0.1044648031151585
tmhintqi,18,98,67,10.0,contentvec12,0.0719553741693719
tmhintqi,18,98,67,10.0,egemaps,0.0692089448043789
tmhintqi,18,98,67,10.0,rmvpe_cont,0.0020671877555514
tmhintqi,18,98,67,10.0,rmvpe_quant,2.744833830329171e-05
tmhintqi,18,98,67,10.0,speaker,0.076293174708352
tmhintqi,18,98,67,10.0,wavlm,0.1097997576562781
tmhintqi,18,98,67,10.0,whisper,0.0916571763735551
tmhintqi,19,98,63,10.0,auditory_erb,0.0193327253061416
tmhintqi,19,98,63,10.0,beats,0.1020185773659435
tmhintqi,19,98,63,10.0,ced,0.109915631302341
tmhintqi,19,98,63,10.0,contentvec12,0.0939502882261147
tmhintqi,19,98,63,10.0,egemaps,0.0673999472078875
tmhintqi,19,98,63,10.0,rmvpe_cont,0.0014775873454497
tmhintqi,19,98,63,10.0,rmvpe_quant,-0.0014324862370052
tmhintqi,19,98,63,10.0,speaker,0.0660110732752903
tmhintqi,19,98,63,10.0,wavlm,0.1113316026041131
tmhintqi,19,98,63,10.0,whisper,0.0903442512828493
tmhintqi,20,98,69,10.0,auditory_erb,0.0177952376523055
tmhintqi,20,98,69,10.0,beats,0.1027578212156602
tmhintqi,20,98,69,10.0,ced,0.1167898594990426
tmhintqi,20,98,69,10.0,contentvec12,0.0730056402037592
tmhintqi,20,98,69,10.0,egemaps,0.0597952276066058
tmhintqi,20,98,69,10.0,rmvpe_cont,-0.0003968891176521
tmhintqi,20,98,69,10.0,rmvpe_quant,-0.0002746405217482
tmhintqi,20,98,69,10.0,speaker,0.0732856492915595
tmhintqi,20,98,69,10.0,wavlm,0.1093592202556128
tmhintqi,20,98,69,10.0,whisper,0.0887938814256182
tmhintqi,21,98,64,10.0,auditory_erb,0.0161701406766151
tmhintqi,21,98,64,10.0,beats,0.1032147868730351
tmhintqi,21,98,64,10.0,ced,0.0993688450615292
tmhintqi,21,98,64,10.0,contentvec12,0.0760572667530782
tmhintqi,21,98,64,10.0,egemaps,0.0734969094468723
tmhintqi,21,98,64,10.0,rmvpe_cont,0.0022712350784111
tmhintqi,21,98,64,10.0,rmvpe_quant,-0.0161669249352248
tmhintqi,21,98,64,10.0,speaker,0.0757091478479194
tmhintqi,21,98,64,10.0,wavlm,0.1086852794188811
tmhintqi,21,98,64,10.0,whisper,0.0948832380835305
tmhintqi,22,98,60,10.0,auditory_erb,0.0196970687320938
tmhintqi,22,98,60,10.0,beats,0.0999002670477299
tmhintqi,22,98,60,10.0,ced,0.108613774409599
tmhintqi,22,98,60,10.0,contentvec12,0.0818737662240244
tmhintqi,22,98,60,10.0,egemaps,0.0704143880438329
tmhintqi,22,98,60,10.0,rmvpe_cont,0.0022535166040552
tmhintqi,22,98,60,10.0,rmvpe_quant,0.0003236595366119
tmhintqi,22,98,60,10.0,speaker,0.0774579863900618
tmhintqi,22,98,60,10.0,wavlm,0.1076689715559909
tmhintqi,22,98,60,10.0,whisper,0.0800746163278259
tmhintqi,23,98,60,10.0,auditory_erb,0.023744286800047
tmhintqi,23,98,60,10.0,beats,0.1000775042528486
tmhintqi,23,98,60,10.0,ced,0.0991780574345536
tmhintqi,23,98,60,10.0,contentvec12,0.074773997711446
tmhintqi,23,98,60,10.0,egemaps,0.0735117064252534
tmhintqi,23,98,60,10.0,rmvpe_cont,0.0034684850789415
tmhintqi,23,98,60,10.0,rmvpe_quant,-0.008891404066126
tmhintqi,23,98,60,10.0,speaker,0.0711732083469802
tmhintqi,23,98,60,10.0,wavlm,0.1084652818405745
tmhintqi,23,98,60,10.0,whisper,0.0891822462757309
tmhintqi,24,98,63,10.0,auditory_erb,0.0172662127348009
tmhintqi,24,98,63,10.0,beats,0.0976426879629288
tmhintqi,24,98,63,10.0,ced,0.0947216713606764
tmhintqi,24,98,63,10.0,contentvec12,0.0740176424377082
tmhintqi,24,98,63,10.0,egemaps,0.073763703090035
tmhintqi,24,98,63,10.0,rmvpe_cont,0.0042187045176241
tmhintqi,24,98,63,10.0,rmvpe_quant,-0.0039820594074516
tmhintqi,24,98,63,10.0,speaker,0.0714030341856741
tmhintqi,24,98,63,10.0,wavlm,0.1103551471777079
tmhintqi,24,98,63,10.0,whisper,0.0885396762495234
tmhintqi,25,98,66,10.0,auditory_erb,0.0222634062051425
tmhintqi,25,98,66,10.0,beats,0.0994650570939973
tmhintqi,25,98,66,10.0,ced,0.1016132574396208
tmhintqi,25,98,66,10.0,contentvec12,0.0780071444356566
tmhintqi,25,98,66,10.0,egemaps,0.0737814599854713
tmhintqi,25,98,66,10.0,rmvpe_cont,0.0050373620095924
tmhintqi,25,98,66,10.0,rmvpe_quant,-0.0030078893633054
tmhintqi,25,98,66,10.0,speaker,0.076854263047047
tmhintqi,25,98,66,10.0,wavlm,0.0975559230963224
tmhintqi,25,98,66,10.0,whisper,0.0875979162349379
tmhintqi,26,98,60,10.0,auditory_erb,0.0163154106638319
tmhintqi,26,98,60,10.0,beats,0.1025594105620432
tmhintqi,26,98,60,10.0,ced,0.0943218021783705
tmhintqi,26,98,60,10.0,contentvec12,0.0735749680137463
tmhintqi,26,98,60,10.0,egemaps,0.0733806043566512
tmhintqi,26,98,60,10.0,rmvpe_cont,0.0036030776117794
tmhintqi,26,98,60,10.0,rmvpe_quant,-0.010765058634012
tmhintqi,26,98,60,10.0,speaker,0.0717258182236108
tmhintqi,26,98,60,10.0,wavlm,0.1037787473091115
tmhintqi,26,98,60,10.0,whisper,0.0825806866232331
tmhintqi,27,98,63,10.0,auditory_erb,0.015944280011699
tmhintqi,27,98,63,10.0,beats,0.106851442436881
tmhintqi,27,98,63,10.0,ced,0.1191076591980632
tmhintqi,27,98,63,10.0,contentvec12,0.0757992152031329
tmhintqi,27,98,63,10.0,egemaps,0.0629147590916643
tmhintqi,27,98,63,10.0,rmvpe_cont,0.0002533407710897
tmhintqi,27,98,63,10.0,rmvpe_quant,-0.0030908405259109
tmhintqi,27,98,63,10.0,speaker,0.0650339076383707
tmhintqi,27,98,63,10.0,wavlm,0.1088976371394244
tmhintqi,27,98,63,10.0,whisper,0.0793741054769769
tmhintqi,28,98,62,10.0,auditory_erb,0.0275907201085546
tmhintqi,28,98,62,10.0,beats,0.0664181619078593
tmhintqi,28,98,62,10.0,ced,0.1318244252257443
tmhintqi,28,98,62,10.0,contentvec12,0.0783166715256718
tmhintqi,28,98,62,10.0,egemaps,0.0655673044275858
tmhintqi,28,98,62,10.0,rmvpe_cont,-0.0009080143029999
tmhintqi,28,98,62,10.0,rmvpe_quant,-0.0056708597846656
tmhintqi,28,98,62,10.0,speaker,0.0753541546706248
tmhintqi,28,98,62,10.0,wavlm,0.1022042688219399
tmhintqi,28,98,62,10.0,whisper,0.1019480258503069
tmhintqi,29,98,64,10.0,auditory_erb,0.0182783538193512
tmhintqi,29,98,64,10.0,beats,0.1059214707390358
tmhintqi,29,98,64,10.0,ced,0.1087234592694637
tmhintqi,29,98,64,10.0,contentvec12,0.0812613144965805
tmhintqi,29,98,64,10.0,egemaps,0.0628596631445623
tmhintqi,29,98,64,10.0,rmvpe_cont,0.0030658229041025
tmhintqi,29,98,64,10.0,rmvpe_quant,-0.0040754989043164
tmhintqi,29,98,64,10.0,speaker,0.0802187778756888
tmhintqi,29,98,64,10.0,wavlm,0.0965135969375857
tmhintqi,29,98,64,10.0,whisper,0.0947004337604543
tmhintqi,30,98,63,10.0,auditory_erb,0.02281289879667956
tmhintqi,30,98,63,10.0,beats,0.09585170335972384
tmhintqi,30,98,63,10.0,ced,0.10740010369614299
tmhintqi,30,98,63,10.0,contentvec12,0.07731371520193052
tmhintqi,30,98,63,10.0,egemaps,0.07366958983064059
tmhintqi,30,98,63,10.0,rmvpe_cont,0.005056945447782569
tmhintqi,30,98,63,10.0,rmvpe_quant,-0.007827462258701734
tmhintqi,30,98,63,10.0,speaker,0.07336945506145615
tmhintqi,30,98,63,10.0,wavlm,0.10734136817937365
tmhintqi,30,98,63,10.0,whisper,0.09587955492049785
tmhintqi,31,98,65,10.0,auditory_erb,0.021997748460350082
tmhintqi,31,98,65,10.0,beats,0.09331438085323891
tmhintqi,31,98,65,10.0,ced,0.09946190604947432
tmhintqi,31,98,65,10.0,contentvec12,0.07556544549900399
tmhintqi,31,98,65,10.0,egemaps,0.07444138893552137
tmhintqi,31,98,65,10.0,rmvpe_cont,0.0045197817413975125
tmhintqi,31,98,65,10.0,rmvpe_quant,-0.014503351842619779
tmhintqi,31,98,65,10.0,speaker,0.07597976017936574
tmhintqi,31,98,65,10.0,wavlm,0.10268657735311848
tmhintqi,31,98,65,10.0,whisper,0.08583104809322145
tmhintqi,32,98,66,10.0,auditory_erb,0.01901385846585345
tmhintqi,32,98,66,10.0,beats,0.09906886777860871
tmhintqi,32,98,66,10.0,ced,0.09881880541651639
tmhintqi,32,98,66,10.0,contentvec12,0.07511133518484385
tmhintqi,32,98,66,10.0,egemaps,0.07301588763012552
tmhintqi,32,98,66,10.0,rmvpe_cont,0.0012464421178597248
tmhintqi,32,98,66,10.0,rmvpe_quant,-0.005124763190552883
tmhintqi,32,98,66,10.0,speaker,0.07566359417939675
tmhintqi,32,98,66,10.0,wavlm,0.11184450551046858
tmhintqi,32,98,66,10.0,whisper,0.09424902754399551
tmhintqi,33,98,56,10.0,auditory_erb,0.020040477341735526
tmhintqi,33,98,56,10.0,beats,0.09995407117300907
tmhintqi,33,98,56,10.0,ced,0.10510888445530188
tmhintqi,33,98,56,10.0,contentvec12,0.06997733450534552
tmhintqi,33,98,56,10.0,egemaps,0.07763040385409954
tmhintqi,33,98,56,10.0,rmvpe_cont,0.0022221718392607544
tmhintqi,33,98,56,10.0,rmvpe_quant,-0.0033983710319787663
tmhintqi,33,98,56,10.0,speaker,0.07668455392652093
tmhintqi,33,98,56,10.0,wavlm,0.09967218303431226
tmhintqi,33,98,56,10.0,whisper,0.08571940357270422
tmhintqi,34,98,62,10.0,auditory_erb,0.02601213090759555
tmhintqi,34,98,62,10.0,beats,0.09357423401861133
tmhintqi,34,98,62,10.0,ced,0.10215658617445207
tmhintqi,34,98,62,10.0,contentvec12,0.06966572915815926
tmhintqi,34,98,62,10.0,egemaps,0.06682414194516884
tmhintqi,34,98,62,10.0,rmvpe_cont,0.0017192994610578508
tmhintqi,34,98,62,10.0,rmvpe_quant,-0.0024127079392568807
tmhintqi,34,98,62,10.0,speaker,0.07798578618791578
tmhintqi,34,98,62,10.0,wavlm,0.10521446887313185
tmhintqi,34,98,62,10.0,whisper,0.0893281215606927
tmhintqi,35,98,63,10.0,auditory_erb,0.017769829598107433
tmhintqi,35,98,63,10.0,beats,0.07567849902507325
tmhintqi,35,98,63,10.0,ced,0.1287145757681049
tmhintqi,35,98,63,10.0,contentvec12,0.08000147672657075
tmhintqi,35,98,63,10.0,egemaps,0.071132920092126
tmhintqi,35,98,63,10.0,rmvpe_cont,0.0003482136072071642
tmhintqi,35,98,63,10.0,rmvpe_quant,0.0015590659850247194
tmhintqi,35,98,63,10.0,speaker,0.06355713781575448
tmhintqi,35,98,63,10.0,wavlm,0.10442639365266745
tmhintqi,35,98,63,10.0,whisper,0.09684711221440408
tmhintqi,36,98,62,10.0,auditory_erb,0.023939396492499404
tmhintqi,36,98,62,10.0,beats,0.0940577170531479
tmhintqi,36,98,62,10.0,ced,0.10423920085435938
tmhintqi,36,98,62,10.0,contentvec12,0.07059243009619728
tmhintqi,36,98,62,10.0,egemaps,0.07222703662116481
tmhintqi,36,98,62,10.0,rmvpe_cont,0.0017360598648183756
tmhintqi,36,98,62,10.0,rmvpe_quant,-0.001469773890045557
tmhintqi,36,98,62,10.0,speaker,0.07734766309315819
tmhintqi,36,98,62,10.0,wavlm,0.09503597915925903
tmhintqi,36,98,62,10.0,whisper,0.08909865229196864
tmhintqi,37,98,58,10.0,auditory_erb,0.014143884799113082
tmhintqi,37,98,58,10.0,beats,0.09101094006372719
tmhintqi,37,98,58,10.0,ced,0.09631225411086689
tmhintqi,37,98,58,10.0,contentvec12,0.07573977418887601
tmhintqi,37,98,58,10.0,egemaps,0.07621227229338277
tmhintqi,37,98,58,10.0,rmvpe_cont,0.002271691206158049
tmhintqi,37,98,58,10.0,rmvpe_quant,-0.0068929820620990435
tmhintqi,37,98,58,10.0,speaker,0.07403077754780087
tmhintqi,37,98,58,10.0,wavlm,0.10555089263121112
tmhintqi,37,98,58,10.0,whisper,0.08310025048079414
tmhintqi,38,98,63,10.0,auditory_erb,0.015822097474735737
tmhintqi,38,98,63,10.0,beats,0.09392895758159758
tmhintqi,38,98,63,10.0,ced,0.09946063157344458
tmhintqi,38,98,63,10.0,contentvec12,0.07703160822255102
tmhintqi,38,98,63,10.0,egemaps,0.0729740598875236
tmhintqi,38,98,63,10.0,rmvpe_cont,0.0003928094229358045
tmhintqi,38,98,63,10.0,rmvpe_quant,-0.004295916390398623
tmhintqi,38,98,63,10.0,speaker,0.06948092317254856
tmhintqi,38,98,63,10.0,wavlm,0.11433006645954338
tmhintqi,38,98,63,10.0,whisper,0.09380287918917814
tmhintqi,39,98,62,10.0,auditory_erb,0.01578097587641296
tmhintqi,39,98,62,10.0,beats,0.09354414786809045
tmhintqi,39,98,62,10.0,ced,0.10346134629922803
tmhintqi,39,98,62,10.0,contentvec12,0.08237739166586798
tmhintqi,39,98,62,10.0,egemaps,0.07373185512287635
tmhintqi,39,98,62,10.0,rmvpe_cont,0.0018069952568248874
tmhintqi,39,98,62,10.0,rmvpe_quant,-0.014515932103462179
tmhintqi,39,98,62,10.0,speaker,0.07569784385724464
tmhintqi,39,98,62,10.0,wavlm,0.1067846996860432
tmhintqi,39,98,62,10.0,whisper,0.09011244914505818
tmhintqi,40,98,60,10.0,auditory_erb,0.02576507449902391
tmhintqi,40,98,60,10.0,beats,0.093475098265865
tmhintqi,40,98,60,10.0,ced,0.09878526578024123
tmhintqi,40,98,60,10.0,contentvec12,0.07443653844973067
tmhintqi,40,98,60,10.0,egemaps,0.07482896320953497
tmhintqi,40,98,60,10.0,rmvpe_cont,0.004057964250053476
tmhintqi,40,98,60,10.0,rmvpe_quant,-0.001772926968844648
tmhintqi,40,98,60,10.0,speaker,0.07792874286344191
tmhintqi,40,98,60,10.0,wavlm,0.10051453943462868
tmhintqi,40,98,60,10.0,whisper,0.08437812906516497
tmhintqi,41,98,66,10.0,auditory_erb,0.01567424889577281
tmhintqi,41,98,66,10.0,beats,0.0987598199906967
tmhintqi,41,98,66,10.0,ced,0.10165998644433276
tmhintqi,41,98,66,10.0,contentvec12,0.08655139655786992
tmhintqi,41,98,66,10.0,egemaps,0.07310419403243647
tmhintqi,41,98,66,10.0,rmvpe_cont,0.0023463064756553366
tmhintqi,41,98,66,10.0,rmvpe_quant,-0.004812123558461887
tmhintqi,41,98,66,10.0,speaker,0.06771544727623634
tmhintqi,41,98,66,10.0,wavlm,0.08390766435780818
tmhintqi,41,98,66,10.0,whisper,0.0947776121683719
tmhintqi,42,98,66,10.0,auditory_erb,0.01686889449165923
tmhintqi,42,98,66,10.0,beats,0.1170530479113693
tmhintqi,42,98,66,10.0,ced,0.11639762058968696
tmhintqi,42,98,66,10.0,contentvec12,0.08095195938224767
tmhintqi,42,98,66,10.0,egemaps,0.05559435786887435
tmhintqi,42,98,66,10.0,rmvpe_cont,0.0011973111323908753
tmhintqi,42,98,66,10.0,rmvpe_quant,-0.009621473526165877
tmhintqi,42,98,66,10.0,speaker,0.07257034707596871
tmhintqi,42,98,66,10.0,wavlm,0.09215138327212884
tmhintqi,42,98,66,10.0,whisper,0.08086995337097483
tmhintqi,43,98,62,10.0,auditory_erb,0.019837532704626702
tmhintqi,43,98,62,10.0,beats,0.09760925409584338
tmhintqi,43,98,62,10.0,ced,0.0992783270053629
tmhintqi,43,98,62,10.0,contentvec12,0.0745477457973872
tmhintqi,43,98,62,10.0,egemaps,0.07536878422316994
tmhintqi,43,98,62,10.0,rmvpe_cont,-0.0011157240802034227
tmhintqi,43,98,62,10.0,rmvpe_quant,-0.004577252833577501
tmhintqi,43,98,62,10.0,speaker,0.07821046323547953
tmhintqi,43,98,62,10.0,wavlm,0.10956294648743882
tmhintqi,43,98,62,10.0,whisper,0.08583268001440712
tmhintqi,44,98,62,10.0,auditory_erb,0.021872382943518683
tmhintqi,44,98,62,10.0,beats,0.09932442668812214
tmhintqi,44,98,62,10.0,ced,0.09483020824067592
tmhintqi,44,98,62,10.0,contentvec12,0.08184351149706008
tmhintqi,44,98,62,10.0,egemaps,0.07642781497670018
tmhintqi,44,98,62,10.0,rmvpe_cont,0.007335954485563129
tmhintqi,44,98,62,10.0,rmvpe_quant,-0.03788423417811411
tmhintqi,44,98,62,10.0,speaker,0.07908642451764862
tmhintqi,44,98,62,10.0,wavlm,0.11356596071895977
tmhintqi,44,98,62,10.0,whisper,0.09880959186437463
tmhintqi,45,98,61,10.0,auditory_erb,0.02416766208283264
tmhintqi,45,98,61,10.0,beats,0.10017221758842292
tmhintqi,45,98,61,10.0,ced,0.11086474376585609
tmhintqi,45,98,61,10.0,contentvec12,0.0746728404037359
tmhintqi,45,98,61,10.0,egemaps,0.06979276583714147
tmhintqi,45,98,61,10.0,rmvpe_cont,0.003358117179225118
tmhintqi,45,98,61,10.0,rmvpe_quant,-0.005240002076569938
tmhintqi,45,98,61,10.0,speaker,0.08286172351238995
tmhintqi,45,98,61,10.0,wavlm,0.1088414324655643
tmhintqi,45,98,61,10.0,whisper,0.08485850674355631
tmhintqi,46,98,63,10.0,auditory_erb,0.01864577008927273
tmhintqi,46,98,63,10.0,beats,0.09628575675338288
tmhintqi,46,98,63,10.0,ced,0.10348162106095755
tmhintqi,46,98,63,10.0,contentvec12,0.07474436327182947
tmhintqi,46,98,63,10.0,egemaps,0.07203249991591194
tmhintqi,46,98,63,10.0,rmvpe_cont,0.0022210773898369827
tmhintqi,46,98,63,10.0,rmvpe_quant,-0.002772893613434274
tmhintqi,46,98,63,10.0,speaker,0.0776929141592008
tmhintqi,46,98,63,10.0,wavlm,0.10756853164394625
tmhintqi,46,98,63,10.0,whisper,0.09383627670100482
tmhintqi,47,98,67,10.0,auditory_erb,0.022427418610436387
tmhintqi,47,98,67,10.0,beats,0.09634184444781665
tmhintqi,47,98,67,10.0,ced,0.10019839978467307
tmhintqi,47,98,67,10.0,contentvec12,0.07850431885473809
tmhintqi,47,98,67,10.0,egemaps,0.07033566699807159
tmhintqi,47,98,67,10.0,rmvpe_cont,0.002207602775886018
tmhintqi,47,98,67,10.0,rmvpe_quant,0.003255197322727606
tmhintqi,47,98,67,10.0,speaker,0.07117736165670668
tmhintqi,47,98,67,10.0,wavlm,0.1013403392815048
tmhintqi,47,98,67,10.0,whisper,0.09358394195929302
tmhintqi,48,98,58,10.0,auditory_erb,0.023355782008509778
tmhintqi,48,98,58,10.0,beats,0.1022326584819028
tmhintqi,48,98,58,10.0,ced,0.08905424279931509
tmhintqi,48,98,58,10.0,contentvec12,0.0762757676169429
tmhintqi,48,98,58,10.0,egemaps,0.07482014499735762
tmhintqi,48,98,58,10.0,rmvpe_cont,0.0033558906819363137
tmhintqi,48,98,58,10.0,rmvpe_quant,-0.012144147144773474
tmhintqi,48,98,58,10.0,speaker,0.07707600362209602
tmhintqi,48,98,58,10.0,wavlm,0.1050323362713751
tmhintqi,48,98,58,10.0,whisper,0.08943172981783569
tmhintqi,49,98,61,10.0,auditory_erb,0.021348322032734842
tmhintqi,49,98,61,10.0,beats,0.10712551171889545
tmhintqi,49,98,61,10.0,ced,0.10101934404762504
tmhintqi,49,98,61,10.0,contentvec12,0.06598416400006978
tmhintqi,49,98,61,10.0,egemaps,0.07481700896086457
tmhintqi,49,98,61,10.0,rmvpe_cont,0.0024322984363042096
tmhintqi,49,98,61,10.0,rmvpe_quant,0.0016362226047389567
tmhintqi,49,98,61,10.0,speaker,0.07755000656827966
tmhintqi,49,98,61,10.0,wavlm,0.1022357826669959
tmhintqi,49,98,61,10.0,whisper,0.09105856000222398
